deployment,hour_start_utc,latitude,longitude,geographic_zone,usable_audio_minutes,blue_a_detections,blue_b_detections,fin_20hz_detections,gebco_bathymetry_m,sst_c,chlorophyll_a,phytoplankton_carbon,poc,npp_concurrent,npp_concurrent_source_date,npp_lag_30d,npp_lag_30d_source_date,npp_lag_60d,npp_lag_60d_source_date,npp_lag_90d,npp_lag_90d_source_date,npp_lag_120d,npp_lag_120d_source_date
CalCurCEAS_001,2024-08-17T19:00:00Z,46.878789,-126.153888,Columbia River,60.000417,0,0,1,-2592,18.09,,,,,8/17/2024,,7/18/2024,,6/18/2024,773.1455688,5/19/2024,412.249176,4/19/2024
CalCurCEAS_001,2024-08-17T20:00:00Z,46.877185,-126.150977,Columbia River,60.000375,0,0,0,-2592,18.09,,,,,8/17/2024,,7/18/2024,,6/18/2024,773.1455688,5/19/2024,412.249176,4/19/2024
CalCurCEAS_001,2024-08-17T21:00:00Z,46.874199,-126.148461,Columbia River,60.0005,0,0,0,-2594,18.098,,,,,8/17/2024,,7/18/2024,,6/18/2024,,5/19/2024,371.8538513,4/19/2024
CalCurCEAS_001,2024-08-17T22:00:00Z,46.871615,-126.146486,Columbia River,60.00025,0,0,0,-2594,18.098,,,,,8/17/2024,,7/18/2024,,6/18/2024,,5/19/2024,371.8538513,4/19/2024
CalCurCEAS_001,2024-08-17T23:00:00Z,46.869743,-126.144387,Columbia River,60.000458,0,0,0,-2595,18.093,,,,,8/17/2024,,7/18/2024,,6/18/2024,,5/19/2024,371.8538513,4/19/2024
CalCurCEAS_001,2024-08-18T00:00:00Z,46.86879,-126.145202,Columbia River,60.000333,0,0,7,-2595,17.804,,,,,8/18/2024,,7/19/2024,,6/19/2024,,5/20/2024,674.2056885,4/20/2024
CalCurCEAS_001,2024-08-18T01:00:00Z,46.869113,-126.145397,Columbia River,60.000417,0,0,0,-2595,17.804,,,,,8/18/2024,,7/19/2024,,6/19/2024,,5/20/2024,674.2056885,4/20/2024
CalCurCEAS_001,2024-08-18T02:00:00Z,46.870674,-126.1459,Columbia River,60.000333,0,1,0,-2594,17.804,,,,,8/18/2024,,7/19/2024,,6/19/2024,,5/20/2024,674.2056885,4/20/2024
CalCurCEAS_001,2024-08-18T03:00:00Z,46.873474,-126.144675,Columbia River,60.000417,0,0,0,-2595,17.806,,,,,8/18/2024,,7/19/2024,,6/19/2024,,5/20/2024,674.2056885,4/20/2024
CalCurCEAS_001,2024-08-18T04:00:00Z,46.876547,-126.142565,Columbia River,60.00025,0,0,0,-2595,17.797,,,,,8/18/2024,,7/19/2024,,6/19/2024,,5/20/2024,660.6331177,4/20/2024
CalCurCEAS_001,2024-08-18T05:00:00Z,46.879417,-126.138966,Columbia River,60.000417,0,0,0,-2595,17.797,,,,,8/18/2024,,7/19/2024,,6/19/2024,,5/20/2024,660.6331177,4/20/2024
CalCurCEAS_001,2024-08-18T06:00:00Z,46.881671,-126.134416,Columbia River,60.000333,0,0,0,-2591,17.798,,,,,8/18/2024,,7/19/2024,,6/19/2024,,5/20/2024,660.6331177,4/20/2024
CalCurCEAS_001,2024-08-18T07:00:00Z,46.883342,-126.129586,Columbia River,60.000458,0,0,0,-2587,17.798,,,,,8/18/2024,,7/19/2024,,6/19/2024,,5/20/2024,660.6331177,4/20/2024
CalCurCEAS_001,2024-08-18T08:00:00Z,46.88307,-126.125753,Columbia River,60.000292,0,0,3,-2588,17.798,,,,,8/18/2024,,7/19/2024,,6/19/2024,,5/20/2024,660.6331177,4/20/2024
CalCurCEAS_001,2024-08-18T09:00:00Z,46.880463,-126.123008,Columbia River,60.00025,0,2,0,-2588,17.799,,,,,8/18/2024,,7/19/2024,,6/19/2024,,5/20/2024,672.9949341,4/20/2024
CalCurCEAS_001,2024-08-18T10:00:00Z,46.877792,-126.122115,Columbia River,60.000375,0,0,0,-2589,17.799,,,,,8/18/2024,,7/19/2024,,6/19/2024,,5/20/2024,672.9949341,4/20/2024
CalCurCEAS_001,2024-08-18T11:00:00Z,46.876383,-126.121306,Columbia River,60.000417,0,0,0,-2589,17.799,,,,,8/18/2024,,7/19/2024,,6/19/2024,,5/20/2024,672.9949341,4/20/2024
CalCurCEAS_001,2024-08-18T12:00:00Z,46.875319,-126.120011,Columbia River,60.0005,0,0,0,-2589,17.799,,,,,8/18/2024,,7/19/2024,,6/19/2024,,5/20/2024,672.9949341,4/20/2024
CalCurCEAS_001,2024-08-18T13:00:00Z,46.87537,-126.118773,Columbia River,60.000208,0,0,1,-2589,17.799,,,,,8/18/2024,,7/19/2024,,6/19/2024,,5/20/2024,672.9949341,4/20/2024
CalCurCEAS_001,2024-08-18T14:00:00Z,46.876171,-126.116521,Columbia River,60.000458,0,0,0,-2589,17.799,,,,,8/18/2024,,7/19/2024,,6/19/2024,,5/20/2024,672.9949341,4/20/2024
CalCurCEAS_001,2024-08-18T15:00:00Z,46.878646,-126.112763,Columbia River,60.000375,0,0,0,-2589,17.799,,,,,8/18/2024,,7/19/2024,,6/19/2024,,5/20/2024,672.9949341,4/20/2024
CalCurCEAS_001,2024-08-18T16:00:00Z,46.881621,-126.107718,Columbia River,60.000458,0,0,0,-2588,17.799,,,,,8/18/2024,,7/19/2024,,6/19/2024,,5/20/2024,672.9949341,4/20/2024
CalCurCEAS_001,2024-08-18T17:00:00Z,46.884431,-126.10263,Columbia River,60.0005,0,0,1,-2588,17.798,,,,,8/18/2024,,7/19/2024,,6/19/2024,,5/20/2024,672.9949341,4/20/2024
CalCurCEAS_001,2024-08-18T18:00:00Z,46.887293,-126.096984,Columbia River,60.0005,0,0,2,-2586,17.788,,,,,8/18/2024,,7/19/2024,,6/19/2024,,5/20/2024,672.9949341,4/20/2024
CalCurCEAS_001,2024-08-18T19:00:00Z,46.889595,-126.090673,Columbia River,60.0005,0,0,0,-2582,17.787,,,,,8/18/2024,,7/19/2024,,6/19/2024,,5/20/2024,672.9949341,4/20/2024
CalCurCEAS_001,2024-08-18T20:00:00Z,46.890317,-126.086361,Columbia River,60.000417,0,0,0,-2579,17.787,,,,,8/18/2024,,7/19/2024,,6/19/2024,,5/20/2024,672.9949341,4/20/2024
CalCurCEAS_001,2024-08-18T21:00:00Z,46.890035,-126.084215,Columbia River,59.979667,0,0,1,-2579,17.784,,,,,8/18/2024,,7/19/2024,,6/19/2024,,5/20/2024,672.9949341,4/20/2024
CalCurCEAS_001,2024-08-18T22:00:00Z,46.889668,-126.084485,Columbia River,60.000417,0,0,0,-2579,17.784,,,,,8/18/2024,,7/19/2024,,6/19/2024,,5/20/2024,672.9949341,4/20/2024
CalCurCEAS_001,2024-08-18T23:00:00Z,46.891156,-126.084863,Columbia River,60.000333,0,0,0,-2579,17.784,,,,,8/18/2024,,7/19/2024,,6/19/2024,,5/20/2024,672.9949341,4/20/2024
CalCurCEAS_001,2024-08-19T00:00:00Z,46.894424,-126.083776,Columbia River,60.000375,0,0,0,-2579,18.236,,,,,8/19/2024,,7/20/2024,,6/20/2024,,5/21/2024,579.619873,4/21/2024
CalCurCEAS_001,2024-08-19T01:00:00Z,46.898216,-126.081887,Columbia River,60.000375,0,0,0,-2576,18.239,,,,,8/19/2024,,7/20/2024,,6/20/2024,,5/21/2024,586.9628906,4/21/2024
CalCurCEAS_001,2024-08-19T02:00:00Z,46.902559,-126.078154,Columbia River,60.0005,0,0,0,-2574,18.239,,,,,8/19/2024,,7/20/2024,,6/20/2024,,5/21/2024,586.9628906,4/21/2024
CalCurCEAS_001,2024-08-19T03:00:00Z,46.906823,-126.073176,Columbia River,60.0005,0,0,0,-2572,18.244,,,,,8/19/2024,,7/20/2024,,6/20/2024,,5/21/2024,586.9628906,4/21/2024
CalCurCEAS_001,2024-08-19T04:00:00Z,46.911372,-126.067739,Columbia River,60.000292,0,0,1,-2569,18.244,,,,,8/19/2024,,7/20/2024,,6/20/2024,,5/21/2024,586.9628906,4/21/2024
CalCurCEAS_001,2024-08-19T05:00:00Z,46.916141,-126.062258,Columbia River,60.000375,0,0,0,-2566,18.247,,,,,8/19/2024,,7/20/2024,,6/20/2024,,5/21/2024,586.9628906,4/21/2024
CalCurCEAS_001,2024-08-19T06:00:00Z,46.92089,-126.056894,Columbia River,60.00025,0,0,1,-2562,18.247,,,,,8/19/2024,,7/20/2024,,6/20/2024,,5/21/2024,586.9628906,4/21/2024
CalCurCEAS_001,2024-08-19T07:00:00Z,46.923979,-126.052433,Columbia River,59.97925,0,0,1,-2561,18.247,,,,,8/19/2024,,7/20/2024,,6/20/2024,,5/21/2024,586.9628906,4/21/2024
CalCurCEAS_001,2024-08-19T08:00:00Z,46.926309,-126.049462,Columbia River,60.000458,0,0,1,-2560,18.249,,,,,8/19/2024,,7/20/2024,,6/20/2024,,5/21/2024,586.9628906,4/21/2024
CalCurCEAS_001,2024-08-19T09:00:00Z,46.928212,-126.047742,Columbia River,60.000458,0,0,0,-2560,18.249,,,,,8/19/2024,,7/20/2024,,6/20/2024,,5/21/2024,586.9628906,4/21/2024
CalCurCEAS_001,2024-08-19T10:00:00Z,46.929464,-126.045178,Columbia River,60.000375,0,0,0,-2559,18.249,,,,,8/19/2024,,7/20/2024,,6/20/2024,,5/21/2024,586.9628906,4/21/2024
CalCurCEAS_001,2024-08-19T11:00:00Z,46.930138,-126.041713,Columbia River,59.978042,0,0,0,-2559,18.247,,,,,8/19/2024,,7/20/2024,,6/20/2024,,5/21/2024,586.9628906,4/21/2024
CalCurCEAS_001,2024-08-19T12:00:00Z,46.930459,-126.03835,Columbia River,60.000417,0,0,1,-2558,18.247,,,,,8/19/2024,,7/20/2024,,6/20/2024,,5/21/2024,625.6209717,4/21/2024
CalCurCEAS_001,2024-08-19T13:00:00Z,46.931409,-126.034328,Columbia River,60.000375,0,0,1,-2557,18.246,,,,,8/19/2024,,7/20/2024,,6/20/2024,,5/21/2024,625.6209717,4/21/2024
CalCurCEAS_001,2024-08-19T14:00:00Z,46.933619,-126.029425,Columbia River,60.000333,0,0,0,-2555,18.246,,,,,8/19/2024,,7/20/2024,,6/20/2024,,5/21/2024,625.6209717,4/21/2024
CalCurCEAS_001,2024-08-19T15:00:00Z,46.935488,-126.023354,Columbia River,60.000333,0,0,2,-2556,18.243,,,,,8/19/2024,,7/20/2024,,6/20/2024,,5/21/2024,625.6209717,4/21/2024
CalCurCEAS_001,2024-08-19T16:00:00Z,46.937623,-126.01789,Columbia River,60.000458,0,0,0,-2564,18.243,,,,,8/19/2024,,7/20/2024,,6/20/2024,,5/21/2024,625.6209717,4/21/2024
CalCurCEAS_001,2024-08-19T17:00:00Z,46.940347,-126.01252,Columbia River,59.98375,0,0,0,-2571,18.24,,,,,8/19/2024,,7/20/2024,,6/20/2024,,5/21/2024,625.6209717,4/21/2024
CalCurCEAS_001,2024-08-19T18:00:00Z,46.943083,-126.004819,Columbia River,60.000208,0,0,0,-2584,18.235,,,,,8/19/2024,,7/20/2024,,6/20/2024,,5/21/2024,625.6209717,4/21/2024
CalCurCEAS_001,2024-08-20T15:00:00Z,46.946229,-125.93243,Columbia River,60.000333,0,0,3,-2039,18.021,0.155995101,29.52830505,58.19970703,548.2905273,8/20/2024,499.1246033,7/21/2024,,6/21/2024,,5/22/2024,,4/22/2024
CalCurCEAS_001,2024-08-20T16:00:00Z,46.947104,-125.931549,Columbia River,60.000458,0,0,1,-2039,18.021,0.155995101,29.52830505,58.19970703,548.2905273,8/20/2024,499.1246033,7/21/2024,,6/21/2024,,5/22/2024,,4/22/2024
CalCurCEAS_001,2024-08-20T17:00:00Z,46.949869,-125.930408,Columbia River,60.000333,0,0,0,-2039,18.021,0.155995101,29.52830505,58.19970703,548.2905273,8/20/2024,499.1246033,7/21/2024,,6/21/2024,,5/22/2024,,4/22/2024
CalCurCEAS_001,2024-08-20T18:00:00Z,46.954753,-125.927424,Columbia River,60.000375,0,0,1,-2156,18.021,0.155995101,29.52830505,58.19970703,548.2905273,8/20/2024,499.1246033,7/21/2024,,6/21/2024,,5/22/2024,,4/22/2024
CalCurCEAS_001,2024-08-20T19:00:00Z,46.959941,-125.921729,Columbia River,60.000375,0,0,1,-2209,18.021,0.157067418,28.44743729,58.29980469,527.293335,8/20/2024,478.6715698,7/21/2024,,6/21/2024,,5/22/2024,,4/22/2024
CalCurCEAS_001,2024-08-20T20:00:00Z,46.963352,-125.914694,Columbia River,60.000375,0,0,2,-2191,18.024,0.15880169,28.8925972,58.49975586,527.6531372,8/20/2024,466.7911072,7/21/2024,,6/21/2024,,5/22/2024,,4/22/2024
CalCurCEAS_001,2024-08-20T21:00:00Z,46.964829,-125.906421,Columbia River,60.000417,0,0,9,-2111,18.024,0.15880169,28.8925972,58.49975586,527.6531372,8/20/2024,466.7911072,7/21/2024,,6/21/2024,,5/22/2024,,4/22/2024
CalCurCEAS_001,2024-08-20T22:00:00Z,46.964197,-125.899009,Columbia River,60.000458,0,0,4,-2026,18.029,0.15880169,28.8925972,58.49975586,527.6531372,8/20/2024,466.7911072,7/21/2024,,6/21/2024,,5/22/2024,,4/22/2024
CalCurCEAS_001,2024-08-20T23:00:00Z,46.962113,-125.894053,Columbia River,60.00025,0,0,2,-2009,18.034,0.15880169,28.8925972,58.49975586,527.6531372,8/20/2024,466.7911072,7/21/2024,,6/21/2024,,5/22/2024,,4/22/2024
CalCurCEAS_001,2024-08-21T00:00:00Z,46.959299,-125.889909,Columbia River,60.00025,0,0,2,-1966,17.501,,,,,8/21/2024,502.6618958,7/22/2024,,6/22/2024,,5/24/2024,,4/26/2024
CalCurCEAS_001,2024-08-21T01:00:00Z,46.956205,-125.886484,Columbia River,60.000417,0,0,2,-1923,17.531,,,,,8/21/2024,502.6618958,7/22/2024,,6/22/2024,,5/24/2024,,4/26/2024
CalCurCEAS_001,2024-08-21T02:00:00Z,46.953742,-125.884288,Columbia River,60.000375,0,0,0,-1931,17.531,,,,,8/21/2024,502.6618958,7/22/2024,,6/23/2024,,5/24/2024,,4/27/2024
CalCurCEAS_001,2024-08-21T03:00:00Z,46.95265,-125.882876,Columbia River,60.000417,0,1,1,-1887,17.544,,,,,8/21/2024,502.6618958,7/22/2024,,6/23/2024,,5/24/2024,,4/27/2024
CalCurCEAS_001,2024-08-21T04:00:00Z,46.952983,-125.882292,Columbia River,60.000542,0,0,0,-1887,17.544,,,,,8/21/2024,502.6618958,7/22/2024,,6/23/2024,,5/24/2024,,4/27/2024
CalCurCEAS_001,2024-08-21T05:00:00Z,46.954607,-125.881523,Columbia River,60.000375,0,0,2,-1870,17.561,,,,,8/21/2024,502.6618958,7/22/2024,,6/23/2024,,5/24/2024,,4/27/2024
CalCurCEAS_001,2024-08-21T06:00:00Z,46.95673,-125.880685,Columbia River,60.000458,0,0,1,-1870,17.561,,,,,8/21/2024,502.6618958,7/22/2024,,6/23/2024,,5/24/2024,,4/27/2024
CalCurCEAS_001,2024-08-21T07:00:00Z,46.959661,-125.879018,Columbia River,60.000333,0,0,0,-1802,17.583,,,,,8/21/2024,489.3578186,7/22/2024,,6/23/2024,,5/24/2024,,4/27/2024
CalCurCEAS_001,2024-08-21T08:00:00Z,46.96245,-125.876361,Columbia River,60.0005,0,0,1,-1802,17.583,,,,,8/21/2024,489.3578186,7/22/2024,,6/23/2024,,5/24/2024,,4/27/2024
CalCurCEAS_001,2024-08-21T09:00:00Z,46.964413,-125.873254,Columbia River,60.000375,0,0,2,-1762,17.609,,,,,8/21/2024,489.3578186,7/22/2024,,6/23/2024,,5/24/2024,771.0167236,4/28/2024
CalCurCEAS_001,2024-08-21T10:00:00Z,46.965862,-125.869158,Columbia River,60.000458,0,0,4,-1711,17.609,,,,,8/21/2024,489.3578186,7/22/2024,,6/23/2024,,5/24/2024,771.0167236,4/28/2024
CalCurCEAS_001,2024-08-21T11:00:00Z,46.966004,-125.86407,Columbia River,60.0005,0,0,6,-1703,17.609,,,,,8/21/2024,489.3578186,7/22/2024,,6/23/2024,,5/24/2024,771.0167236,4/28/2024
CalCurCEAS_001,2024-08-21T12:00:00Z,46.964642,-125.860713,Columbia River,60.000458,0,0,4,-1756,17.609,,,,,8/21/2024,489.3578186,7/22/2024,,6/23/2024,,5/24/2024,771.0167236,4/28/2024
CalCurCEAS_001,2024-08-21T13:00:00Z,46.962585,-125.858103,Columbia River,60.000333,0,0,5,-1809,17.382,,,,,8/21/2024,496.149231,7/23/2024,,6/25/2024,,5/24/2024,,4/27/2024
CalCurCEAS_001,2024-08-21T14:00:00Z,46.960795,-125.854839,Columbia River,60.000333,0,0,0,-1778,17.382,,,,,8/21/2024,496.149231,7/23/2024,,6/25/2024,,5/24/2024,,4/27/2024
CalCurCEAS_001,2024-08-21T15:00:00Z,46.959747,-125.849948,Columbia River,60.000333,0,0,0,-1900,17.387,,,,,8/21/2024,503.5481873,7/23/2024,,6/25/2024,,5/24/2024,,4/27/2024
CalCurCEAS_001,2024-08-21T16:00:00Z,46.959559,-125.843537,Columbia River,60.000417,0,0,1,-1910,17.431,,,,,8/21/2024,496.149231,7/23/2024,,6/25/2024,,5/24/2024,,4/27/2024
CalCurCEAS_001,2024-08-21T17:00:00Z,46.959863,-125.837511,Columbia River,60.000417,0,0,0,-1914,17.431,,,,,8/21/2024,496.149231,7/23/2024,,6/25/2024,,5/24/2024,,4/27/2024
CalCurCEAS_001,2024-08-21T18:00:00Z,46.960172,-125.832729,Columbia River,60.000375,0,0,1,-1900,17.431,,,,,8/21/2024,496.149231,7/23/2024,,6/25/2024,,5/24/2024,,4/27/2024
CalCurCEAS_001,2024-08-21T19:00:00Z,46.961264,-125.82828,Columbia River,60.0005,0,0,1,-1875,17.431,,,,,8/21/2024,496.149231,7/23/2024,,6/25/2024,,5/24/2024,,4/27/2024
CalCurCEAS_001,2024-08-21T20:00:00Z,46.962448,-125.824378,Columbia River,60.000417,0,0,2,-1848,17.443,,,,,8/21/2024,496.149231,7/23/2024,,6/25/2024,500.285614,5/30/2024,,4/29/2024
CalCurCEAS_001,2024-08-21T21:00:00Z,46.964228,-125.819855,Columbia River,60.000375,0,0,1,-1810,17.394,,,,,8/21/2024,496.149231,7/23/2024,,6/25/2024,500.285614,5/30/2024,,4/29/2024
CalCurCEAS_001,2024-08-21T22:00:00Z,46.966054,-125.814809,Columbia River,60.000458,0,0,0,-1808,17.4,,,,,8/21/2024,490.9966431,7/23/2024,,6/25/2024,500.285614,5/30/2024,,4/29/2024
CalCurCEAS_001,2024-08-21T23:00:00Z,46.966648,-125.808759,Columbia River,60.000417,0,0,1,-1821,17.4,,,,,8/21/2024,490.9966431,7/23/2024,,6/25/2024,500.285614,5/30/2024,,4/29/2024
CalCurCEAS_001,2024-08-22T00:00:00Z,46.964427,-125.802411,Columbia River,60.000208,0,0,0,-1817,17.994,0.187554464,23.5472641,59,509.3021851,8/22/2024,,7/25/2024,,6/26/2024,,5/24/2024,,4/27/2024
CalCurCEAS_001,2024-08-22T01:00:00Z,46.961023,-125.797231,Columbia River,60.000375,0,0,2,-1834,17.994,0.187554464,23.5472641,59,509.3021851,8/22/2024,,7/25/2024,,6/26/2024,,5/24/2024,,4/27/2024
CalCurCEAS_001,2024-08-22T02:00:00Z,46.957527,-125.79333,Columbia River,60.000417,0,0,0,-1842,17.994,0.189874768,21.85247421,58.09985352,507.6372986,8/22/2024,,7/25/2024,,6/26/2024,,5/24/2024,,4/27/2024
CalCurCEAS_001,2024-08-22T03:00:00Z,46.954333,-125.789966,Columbia River,60.000333,0,0,0,-1838,18.004,0.186447144,22.23102188,58.09985352,508.9458923,8/22/2024,,7/25/2024,,6/26/2024,,5/24/2024,,4/27/2024
CalCurCEAS_001,2024-08-22T04:00:00Z,46.951942,-125.787856,Columbia River,60.000458,0,0,0,-1855,18.004,0.186447144,22.23102188,58.09985352,508.9458923,8/22/2024,,7/25/2024,,6/26/2024,,5/24/2024,,4/27/2024
CalCurCEAS_001,2024-08-22T05:00:00Z,46.951109,-125.786095,Columbia River,60.000458,0,0,0,-1853,18.029,0.186447144,22.23102188,58.09985352,508.9458923,8/22/2024,,7/25/2024,,6/26/2024,,5/24/2024,,4/27/2024
CalCurCEAS_001,2024-08-22T06:00:00Z,46.946655,-125.785148,Columbia River,60.000458,0,0,0,-1859,18.053,0.186447144,22.23102188,58.09985352,508.9458923,8/22/2024,,7/25/2024,,6/26/2024,,5/24/2024,,4/27/2024
CalCurCEAS_001,2024-08-22T07:00:00Z,46.9546,-125.780181,Columbia River,60.000333,0,0,0,-1825,18.053,0.186447144,22.23102188,58.09985352,508.9458923,8/22/2024,,7/25/2024,513.4509888,6/27/2024,810.6708984,5/30/2024,,4/28/2024
CalCurCEAS_001,2024-08-22T08:00:00Z,46.957665,-125.777158,Columbia River,60.000417,0,0,0,-1810,18.075,0.186447144,22.23102188,58.09985352,508.9458923,8/22/2024,,7/25/2024,513.4509888,6/27/2024,810.6708984,5/30/2024,,4/28/2024
CalCurCEAS_001,2024-08-22T09:00:00Z,46.961057,-125.773744,Columbia River,60.0005,0,0,0,-1800,18.075,0.183998689,24.04830742,59,509.2649536,8/22/2024,,7/25/2024,513.4509888,6/27/2024,810.6708984,5/30/2024,,4/28/2024
CalCurCEAS_001,2024-08-22T10:00:00Z,46.963588,-125.769692,Columbia River,60.000333,0,0,1,-1806,18.091,0.183998689,24.04830742,59,509.2649536,8/22/2024,,7/25/2024,513.4509888,6/27/2024,810.6708984,5/30/2024,,4/28/2024
CalCurCEAS_001,2024-08-22T11:00:00Z,46.964494,-125.763236,Columbia River,60.000417,0,0,2,-1816,18.113,0.183998689,24.04830742,59,509.2649536,8/22/2024,,7/25/2024,513.4509888,6/27/2024,810.6708984,5/30/2024,,4/28/2024
CalCurCEAS_001,2024-08-22T12:00:00Z,46.963757,-125.755784,Columbia River,60.000208,0,0,2,-1835,18.13,0.183998689,24.04830742,59,509.2649536,8/22/2024,,7/25/2024,515.1795654,6/27/2024,810.6708984,5/30/2024,,4/28/2024
CalCurCEAS_001,2024-08-22T13:00:00Z,46.961246,-125.748831,Columbia River,60.000542,0,0,1,-1843,18.113,,,,509.1426392,8/22/2024,,7/25/2024,515.1795654,6/27/2024,810.6708984,5/30/2024,,4/28/2024
CalCurCEAS_001,2024-08-22T14:00:00Z,46.957971,-125.743817,Columbia River,60.000375,0,0,1,-1846,18.091,,,,508.9458923,8/22/2024,,7/25/2024,515.1795654,6/27/2024,810.6708984,5/30/2024,,4/28/2024
CalCurCEAS_001,2024-08-22T15:00:00Z,46.954856,-125.73973,Columbia River,60.000458,0,0,0,-1849,18.091,,,,508.9458923,8/22/2024,,7/25/2024,515.1795654,6/27/2024,810.6708984,5/30/2024,,4/28/2024
CalCurCEAS_001,2024-08-22T16:00:00Z,46.952602,-125.73679,Columbia River,60.00025,0,0,0,-1851,18.091,,,,508.9458923,8/22/2024,,7/25/2024,515.1795654,6/27/2024,810.6708984,5/30/2024,,4/28/2024
CalCurCEAS_001,2024-08-22T17:00:00Z,46.951511,-125.734859,Columbia River,60.000375,0,0,2,-1851,18.384,,,,508.9458923,8/22/2024,,7/25/2024,515.1795654,6/27/2024,810.6708984,5/30/2024,,4/28/2024
CalCurCEAS_001,2024-08-22T18:00:00Z,46.95173,-125.732477,Columbia River,60.000375,0,0,1,-1853,18.383,,,,508.9458923,8/22/2024,,7/25/2024,515.1795654,6/27/2024,810.6708984,5/30/2024,,4/28/2024
CalCurCEAS_001,2024-08-22T19:00:00Z,46.953612,-125.730127,Columbia River,60.000417,0,0,3,-1853,18.383,,,,508.9458923,8/22/2024,,7/25/2024,520.9817505,6/27/2024,810.6708984,5/30/2024,682.7443848,4/29/2024
CalCurCEAS_001,2024-08-22T20:00:00Z,46.956235,-125.727505,Columbia River,60.00025,0,0,10,-1855,18.383,,,,508.9458923,8/22/2024,,7/25/2024,520.9817505,6/27/2024,810.6708984,5/30/2024,682.7443848,4/29/2024
CalCurCEAS_001,2024-08-22T21:00:00Z,46.95962,-125.724233,Columbia River,60.000583,0,0,5,-1856,18.39,,,,509.1426392,8/22/2024,,7/26/2024,535.8347168,6/24/2024,,5/24/2024,828.0162354,4/29/2024
CalCurCEAS_001,2024-08-22T22:00:00Z,46.962835,-125.720519,Columbia River,60.000417,0,0,0,-1858,18.39,,,,509.1426392,8/22/2024,,7/26/2024,535.8347168,6/24/2024,,5/24/2024,828.0162354,4/29/2024
CalCurCEAS_001,2024-08-22T23:00:00Z,46.965383,-125.71601,Columbia River,60.000542,0,0,1,-1858,18.397,,,,509.1426392,8/22/2024,,7/26/2024,,6/25/2024,,5/23/2024,,4/25/2024
CalCurCEAS_001,2024-08-23T00:00:00Z,46.966352,-125.710308,Columbia River,60.000458,0,0,0,-1858,17.709,0.160807669,23.47272682,54.09985352,504.9029541,8/23/2024,,7/22/2024,,6/23/2024,,5/24/2024,,4/25/2024
CalCurCEAS_001,2024-08-23T01:00:00Z,46.965549,-125.703536,Columbia River,60.000458,0,0,0,-1856,17.701,0.156347245,25.57130051,54.39990234,504.9029541,8/23/2024,,7/22/2024,,6/23/2024,,5/24/2024,,4/26/2024
CalCurCEAS_001,2024-08-23T02:00:00Z,46.963487,-125.697974,Columbia River,60.000417,0,0,0,-1854,17.701,0.156347245,25.57130051,54.39990234,504.9029541,8/23/2024,,7/22/2024,516.9223022,6/24/2024,84.74054718,5/23/2024,,4/24/2024
CalCurCEAS_001,2024-08-23T03:00:00Z,46.961135,-125.694593,Columbia River,60.000417,0,0,2,-1851,17.693,0.156347245,25.57130051,54.39990234,504.9029541,8/23/2024,,7/22/2024,520.1343384,6/24/2024,84.74054718,5/23/2024,,4/24/2024
CalCurCEAS_001,2024-08-23T04:00:00Z,46.959725,-125.692639,Columbia River,60.000375,0,0,3,-1851,17.693,0.156347245,25.57130051,54.39990234,504.9029541,8/23/2024,,7/22/2024,520.1343384,6/24/2024,84.74054718,5/23/2024,,4/25/2024
CalCurCEAS_001,2024-08-23T05:00:00Z,46.959814,-125.690504,Columbia River,60.0005,0,0,3,-1848,17.693,0.156347245,25.57130051,54.39990234,504.9029541,8/23/2024,,7/22/2024,520.1343384,6/24/2024,84.74054718,5/23/2024,,4/25/2024
CalCurCEAS_001,2024-08-23T06:00:00Z,46.960976,-125.686541,Columbia River,60.0005,0,0,1,-1845,17.693,0.156347245,25.57130051,54.39990234,504.9029541,8/23/2024,,7/22/2024,520.1343384,6/24/2024,84.74054718,5/23/2024,,4/25/2024
CalCurCEAS_001,2024-08-23T07:00:00Z,46.962452,-125.681131,Columbia River,60.00025,0,0,1,-1844,17.696,0.156347245,25.57130051,54.39990234,504.9029541,8/23/2024,,7/22/2024,520.1343384,6/24/2024,84.74054718,5/23/2024,,4/25/2024
CalCurCEAS_001,2024-08-23T08:00:00Z,46.964006,-125.675976,Columbia River,60.000333,0,0,1,-1840,17.696,0.156347245,25.57130051,54.39990234,504.9029541,8/23/2024,,7/22/2024,520.1343384,6/24/2024,84.74054718,5/23/2024,,4/25/2024
CalCurCEAS_001,2024-08-23T09:00:00Z,46.964658,-125.672462,Columbia River,60.00025,0,0,3,-1823,17.707,0.156347245,25.57130051,54.39990234,504.9029541,8/23/2024,473.3722839,7/23/2024,,6/26/2024,,5/24/2024,427.3909912,4/23/2024
CalCurCEAS_001,2024-08-23T10:00:00Z,46.965769,-125.66986,Columbia River,59.983833,0,0,0,-1794,17.699,0.156347245,25.57130051,54.39990234,504.9029541,8/23/2024,473.3722839,7/23/2024,,6/26/2024,,5/24/2024,427.3909912,4/23/2024
CalCurCEAS_001,2024-08-23T11:00:00Z,46.966832,-125.66665,Columbia River,60.0005,0,0,1,-1767,17.699,0.158240229,25.37903214,54.80004883,504.9029541,8/23/2024,473.3722839,7/23/2024,,6/26/2024,,5/24/2024,427.3909912,4/23/2024
CalCurCEAS_001,2024-08-23T12:00:00Z,46.967629,-125.663351,Columbia River,60.000292,0,0,0,-1767,17.709,0.158240229,25.37903214,54.80004883,504.9029541,8/23/2024,476.2276001,7/23/2024,,6/26/2024,,5/24/2024,427.3909912,4/23/2024
CalCurCEAS_001,2024-08-23T13:00:00Z,46.967668,-125.658904,Columbia River,60.000292,0,0,2,-1778,17.701,0.158240229,25.37903214,54.80004883,504.9029541,8/23/2024,476.2276001,7/23/2024,,6/26/2024,,5/24/2024,427.3909912,4/23/2024
CalCurCEAS_001,2024-08-23T14:00:00Z,46.967004,-125.653143,Columbia River,60.000458,0,0,0,-1857,17.701,0.158240229,25.37903214,54.80004883,504.9029541,8/23/2024,476.2276001,7/23/2024,,6/26/2024,,5/24/2024,427.3909912,4/23/2024
CalCurCEAS_001,2024-08-23T15:00:00Z,46.965469,-125.648726,Columbia River,60.000458,0,0,1,-1880,17.691,0.158240229,25.37903214,54.80004883,504.9029541,8/23/2024,476.2276001,7/23/2024,,6/26/2024,,5/24/2024,427.3909912,4/23/2024
CalCurCEAS_001,2024-08-23T16:00:00Z,46.963555,-125.646545,Columbia River,60.000333,0,0,2,-1880,17.691,0.158240229,25.37903214,54.80004883,504.9029541,8/23/2024,476.2276001,7/23/2024,,6/26/2024,,5/24/2024,423.8364868,4/23/2024
CalCurCEAS_001,2024-08-23T17:00:00Z,46.963357,-125.644914,Columbia River,60.000417,0,0,2,-1884,17.693,0.158240229,25.37903214,54.80004883,504.9029541,8/23/2024,476.2276001,7/23/2024,,6/26/2024,,5/24/2024,423.8364868,4/23/2024
CalCurCEAS_001,2024-08-23T18:00:00Z,46.964651,-125.642408,Columbia River,60.000417,0,0,0,-1884,17.807,0.158240229,25.37903214,54.80004883,504.9029541,8/23/2024,476.2276001,7/23/2024,,6/26/2024,,5/24/2024,423.8364868,4/23/2024
CalCurCEAS_001,2024-08-23T19:00:00Z,46.967453,-125.638561,Columbia River,60.000417,0,0,0,-1884,17.816,0.158240229,25.37903214,54.80004883,504.9029541,8/23/2024,476.2276001,7/23/2024,,6/26/2024,,5/24/2024,423.8364868,4/23/2024
CalCurCEAS_001,2024-08-23T20:00:00Z,46.970709,-125.633169,Columbia River,60.000375,0,0,0,-1885,17.841,0.158240229,25.37903214,54.80004883,504.9029541,8/23/2024,476.2276001,7/23/2024,828.652771,6/21/2024,,5/23/2024,343.7859192,4/23/2024
CalCurCEAS_001,2024-08-23T21:00:00Z,46.973263,-125.627512,Columbia River,60.000417,0,0,1,-1885,17.841,0.158240229,25.37903214,54.80004883,504.9029541,8/23/2024,476.2276001,7/23/2024,828.652771,6/21/2024,,5/23/2024,343.7859192,4/23/2024
CalCurCEAS_001,2024-08-23T22:00:00Z,46.974532,-125.622563,Columbia River,60.000292,0,0,0,-1884,17.857,0.159932867,25.31259537,55.60009766,492.7953491,8/23/2024,476.2276001,7/23/2024,828.652771,6/21/2024,,5/23/2024,343.7859192,4/23/2024
CalCurCEAS_001,2024-08-23T23:00:00Z,46.97494,-125.617241,Columbia River,60.000375,0,0,0,-1883,17.885,0.159932867,25.31259537,55.60009766,492.7953491,8/23/2024,476.2276001,7/23/2024,828.652771,6/21/2024,,5/23/2024,343.7859192,4/23/2024
CalCurCEAS_001,2024-08-24T00:00:00Z,46.975606,-125.612199,Columbia River,60.000333,0,0,2,-1877,17.795,0.189180255,23.32336998,59.60009766,515.0201416,8/24/2024,482.8913269,7/26/2024,,6/26/2024,,5/24/2024,678.8418579,4/28/2024
CalCurCEAS_001,2024-08-24T01:00:00Z,46.976107,-125.606616,Columbia River,60.000333,0,0,3,-1871,17.795,0.189180255,23.32336998,59.60009766,515.0201416,8/24/2024,482.8913269,7/26/2024,,6/26/2024,,5/24/2024,678.8418579,4/28/2024
CalCurCEAS_001,2024-08-24T02:00:00Z,46.975687,-125.59955,Columbia River,60.000375,0,0,2,-1839,17.76,0.189180255,23.32336998,59.60009766,515.0201416,8/24/2024,,7/26/2024,,6/26/2024,,5/24/2024,678.8418579,4/28/2024
CalCurCEAS_001,2024-08-24T03:00:00Z,46.973771,-125.59207,Columbia River,60.0005,0,0,1,-1835,17.732,0.189180255,23.32336998,59.60009766,515.0201416,8/24/2024,,7/26/2024,,6/26/2024,,5/24/2024,678.8418579,4/28/2024
CalCurCEAS_001,2024-08-24T04:00:00Z,46.970337,-125.587206,Columbia River,60.000167,0,0,0,-1823,17.732,0.189180255,23.32336998,59.60009766,515.0201416,8/24/2024,,7/26/2024,,6/26/2024,,5/24/2024,678.8418579,4/28/2024
CalCurCEAS_001,2024-08-24T05:00:00Z,46.967311,-125.584767,Columbia River,60.000458,0,0,12,-1823,17.725,0.189180255,23.32336998,59.60009766,515.0201416,8/24/2024,,7/26/2024,,6/26/2024,,5/24/2024,678.8418579,4/28/2024
CalCurCEAS_001,2024-08-24T06:00:00Z,46.966276,-125.583183,Columbia River,60.000417,0,0,6,-1833,17.725,0.189180255,22.59178162,59.39990234,513.9968872,8/24/2024,,7/26/2024,,6/26/2024,,5/24/2024,678.8418579,4/28/2024
CalCurCEAS_001,2024-08-24T07:00:00Z,46.967362,-125.581847,Columbia River,60.000292,0,0,3,-1794,17.719,0.189180255,22.59178162,59.39990234,513.9968872,8/24/2024,,7/26/2024,,6/26/2024,,5/24/2024,678.8418579,4/28/2024
CalCurCEAS_001,2024-08-24T08:00:00Z,46.970367,-125.579667,Columbia River,60.000458,0,0,15,-1794,17.719,0.189180255,22.59178162,59.39990234,513.9968872,8/24/2024,,7/26/2024,,6/26/2024,,5/24/2024,,4/28/2024
CalCurCEAS_001,2024-08-24T09:00:00Z,46.973713,-125.575859,Columbia River,60.000417,0,0,3,-1727,17.735,0.189180255,22.59178162,59.39990234,513.9968872,8/24/2024,,7/26/2024,,6/26/2024,,5/24/2024,,4/28/2024
CalCurCEAS_001,2024-08-24T10:00:00Z,46.97645,-125.570891,Columbia River,60.000458,0,0,1,-1711,17.735,0.189180255,22.59178162,59.39990234,513.9968872,8/24/2024,,7/27/2024,,6/28/2024,724.1479492,5/30/2024,463.5671387,4/26/2024
CalCurCEAS_001,2024-08-24T11:00:00Z,46.978643,-125.565136,Columbia River,60.000292,0,0,2,-1746,17.748,0.189180255,22.59178162,59.39990234,513.9968872,8/24/2024,,7/27/2024,,6/28/2024,724.1479492,5/30/2024,463.5671387,4/26/2024
CalCurCEAS_001,2024-08-24T12:00:00Z,46.980472,-125.560045,Columbia River,60.000458,0,0,0,-1734,17.778,0.189180255,22.59178162,59.39990234,513.9968872,8/24/2024,,7/27/2024,,6/28/2024,724.1479492,5/30/2024,463.5671387,4/26/2024
CalCurCEAS_001,2024-08-24T13:00:00Z,46.981653,-125.554168,Columbia River,60.000542,0,0,2,-1795,17.786,0.189180255,22.59178162,59.39990234,513.9968872,8/24/2024,,7/27/2024,,6/28/2024,724.1479492,5/30/2024,463.5671387,4/26/2024
CalCurCEAS_001,2024-08-24T14:00:00Z,46.981363,-125.547996,Columbia River,60.000208,0,0,4,-1874,17.786,0.189180255,22.59178162,59.39990234,513.9968872,8/24/2024,,7/27/2024,,6/28/2024,724.1479492,5/30/2024,463.5671387,4/26/2024
CalCurCEAS_001,2024-08-24T15:00:00Z,46.980563,-125.541413,Columbia River,60.000542,0,0,1,-1761,17.815,0.189180255,22.15282822,59.39990234,506.2316284,8/24/2024,,7/27/2024,,6/28/2024,724.1479492,5/30/2024,463.5671387,4/26/2024
CalCurCEAS_001,2024-08-24T16:00:00Z,46.978474,-125.535274,Columbia River,60.000375,0,0,2,-1630,17.815,0.189180255,22.15282822,59.39990234,506.2316284,8/24/2024,,7/27/2024,,6/28/2024,724.1479492,5/30/2024,,4/27/2024
CalCurCEAS_001,2024-08-24T17:00:00Z,46.975702,-125.529753,Columbia River,60.000417,0,0,2,-1558,17.815,0.189180255,22.15282822,59.39990234,506.2316284,8/24/2024,,7/27/2024,,6/28/2024,724.1479492,5/30/2024,,4/27/2024
CalCurCEAS_001,2024-08-24T18:00:00Z,46.973294,-125.525662,Columbia River,60.000375,0,0,0,-1536,17.916,0.189180255,22.15282822,59.39990234,506.2316284,8/24/2024,,7/27/2024,,6/28/2024,724.1479492,5/30/2024,,4/27/2024
CalCurCEAS_001,2024-08-24T19:00:00Z,46.972516,-125.524785,Columbia River,60.000417,0,0,2,-1486,17.916,0.189180255,22.15282822,59.39990234,506.2316284,8/24/2024,,7/27/2024,,6/28/2024,724.1479492,5/30/2024,,4/27/2024
CalCurCEAS_001,2024-08-24T20:00:00Z,46.973621,-125.525417,Columbia River,60.00025,0,0,1,-1536,17.916,0.189180255,22.15282822,59.39990234,506.2316284,8/24/2024,,7/27/2024,,6/28/2024,724.1479492,5/30/2024,,4/27/2024
CalCurCEAS_001,2024-08-24T21:00:00Z,46.975931,-125.525733,Columbia River,60.000375,0,0,0,-1510,17.912,0.189180255,22.15282822,59.39990234,506.2316284,8/24/2024,,7/27/2024,,6/28/2024,724.1479492,5/30/2024,,4/27/2024
CalCurCEAS_001,2024-08-24T22:00:00Z,46.978794,-125.5264,Columbia River,60.000375,0,0,0,-1510,17.912,0.189180255,22.15282822,59.39990234,506.2316284,8/24/2024,,7/27/2024,,6/29/2024,693.239624,5/30/2024,681.480835,4/29/2024
CalCurCEAS_001,2024-08-24T23:00:00Z,46.982054,-125.525853,Columbia River,60.00025,0,0,1,-1482,17.924,0.189180255,22.15282822,59.39990234,506.2316284,8/24/2024,,7/27/2024,,6/29/2024,693.239624,5/30/2024,681.480835,4/29/2024
CalCurCEAS_001,2024-08-25T00:00:00Z,46.984075,-125.524476,Columbia River,60.000458,0,0,0,-1506,17.916,0.154420614,23.59909439,52.60009766,527.4674072,8/25/2024,,7/24/2024,,6/25/2024,505.2048645,5/30/2024,,4/27/2024
CalCurCEAS_001,2024-08-25T01:00:00Z,46.98608,-125.522143,Columbia River,60.0005,0,0,0,-1506,17.912,0.154420614,23.59909439,52.60009766,527.4674072,8/25/2024,,7/24/2024,,6/25/2024,505.2048645,5/30/2024,,4/27/2024
CalCurCEAS_001,2024-08-25T02:00:00Z,46.987844,-125.516543,Columbia River,60.000333,0,0,0,-1631,17.933,0.154420614,23.59909439,52.60009766,527.4674072,8/25/2024,495.9113464,7/25/2024,474.5061035,6/22/2024,,5/24/2024,,4/24/2024
CalCurCEAS_001,2024-08-25T03:00:00Z,46.988248,-125.509339,Columbia River,60.000458,0,0,0,-1713,17.931,0.154420614,23.59909439,52.60009766,527.4674072,8/25/2024,495.9113464,7/25/2024,474.5061035,6/22/2024,,5/24/2024,,4/24/2024
CalCurCEAS_001,2024-08-25T04:00:00Z,46.987507,-125.501562,Columbia River,60.000333,0,0,2,-1764,17.949,0.154420614,23.59909439,52.60009766,527.4674072,8/25/2024,495.9113464,7/25/2024,474.5061035,6/22/2024,,5/24/2024,,4/24/2024
CalCurCEAS_001,2024-08-25T05:00:00Z,46.985478,-125.495095,Columbia River,60.000375,0,0,0,-1785,17.945,0.149513289,23.80366135,52.60009766,525.182251,8/25/2024,495.9113464,7/25/2024,474.5061035,6/22/2024,,5/24/2024,,4/24/2024
CalCurCEAS_001,2024-08-25T06:00:00Z,46.983047,-125.490252,Columbia River,60.000458,0,0,0,-1784,17.945,0.149513289,23.80366135,52.60009766,525.182251,8/25/2024,495.9113464,7/25/2024,474.5061035,6/22/2024,,5/24/2024,,4/24/2024
CalCurCEAS_001,2024-08-25T07:00:00Z,46.980631,-125.487252,Columbia River,60.000333,0,0,0,-1797,17.945,0.149513289,23.80366135,52.60009766,525.182251,8/25/2024,495.9113464,7/25/2024,474.5061035,6/22/2024,,5/24/2024,,4/24/2024
CalCurCEAS_001,2024-08-25T08:00:00Z,46.979251,-125.486428,Columbia River,60.0005,0,0,0,-1797,17.945,0.149513289,23.80366135,52.60009766,525.182251,8/25/2024,496.2281799,7/25/2024,474.5061035,6/22/2024,,5/24/2024,,4/24/2024
CalCurCEAS_001,2024-08-25T09:00:00Z,46.979526,-125.485599,Columbia River,60.000292,0,0,0,-1797,17.945,0.149513289,23.80366135,52.60009766,525.182251,8/25/2024,496.2281799,7/25/2024,474.5061035,6/22/2024,,5/24/2024,,4/24/2024
CalCurCEAS_001,2024-08-25T10:00:00Z,46.981077,-125.483819,Columbia River,60.000375,0,0,0,-1797,17.945,0.149513289,23.80366135,52.60009766,525.182251,8/25/2024,496.2281799,7/25/2024,474.506073,6/22/2024,,5/24/2024,,4/24/2024
CalCurCEAS_001,2024-08-25T11:00:00Z,46.982928,-125.482292,Columbia River,60.000458,0,0,0,-1809,17.945,0.149513289,23.80366135,52.60009766,525.182251,8/25/2024,496.2281799,7/25/2024,474.506073,6/22/2024,,5/24/2024,,4/24/2024
CalCurCEAS_001,2024-08-25T12:00:00Z,46.984617,-125.480469,Columbia River,60.000417,0,0,2,-1820,17.959,0.149513289,23.80366135,52.60009766,525.182251,8/25/2024,493.1304932,7/25/2024,474.506073,6/22/2024,,5/24/2024,,4/24/2024
CalCurCEAS_001,2024-08-25T13:00:00Z,46.985405,-125.479187,Columbia River,2.000042,0,0,0,-1820,17.959,0.149513289,23.80366135,52.60009766,525.182251,8/25/2024,493.1304932,7/25/2024,474.506073,6/22/2024,,5/24/2024,,4/24/2024
CalCurCEAS_002,2024-08-20T13:00:00Z,45.55454,-125.22952,Columbia River,24.000167,0,0,1,-1188,17.51,,,,,8/20/2024,515.1220703,7/22/2024,,6/22/2024,,5/23/2024,,4/24/2024
CalCurCEAS_002,2024-08-20T14:00:00Z,45.551823,-125.230243,Columbia River,60.000375,0,0,0,-1207,17.51,,,,,8/20/2024,524.1442261,7/22/2024,,6/22/2024,,5/23/2024,,4/24/2024
CalCurCEAS_002,2024-08-20T15:00:00Z,45.548357,-125.231497,Columbia River,60.000292,0,0,0,-1209,17.543,,,,,8/20/2024,524.1442261,7/22/2024,,6/22/2024,,5/24/2024,,4/26/2024
CalCurCEAS_002,2024-08-20T16:00:00Z,45.54651,-125.233277,Columbia River,60.000417,0,0,1,-1209,17.543,,,,,8/20/2024,524.1442261,7/22/2024,,6/22/2024,,5/24/2024,,4/26/2024
CalCurCEAS_002,2024-08-20T17:00:00Z,45.546647,-125.234823,Columbia River,60.000375,0,0,1,-1240,17.543,,,,,8/20/2024,524.1442261,7/22/2024,,6/22/2024,,5/24/2024,,4/26/2024
CalCurCEAS_002,2024-08-20T18:00:00Z,45.54776,-125.23576,Columbia River,60.000625,0,0,0,-1240,17.543,,,,,8/20/2024,524.1442261,7/22/2024,,6/22/2024,,5/24/2024,,4/26/2024
CalCurCEAS_002,2024-08-20T19:00:00Z,45.549507,-125.236733,Columbia River,59.999083,0,0,0,-1240,17.514,,,,,8/20/2024,524.1442261,7/22/2024,,6/22/2024,,5/24/2024,,4/26/2024
CalCurCEAS_002,2024-08-20T20:00:00Z,45.55172,-125.238083,Columbia River,60.000375,0,0,1,-1259,17.514,,,,,8/20/2024,515.1220703,7/22/2024,,6/22/2024,,5/24/2024,,4/26/2024
CalCurCEAS_002,2024-08-20T21:00:00Z,45.553557,-125.238207,Columbia River,59.997833,0,0,4,-1259,17.514,,,,,8/20/2024,515.1220703,7/22/2024,,6/22/2024,,5/24/2024,,4/26/2024
CalCurCEAS_002,2024-08-20T22:00:00Z,45.55416,-125.237927,Columbia River,60.000417,0,0,2,-1259,17.521,,,,,8/20/2024,502.6618958,7/22/2024,,6/22/2024,,5/24/2024,,4/26/2024
CalCurCEAS_002,2024-08-20T23:00:00Z,45.553727,-125.237353,Columbia River,60.000458,0,0,1,-1223,17.493,,,,,8/20/2024,502.6618958,7/22/2024,,6/22/2024,,5/24/2024,,4/26/2024
CalCurCEAS_002,2024-08-21T00:00:00Z,45.552013,-125.237553,Columbia River,60.000333,0,0,3,-1259,17.406,,,,,8/21/2024,490.9966431,7/23/2024,,6/25/2024,500.285614,5/30/2024,,4/29/2024
CalCurCEAS_002,2024-08-21T01:00:00Z,45.54982,-125.237813,Columbia River,60.000333,0,0,0,-1284,17.406,,,,,8/21/2024,490.9966431,7/23/2024,,6/25/2024,493.8258057,5/30/2024,,4/29/2024
CalCurCEAS_002,2024-08-21T02:00:00Z,45.547773,-125.235897,Columbia River,60.000333,0,0,0,-1240,17.412,,,,,8/21/2024,483.3054504,7/23/2024,,6/25/2024,493.8258057,5/30/2024,,4/29/2024
CalCurCEAS_002,2024-08-21T03:00:00Z,45.54552,-125.234667,Columbia River,60.000208,0,0,0,-1244,17.421,,,,,8/21/2024,490.2675171,7/23/2024,,6/25/2024,493.8258057,5/30/2024,,4/29/2024
CalCurCEAS_002,2024-08-21T04:00:00Z,45.543357,-125.234183,Columbia River,60.000375,0,0,3,-1244,17.489,,,,,8/21/2024,490.2675171,7/23/2024,,6/25/2024,493.8258057,5/30/2024,,4/29/2024
CalCurCEAS_002,2024-08-21T05:00:00Z,45.541813,-125.23467,Columbia River,60.000333,0,0,1,-1244,17.489,,,,,8/21/2024,490.2675171,7/23/2024,,6/25/2024,493.8258057,5/30/2024,,4/29/2024
CalCurCEAS_002,2024-08-21T06:00:00Z,45.54131,-125.234957,Columbia River,59.997958,0,0,3,-1287,17.492,,,,,8/21/2024,490.2675171,7/23/2024,,6/25/2024,493.8258057,5/30/2024,,4/29/2024
CalCurCEAS_002,2024-08-21T07:00:00Z,45.541287,-125.235743,Columbia River,60.000458,0,0,0,-1287,17.492,,,,,8/21/2024,490.2675171,7/23/2024,,6/25/2024,493.8258057,5/30/2024,,4/29/2024
CalCurCEAS_002,2024-08-21T12:00:00Z,45.535607,-125.24663,Columbia River,60.000417,0,0,0,-1486,17.358,,,,,8/21/2024,490.2675171,7/23/2024,,6/25/2024,493.7407837,5/30/2024,602.4697266,4/30/2024
CalCurCEAS_002,2024-08-21T13:00:00Z,45.531687,-125.24847,Columbia River,60.000375,0,0,0,-1519,17.267,,,,,8/21/2024,490.2675171,7/23/2024,,6/25/2024,493.7407837,5/30/2024,602.4697266,4/30/2024
CalCurCEAS_002,2024-08-21T14:00:00Z,45.527983,-125.250447,Columbia River,60.000417,0,0,1,-1608,17.231,,,,,8/21/2024,483.3054504,7/23/2024,,6/26/2024,,5/24/2024,,4/26/2024
CalCurCEAS_002,2024-08-21T15:00:00Z,45.524497,-125.252387,Columbia River,60.000458,0,0,0,-1679,17.33,,,,,8/21/2024,483.3054504,7/23/2024,,6/26/2024,,5/24/2024,,4/26/2024
CalCurCEAS_002,2024-08-21T16:00:00Z,45.52253,-125.252913,Columbia River,60.000292,0,0,0,-1679,17.268,,,,,8/21/2024,483.3054504,7/23/2024,,6/26/2024,,5/24/2024,427.3909912,4/23/2024
CalCurCEAS_002,2024-08-21T17:00:00Z,45.521757,-125.252563,Columbia River,59.999167,0,0,0,-1679,17.268,,,,,8/21/2024,,7/24/2024,,6/22/2024,,5/24/2024,,4/27/2024
CalCurCEAS_002,2024-08-21T18:00:00Z,45.521817,-125.252673,Columbia River,60.0005,0,0,0,-1679,17.268,,,,,8/21/2024,,7/24/2024,,6/22/2024,,5/24/2024,,4/27/2024
CalCurCEAS_002,2024-08-21T19:00:00Z,45.522357,-125.252487,Columbia River,60.000458,0,0,0,-1679,17.268,,,,,8/21/2024,,7/24/2024,,6/22/2024,,5/24/2024,34.53841019,4/23/2024
CalCurCEAS_002,2024-08-21T20:00:00Z,45.522507,-125.252833,Columbia River,60.000333,0,0,0,-1679,17.201,,,,,8/21/2024,,7/24/2024,,6/22/2024,,5/24/2024,34.53841019,4/23/2024
CalCurCEAS_002,2024-08-21T21:00:00Z,45.522513,-125.254493,Columbia River,60.000375,0,0,4,-1746,17.201,,,,,8/21/2024,,7/24/2024,,6/22/2024,,5/24/2024,34.53841019,4/23/2024
CalCurCEAS_002,2024-08-21T22:00:00Z,45.522437,-125.25371,Columbia River,60.000375,0,0,4,-1679,17.139,,,,,8/21/2024,,7/24/2024,,6/22/2024,,5/24/2024,34.53841019,4/23/2024
CalCurCEAS_002,2024-08-21T23:00:00Z,45.51998,-125.25133,Columbia River,60.000458,0,0,2,-1743,17.071,,,,,8/21/2024,,7/24/2024,,6/22/2024,,5/24/2024,34.53841019,4/23/2024
CalCurCEAS_002,2024-08-22T00:00:00Z,45.51529,-125.251373,Columbia River,60.000417,0,0,1,-1808,18.397,,,,,8/22/2024,,7/26/2024,,6/25/2024,,5/23/2024,,4/25/2024
CalCurCEAS_002,2024-08-22T01:00:00Z,45.509703,-125.252677,Columbia River,60.000375,0,0,0,-1857,18.397,,,,,8/22/2024,,7/26/2024,,6/25/2024,,5/23/2024,,4/25/2024
CalCurCEAS_002,2024-08-22T02:00:00Z,45.50411,-125.254877,Columbia River,60.000458,0,0,0,-1935,18.397,,,,,8/22/2024,496.1194458,7/26/2024,,6/25/2024,,5/23/2024,,4/25/2024
CalCurCEAS_002,2024-08-22T03:00:00Z,45.498033,-125.2587,Columbia River,60.000292,0,0,0,-1949,18.399,0.275683671,25.39067268,79.60009766,533.9227905,8/22/2024,496.1194458,7/26/2024,,6/25/2024,,5/23/2024,,4/25/2024
CalCurCEAS_002,2024-08-22T04:00:00Z,45.49277,-125.26327,Columbia River,60.000458,0,0,0,-1950,18.399,0.275683671,25.39067268,79.60009766,533.9227905,8/22/2024,496.1194458,7/26/2024,,6/25/2024,,5/23/2024,,4/25/2024
CalCurCEAS_002,2024-08-22T05:00:00Z,45.48949,-125.267587,Columbia River,60.000333,0,0,1,-1949,18.399,0.275683671,25.39067268,79.60009766,533.9227905,8/22/2024,496.1194458,7/26/2024,,6/25/2024,,5/23/2024,,4/25/2024
CalCurCEAS_002,2024-08-22T06:00:00Z,45.487993,-125.271967,Columbia River,60.0005,0,0,0,-1943,18.399,0.275683671,25.39067268,79.60009766,533.9227905,8/22/2024,496.1194458,7/26/2024,,6/25/2024,,5/23/2024,,4/25/2024
CalCurCEAS_002,2024-08-22T07:00:00Z,45.488063,-125.276997,Columbia River,60.000333,0,0,0,-1928,17.67,0.275683671,25.39067268,79.60009766,533.9227905,8/22/2024,496.1194458,7/26/2024,,6/25/2024,,5/23/2024,,4/25/2024
CalCurCEAS_002,2024-08-22T08:00:00Z,45.488517,-125.28115,Columbia River,60.000458,0,0,0,-1846,17.67,0.275683671,25.39067268,79.60009766,533.9227905,8/22/2024,496.1194458,7/26/2024,,6/25/2024,,5/23/2024,,4/25/2024
CalCurCEAS_002,2024-08-22T09:00:00Z,45.489357,-125.28611,Columbia River,60.000417,0,0,0,-1761,17.67,0.275683671,25.39067268,79.60009766,533.9227905,8/22/2024,496.1194458,7/26/2024,,6/25/2024,,5/23/2024,,4/25/2024
CalCurCEAS_002,2024-08-22T10:00:00Z,45.489517,-125.290013,Columbia River,60.000375,0,0,0,-1653,17.67,0.275683671,25.39067268,79.60009766,533.9227905,8/22/2024,496.1194458,7/26/2024,,6/25/2024,,5/23/2024,,4/25/2024
CalCurCEAS_002,2024-08-22T11:00:00Z,45.48854,-125.291627,Columbia River,59.983667,0,0,0,-1653,17.67,0.275683671,25.39067268,79.60009766,533.9227905,8/22/2024,,7/21/2024,,6/22/2024,,5/23/2024,354.1200867,4/23/2024
CalCurCEAS_002,2024-08-22T12:00:00Z,45.48608,-125.294233,Columbia River,60.000375,0,0,0,-1540,17.665,,,,533.9227905,8/22/2024,,7/21/2024,,6/22/2024,,5/23/2024,354.1200867,4/23/2024
CalCurCEAS_002,2024-08-22T13:00:00Z,45.481933,-125.2965,Columbia River,60.000375,0,0,0,-1529,17.665,,,,533.9227905,8/22/2024,,7/21/2024,,6/22/2024,,5/23/2024,,4/24/2024
CalCurCEAS_002,2024-08-22T14:00:00Z,45.476837,-125.300127,Columbia River,60.000333,0,0,0,-1535,17.665,,,,533.9227905,8/22/2024,,7/21/2024,,6/22/2024,,5/23/2024,,4/24/2024
CalCurCEAS_002,2024-08-22T15:00:00Z,45.471903,-125.30411,Columbia River,60.00025,0,0,0,-1523,17.665,,,,533.9227905,8/22/2024,,7/21/2024,,6/22/2024,,5/23/2024,,4/24/2024
CalCurCEAS_002,2024-08-22T16:00:00Z,45.46831,-125.307743,Columbia River,60.000417,0,0,0,-1601,17.665,,,,533.9227905,8/22/2024,,7/21/2024,,6/22/2024,,5/23/2024,,4/24/2024
CalCurCEAS_002,2024-08-22T17:00:00Z,45.465547,-125.310243,Columbia River,60.00025,0,0,0,-1669,17.665,,,,533.9227905,8/22/2024,,7/21/2024,,6/22/2024,,5/23/2024,,4/24/2024
CalCurCEAS_002,2024-08-22T18:00:00Z,45.464427,-125.31252,Columbia River,60.000375,0,0,1,-1699,17.589,,,,533.9227905,8/22/2024,,7/21/2024,,6/22/2024,,5/23/2024,,4/24/2024
CalCurCEAS_002,2024-08-22T19:00:00Z,45.464207,-125.315623,Columbia River,60.000333,0,0,0,-1699,17.589,,,,533.9227905,8/22/2024,,7/21/2024,,6/22/2024,,5/23/2024,,4/24/2024
CalCurCEAS_002,2024-08-22T20:00:00Z,45.46484,-125.318663,Columbia River,60.000417,0,0,0,-1734,17.589,,,,533.9227905,8/22/2024,,7/21/2024,,6/22/2024,,5/23/2024,,4/24/2024
CalCurCEAS_002,2024-08-22T21:00:00Z,45.465523,-125.321967,Columbia River,60.000417,0,0,1,-1801,17.604,,,,533.9227905,8/22/2024,,7/21/2024,,6/22/2024,,5/23/2024,,4/24/2024
CalCurCEAS_002,2024-08-22T22:00:00Z,45.465243,-125.324927,Columbia River,60.000333,0,0,0,-1801,17.606,,,,533.9227905,8/22/2024,,7/22/2024,,6/23/2024,,5/24/2024,771.0167236,4/28/2024
CalCurCEAS_002,2024-08-22T23:00:00Z,45.463357,-125.32767,Columbia River,60.000417,0,0,0,-1871,17.606,,,,533.9227905,8/22/2024,,7/22/2024,,6/23/2024,,5/24/2024,773.1103516,4/28/2024
CalCurCEAS_002,2024-08-23T00:00:00Z,45.459943,-125.33169,Columbia River,59.994042,0,0,0,-1948,17.885,0.248201758,26.15877342,74.19970703,527.8791504,8/23/2024,476.2276001,7/23/2024,828.652771,6/21/2024,,5/23/2024,343.7859192,4/23/2024
CalCurCEAS_002,2024-08-23T01:00:00Z,45.45451,-125.338133,Columbia River,60.000458,0,0,1,-2030,17.91,0.253343344,26.68614197,74.19970703,530.4584351,8/23/2024,476.2276001,7/23/2024,828.652771,6/21/2024,,5/23/2024,343.7859192,4/23/2024
CalCurCEAS_002,2024-08-23T02:00:00Z,45.44881,-125.34721,Columbia River,60.000333,0,0,0,-2030,17.91,0.253343344,26.68614197,74.19970703,530.4584351,8/23/2024,476.2276001,7/23/2024,828.652771,6/21/2024,,5/23/2024,343.7859192,4/23/2024
CalCurCEAS_002,2024-08-23T03:00:00Z,45.44535,-125.35377,Columbia River,60.000542,0,0,0,-2026,17.932,0.253343344,26.68614197,74.19970703,530.4584351,8/23/2024,476.2276001,7/23/2024,828.652771,6/21/2024,,5/23/2024,354.1200867,4/23/2024
CalCurCEAS_002,2024-08-23T04:00:00Z,45.442033,-125.361647,Columbia River,60.0005,0,0,1,-2047,17.932,0.253343344,26.68614197,74.19970703,530.4584351,8/23/2024,476.2276001,7/23/2024,828.652771,6/21/2024,,5/23/2024,354.1200867,4/23/2024
CalCurCEAS_002,2024-08-23T05:00:00Z,45.4405,-125.367167,Columbia River,60.00025,0,0,2,-2046,17.932,0.253343344,26.68614197,74.19970703,530.4584351,8/23/2024,476.2276001,7/23/2024,828.652771,6/21/2024,,5/23/2024,354.1200867,4/23/2024
CalCurCEAS_002,2024-08-23T06:00:00Z,45.440047,-125.372523,Columbia River,60.000417,0,0,0,-1991,17.932,0.253343344,26.68614197,74.19970703,530.4584351,8/23/2024,476.2276001,7/23/2024,828.652771,6/21/2024,,5/23/2024,354.1200867,4/23/2024
CalCurCEAS_002,2024-08-23T07:00:00Z,45.44067,-125.378247,Columbia River,60.000375,0,0,0,-1948,17.932,0.253848672,26.18103027,74.49975586,532.5001221,8/23/2024,476.2276001,7/23/2024,,6/22/2024,,5/24/2024,,4/26/2024
CalCurCEAS_002,2024-08-23T08:00:00Z,45.442603,-125.38308,Columbia River,60.0005,0,0,0,-1956,17.951,0.253848672,26.18103027,74.49975586,532.5001221,8/23/2024,476.2276001,7/23/2024,,6/22/2024,,5/24/2024,,4/26/2024
CalCurCEAS_002,2024-08-23T09:00:00Z,45.444983,-125.386907,Columbia River,60.000417,0,0,0,-1964,17.951,0.253848672,26.18103027,74.49975586,532.5001221,8/23/2024,483.9054565,7/24/2024,,6/23/2024,,5/22/2024,366.8237305,4/23/2024
CalCurCEAS_002,2024-08-23T10:00:00Z,45.446717,-125.389273,Columbia River,60.000333,0,0,0,-1997,17.967,0.253848672,26.18103027,74.49975586,532.5001221,8/23/2024,483.5823975,7/24/2024,,6/23/2024,,5/22/2024,366.8237305,4/23/2024
CalCurCEAS_002,2024-08-23T11:00:00Z,45.446563,-125.3895,Columbia River,60.000542,0,0,1,-1997,17.967,0.253848672,26.18103027,74.49975586,532.5001221,8/23/2024,483.5823975,7/24/2024,,6/23/2024,,5/22/2024,366.8237305,4/23/2024
CalCurCEAS_002,2024-08-23T12:00:00Z,45.44298,-125.389713,Columbia River,60.000375,0,0,1,-2067,17.968,0.253848672,26.18103027,74.49975586,532.5001221,8/23/2024,483.5823975,7/24/2024,,6/23/2024,,5/22/2024,337.9311523,4/23/2024
CalCurCEAS_002,2024-08-23T13:00:00Z,45.43737,-125.39148,Columbia River,60.0005,0,0,0,-2170,17.98,0.253848672,26.18103027,74.49975586,532.5001221,8/23/2024,483.5823975,7/24/2024,,6/23/2024,,5/22/2024,337.9311523,4/23/2024
CalCurCEAS_002,2024-08-23T14:00:00Z,45.43126,-125.39612,Columbia River,60.0005,0,0,1,-2252,17.983,0.253848672,26.18103027,74.49975586,532.5001221,8/23/2024,483.5823975,7/24/2024,,6/23/2024,,5/22/2024,343.7859192,4/23/2024
CalCurCEAS_002,2024-08-23T15:00:00Z,45.4255,-125.40176,Columbia River,60.0005,0,0,2,-2295,17.983,0.253848672,26.18103027,74.49975586,532.5001221,8/23/2024,483.5823975,7/24/2024,,6/23/2024,,5/22/2024,343.7859192,4/23/2024
CalCurCEAS_002,2024-08-23T16:00:00Z,45.420387,-125.407787,Columbia River,60.0005,0,0,1,-2426,17.983,0.253848672,26.18103027,74.49975586,532.5001221,8/23/2024,483.3860474,7/24/2024,,6/23/2024,,5/23/2024,,4/24/2024
CalCurCEAS_002,2024-08-23T17:00:00Z,45.416587,-125.414133,Columbia River,60.000417,0,0,0,-2480,17.978,0.254573345,26.15877342,74.79980469,527.8791504,8/23/2024,483.3860474,7/24/2024,,6/23/2024,,5/23/2024,,4/24/2024
CalCurCEAS_002,2024-08-23T18:00:00Z,45.414017,-125.421243,Columbia River,60.000417,0,0,0,-2465,18.056,0.259629607,25.81674194,75.19970703,530.4584351,8/23/2024,483.3860474,7/24/2024,,6/24/2024,,5/24/2024,,4/22/2024
CalCurCEAS_002,2024-08-23T19:00:00Z,45.4134,-125.429407,Columbia River,60.000375,0,0,1,-2486,18.056,0.259629607,25.81674194,75.19970703,530.4584351,8/23/2024,483.3860474,7/24/2024,,6/24/2024,,5/24/2024,,4/22/2024
CalCurCEAS_002,2024-08-23T20:00:00Z,45.415267,-125.43846,Columbia River,60.000417,0,0,3,-2506,18.039,0.259629607,25.81674194,75.19970703,530.4584351,8/23/2024,483.3860474,7/24/2024,,6/24/2024,,5/24/2024,,4/22/2024
CalCurCEAS_002,2024-08-23T21:00:00Z,45.41846,-125.447927,Columbia River,60.000375,1,0,10,-2509,18.03,0.258486569,26.16474152,75.69995117,533.1195068,8/23/2024,483.3860474,7/24/2024,,6/24/2024,,5/24/2024,,4/22/2024
CalCurCEAS_002,2024-08-23T22:00:00Z,45.422173,-125.454857,Columbia River,60.000417,0,0,2,-2510,18.03,0.258486569,26.16474152,75.69995117,533.1195068,8/23/2024,483.3860474,7/24/2024,,6/24/2024,,5/24/2024,,4/22/2024
CalCurCEAS_002,2024-08-23T23:00:00Z,45.424677,-125.45835,Columbia River,60.000333,0,0,2,-2510,17.99,0.275858462,26.06238937,80.19970703,533.1195068,8/23/2024,483.3860474,7/24/2024,,6/24/2024,,5/24/2024,,4/22/2024
CalCurCEAS_002,2024-08-24T00:00:00Z,45.424893,-125.46114,Columbia River,60.000458,0,0,0,-2510,17.924,,,,,8/24/2024,,7/27/2024,,6/29/2024,692.9509888,5/30/2024,681.480835,4/29/2024
CalCurCEAS_002,2024-08-24T01:00:00Z,45.4231,-125.463897,Columbia River,60.0005,0,0,0,-2509,17.935,,,,,8/24/2024,,7/27/2024,693.2998047,6/24/2024,,5/24/2024,828.0162354,4/29/2024
CalCurCEAS_002,2024-08-24T02:00:00Z,45.419653,-125.46629,Columbia River,60.000458,0,0,0,-2510,17.935,,,,,8/24/2024,,7/27/2024,693.2998047,6/24/2024,,5/24/2024,828.0162354,4/29/2024
CalCurCEAS_002,2024-08-24T03:00:00Z,45.414737,-125.468527,Columbia River,60.000417,0,0,0,-2510,17.944,,,,,8/24/2024,,7/27/2024,693.2998047,6/24/2024,,5/24/2024,802.3122559,4/29/2024
CalCurCEAS_002,2024-08-24T04:00:00Z,45.409457,-125.470987,Columbia River,60.000167,0,0,0,-2510,17.953,,,,,8/24/2024,,7/27/2024,693.2998047,6/24/2024,,5/24/2024,802.4503174,4/29/2024
CalCurCEAS_002,2024-08-24T05:00:00Z,45.404797,-125.475983,Columbia River,60.000333,0,0,1,-2508,17.953,,,,,8/24/2024,,7/27/2024,693.2998047,6/24/2024,,5/24/2024,802.4503174,4/29/2024
CalCurCEAS_002,2024-08-24T06:00:00Z,45.401363,-125.482523,Columbia River,60.000375,0,0,1,-2506,17.961,,,,,8/24/2024,,7/27/2024,693.2998047,6/24/2024,,5/24/2024,802.4503174,4/29/2024
CalCurCEAS_002,2024-08-24T07:00:00Z,45.399223,-125.49076,Columbia River,60.000458,0,0,0,-2506,17.971,,,,,8/24/2024,,7/27/2024,693.2998047,6/24/2024,,5/24/2024,802.4503174,4/29/2024
CalCurCEAS_002,2024-08-24T08:00:00Z,45.39937,-125.498653,Columbia River,60.000375,0,0,0,-2509,17.971,,,,,8/24/2024,,7/27/2024,693.2998047,6/24/2024,,5/24/2024,802.4503174,4/29/2024
CalCurCEAS_002,2024-08-24T09:00:00Z,45.399927,-125.507143,Columbia River,60.000333,0,0,0,-2515,17.983,0.209402561,38.74753571,73.79980469,622.2634277,8/24/2024,,7/27/2024,693.2998047,6/24/2024,,5/24/2024,415.1383362,4/23/2024
CalCurCEAS_002,2024-08-24T10:00:00Z,45.401877,-125.51516,Columbia River,59.995292,0,0,1,-2519,17.983,0.209402561,38.74753571,73.79980469,622.2634277,8/24/2024,,7/28/2024,,6/26/2024,772.3949585,5/30/2024,463.5671387,4/26/2024
CalCurCEAS_002,2024-08-24T11:00:00Z,45.403647,-125.521437,Columbia River,60.000417,0,0,0,-2520,17.997,0.209402561,38.74753571,73.79980469,622.2634277,8/24/2024,,7/28/2024,,6/26/2024,772.3949585,5/30/2024,463.5671387,4/26/2024
CalCurCEAS_002,2024-08-24T12:00:00Z,45.404287,-125.5281,Columbia River,60.000417,0,0,0,-2519,17.997,0.209402561,38.74753571,73.79980469,622.2634277,8/24/2024,,7/28/2024,,6/26/2024,772.3949585,5/30/2024,463.5671387,4/26/2024
CalCurCEAS_002,2024-08-24T13:00:00Z,45.403937,-125.534753,Columbia River,60.000333,0,0,6,-2522,18.014,0.209402561,38.74753571,73.79980469,622.2634277,8/24/2024,,7/28/2024,,6/26/2024,787.0499878,5/30/2024,,4/27/2024
CalCurCEAS_002,2024-08-24T14:00:00Z,45.402903,-125.540033,Columbia River,60.0005,0,0,0,-2522,18.014,0.209402561,38.74753571,73.79980469,622.2634277,8/24/2024,,7/28/2024,,6/26/2024,787.0499878,5/30/2024,,4/27/2024
CalCurCEAS_002,2024-08-24T15:00:00Z,45.400953,-125.54352,Columbia River,60.000375,0,0,0,-2523,18.034,0.21294868,38.74753571,74.39990234,622.2634277,8/24/2024,,7/28/2024,,6/26/2024,787.0499878,5/30/2024,,4/27/2024
CalCurCEAS_002,2024-08-24T16:00:00Z,45.39818,-125.546927,Columbia River,59.999167,0,0,30,-2526,18.034,0.21294868,38.74753571,74.39990234,622.2634277,8/24/2024,,7/28/2024,,6/26/2024,787.0499878,5/30/2024,,4/28/2024
CalCurCEAS_002,2024-08-24T17:00:00Z,45.397083,-125.551043,Columbia River,60.000333,0,0,20,-2532,18.057,0.21294868,38.74753571,74.39990234,622.2634277,8/24/2024,,7/28/2024,,6/26/2024,787.0499878,5/30/2024,,4/28/2024
CalCurCEAS_002,2024-08-24T18:00:00Z,45.39656,-125.556623,Columbia River,60.000542,0,0,3,-2539,18.207,0.21294868,38.74753571,74.39990234,622.2634277,8/24/2024,,7/28/2024,,6/26/2024,787.0499878,5/30/2024,,4/28/2024
CalCurCEAS_002,2024-08-24T19:00:00Z,45.39798,-125.5623,Columbia River,60.000458,0,0,16,-2545,18.207,0.21294868,38.74753571,74.39990234,622.2634277,8/24/2024,,7/28/2024,,6/26/2024,787.0499878,5/30/2024,,4/28/2024
CalCurCEAS_002,2024-08-24T20:00:00Z,45.399973,-125.567653,Columbia River,59.999125,0,0,0,-2551,18.211,0.21294868,38.74753571,74.39990234,622.2634277,8/24/2024,,7/28/2024,,6/26/2024,787.0499878,5/30/2024,,4/28/2024
CalCurCEAS_002,2024-08-24T21:00:00Z,45.402043,-125.571773,Columbia River,60.000333,0,0,7,-2554,18.194,0.21294868,38.74753571,74.39990234,622.2634277,8/24/2024,,7/28/2024,,6/26/2024,787.0499878,5/30/2024,,4/28/2024
CalCurCEAS_002,2024-08-24T22:00:00Z,45.403217,-125.574067,Columbia River,60.000458,0,0,4,-2554,18.194,0.21294868,38.74753571,74.39990234,622.2634277,8/24/2024,548.5050049,7/22/2024,520.1343384,6/24/2024,84.74054718,5/23/2024,,4/25/2024
CalCurCEAS_002,2024-08-24T23:00:00Z,45.404933,-125.575617,Columbia River,60.000375,0,0,5,-2555,18.198,0.21294868,38.74753571,74.39990234,622.2634277,8/24/2024,549.4091187,7/22/2024,520.1343384,6/24/2024,84.74054718,5/23/2024,,4/25/2024
CalCurCEAS_002,2024-08-25T00:00:00Z,45.403497,-125.579333,Columbia River,60.000417,0,0,36,-2558,17.97,0.245629326,16.78297424,66.19970703,525.9678345,8/25/2024,493.1304932,7/25/2024,474.506073,6/22/2024,,5/24/2024,,4/24/2024
CalCurCEAS_002,2024-08-25T01:00:00Z,45.401647,-125.582797,Columbia River,60.000375,0,0,1,-2558,17.97,0.245629326,16.78297424,66.19970703,525.9678345,8/25/2024,493.1304932,7/25/2024,474.506073,6/22/2024,,5/24/2024,,4/24/2024
CalCurCEAS_002,2024-08-25T02:00:00Z,45.39895,-125.587617,Columbia River,60.000333,0,0,0,-2561,18.035,0.260272205,17.83134079,71.79980469,539.0797119,8/25/2024,493.1304932,7/25/2024,474.506073,6/22/2024,,5/24/2024,,4/24/2024
CalCurCEAS_002,2024-08-25T03:00:00Z,45.395013,-125.592383,Columbia River,60.000417,0,0,3,-2562,18.035,0.260272205,17.83134079,71.79980469,539.0797119,8/25/2024,493.1304932,7/25/2024,474.506073,6/22/2024,,5/24/2024,,4/27/2024
CalCurCEAS_002,2024-08-25T04:00:00Z,45.390443,-125.596903,Columbia River,60.000375,0,0,4,-2569,18.039,0.260272205,17.83134079,71.79980469,539.0797119,8/25/2024,493.1304932,7/25/2024,,6/22/2024,,5/24/2024,,4/27/2024
CalCurCEAS_002,2024-08-25T05:00:00Z,45.385417,-125.604417,Columbia River,60.000375,0,0,3,-2592,18.018,0.260272205,17.83134079,71.79980469,539.0797119,8/25/2024,493.1304932,7/25/2024,,6/22/2024,,5/24/2024,,4/27/2024
CalCurCEAS_002,2024-08-25T06:00:00Z,45.38273,-125.61468,Columbia River,60.000333,0,0,1,-2586,18.018,0.260272205,17.83134079,71.79980469,539.0797119,8/25/2024,493.1304932,7/25/2024,,6/23/2024,,5/23/2024,,4/24/2024
CalCurCEAS_002,2024-08-25T07:00:00Z,45.3831,-125.62584,Columbia River,60.000458,0,0,5,-2587,18.018,0.2680839,18.82982445,74.19970703,539.0797119,8/25/2024,493.1304932,7/25/2024,,6/23/2024,,5/23/2024,,4/24/2024
CalCurCEAS_002,2024-08-25T08:00:00Z,45.38527,-125.6362,Columbia River,60.000292,0,0,6,-2600,17.991,0.2680839,18.82982445,74.19970703,539.0797119,8/25/2024,493.1304932,7/25/2024,,6/23/2024,,5/23/2024,,4/24/2024
CalCurCEAS_002,2024-08-25T09:00:00Z,45.388933,-125.64506,Columbia River,60.0005,0,0,1,-2596,17.991,0.2680839,18.82982445,74.19970703,539.0797119,8/25/2024,493.1304932,7/25/2024,,6/23/2024,,5/23/2024,,4/24/2024
CalCurCEAS_002,2024-08-25T10:00:00Z,45.393115,-125.650925,Columbia River,60.000417,0,0,3,-2587,17.991,0.2680839,18.82982445,74.19970703,539.0797119,8/25/2024,493.1304932,7/25/2024,,6/23/2024,,5/23/2024,,4/24/2024
CalCurCEAS_002,2024-08-25T11:00:00Z,45.39689,-125.656217,Columbia River,59.996542,0,0,14,-2581,17.991,0.2680839,18.82982445,74.19970703,539.0797119,8/25/2024,493.1304932,7/25/2024,,6/23/2024,,5/23/2024,,4/24/2024
CalCurCEAS_002,2024-08-25T12:00:00Z,45.39864,-125.660007,Columbia River,60.000417,0,0,31,-2584,17.991,0.2680839,18.82982445,74.19970703,539.0797119,8/25/2024,,7/26/2024,,6/26/2024,,5/30/2024,,4/25/2024
CalCurCEAS_002,2024-08-25T13:00:00Z,45.39907,-125.661963,Columbia River,60.000417,0,0,5,-2584,17.961,0.2680839,18.82982445,74.19970703,539.0797119,8/25/2024,,7/26/2024,,6/26/2024,,5/30/2024,,4/25/2024
CalCurCEAS_002,2024-08-25T14:00:00Z,45.398407,-125.663987,Columbia River,60.000333,0,0,34,-2588,17.961,0.2680839,18.82982445,74.19970703,539.0797119,8/25/2024,,7/26/2024,,6/26/2024,,5/30/2024,,4/25/2024
CalCurCEAS_002,2024-08-25T15:00:00Z,45.39736,-125.66628,Columbia River,60.00025,0,0,8,-2588,17.954,0.2680839,18.82982445,74.19970703,539.0797119,8/25/2024,,7/26/2024,,6/26/2024,,5/30/2024,,4/25/2024
CalCurCEAS_002,2024-08-25T16:00:00Z,45.396083,-125.668717,Columbia River,60.000542,0,0,22,-2591,17.954,0.272275269,18.90828896,75.60009766,539.2401733,8/25/2024,,7/26/2024,,6/26/2024,,5/30/2024,,4/25/2024
CalCurCEAS_002,2024-08-25T17:00:00Z,45.394433,-125.674747,Columbia River,60.000375,0,0,4,-2592,17.954,0.272275269,18.90828896,75.60009766,539.2401733,8/25/2024,,7/26/2024,,6/26/2024,,5/30/2024,,4/25/2024
CalCurCEAS_002,2024-08-25T18:00:00Z,45.393137,-125.682787,Columbia River,60.000458,0,0,1,-2591,17.954,0.272275269,18.90828896,75.60009766,539.2401733,8/25/2024,,7/26/2024,,6/26/2024,,5/30/2024,,4/25/2024
CalCurCEAS_002,2024-08-25T19:00:00Z,45.39272,-125.69256,Columbia River,60.000542,0,0,0,-2589,17.954,0.272275269,18.90828896,75.60009766,539.2401733,8/25/2024,,7/26/2024,,6/26/2024,,5/30/2024,,4/25/2024
CalCurCEAS_002,2024-08-25T20:00:00Z,45.393433,-125.702117,Columbia River,60.000292,0,0,1,-2588,17.954,0.272275269,18.90828896,75.60009766,539.2401733,8/25/2024,,7/26/2024,,6/26/2024,,5/30/2024,,4/25/2024
CalCurCEAS_002,2024-08-25T21:00:00Z,45.39679,-125.7097,Columbia River,60.000458,0,0,1,-2586,17.954,0.29406637,19.23932076,81,538.2709351,8/25/2024,,7/26/2024,,6/26/2024,,5/30/2024,,4/25/2024
CalCurCEAS_002,2024-08-25T22:00:00Z,45.400263,-125.715957,Columbia River,60.000417,0,0,2,-2582,17.954,0.29406637,19.23932076,81,538.2709351,8/25/2024,,7/26/2024,,6/26/2024,772.3949585,5/30/2024,,4/25/2024
CalCurCEAS_002,2024-08-25T23:00:00Z,45.403833,-125.721503,Columbia River,60.000333,0,0,1,-2582,17.915,0.29406637,19.23932076,81,538.2709351,8/25/2024,,7/26/2024,,6/26/2024,772.3949585,5/30/2024,,4/25/2024
CalCurCEAS_002,2024-08-26T00:00:00Z,45.407107,-125.72724,Columbia River,60.000417,0,0,0,-2578,18.544,,,,,8/26/2024,,7/28/2024,,6/27/2024,,5/24/2024,,4/25/2024
CalCurCEAS_002,2024-08-26T01:00:00Z,45.408563,-125.731653,Columbia River,60.000458,0,0,1,-2573,18.536,,,,,8/26/2024,,7/28/2024,,6/27/2024,,5/24/2024,,4/25/2024
CalCurCEAS_002,2024-08-26T02:00:00Z,45.40853,-125.736017,Columbia River,60.000458,0,0,17,-2572,18.703,,,,,8/26/2024,,7/28/2024,,6/27/2024,,5/24/2024,,4/25/2024
CalCurCEAS_002,2024-08-26T03:00:00Z,45.407647,-125.740483,Columbia River,60.0005,0,0,52,-2577,18.703,,,,,8/26/2024,,7/28/2024,,6/27/2024,,5/24/2024,,4/25/2024
CalCurCEAS_002,2024-08-26T04:00:00Z,45.406587,-125.74509,Columbia River,59.983667,0,0,28,-2579,18.703,,,,,8/26/2024,,7/28/2024,,6/27/2024,,5/24/2024,,4/25/2024
CalCurCEAS_002,2024-08-26T05:00:00Z,45.404997,-125.751367,Columbia River,59.992542,0,0,30,-2578,18.698,,,,,8/26/2024,,7/28/2024,,6/27/2024,,5/24/2024,,4/25/2024
CalCurCEAS_002,2024-08-26T06:00:00Z,45.403257,-125.75834,Columbia River,60.000333,0,0,28,-2577,18.698,,,,,8/26/2024,,7/28/2024,,6/27/2024,,5/24/2024,678.8418579,4/28/2024
CalCurCEAS_002,2024-08-26T07:00:00Z,45.402777,-125.764747,Columbia River,60.000417,0,0,39,-2578,18.698,,,,,8/26/2024,,7/28/2024,,6/27/2024,,5/24/2024,678.8418579,4/28/2024
CalCurCEAS_002,2024-08-26T08:00:00Z,45.403223,-125.77092,Columbia River,60.0005,0,0,46,-2573,18.698,,,,,8/26/2024,,7/28/2024,,6/27/2024,,5/24/2024,678.8418579,4/28/2024
CalCurCEAS_002,2024-08-26T09:00:00Z,45.403437,-125.77601,Columbia River,60.000375,0,0,11,-2573,18.703,,,,,8/26/2024,,7/28/2024,,6/27/2024,,5/24/2024,678.8418579,4/28/2024
CalCurCEAS_002,2024-08-26T10:00:00Z,45.404577,-125.781977,Columbia River,60.000417,0,0,59,-2574,18.703,,,,,8/26/2024,,7/28/2024,,6/27/2024,,5/24/2024,678.8418579,4/28/2024
CalCurCEAS_002,2024-08-26T11:00:00Z,45.405927,-125.789633,Columbia River,59.997833,0,0,1,-2573,18.673,,,,,8/26/2024,,7/28/2024,,6/27/2024,,5/24/2024,678.8418579,4/28/2024
CalCurCEAS_002,2024-08-26T12:00:00Z,45.40734,-125.79498,Columbia River,60.000292,0,0,4,-2573,18.67,,,,,8/26/2024,,7/29/2024,,6/28/2024,690.8847046,5/30/2024,681.480835,4/29/2024
CalCurCEAS_002,2024-08-26T13:00:00Z,45.40858,-125.798697,Columbia River,60.000417,0,0,55,-2569,18.642,,,,,8/26/2024,,7/29/2024,,6/28/2024,690.8847046,5/30/2024,681.480835,4/29/2024
CalCurCEAS_002,2024-08-26T14:00:00Z,45.41006,-125.803957,Columbia River,60.000417,0,0,28,-2568,18.642,,,,,8/26/2024,,7/29/2024,,6/28/2024,690.8847046,5/30/2024,681.480835,4/29/2024
CalCurCEAS_002,2024-08-26T15:00:00Z,45.41142,-125.809717,Columbia River,60.0005,0,0,24,-2566,18.639,,,,,8/26/2024,,7/24/2024,,6/25/2024,505.2048645,5/30/2024,,4/27/2024
CalCurCEAS_002,2024-08-26T16:00:00Z,45.412125,-125.81431,Columbia River,60.000417,0,0,25,-2565,18.639,,,,,8/26/2024,,7/24/2024,,6/25/2024,505.2048645,5/30/2024,,4/27/2024
CalCurCEAS_002,2024-08-26T17:00:00Z,45.413103,-125.8196,Columbia River,60.000292,0,0,24,-2553,18.636,,,,,8/26/2024,,7/24/2024,,6/25/2024,495.1053467,5/30/2024,,4/27/2024
CalCurCEAS_002,2024-08-26T18:00:00Z,45.41474,-125.825597,Columbia River,60.000417,0,0,22,-2548,18.636,,,,,8/26/2024,,7/24/2024,,6/25/2024,493.7407837,5/30/2024,,4/27/2024
CalCurCEAS_002,2024-08-26T19:00:00Z,45.415757,-125.83039,Columbia River,60.000333,0,0,4,-2544,18.636,,,,,8/26/2024,,7/24/2024,,6/25/2024,493.7407837,5/30/2024,,4/27/2024
CalCurCEAS_002,2024-08-26T20:00:00Z,45.418377,-125.834155,Columbia River,60.000333,0,0,2,-2538,18.636,,,,,8/26/2024,,7/24/2024,,6/25/2024,493.7407837,5/30/2024,,4/27/2024
CalCurCEAS_002,2024-08-26T21:00:00Z,45.421263,-125.83591,Columbia River,60.0005,0,0,6,-2528,18.636,,,,,8/26/2024,,7/24/2024,,6/25/2024,493.7407837,5/30/2024,,4/27/2024
CalCurCEAS_002,2024-08-26T22:00:00Z,45.42276,-125.838793,Columbia River,60.000417,0,0,2,-2524,18.636,,,,,8/26/2024,,7/24/2024,,6/25/2024,493.7407837,5/30/2024,,4/27/2024
CalCurCEAS_002,2024-08-26T23:00:00Z,45.4251,-125.84086,Columbia River,59.998,0,0,7,-2511,18.597,,,,,8/26/2024,,7/24/2024,,6/25/2024,,5/23/2024,,4/25/2024
CalCurCEAS_002,2024-08-27T00:00:00Z,45.427283,-125.84072,Columbia River,60.000333,0,0,9,-2511,18.484,,,,,8/27/2024,,7/26/2024,567.7214355,6/27/2024,,5/24/2024,,4/25/2024
CalCurCEAS_002,2024-08-27T01:00:00Z,45.427283,-125.84134,Columbia River,60.000458,0,0,15,-2511,18.485,,,,,8/27/2024,,7/26/2024,567.7214355,6/27/2024,,5/24/2024,,4/25/2024
CalCurCEAS_002,2024-08-27T02:00:00Z,45.426047,-125.84255,Columbia River,60.000417,0,0,9,-2519,18.399,,,,,8/27/2024,,7/26/2024,567.7214355,6/27/2024,,5/24/2024,,4/25/2024
CalCurCEAS_002,2024-08-27T03:00:00Z,45.424133,-125.846667,Columbia River,60.000542,0,0,7,-2558,18.405,,,,,8/27/2024,,7/26/2024,,6/28/2024,,5/24/2024,,4/29/2024
CalCurCEAS_002,2024-08-27T04:00:00Z,45.421967,-125.85297,Columbia River,60.000458,0,0,2,-2569,18.405,,,,,8/27/2024,,7/26/2024,,6/28/2024,,5/24/2024,,4/29/2024
CalCurCEAS_002,2024-08-27T05:00:00Z,45.418647,-125.86002,Columbia River,60.000458,0,0,3,-2584,18.422,,,,,8/27/2024,,7/26/2024,,6/28/2024,,5/24/2024,,4/29/2024
CalCurCEAS_002,2024-08-27T06:00:00Z,45.414983,-125.86826,Columbia River,60.000417,0,0,5,-2579,18.422,,,,,8/27/2024,,7/26/2024,,6/28/2024,739.5946045,5/30/2024,463.5671387,4/26/2024
CalCurCEAS_002,2024-08-27T07:00:00Z,45.4124,-125.87653,Columbia River,60.000375,0,0,2,-2560,18.422,,,,,8/27/2024,,7/26/2024,,6/28/2024,739.5946045,5/30/2024,463.5671387,4/26/2024
CalCurCEAS_002,2024-08-27T08:00:00Z,45.410763,-125.883913,Columbia River,60.000292,0,0,4,-2549,18.422,,,,,8/27/2024,,7/26/2024,,6/28/2024,739.5946045,5/30/2024,463.5671387,4/26/2024
CalCurCEAS_002,2024-08-27T09:00:00Z,45.40938,-125.89148,Columbia River,60.000458,0,0,3,-2535,18.441,,,,,8/27/2024,,7/26/2024,,6/28/2024,739.5946045,5/30/2024,463.5671387,4/26/2024
CalCurCEAS_002,2024-08-27T10:00:00Z,45.408737,-125.899027,Columbia River,60.000417,0,0,3,-2526,18.441,,,,,8/27/2024,,7/26/2024,,6/28/2024,739.5946045,5/30/2024,463.5671387,4/26/2024
CalCurCEAS_002,2024-08-27T11:00:00Z,45.40897,-125.90478,Columbia River,60.000458,0,0,0,-2529,18.441,,,,,8/27/2024,,7/26/2024,,6/28/2024,739.5946045,5/30/2024,463.5671387,4/26/2024
CalCurCEAS_004,2024-08-21T04:00:00Z,45.918477,-127.677193,Columbia River,58.000375,0,0,0,-2824,17.071,,,,,8/21/2024,,7/24/2024,,6/22/2024,,5/24/2024,34.53841019,4/23/2024
CalCurCEAS_004,2024-08-21T05:00:00Z,45.916533,-127.676587,Columbia River,60.000375,0,0,0,-2824,17.023,,,,,8/21/2024,,7/24/2024,,6/22/2024,,5/24/2024,34.53841019,4/23/2024
CalCurCEAS_004,2024-08-21T06:00:00Z,45.914253,-127.678057,Columbia River,60.0005,0,0,0,-2824,17.023,,,,,8/21/2024,,7/24/2024,,6/23/2024,,5/24/2024,,4/26/2024
CalCurCEAS_004,2024-08-21T07:00:00Z,45.912157,-127.6806,Columbia River,60.000542,0,0,0,-2828,16.983,,,,,8/21/2024,,7/24/2024,,6/23/2024,,5/24/2024,,4/26/2024
CalCurCEAS_004,2024-08-21T08:00:00Z,45.90982,-127.68393,Columbia River,60.000292,0,0,1,-2826,16.983,,,,,8/21/2024,,7/24/2024,,6/23/2024,,5/24/2024,,4/26/2024
CalCurCEAS_004,2024-08-21T09:00:00Z,45.906367,-127.687393,Columbia River,60.000458,0,0,0,-2828,17.043,,,,,8/21/2024,,7/24/2024,,6/23/2024,,5/24/2024,,4/26/2024
CalCurCEAS_004,2024-08-21T10:00:00Z,45.90205,-127.69065,Columbia River,60.000375,0,0,1,-2829,17.009,,,,,8/21/2024,,7/24/2024,,6/23/2024,,5/24/2024,,4/26/2024
CalCurCEAS_004,2024-08-21T11:00:00Z,45.89738,-127.695143,Columbia River,60.000333,0,0,0,-2830,17.009,,,,,8/21/2024,,7/24/2024,,6/23/2024,,5/24/2024,,4/26/2024
CalCurCEAS_004,2024-08-21T12:00:00Z,45.892787,-127.70077,Columbia River,60.0005,0,0,6,-2831,16.95,,,,,8/21/2024,,7/24/2024,,6/23/2024,,5/24/2024,,4/26/2024
CalCurCEAS_004,2024-08-21T13:00:00Z,45.8904,-127.70576,Columbia River,60.000417,0,0,12,-2830,16.925,,,,,8/21/2024,,7/24/2024,,6/23/2024,,5/24/2024,,4/26/2024
CalCurCEAS_004,2024-08-21T14:00:00Z,45.888763,-127.70875,Columbia River,60.000458,0,0,9,-2831,16.925,,,,,8/21/2024,,7/24/2024,,6/23/2024,,5/24/2024,,4/26/2024
CalCurCEAS_004,2024-08-21T15:00:00Z,45.88799,-127.71035,Columbia River,60.000292,0,0,6,-2831,16.907,,,,,8/21/2024,,7/24/2024,,6/23/2024,,5/24/2024,611.3823242,4/26/2024
CalCurCEAS_004,2024-08-21T16:00:00Z,45.887287,-127.711183,Columbia River,60.000583,0,0,1,-2835,16.907,,,,,8/21/2024,,7/24/2024,,6/23/2024,,5/24/2024,611.3823242,4/26/2024
CalCurCEAS_004,2024-08-21T17:00:00Z,45.886427,-127.711367,Columbia River,60.000458,0,0,11,-2835,17.918,,,,,8/21/2024,,7/24/2024,,6/23/2024,,5/22/2024,337.9311523,4/23/2024
CalCurCEAS_004,2024-08-21T18:00:00Z,45.885943,-127.711033,Columbia River,60.000292,0,0,12,-2835,17.918,,,,,8/21/2024,,7/24/2024,,6/23/2024,,5/22/2024,366.8237305,4/23/2024
CalCurCEAS_004,2024-08-21T19:00:00Z,45.88524,-127.710003,Columbia River,60.000458,0,0,5,-2835,17.936,,,,,8/21/2024,,7/24/2024,,6/23/2024,,5/22/2024,366.8237305,4/23/2024
CalCurCEAS_004,2024-08-21T20:00:00Z,45.882587,-127.709447,Columbia River,60.000333,0,0,4,-2836,17.971,,,,,8/21/2024,,7/24/2024,,6/23/2024,,5/22/2024,366.8237305,4/23/2024
CalCurCEAS_004,2024-08-21T21:00:00Z,45.879263,-127.71015,Columbia River,60.000417,0,0,3,-2836,17.971,,,,,8/21/2024,,7/25/2024,,6/26/2024,,5/24/2024,,4/27/2024
CalCurCEAS_004,2024-08-21T22:00:00Z,45.874673,-127.712467,Columbia River,60.000417,0,0,1,-2839,17.994,,,,,8/21/2024,,7/25/2024,,6/26/2024,,5/24/2024,,4/27/2024
CalCurCEAS_004,2024-08-21T23:00:00Z,45.869617,-127.71471,Columbia River,60.000333,0,0,1,-2836,17.994,,,,,8/21/2024,,7/25/2024,,6/26/2024,,5/24/2024,,4/27/2024
CalCurCEAS_004,2024-08-22T00:00:00Z,45.864697,-127.71684,Columbia River,60.000333,0,0,4,-2836,17.606,0.183226928,18.70184326,55,512.5533447,8/22/2024,,7/22/2024,,6/23/2024,,5/24/2024,773.1103516,4/28/2024
CalCurCEAS_004,2024-08-22T01:00:00Z,45.85873,-127.720277,Columbia River,60.000333,0,0,2,-2838,17.592,0.183226928,18.70184326,55,512.5533447,8/22/2024,,7/22/2024,,6/23/2024,,5/24/2024,773.1103516,4/28/2024
CalCurCEAS_004,2024-08-22T02:00:00Z,45.853803,-127.724407,Columbia River,60.000458,0,0,1,-2837,17.592,0.183226928,18.70184326,55,512.5533447,8/22/2024,,7/22/2024,,6/23/2024,,5/24/2024,773.1103516,4/28/2024
CalCurCEAS_004,2024-08-22T03:00:00Z,45.850207,-127.7283,Columbia River,60.000458,0,0,6,-2837,17.592,0.183226928,18.70184326,55,512.5533447,8/22/2024,,7/22/2024,,6/23/2024,,5/24/2024,773.1103516,4/28/2024
CalCurCEAS_004,2024-08-22T04:00:00Z,45.84771,-127.73213,Columbia River,59.98725,0,0,6,-2838,17.592,0.183226928,18.70184326,55,512.5533447,8/22/2024,,7/22/2024,,6/23/2024,,5/24/2024,773.1103516,4/28/2024
CalCurCEAS_004,2024-08-22T05:00:00Z,45.84599,-127.734913,Columbia River,60.000417,0,0,4,-2838,17.578,0.183226928,18.70184326,55,512.5533447,8/22/2024,,7/22/2024,,6/23/2024,,5/24/2024,773.1103516,4/28/2024
CalCurCEAS_004,2024-08-22T06:00:00Z,45.844603,-127.73638,Columbia River,60.000292,0,0,13,-2839,17.578,0.183226928,18.70184326,55,512.5533447,8/22/2024,,7/22/2024,,6/23/2024,,5/24/2024,782.882019,4/28/2024
CalCurCEAS_004,2024-08-22T07:00:00Z,45.843593,-127.73756,Columbia River,60.000625,0,0,3,-2838,17.582,0.183226928,18.70184326,55,512.5533447,8/22/2024,,7/22/2024,,6/23/2024,,5/24/2024,782.882019,4/28/2024
CalCurCEAS_004,2024-08-22T08:00:00Z,45.84248,-127.740897,Columbia River,60.000417,0,0,0,-2838,17.582,0.183226928,18.70184326,55,512.5533447,8/22/2024,,7/22/2024,,6/23/2024,,5/24/2024,,4/25/2024
CalCurCEAS_004,2024-08-23T01:00:00Z,45.804023,-127.77618,Columbia River,60.000417,0,0,0,-2866,17.986,0.139328122,19.6089859,47,479.3466797,8/23/2024,483.3860474,7/24/2024,,6/24/2024,,5/24/2024,,4/22/2024
CalCurCEAS_004,2024-08-23T02:00:00Z,45.80459,-127.778977,Columbia River,60.000292,0,0,0,-2862,17.984,0.139328122,19.6089859,47,479.3466797,8/23/2024,483.3860474,7/24/2024,,6/24/2024,,5/24/2024,7.199604034,4/23/2024
CalCurCEAS_004,2024-08-23T03:00:00Z,45.80423,-127.78019,Columbia River,60.000333,0,0,1,-2863,17.983,0.139328122,19.6089859,47,479.3466797,8/23/2024,482.9309692,7/24/2024,,6/24/2024,,5/24/2024,7.199604034,4/23/2024
CalCurCEAS_004,2024-08-23T04:00:00Z,45.803533,-127.780737,Columbia River,60.000458,0,0,2,-2867,17.979,0.139328122,19.6089859,47,479.3466797,8/23/2024,478.5299072,7/24/2024,,6/24/2024,,5/24/2024,,4/24/2024
CalCurCEAS_004,2024-08-23T05:00:00Z,45.803417,-127.779973,Columbia River,60.0005,0,0,0,-2867,17.979,0.139328122,19.6089859,47,479.3466797,8/23/2024,478.5299072,7/24/2024,,6/24/2024,,5/24/2024,,4/24/2024
CalCurCEAS_004,2024-08-23T06:00:00Z,45.80275,-127.778407,Columbia River,60.000375,0,0,4,-2866,17.971,0.139328122,19.6089859,47,479.3466797,8/23/2024,478.5299072,7/24/2024,,6/24/2024,,5/24/2024,,4/24/2024
CalCurCEAS_004,2024-08-23T07:00:00Z,45.80133,-127.77574,Columbia River,60.000417,0,0,1,-2866,17.971,0.139328122,19.6089859,47,479.3466797,8/23/2024,480.5415344,7/24/2024,,6/24/2024,,5/24/2024,,4/24/2024
CalCurCEAS_004,2024-08-23T08:00:00Z,45.798515,-127.77466,Columbia River,60.0005,0,0,4,-2872,17.961,0.139328122,19.6089859,47,479.3466797,8/23/2024,480.5415344,7/24/2024,,6/24/2024,,5/24/2024,,4/24/2024
CalCurCEAS_004,2024-08-23T09:00:00Z,45.79478,-127.776387,Columbia River,60.000542,0,0,1,-2878,17.961,0.139328122,19.6089859,47,479.3466797,8/23/2024,478.5299072,7/24/2024,,6/24/2024,,5/24/2024,,4/24/2024
CalCurCEAS_004,2024-08-23T10:00:00Z,45.791417,-127.780293,Columbia River,60.0005,0,0,4,-2872,17.957,0.142486244,20.46822739,48.79980469,495.0689087,8/23/2024,410.9382324,7/25/2024,520.9817505,6/27/2024,,5/30/2024,680.2172852,4/29/2024
CalCurCEAS_004,2024-08-23T11:00:00Z,45.787763,-127.785723,Columbia River,60.000375,0,2,11,-2866,17.957,0.142486244,20.46822739,48.79980469,495.0689087,8/23/2024,410.9382324,7/25/2024,520.9817505,6/27/2024,,5/24/2024,,4/26/2024
CalCurCEAS_004,2024-08-23T12:00:00Z,45.78493,-127.791747,Columbia River,60.000333,0,1,8,-2865,17.95,0.143587559,20.70833778,48.79980469,497.2119141,8/23/2024,410.9382324,7/25/2024,520.9817505,6/27/2024,,5/24/2024,795.6680908,4/26/2024
CalCurCEAS_004,2024-08-23T13:00:00Z,45.782637,-127.797093,Columbia River,60.000333,0,0,30,-2859,17.95,0.143587559,20.70833778,48.79980469,497.2119141,8/23/2024,395.4350891,7/25/2024,520.9817505,6/27/2024,,5/24/2024,795.6680908,4/26/2024
CalCurCEAS_004,2024-08-23T14:00:00Z,45.781853,-127.801837,Columbia River,59.983833,0,0,73,-2866,17.944,0.143587559,20.70833778,48.79980469,497.2119141,8/23/2024,395.4350891,7/25/2024,520.9817505,6/27/2024,,5/24/2024,795.6680908,4/26/2024
CalCurCEAS_004,2024-08-23T15:00:00Z,45.781613,-127.804647,Columbia River,60.000208,0,0,54,-2876,17.944,0.143587559,20.70833778,48.79980469,497.2119141,8/23/2024,395.4350891,7/25/2024,520.9817505,6/27/2024,,5/24/2024,795.6680908,4/26/2024
CalCurCEAS_004,2024-08-23T16:00:00Z,45.78037,-127.806493,Columbia River,60.000417,0,0,45,-2876,17.944,0.143587559,20.70833778,48.79980469,497.2119141,8/23/2024,395.4350891,7/25/2024,529.9558716,6/27/2024,,5/24/2024,795.6680908,4/26/2024
CalCurCEAS_004,2024-08-23T17:00:00Z,45.77815,-127.808293,Columbia River,60.000417,0,0,6,-2859,17.947,0.143587559,20.70833778,48.79980469,497.2119141,8/23/2024,395.4350891,7/25/2024,529.9558716,6/27/2024,,5/24/2024,795.6680908,4/26/2024
CalCurCEAS_004,2024-08-23T18:00:00Z,45.77695,-127.809993,Columbia River,60.000208,0,0,2,-2850,17.966,0.143587559,20.70833778,48.79980469,497.2119141,8/23/2024,395.4350891,7/25/2024,529.9558716,6/27/2024,,5/24/2024,795.6680908,4/26/2024
CalCurCEAS_004,2024-08-23T19:00:00Z,45.776773,-127.811833,Columbia River,60.000375,0,0,1,-2850,17.966,0.143587559,20.70833778,48.79980469,497.2119141,8/23/2024,401.5873108,7/25/2024,529.9558716,6/27/2024,,5/24/2024,795.6680908,4/26/2024
CalCurCEAS_004,2024-08-23T20:00:00Z,45.776843,-127.813357,Columbia River,60.000417,0,0,0,-2851,17.956,0.143587559,20.70833778,48.79980469,497.2119141,8/23/2024,401.5873108,7/25/2024,,6/28/2024,,5/24/2024,,4/28/2024
CalCurCEAS_004,2024-08-23T21:00:00Z,45.775753,-127.815853,Columbia River,60.000417,0,0,1,-2851,17.956,0.143587559,20.70833778,48.79980469,497.2119141,8/23/2024,401.5873108,7/25/2024,,6/28/2024,,5/24/2024,,4/28/2024
CalCurCEAS_004,2024-08-23T22:00:00Z,45.77463,-127.81805,Columbia River,60.000333,0,0,5,-2837,17.95,0.143587559,20.70833778,48.79980469,497.2119141,8/23/2024,401.5873108,7/25/2024,,6/28/2024,,5/24/2024,,4/28/2024
CalCurCEAS_004,2024-08-23T23:00:00Z,45.77272,-127.82049,Columbia River,60.000458,0,0,2,-2837,17.95,0.143587559,20.70833778,48.79980469,497.2119141,8/23/2024,401.5873108,7/25/2024,,6/28/2024,,5/24/2024,,4/29/2024
CalCurCEAS_004,2024-08-24T00:00:00Z,45.772027,-127.822287,Columbia River,60.00025,0,0,4,-2842,18.205,0.129385859,21.86865807,47.19970703,489.2229919,8/24/2024,549.4091187,7/22/2024,520.1343384,6/24/2024,,5/24/2024,,4/27/2024
CalCurCEAS_004,2024-08-24T01:00:00Z,45.769973,-127.82339,Columbia River,60.000583,0,0,4,-2843,18.215,0.129385859,21.86865807,47.19970703,489.2229919,8/24/2024,549.4091187,7/22/2024,520.1343384,6/24/2024,,5/24/2024,,4/27/2024
CalCurCEAS_004,2024-08-24T02:00:00Z,45.767607,-127.824313,Columbia River,60.000292,0,0,0,-2843,18.225,0.129385859,21.86865807,47.19970703,489.2229919,8/24/2024,549.4091187,7/22/2024,522.696106,6/24/2024,,5/24/2024,,4/27/2024
CalCurCEAS_004,2024-08-24T03:00:00Z,45.763613,-127.825573,Columbia River,60.000417,0,0,1,-2851,18.207,0.129385859,21.86865807,47.19970703,489.2229919,8/24/2024,549.4091187,7/22/2024,522.696106,6/24/2024,,5/24/2024,,4/27/2024
CalCurCEAS_004,2024-08-24T04:00:00Z,45.759405,-127.82814,Columbia River,60.000333,0,0,1,-2844,18.218,0.129385859,21.86865807,47.19970703,489.2229919,8/24/2024,549.4091187,7/22/2024,522.696106,6/24/2024,,5/24/2024,,4/27/2024
CalCurCEAS_004,2024-08-24T05:00:00Z,45.755237,-127.831297,Columbia River,60.000292,0,0,0,-2855,18.218,0.129385859,21.86865807,47.19970703,489.2229919,8/24/2024,549.4091187,7/22/2024,522.696106,6/24/2024,,5/24/2024,,4/27/2024
CalCurCEAS_004,2024-08-24T06:00:00Z,45.751793,-127.83475,Columbia River,60.000458,0,0,1,-2856,18.218,0.128571659,22.44818687,47.60009766,501.7828369,8/24/2024,549.4091187,7/22/2024,522.696106,6/24/2024,,5/24/2024,,4/27/2024
CalCurCEAS_004,2024-08-24T07:00:00Z,45.751173,-127.83793,Columbia River,60.000542,0,0,0,-2857,18.218,0.128571659,22.44818687,47.60009766,501.7828369,8/24/2024,549.4091187,7/22/2024,522.696106,6/24/2024,,5/24/2024,,4/27/2024
CalCurCEAS_004,2024-08-24T08:00:00Z,45.75128,-127.840107,Columbia River,60.0005,0,0,0,-2857,18.23,0.128571659,22.44818687,47.60009766,501.7828369,8/24/2024,551.401001,7/22/2024,522.696106,6/24/2024,,5/24/2024,,4/27/2024
CalCurCEAS_004,2024-08-24T09:00:00Z,45.75048,-127.842533,Columbia River,60.000542,0,0,2,-2857,18.23,0.128571659,22.44818687,47.60009766,501.7828369,8/24/2024,551.401001,7/22/2024,522.696106,6/24/2024,,5/24/2024,,4/27/2024
CalCurCEAS_004,2024-08-24T10:00:00Z,45.74917,-127.845753,Columbia River,60.000417,0,0,1,-2853,18.241,0.132537276,21.86865807,47.79980469,504.7828979,8/24/2024,551.401001,7/22/2024,522.696106,6/24/2024,,5/24/2024,,4/27/2024
CalCurCEAS_004,2024-08-24T11:00:00Z,45.747987,-127.849217,Columbia River,60.000458,0,0,7,-2853,18.251,0.132537276,21.86865807,47.79980469,504.7828979,8/24/2024,551.401001,7/22/2024,522.696106,6/24/2024,,5/24/2024,,4/22/2024
CalCurCEAS_004,2024-08-24T12:00:00Z,45.746793,-127.853043,Columbia River,60.000458,0,0,7,-2854,18.251,0.132537276,21.86865807,47.79980469,504.7828979,8/24/2024,551.401001,7/22/2024,522.696106,6/24/2024,,5/24/2024,,4/22/2024
CalCurCEAS_004,2024-08-24T13:00:00Z,45.746347,-127.854583,Columbia River,60.000417,0,0,2,-2855,18.26,0.132537276,21.86865807,47.79980469,504.7828979,8/24/2024,551.401001,7/22/2024,522.696106,6/24/2024,,5/24/2024,,4/22/2024
CalCurCEAS_004,2024-08-24T14:00:00Z,45.746007,-127.854623,Columbia River,60.000292,0,0,0,-2855,18.26,0.132537276,21.86865807,47.79980469,504.7828979,8/24/2024,551.401001,7/22/2024,522.696106,6/24/2024,,5/24/2024,,4/22/2024
CalCurCEAS_004,2024-08-24T15:00:00Z,45.743867,-127.85484,Columbia River,60.000458,0,0,0,-2858,18.268,0.132537276,21.86865807,47.79980469,504.7828979,8/24/2024,551.401001,7/22/2024,,6/25/2024,,5/24/2024,,4/27/2024
CalCurCEAS_004,2024-08-24T16:00:00Z,45.741967,-127.85561,Columbia River,60.000333,0,0,18,-2858,18.274,0.132537276,21.86865807,47.79980469,504.7828979,8/24/2024,545.6367188,7/22/2024,,6/25/2024,,5/24/2024,,4/27/2024
CalCurCEAS_004,2024-08-24T17:00:00Z,45.74032,-127.85597,Columbia River,60.000542,0,0,8,-2855,18.274,0.132537276,21.86865807,47.79980469,504.7828979,8/24/2024,545.6367188,7/22/2024,,6/25/2024,,5/24/2024,,4/27/2024
CalCurCEAS_004,2024-08-24T18:00:00Z,45.738037,-127.856093,Columbia River,60.000333,0,0,39,-2855,18.144,0.132537276,21.86865807,47.79980469,504.7828979,8/24/2024,514.4459839,7/23/2024,,6/22/2024,,5/24/2024,,4/26/2024
CalCurCEAS_004,2024-08-24T19:00:00Z,45.73475,-127.856337,Columbia River,60.000375,0,0,3,-2854,18.144,0.132537276,21.86865807,47.79980469,504.7828979,8/24/2024,514.4459839,7/23/2024,,6/22/2024,,5/24/2024,,4/26/2024
CalCurCEAS_004,2024-08-24T20:00:00Z,45.73132,-127.856773,Columbia River,60.000333,0,0,1,-2854,18.146,0.132537276,21.86865807,47.79980469,504.7828979,8/24/2024,514.4459839,7/23/2024,,6/22/2024,,5/24/2024,,4/26/2024
CalCurCEAS_004,2024-08-24T21:00:00Z,45.727613,-127.858397,Columbia River,60.0005,0,0,3,-2855,18.146,0.132537276,21.86865807,47.79980469,504.7828979,8/24/2024,514.4459839,7/23/2024,,6/22/2024,,5/24/2024,,4/26/2024
CalCurCEAS_004,2024-08-24T22:00:00Z,45.724183,-127.863477,Columbia River,60.000542,0,0,0,-2857,18.117,0.132537276,21.86865807,47.79980469,504.7828979,8/24/2024,514.4459839,7/23/2024,,6/22/2024,,5/24/2024,,4/26/2024
CalCurCEAS_004,2024-08-24T23:00:00Z,45.721863,-127.869563,Columbia River,60.000375,0,0,14,-2859,18.118,0.132537276,21.86865807,47.79980469,504.7828979,8/24/2024,514.4459839,7/23/2024,,6/22/2024,,5/24/2024,,4/26/2024
CalCurCEAS_004,2024-08-25T00:00:00Z,45.72135,-127.876013,Columbia River,60.000458,0,0,0,-2861,17.915,,,,,8/25/2024,,7/26/2024,567.7214355,6/27/2024,,5/24/2024,795.6680908,4/26/2024
CalCurCEAS_004,2024-08-25T01:00:00Z,45.722127,-127.881267,Columbia River,60.000417,0,0,7,-2863,17.874,,,,,8/25/2024,,7/26/2024,567.7214355,6/27/2024,,5/24/2024,,4/27/2024
CalCurCEAS_004,2024-08-25T02:00:00Z,45.72372,-127.883967,Columbia River,60.000458,0,0,0,-2864,18.36,,,,,8/25/2024,,7/26/2024,567.7214355,6/27/2024,,5/24/2024,,4/27/2024
CalCurCEAS_004,2024-08-25T03:00:00Z,45.723927,-127.886393,Columbia River,60.00025,0,0,1,-2864,18.337,,,,,8/25/2024,,7/26/2024,567.7214355,6/27/2024,,5/24/2024,,4/27/2024
CalCurCEAS_004,2024-08-25T04:00:00Z,45.72349,-127.88703,Columbia River,60.000458,0,0,19,-2864,18.337,,,,,8/25/2024,,7/26/2024,567.7214355,6/27/2024,,5/24/2024,,4/27/2024
CalCurCEAS_004,2024-08-25T05:00:00Z,45.722187,-127.88646,Columbia River,60.000333,0,0,2,-2864,18.337,,,,,8/25/2024,,7/26/2024,567.7214355,6/27/2024,,5/24/2024,,4/27/2024
CalCurCEAS_004,2024-08-25T06:00:00Z,45.720237,-127.885137,Columbia River,60.000375,0,0,0,-2864,18.337,,,,,8/25/2024,,7/26/2024,567.7214355,6/27/2024,,5/24/2024,,4/27/2024
CalCurCEAS_004,2024-08-25T07:00:00Z,45.71861,-127.883327,Columbia River,60.0005,0,0,7,-2862,18.337,,,,,8/25/2024,,7/26/2024,567.7214355,6/27/2024,,5/24/2024,,4/27/2024
CalCurCEAS_004,2024-08-25T08:00:00Z,45.715593,-127.882907,Columbia River,60.000292,0,0,0,-2862,18.337,,,,,8/25/2024,,7/26/2024,567.7214355,6/27/2024,,5/24/2024,,4/27/2024
CalCurCEAS_004,2024-08-25T09:00:00Z,45.710505,-127.883905,Columbia River,60.000542,0,0,0,-2864,18.337,,,,,8/25/2024,,7/26/2024,567.7214355,6/27/2024,,5/24/2024,,4/27/2024
CalCurCEAS_004,2024-08-25T10:00:00Z,45.706175,-127.88659,Columbia River,60.0005,0,0,0,-2864,18.36,,,,,8/25/2024,,7/26/2024,567.7214355,6/27/2024,,5/24/2024,,4/27/2024
CalCurCEAS_004,2024-08-25T11:00:00Z,45.702803,-127.88902,Columbia River,60.000375,0,0,0,-2867,18.325,,,,,8/25/2024,,7/26/2024,567.7214355,6/27/2024,,5/24/2024,,4/27/2024
CalCurCEAS_004,2024-08-25T12:00:00Z,45.700135,-127.89277,Columbia River,60.000417,0,0,2,-2869,18.325,,,,,8/25/2024,,7/27/2024,693.2998047,6/24/2024,,5/24/2024,427.3909912,4/23/2024
CalCurCEAS_004,2024-08-25T13:00:00Z,45.69937,-127.89705,Columbia River,60.000167,0,0,0,-2872,18.308,,,,,8/25/2024,,7/27/2024,693.2998047,6/24/2024,,5/24/2024,611.3823242,4/26/2024
CalCurCEAS_004,2024-08-25T14:00:00Z,45.69831,-127.902175,Columbia River,60.000375,0,0,0,-2874,18.295,,,,,8/25/2024,,7/27/2024,693.2998047,6/24/2024,,5/24/2024,611.3823242,4/26/2024
CalCurCEAS_004,2024-08-25T15:00:00Z,45.6976,-127.908037,Columbia River,60.0005,0,0,0,-2876,18.291,,,,,8/25/2024,,7/27/2024,693.2998047,6/24/2024,,5/24/2024,611.3823242,4/26/2024
CalCurCEAS_004,2024-08-25T16:00:00Z,45.697593,-127.912,Columbia River,60.000292,0,0,0,-2878,18.291,,,,,8/25/2024,,7/27/2024,693.2998047,6/24/2024,,5/24/2024,611.3823242,4/26/2024
CalCurCEAS_004,2024-08-25T17:00:00Z,45.69745,-127.913777,Columbia River,60.000375,0,0,0,-2880,18.291,,,,,8/25/2024,,7/27/2024,693.2998047,6/24/2024,,5/24/2024,611.3823242,4/26/2024
CalCurCEAS_004,2024-08-25T18:00:00Z,45.696727,-127.91393,Columbia River,60.0005,0,0,1,-2880,18.293,,,,,8/25/2024,,7/27/2024,693.2998047,6/24/2024,,5/24/2024,611.3823242,4/26/2024
CalCurCEAS_004,2024-08-25T19:00:00Z,45.696145,-127.91382,Columbia River,60.000292,0,0,0,-2880,18.293,,,,,8/25/2024,,7/27/2024,693.2998047,6/24/2024,,5/24/2024,611.3823242,4/26/2024
CalCurCEAS_004,2024-08-25T20:00:00Z,45.69527,-127.91385,Columbia River,60.000417,0,0,0,-2880,18.293,,,,,8/25/2024,,7/27/2024,693.2998047,6/24/2024,,5/24/2024,611.3823242,4/26/2024
CalCurCEAS_004,2024-08-25T21:00:00Z,45.69434,-127.91555,Columbia River,60.000417,0,0,0,-2880,18.293,,,,,8/25/2024,,7/27/2024,693.2998047,6/24/2024,,5/24/2024,611.3823242,4/26/2024
CalCurCEAS_004,2024-08-25T22:00:00Z,45.693173,-127.9183,Columbia River,60.000292,0,0,1,-2883,18.293,,,,,8/25/2024,,7/27/2024,693.2998047,6/24/2024,,5/24/2024,611.3823242,4/26/2024
CalCurCEAS_004,2024-08-25T23:00:00Z,45.691223,-127.920947,Columbia River,60.0005,0,0,0,-2881,18.301,,,,,8/25/2024,,7/27/2024,693.2998047,6/24/2024,,5/24/2024,611.3823242,4/26/2024
CalCurCEAS_004,2024-08-26T00:00:00Z,45.68983,-127.922723,Columbia River,60.000375,0,0,2,-2881,18.597,,,,,8/26/2024,,7/24/2024,,6/25/2024,,5/23/2024,,4/25/2024
CalCurCEAS_004,2024-08-26T01:00:00Z,45.68978,-127.924727,Columbia River,60.000375,0,0,1,-2881,18.597,,,,,8/26/2024,,7/24/2024,,6/26/2024,,5/24/2024,423.8364868,4/23/2024
CalCurCEAS_004,2024-08-26T02:00:00Z,45.690107,-127.926747,Columbia River,60.0005,0,0,10,-2879,18.79,,,,,8/26/2024,,7/24/2024,,6/26/2024,,5/24/2024,423.8364868,4/23/2024
CalCurCEAS_004,2024-08-26T03:00:00Z,45.688533,-127.928657,Columbia River,60.000417,0,0,4,-2879,18.79,,,,,8/26/2024,,7/24/2024,,6/26/2024,,5/24/2024,423.8364868,4/23/2024
CalCurCEAS_004,2024-08-26T04:00:00Z,45.686293,-127.930373,Columbia River,60.000292,0,0,3,-2880,18.792,,,,,8/26/2024,,7/24/2024,,6/26/2024,,5/24/2024,423.8364868,4/23/2024
CalCurCEAS_004,2024-08-26T05:00:00Z,45.68262,-127.930883,Columbia River,60.000375,0,0,17,-2881,18.792,,,,,8/26/2024,,7/24/2024,,6/26/2024,,5/24/2024,430.0869446,4/23/2024
CalCurCEAS_004,2024-08-26T06:00:00Z,45.67851,-127.93165,Columbia River,60.000375,0,0,17,-2881,18.792,,,,,8/26/2024,,7/24/2024,,6/26/2024,,5/24/2024,430.0869446,4/23/2024
CalCurCEAS_004,2024-08-26T07:00:00Z,45.674783,-127.933033,Columbia River,60.000458,0,0,10,-2881,18.767,,,,,8/26/2024,,7/24/2024,,6/26/2024,,5/24/2024,,4/24/2024
CalCurCEAS_004,2024-08-26T08:00:00Z,45.670937,-127.935323,Columbia River,60.000542,0,0,9,-2880,18.767,,,,,8/26/2024,,7/24/2024,,6/26/2024,,5/24/2024,,4/24/2024
CalCurCEAS_004,2024-08-26T09:00:00Z,45.66724,-127.940617,Columbia River,60.0005,0,0,4,-2879,18.743,,,,,8/26/2024,,7/24/2024,,6/26/2024,,5/24/2024,,4/24/2024
CalCurCEAS_004,2024-08-26T10:00:00Z,45.665463,-127.94756,Columbia River,60.000542,0,0,3,-2878,18.745,,,,,8/26/2024,,7/24/2024,,6/26/2024,,5/24/2024,,4/24/2024
CalCurCEAS_004,2024-08-26T11:00:00Z,45.666443,-127.95257,Columbia River,60.000375,0,0,4,-2877,18.745,,,,,8/26/2024,,7/24/2024,,6/26/2024,,5/24/2024,,4/24/2024
CalCurCEAS_004,2024-08-26T12:00:00Z,45.668187,-127.95348,Columbia River,60.000333,0,0,3,-2874,18.748,,,,,8/26/2024,,7/24/2024,,6/26/2024,,5/24/2024,,4/24/2024
CalCurCEAS_004,2024-08-26T13:00:00Z,45.670337,-127.954293,Columbia River,60.000667,0,1,6,-2874,18.748,,,,,8/26/2024,,7/24/2024,,6/26/2024,,5/24/2024,,4/27/2024
CalCurCEAS_004,2024-08-26T14:00:00Z,45.673043,-127.95499,Columbia River,60.000417,0,0,3,-2874,18.748,,,,,8/26/2024,,7/24/2024,,6/26/2024,,5/24/2024,,4/27/2024
CalCurCEAS_004,2024-08-26T15:00:00Z,45.674593,-127.953833,Columbia River,60.000333,0,0,1,-2874,18.748,,,,,8/26/2024,527.6569214,7/25/2024,,6/23/2024,,5/23/2024,,4/24/2024
CalCurCEAS_004,2024-08-26T16:00:00Z,45.675087,-127.95161,Columbia River,60.000333,0,0,6,-2873,18.748,,,,,8/26/2024,527.6569214,7/25/2024,,6/23/2024,,5/23/2024,,4/24/2024
CalCurCEAS_004,2024-08-26T17:00:00Z,45.674153,-127.948223,Columbia River,60.000292,0,0,3,-2875,18.748,,,,,8/26/2024,527.6569214,7/25/2024,,6/23/2024,84.74054718,5/23/2024,,4/24/2024
CalCurCEAS_004,2024-08-26T18:00:00Z,45.6709,-127.945067,Columbia River,59.981042,0,0,0,-2877,18.773,,,,,8/26/2024,527.6569214,7/25/2024,539.8364868,6/24/2024,,5/24/2024,,4/25/2024
CalCurCEAS_004,2024-08-26T19:00:00Z,45.666227,-127.944233,Columbia River,60.000333,0,0,1,-2878,18.748,,,,,8/26/2024,528.6188965,7/25/2024,539.8364868,6/24/2024,,5/24/2024,,4/25/2024
CalCurCEAS_004,2024-08-26T20:00:00Z,45.661227,-127.945307,Columbia River,60.000333,0,0,1,-2881,18.748,,,,,8/26/2024,528.644104,7/25/2024,539.8364868,6/24/2024,,5/24/2024,,4/25/2024
CalCurCEAS_004,2024-08-26T21:00:00Z,45.656383,-127.948257,Columbia River,60.000417,0,1,1,-2877,18.745,,,,,8/26/2024,528.644104,7/25/2024,539.8364868,6/24/2024,,5/24/2024,,4/25/2024
CalCurCEAS_004,2024-08-26T22:00:00Z,45.65293,-127.953073,Columbia River,60.0005,0,0,2,-2878,18.727,,,,,8/26/2024,528.644104,7/25/2024,539.8364868,6/24/2024,,5/24/2024,,4/25/2024
CalCurCEAS_004,2024-08-26T23:00:00Z,45.651283,-127.958093,Columbia River,60.0005,0,0,0,-2877,18.727,,,,,8/26/2024,528.644104,7/25/2024,539.8364868,6/24/2024,,5/24/2024,,4/25/2024
CalCurCEAS_004,2024-08-27T00:00:00Z,45.65168,-127.963573,Columbia River,60.000375,0,0,19,-2877,18.425,0.137809277,22.12309265,49.39990234,477.0745239,8/27/2024,,7/26/2024,,6/28/2024,724.1479492,5/30/2024,463.5671387,4/26/2024
CalCurCEAS_004,2024-08-27T01:00:00Z,45.652877,-127.967177,Columbia River,59.979583,0,0,1,-2877,18.425,0.137809277,22.12309265,49.39990234,477.0745239,8/27/2024,,7/26/2024,,6/28/2024,724.1479492,5/30/2024,463.5671387,4/26/2024
CalCurCEAS_004,2024-08-27T02:00:00Z,45.653603,-127.969557,Columbia River,60.000458,0,0,2,-2877,18.457,0.137809277,22.12309265,49.39990234,477.0745239,8/27/2024,,7/26/2024,,6/28/2024,724.1479492,5/30/2024,463.5671387,4/26/2024
CalCurCEAS_004,2024-08-27T03:00:00Z,45.652713,-127.97067,Columbia River,60.000417,0,0,7,-2877,18.469,0.137809277,22.12309265,49.39990234,477.0745239,8/27/2024,580.6398315,7/27/2024,,6/25/2024,,5/24/2024,,4/25/2024
CalCurCEAS_004,2024-08-27T04:00:00Z,45.649403,-127.971487,Columbia River,59.983708,0,0,2,-2877,18.469,0.137809277,22.12309265,49.39990234,477.0745239,8/27/2024,580.6398315,7/27/2024,,6/25/2024,,5/24/2024,,4/25/2024
CalCurCEAS_004,2024-08-27T05:00:00Z,45.64479,-127.97293,Columbia River,60.000417,0,0,0,-2878,18.525,0.137809277,22.12309265,49.39990234,477.0745239,8/27/2024,580.6398315,7/27/2024,,6/25/2024,,5/24/2024,,4/25/2024
CalCurCEAS_004,2024-08-27T06:00:00Z,45.640505,-127.9741,Columbia River,60.000542,0,0,0,-2879,18.498,0.137809277,22.12309265,49.39990234,477.0745239,8/27/2024,580.6398315,7/27/2024,,6/25/2024,,5/24/2024,,4/26/2024
CalCurCEAS_004,2024-08-27T07:00:00Z,45.635775,-127.975265,Columbia River,60.000375,0,0,1,-2878,18.498,0.137809277,22.12309265,49.39990234,477.0745239,8/27/2024,580.6398315,7/27/2024,,6/25/2024,,5/24/2024,,4/26/2024
CalCurCEAS_004,2024-08-27T08:00:00Z,45.628715,-127.977625,Columbia River,60.000375,0,0,0,-2881,18.498,0.137809277,22.12309265,49.39990234,477.0745239,8/27/2024,580.6398315,7/27/2024,,6/25/2024,,5/24/2024,,4/26/2024
CalCurCEAS_004,2024-08-27T09:00:00Z,45.62198,-127.98242,Columbia River,60.0005,0,0,0,-2880,18.482,0.137361318,21.12324524,48.39990234,471.1921692,8/27/2024,584.0431519,7/27/2024,,6/25/2024,,5/24/2024,,4/26/2024
CalCurCEAS_004,2024-08-27T10:00:00Z,45.616995,-127.98868,Columbia River,60.00025,0,0,1,-2881,18.482,0.137361318,21.12324524,48.39990234,471.1921692,8/27/2024,584.0431519,7/27/2024,,6/25/2024,,5/24/2024,,4/26/2024
CalCurCEAS_004,2024-08-27T11:00:00Z,45.614235,-127.99485,Columbia River,60.000417,0,0,1,-2881,18.482,0.137361318,21.12324524,48.39990234,471.1921692,8/27/2024,584.0431519,7/27/2024,,6/25/2024,,5/24/2024,,4/26/2024
CalCurCEAS_004,2024-08-27T12:00:00Z,45.614485,-128.00006,Columbia River,60.000417,0,0,8,-2882,18.482,0.139952242,21.12324524,48.39990234,471.1921387,8/27/2024,584.0431519,7/27/2024,,6/25/2024,,5/24/2024,,4/26/2024
CalCurCEAS_004,2024-08-27T13:00:00Z,45.61557,-128.004325,Columbia River,60.000333,0,0,6,-2883,18.482,0.139952242,21.12324524,48.39990234,471.1921387,8/27/2024,584.0431519,7/27/2024,,6/25/2024,,5/24/2024,,4/26/2024
CalCurCEAS_004,2024-08-27T14:00:00Z,45.61668,-128.00698,Columbia River,60.000375,0,0,4,-2883,18.482,0.139952242,21.12324524,48.39990234,471.1921387,8/27/2024,584.0431519,7/27/2024,,6/25/2024,,5/24/2024,,4/26/2024
CalCurCEAS_004,2024-08-27T15:00:00Z,45.61652,-128.00873,Columbia River,60.000333,0,0,0,-2883,18.498,0.139952242,21.12324524,48.39990234,471.1921387,8/27/2024,584.0431519,7/27/2024,,6/25/2024,,5/24/2024,,4/26/2024
CalCurCEAS_004,2024-08-27T16:00:00Z,45.615675,-128.00912,Columbia River,60.000375,0,0,0,-2883,18.498,0.139952242,21.12324524,48.39990234,471.1921387,8/27/2024,584.0431519,7/27/2024,,6/25/2024,,5/24/2024,,4/26/2024
CalCurCEAS_004,2024-08-27T17:00:00Z,45.61386,-128.0099,Columbia River,60.000417,0,0,0,-2883,18.498,0.139952242,21.12324524,48.39990234,471.1921387,8/27/2024,584.0431519,7/27/2024,,6/25/2024,,5/24/2024,,4/26/2024
CalCurCEAS_004,2024-08-27T18:00:00Z,45.61086,-128.010785,Columbia River,60.000333,0,0,0,-2883,18.498,0.139952242,21.12324524,48.39990234,471.1921387,8/27/2024,584.0431519,7/27/2024,,6/26/2024,,5/30/2024,,4/25/2024
CalCurCEAS_004,2024-08-27T19:00:00Z,45.606875,-128.010725,Columbia River,60.000167,0,0,1,-2883,18.498,0.139952242,21.12324524,48.39990234,471.1921387,8/27/2024,584.0431519,7/27/2024,,6/26/2024,,5/30/2024,,4/25/2024
CalCurCEAS_004,2024-08-27T20:00:00Z,45.60181,-128.01186,Columbia River,60.000375,0,0,0,-2884,18.518,0.139952242,21.12324524,48.39990234,471.1921387,8/27/2024,584.0431519,7/27/2024,,6/26/2024,,5/30/2024,,4/25/2024
CalCurCEAS_004,2024-08-27T21:00:00Z,45.597225,-128.014295,Columbia River,60.000542,0,0,0,-2884,18.518,0.139952242,21.12324524,48.39990234,471.1921387,8/27/2024,584.0431519,7/27/2024,,6/26/2024,,5/30/2024,441.0340881,4/26/2024
CalCurCEAS_004,2024-08-27T22:00:00Z,45.591915,-128.020095,Columbia River,60.000375,0,0,0,-2885,18.518,0.139952242,21.12324524,48.39990234,471.1921387,8/27/2024,584.0431519,7/27/2024,,6/26/2024,,5/30/2024,441.0340881,4/26/2024
CalCurCEAS_004,2024-08-27T23:00:00Z,45.5886,-128.026265,Columbia River,60.000417,0,0,0,-2887,18.527,0.139952242,21.12324524,48.39990234,471.1921387,8/27/2024,584.0431519,7/27/2024,,6/26/2024,,5/30/2024,441.0340881,4/26/2024
CalCurCEAS_004,2024-08-28T00:00:00Z,45.58735,-128.031875,Columbia River,60.0005,0,0,0,-2886,18.82,0.09942241,29.99939728,47.5,512.0548096,8/28/2024,,7/28/2024,,6/28/2024,690.8847046,5/30/2024,675.6119385,4/29/2024
CalCurCEAS_004,2024-08-28T01:00:00Z,45.58697,-128.038055,Columbia River,60.000417,0,0,0,-2880,18.833,0.09942241,29.99939728,47.5,512.0548096,8/28/2024,,7/28/2024,,6/28/2024,690.8847046,5/30/2024,675.6119385,4/29/2024
CalCurCEAS_004,2024-08-28T02:00:00Z,45.58734,-128.04407,Columbia River,58.000333,0,0,0,-2877,18.819,0.10147392,27.03890991,46.39990234,510.539856,8/28/2024,,7/28/2024,,6/28/2024,690.8847046,5/30/2024,681.480835,4/29/2024
CalCurCEAS_006,2024-08-23T00:00:00Z,44.81388,-128.041125,Oregon,10,0,0,0,-2894,17.95,0.143782377,21.81822586,51.39990234,508.1124573,8/23/2024,401.5873108,7/25/2024,,6/28/2024,,5/24/2024,,4/29/2024
CalCurCEAS_006,2024-08-23T01:00:00Z,44.81377,-128.04028,Oregon,60.0005,0,0,0,-2894,17.954,0.143782377,21.81822586,51.39990234,508.1124573,8/23/2024,401.5873108,7/25/2024,,6/28/2024,,5/24/2024,,4/29/2024
CalCurCEAS_006,2024-08-23T02:00:00Z,44.813987,-128.03857,Oregon,60.00025,0,0,0,-2894,17.94,0.143782377,21.81822586,51.39990234,508.1124573,8/23/2024,401.5873108,7/25/2024,,6/28/2024,,5/24/2024,,4/29/2024
CalCurCEAS_006,2024-08-23T03:00:00Z,44.813717,-128.03609,Oregon,60.00025,0,0,0,-2896,17.936,0.143782377,21.81822586,51.39990234,508.1124573,8/23/2024,401.5873108,7/25/2024,,6/28/2024,,5/24/2024,,4/29/2024
CalCurCEAS_006,2024-08-23T04:00:00Z,44.813577,-128.03351,Oregon,60.000208,0,0,1,-2896,17.936,0.143782377,21.81822586,51.39990234,508.1124573,8/23/2024,401.5873108,7/25/2024,,6/28/2024,,5/24/2024,,4/29/2024
CalCurCEAS_006,2024-08-23T05:00:00Z,44.81382,-128.03079,Oregon,60.000417,0,0,0,-2893,17.912,0.143782377,21.81822586,51.39990234,508.1124573,8/23/2024,401.5873108,7/25/2024,,6/28/2024,,5/24/2024,,4/29/2024
CalCurCEAS_006,2024-08-23T06:00:00Z,44.814207,-128.02823,Oregon,60.000542,0,0,0,-2887,17.912,0.143782377,21.81822586,51.39990234,508.1124573,8/23/2024,401.5873108,7/25/2024,,6/28/2024,,5/24/2024,,4/29/2024
CalCurCEAS_006,2024-08-23T07:00:00Z,44.81433,-128.025333,Oregon,60.000458,0,0,0,-2887,17.912,0.143782377,21.81822586,51.39990234,508.1124573,8/23/2024,401.5873108,7/25/2024,,6/28/2024,,5/24/2024,,4/29/2024
CalCurCEAS_006,2024-08-23T08:00:00Z,44.81432,-128.02214,Oregon,60.000375,0,0,0,-2886,17.912,0.143782377,21.81822586,51.39990234,508.1124573,8/23/2024,401.5873108,7/25/2024,474.5061035,6/22/2024,,5/24/2024,34.53841019,4/23/2024
CalCurCEAS_006,2024-08-23T09:00:00Z,44.8142,-128.01945,Oregon,60.000208,0,1,0,-2887,17.911,0.143782377,21.81822586,51.39990234,508.1124573,8/23/2024,401.5873108,7/25/2024,474.5061035,6/22/2024,,5/24/2024,34.53841019,4/23/2024
CalCurCEAS_006,2024-08-23T10:00:00Z,44.813387,-128.017457,Oregon,60.000458,0,0,0,-2887,17.911,0.143782377,21.81822586,51.39990234,508.1124573,8/23/2024,482.8912964,7/26/2024,,6/25/2024,,5/23/2024,,4/25/2024
CalCurCEAS_006,2024-08-23T11:00:00Z,44.81164,-128.016403,Oregon,60.000375,0,1,10,-2882,17.915,0.143782377,21.81822586,51.39990234,508.1124573,8/23/2024,482.8912964,7/26/2024,,6/25/2024,,5/23/2024,,4/25/2024
CalCurCEAS_006,2024-08-23T12:00:00Z,44.808347,-128.016477,Oregon,60.000458,0,0,2,-2882,17.909,0.143782377,21.81822586,51.39990234,508.1124573,8/23/2024,482.8913269,7/26/2024,,6/25/2024,,5/23/2024,,4/25/2024
CalCurCEAS_006,2024-08-23T13:00:00Z,44.80518,-128.01769,Oregon,60.000292,0,0,5,-2881,17.909,0.143782377,21.81822586,51.39990234,508.1124573,8/23/2024,482.8913269,7/26/2024,,6/25/2024,,5/23/2024,,4/26/2024
CalCurCEAS_006,2024-08-23T14:00:00Z,44.803323,-128.018507,Oregon,60.000333,0,0,0,-2879,17.902,0.143782377,21.81822586,51.39990234,508.1124573,8/23/2024,482.8913269,7/26/2024,,6/25/2024,,5/23/2024,,4/26/2024
CalCurCEAS_006,2024-08-23T15:00:00Z,44.801393,-128.018247,Oregon,60.000458,0,0,1,-2879,17.931,0.143782377,21.81822586,51.39990234,508.1124573,8/23/2024,482.8913269,7/26/2024,,6/25/2024,,5/23/2024,,4/26/2024
CalCurCEAS_006,2024-08-23T16:00:00Z,44.79922,-128.018057,Oregon,60.0005,0,2,1,-2876,17.944,0.143782377,21.81822586,51.39990234,508.1124573,8/23/2024,482.8913269,7/26/2024,,6/25/2024,,5/24/2024,7.199604034,4/23/2024
CalCurCEAS_006,2024-08-23T17:00:00Z,44.798363,-128.018373,Oregon,60.000333,0,0,0,-2876,17.944,0.143782377,21.81822586,51.39990234,508.1124573,8/23/2024,482.8913269,7/26/2024,,6/25/2024,,5/24/2024,7.199604034,4/23/2024
CalCurCEAS_006,2024-08-23T18:00:00Z,44.79858,-128.019483,Oregon,60.000333,0,0,0,-2876,17.878,0.143782377,21.81822586,51.39990234,508.1124573,8/23/2024,482.8913269,7/26/2024,,6/25/2024,,5/24/2024,7.199604034,4/23/2024
CalCurCEAS_006,2024-08-23T19:00:00Z,44.800213,-128.020627,Oregon,60.0005,0,0,0,-2879,17.878,0.143782377,21.81822586,51.39990234,508.1124573,8/23/2024,482.8913269,7/26/2024,,6/25/2024,,5/24/2024,7.199604034,4/23/2024
CalCurCEAS_006,2024-08-23T20:00:00Z,44.80337,-128.01918,Oregon,60.000417,0,0,0,-2879,17.858,0.143782377,21.81822586,51.39990234,508.1124573,8/23/2024,482.8913269,7/26/2024,,6/25/2024,,5/24/2024,,4/23/2024
CalCurCEAS_006,2024-08-23T21:00:00Z,44.805253,-128.015707,Oregon,60.000333,0,0,0,-2881,17.858,0.143782377,21.81822586,51.39990234,508.1124573,8/23/2024,482.8913269,7/26/2024,,6/25/2024,,5/24/2024,,4/23/2024
CalCurCEAS_006,2024-08-23T22:00:00Z,44.80618,-128.01229,Oregon,60.000292,0,0,0,-2880,17.833,0.143782377,21.81822586,51.39990234,508.1124573,8/23/2024,482.8913269,7/26/2024,,6/26/2024,,5/24/2024,678.8418579,4/28/2024
CalCurCEAS_006,2024-08-23T23:00:00Z,44.806053,-128.00945,Oregon,60.000375,0,0,0,-2880,17.828,0.143782377,21.81822586,51.39990234,508.1124573,8/23/2024,482.8913269,7/26/2024,,6/26/2024,,5/24/2024,678.8418579,4/28/2024
CalCurCEAS_006,2024-08-24T00:00:00Z,44.80504,-128.00728,Oregon,60.00025,0,0,0,-2879,18.121,0.133647934,20.50241661,46.79980469,493.4695435,8/24/2024,514.4459839,7/23/2024,,6/22/2024,,5/24/2024,,4/26/2024
CalCurCEAS_006,2024-08-24T01:00:00Z,44.802247,-128.004387,Oregon,60.000417,0,0,0,-2878,18.125,0.133647934,20.50241661,46.79980469,493.4695435,8/24/2024,514.4459839,7/23/2024,,6/22/2024,,5/24/2024,,4/26/2024
CalCurCEAS_006,2024-08-24T02:00:00Z,44.79904,-128.001963,Oregon,60.000458,0,0,1,-2877,18.133,0.133647934,20.50241661,46.79980469,493.4695435,8/24/2024,514.4459839,7/23/2024,,6/22/2024,,5/24/2024,,4/27/2024
CalCurCEAS_006,2024-08-24T03:00:00Z,44.795513,-128.000283,Oregon,60.000333,0,0,3,-2875,18.114,0.133647934,20.50241661,46.79980469,493.4695435,8/24/2024,,7/24/2024,,6/24/2024,,5/24/2024,,4/24/2024
CalCurCEAS_006,2024-08-24T04:00:00Z,44.792257,-127.998403,Oregon,60.0005,0,0,2,-2876,18.123,0.141008049,21.77639198,51.19970703,520.9951782,8/24/2024,,7/24/2024,,6/24/2024,,5/24/2024,,4/24/2024
CalCurCEAS_006,2024-08-24T05:00:00Z,44.789823,-127.997073,Oregon,60.0005,0,0,0,-2871,18.123,0.134365618,21.0166378,47.59985352,502.5896301,8/24/2024,,7/24/2024,621.6762695,6/24/2024,,5/24/2024,,4/24/2024
CalCurCEAS_006,2024-08-24T06:00:00Z,44.78808,-127.99723,Oregon,60.000417,0,0,0,-2871,18.123,0.134365618,21.0166378,47.59985352,502.5896301,8/24/2024,,7/24/2024,622.6715088,6/24/2024,,5/24/2024,,4/25/2024
CalCurCEAS_006,2024-08-24T07:00:00Z,44.787203,-127.998077,Oregon,60.000375,1,0,0,-2860,18.123,0.134365618,21.0166378,47.59985352,502.5896301,8/24/2024,,7/24/2024,622.6715088,6/24/2024,,5/24/2024,,4/25/2024
CalCurCEAS_006,2024-08-24T08:00:00Z,44.78832,-127.998327,Oregon,60.000458,0,0,3,-2871,18.113,0.134365618,21.0166378,47.59985352,502.5896301,8/24/2024,,7/24/2024,622.6715088,6/24/2024,,5/24/2024,,4/25/2024
CalCurCEAS_006,2024-08-24T09:00:00Z,44.78859,-127.99645,Oregon,60.000417,0,0,4,-2871,18.123,0.134365618,21.0166378,47.59985352,502.5896301,8/24/2024,,7/24/2024,,6/24/2024,,5/24/2024,,4/25/2024
CalCurCEAS_006,2024-08-24T10:00:00Z,44.7886,-127.9945,Oregon,60.000417,0,0,72,-2872,18.123,0.134365618,21.0166378,47.59985352,502.5896301,8/24/2024,,7/24/2024,,6/24/2024,,5/24/2024,,4/25/2024
CalCurCEAS_006,2024-08-24T11:00:00Z,44.788483,-127.993713,Oregon,60.000458,0,0,35,-2872,18.127,0.134365618,21.0166378,47.59985352,502.5896301,8/24/2024,,7/24/2024,,6/24/2024,,5/24/2024,,4/25/2024
CalCurCEAS_006,2024-08-24T12:00:00Z,44.789083,-127.991667,Oregon,60.000375,0,0,20,-2872,18.127,0.134365618,21.0166378,47.59985352,502.5896301,8/24/2024,,7/24/2024,,6/25/2024,493.7407837,5/30/2024,618.9441528,4/30/2024
CalCurCEAS_006,2024-08-24T13:00:00Z,44.78933,-127.988803,Oregon,60.000375,0,0,10,-2872,18.143,0.134365618,21.0166378,47.59985352,502.5896301,8/24/2024,,7/24/2024,,6/25/2024,493.7407837,5/30/2024,,4/25/2024
CalCurCEAS_006,2024-08-24T14:00:00Z,44.788227,-127.985647,Oregon,60.000375,0,0,0,-2873,18.158,0.134365618,21.0166378,47.59985352,502.5896301,8/24/2024,,7/24/2024,,6/25/2024,493.7407837,5/30/2024,,4/25/2024
CalCurCEAS_006,2024-08-24T15:00:00Z,44.787133,-127.98315,Oregon,60.000375,0,0,2,-2848,18.173,0.134365618,21.0166378,47.59985352,502.5896301,8/24/2024,,7/24/2024,,6/25/2024,493.7407837,5/30/2024,,4/25/2024
CalCurCEAS_006,2024-08-24T16:00:00Z,44.78646,-127.980913,Oregon,60.000292,0,0,0,-2848,18.173,0.134365618,21.0166378,47.59985352,502.5896301,8/24/2024,,7/24/2024,,6/25/2024,493.7407837,5/30/2024,,4/25/2024
CalCurCEAS_006,2024-08-24T17:00:00Z,44.786363,-127.977237,Oregon,60.000583,0,0,8,-2851,18.173,0.134365618,21.0166378,47.59985352,502.5896301,8/24/2024,,7/24/2024,,6/25/2024,493.7407837,5/30/2024,,4/25/2024
CalCurCEAS_006,2024-08-24T18:00:00Z,44.78583,-127.972163,Oregon,60.000292,0,0,2,-2856,17.989,0.134365618,21.0166378,47.59985352,502.5896301,8/24/2024,,7/24/2024,,6/25/2024,505.2048645,5/30/2024,,4/25/2024
CalCurCEAS_006,2024-08-24T19:00:00Z,44.78505,-127.967923,Oregon,60.000417,0,0,20,-2861,17.963,0.134365618,21.0166378,47.59985352,502.5896301,8/24/2024,,7/24/2024,,6/25/2024,505.2048645,5/30/2024,,4/25/2024
CalCurCEAS_006,2024-08-24T20:00:00Z,44.783733,-127.965863,Oregon,60.000458,0,0,1,-2865,17.894,0.134365618,21.0166378,47.59985352,502.5896301,8/24/2024,,7/24/2024,,6/25/2024,505.2048645,5/30/2024,,4/25/2024
CalCurCEAS_006,2024-08-24T21:00:00Z,44.78172,-127.964027,Oregon,60.000417,0,0,1,-2863,17.894,0.134365618,21.0166378,47.59985352,502.5896301,8/24/2024,,7/24/2024,,6/25/2024,505.2048645,5/30/2024,,4/25/2024
CalCurCEAS_006,2024-08-24T22:00:00Z,44.779293,-127.96331,Oregon,60.000292,0,0,11,-2863,17.916,0.134365618,21.0166378,47.59985352,502.5896301,8/24/2024,,7/24/2024,,6/25/2024,505.2048645,5/30/2024,,4/27/2024
CalCurCEAS_006,2024-08-24T23:00:00Z,44.777247,-127.964503,Oregon,60.000417,0,1,6,-2860,17.916,0.134365618,21.0166378,47.59985352,502.5896301,8/24/2024,,7/24/2024,,6/25/2024,505.2048645,5/30/2024,,4/27/2024
CalCurCEAS_006,2024-08-25T00:00:00Z,44.776527,-127.96654,Oregon,60.000333,0,1,2,-2860,18.298,0.145833075,17.98931503,48.19970703,510.8782959,8/25/2024,,7/27/2024,693.2998047,6/24/2024,,5/24/2024,611.3823242,4/26/2024
CalCurCEAS_006,2024-08-25T01:00:00Z,44.775803,-127.96802,Oregon,60.000458,0,0,2,-2857,18.298,0.145833075,17.98931503,48.19970703,510.8782959,8/25/2024,,7/27/2024,693.2998047,6/24/2024,,5/24/2024,,4/27/2024
CalCurCEAS_006,2024-08-25T02:00:00Z,44.774943,-127.967837,Oregon,60.000417,0,0,30,-2843,18.66,0.145833075,17.98931503,48.19970703,510.8782959,8/25/2024,,7/27/2024,693.2998047,6/24/2024,,5/24/2024,,4/27/2024
CalCurCEAS_006,2024-08-25T03:00:00Z,44.77513,-127.967093,Oregon,60.000375,0,0,11,-2857,18.66,0.145833075,17.98931503,48.19970703,510.8782959,8/25/2024,,7/27/2024,,6/25/2024,,5/24/2024,,4/23/2024
CalCurCEAS_006,2024-08-25T04:00:00Z,44.77529,-127.967027,Oregon,60.000458,0,0,94,-2857,18.66,0.145833075,17.98931503,48.19970703,510.8782959,8/25/2024,,7/27/2024,,6/25/2024,,5/24/2024,,4/23/2024
CalCurCEAS_006,2024-08-25T05:00:00Z,44.775857,-127.964463,Oregon,60.000375,0,0,71,-2860,18.666,0.145833075,17.98931503,48.19970703,510.8782959,8/25/2024,,7/27/2024,,6/25/2024,,5/24/2024,34.53841019,4/23/2024
CalCurCEAS_006,2024-08-25T06:00:00Z,44.776427,-127.960317,Oregon,60.000417,0,0,5,-2861,18.666,0.145833075,17.98931503,48.19970703,510.8782959,8/25/2024,,7/27/2024,,6/25/2024,,5/24/2024,,4/25/2024
CalCurCEAS_006,2024-08-25T07:00:00Z,44.777223,-127.954923,Oregon,60.000208,0,0,0,-2861,18.666,0.156033978,18.13319397,50.39990234,524.3565674,8/25/2024,,7/27/2024,,6/25/2024,,5/24/2024,,4/25/2024
CalCurCEAS_006,2024-08-25T08:00:00Z,44.77722,-127.949737,Oregon,60.000458,0,0,2,-2862,18.66,0.156033978,18.13319397,50.39990234,524.3565674,8/25/2024,,7/27/2024,,6/25/2024,,5/24/2024,,4/25/2024
CalCurCEAS_006,2024-08-25T09:00:00Z,44.7768,-127.946197,Oregon,60.000375,0,0,4,-2862,18.661,0.156033978,18.13319397,50.39990234,524.3565674,8/25/2024,,7/27/2024,,6/25/2024,,5/24/2024,,4/25/2024
CalCurCEAS_006,2024-08-25T10:00:00Z,44.775207,-127.94355,Oregon,60.000292,0,0,8,-2865,18.661,0.156033978,18.13319397,50.39990234,524.3565674,8/25/2024,,7/27/2024,,6/25/2024,,5/24/2024,,4/25/2024
CalCurCEAS_006,2024-08-25T11:00:00Z,44.77254,-127.941347,Oregon,60.000333,0,0,0,-2865,18.661,0.156033978,18.13319397,50.39990234,524.3565674,8/25/2024,,7/27/2024,,6/25/2024,,5/24/2024,,4/25/2024
CalCurCEAS_006,2024-08-25T12:00:00Z,44.771107,-127.939857,Oregon,60.000417,0,0,3,-2865,18.664,0.156033978,18.13319397,50.39990234,524.3565674,8/25/2024,,7/28/2024,,6/26/2024,797.5450439,5/30/2024,,4/28/2024
CalCurCEAS_006,2024-08-25T13:00:00Z,44.770197,-127.93891,Oregon,60.000417,0,0,6,-2862,18.664,0.156033978,18.13319397,50.39990234,524.3565674,8/25/2024,,7/28/2024,,6/26/2024,797.5450439,5/30/2024,,4/28/2024
CalCurCEAS_006,2024-08-25T14:00:00Z,44.768753,-127.93883,Oregon,59.983917,0,0,0,-2862,18.664,0.156033978,18.13319397,50.39990234,524.3565674,8/25/2024,,7/28/2024,,6/26/2024,797.5450439,5/30/2024,,4/28/2024
CalCurCEAS_006,2024-08-25T15:00:00Z,44.767427,-127.938827,Oregon,60.000417,0,0,23,-2862,18.664,0.156033978,18.13319397,50.39990234,524.3565674,8/25/2024,,7/28/2024,,6/27/2024,,5/24/2024,,4/25/2024
CalCurCEAS_006,2024-08-25T16:00:00Z,44.765273,-127.93967,Oregon,60.000417,0,0,9,-2860,18.664,0.156033978,18.13319397,50.39990234,524.3565674,8/25/2024,,7/28/2024,,6/27/2024,,5/24/2024,,4/25/2024
CalCurCEAS_006,2024-08-25T17:00:00Z,44.763887,-127.940337,Oregon,60.000458,0,0,0,-2860,18.627,0.156033978,18.13319397,50.39990234,524.3565674,8/25/2024,,7/28/2024,,6/27/2024,,5/24/2024,,4/25/2024
CalCurCEAS_006,2024-08-25T18:00:00Z,44.763933,-127.940773,Oregon,60.000458,0,0,4,-2860,18.626,0.156033978,18.13319397,50.39990234,524.3565674,8/25/2024,,7/28/2024,,6/27/2024,,5/24/2024,,4/25/2024
CalCurCEAS_006,2024-08-25T19:00:00Z,44.765063,-127.93942,Oregon,60.000292,0,0,3,-2860,18.626,0.156033978,18.13319397,50.39990234,524.3565674,8/25/2024,,7/28/2024,,6/27/2024,,5/24/2024,,4/25/2024
CalCurCEAS_006,2024-08-25T20:00:00Z,44.766097,-127.937777,Oregon,60.000375,0,4,2,-2860,18.626,0.156033978,18.13319397,50.39990234,524.3565674,8/25/2024,,7/28/2024,,6/27/2024,,5/24/2024,,4/25/2024
CalCurCEAS_006,2024-08-25T21:00:00Z,44.767957,-127.936493,Oregon,60.000375,0,0,0,-2863,18.584,0.156033978,18.13319397,50.39990234,524.3565674,8/25/2024,,7/28/2024,,6/27/2024,,5/24/2024,,4/25/2024
CalCurCEAS_006,2024-08-25T22:00:00Z,44.770037,-127.934793,Oregon,60.000417,0,0,0,-2863,18.584,0.156033978,18.13319397,50.39990234,524.3565674,8/25/2024,,7/28/2024,,6/27/2024,,5/24/2024,,4/25/2024
CalCurCEAS_006,2024-08-25T23:00:00Z,44.771663,-127.932827,Oregon,60.000375,0,0,0,-2868,18.584,0.156033978,18.13319397,50.39990234,524.3565674,8/25/2024,,7/28/2024,,6/27/2024,,5/24/2024,,4/25/2024
CalCurCEAS_006,2024-08-26T00:00:00Z,44.772087,-127.930987,Oregon,60.0005,0,0,0,-2868,18.71,,,,,8/26/2024,528.644104,7/25/2024,539.8364868,6/24/2024,,5/24/2024,,4/25/2024
CalCurCEAS_006,2024-08-26T01:00:00Z,44.772347,-127.929587,Oregon,60.000375,0,1,0,-2868,18.714,,,,,8/26/2024,528.644104,7/25/2024,539.8364868,6/24/2024,,5/24/2024,,4/25/2024
CalCurCEAS_006,2024-08-26T02:00:00Z,44.772347,-127.928383,Oregon,60.000458,0,0,0,-2869,18.473,,,,,8/26/2024,528.644104,7/25/2024,539.8364868,6/24/2024,,5/24/2024,,4/25/2024
CalCurCEAS_006,2024-08-26T03:00:00Z,44.77271,-127.926213,Oregon,60.000417,0,0,0,-2869,18.474,,,,,8/26/2024,528.644104,7/25/2024,536.7668457,6/24/2024,,5/24/2024,782.882019,4/28/2024
CalCurCEAS_006,2024-08-26T04:00:00Z,44.772987,-127.922883,Oregon,60.000292,0,0,0,-2869,18.474,,,,,8/26/2024,528.644104,7/25/2024,536.7668457,6/24/2024,,5/24/2024,782.882019,4/28/2024
CalCurCEAS_006,2024-08-26T05:00:00Z,44.771863,-127.918757,Oregon,60.000375,0,0,1,-2869,18.474,,,,,8/26/2024,528.644104,7/25/2024,535.8347168,6/24/2024,,5/24/2024,782.882019,4/28/2024
CalCurCEAS_006,2024-08-26T06:00:00Z,44.769567,-127.915197,Oregon,60.000458,0,0,0,-2866,18.474,,,,,8/26/2024,528.644104,7/25/2024,535.8347168,6/24/2024,,5/24/2024,782.882019,4/28/2024
CalCurCEAS_006,2024-08-26T07:00:00Z,44.767397,-127.91287,Oregon,60.000375,0,2,0,-2866,18.479,,,,,8/26/2024,528.644104,7/25/2024,535.8347168,6/24/2024,,5/24/2024,782.882019,4/28/2024
CalCurCEAS_006,2024-08-26T08:00:00Z,44.766013,-127.911537,Oregon,60.000292,0,0,0,-2867,18.479,,,,,8/26/2024,528.644104,7/25/2024,535.8347168,6/24/2024,,5/24/2024,782.882019,4/28/2024
CalCurCEAS_006,2024-08-26T09:00:00Z,44.765973,-127.91034,Oregon,60.000333,0,0,1,-2867,18.48,,,,,8/26/2024,528.644104,7/25/2024,535.8347168,6/24/2024,,5/24/2024,798.2776489,4/28/2024
CalCurCEAS_006,2024-08-26T10:00:00Z,44.765283,-127.909773,Oregon,60.000458,0,0,0,-2867,18.484,,,,,8/26/2024,528.644104,7/25/2024,535.8347168,6/24/2024,,5/24/2024,798.2776489,4/28/2024
CalCurCEAS_006,2024-08-26T11:00:00Z,44.763563,-127.909603,Oregon,60.00025,0,1,0,-2867,18.487,,,,,8/26/2024,528.644104,7/25/2024,535.8347168,6/24/2024,,5/24/2024,798.2776489,4/28/2024
CalCurCEAS_006,2024-08-26T12:00:00Z,44.762313,-127.909727,Oregon,60.000375,0,0,0,-2863,18.487,,,,,8/26/2024,528.644104,7/25/2024,535.8347168,6/24/2024,,5/24/2024,798.2776489,4/28/2024
CalCurCEAS_006,2024-08-26T13:00:00Z,44.761843,-127.90926,Oregon,60.00025,0,0,0,-2863,18.488,,,,,8/26/2024,528.644104,7/25/2024,535.8347168,6/24/2024,,5/24/2024,828.0162354,4/29/2024
CalCurCEAS_006,2024-08-26T14:00:00Z,44.76333,-127.908697,Oregon,60.000417,0,0,0,-2867,18.488,,,,,8/26/2024,528.644104,7/25/2024,535.8347168,6/24/2024,,5/24/2024,828.0162354,4/29/2024
CalCurCEAS_006,2024-08-26T15:00:00Z,44.765377,-127.908387,Oregon,60.000333,0,0,6,-2867,18.487,,,,,8/26/2024,,7/26/2024,567.7214355,6/27/2024,,5/24/2024,,4/27/2024
CalCurCEAS_006,2024-08-26T16:00:00Z,44.76752,-127.906133,Oregon,60.000417,0,0,5,-2867,18.488,,,,,8/26/2024,,7/26/2024,567.7214355,6/27/2024,,5/24/2024,,4/27/2024
CalCurCEAS_006,2024-08-26T17:00:00Z,44.769383,-127.902313,Oregon,60.000375,0,0,3,-2868,18.488,,,,,8/26/2024,,7/26/2024,567.7214355,6/27/2024,,5/24/2024,,4/27/2024
CalCurCEAS_006,2024-08-26T18:00:00Z,44.770803,-127.897357,Oregon,60.000333,0,0,0,-2869,18.488,,,,,8/26/2024,,7/26/2024,567.7214355,6/27/2024,,5/24/2024,,4/24/2024
CalCurCEAS_006,2024-08-26T19:00:00Z,44.772278,-127.89155,Oregon,60.0005,0,0,0,-2874,18.488,,,,,8/26/2024,,7/26/2024,567.7214355,6/27/2024,,5/24/2024,,4/24/2024
CalCurCEAS_006,2024-08-26T20:00:00Z,44.774457,-127.884673,Oregon,60.000417,0,0,28,-2874,18.488,,,,,8/26/2024,,7/26/2024,567.7214355,6/27/2024,,5/24/2024,,4/24/2024
CalCurCEAS_006,2024-08-26T21:00:00Z,44.775343,-127.87839,Oregon,60.000333,0,0,44,-2877,18.488,,,,,8/26/2024,,7/26/2024,567.7214355,6/27/2024,,5/24/2024,,4/25/2024
CalCurCEAS_006,2024-08-26T22:00:00Z,44.77482,-127.873355,Oregon,60.000333,0,0,6,-2880,18.487,,,,,8/26/2024,,7/26/2024,567.7214355,6/27/2024,,5/24/2024,,4/25/2024
CalCurCEAS_006,2024-08-26T23:00:00Z,44.772672,-127.868363,Oregon,60.000333,0,0,10,-2882,18.487,,,,,8/26/2024,,7/26/2024,567.7214355,6/27/2024,,5/24/2024,,4/25/2024
CalCurCEAS_006,2024-08-27T00:00:00Z,44.769153,-127.86504,Oregon,60.000375,0,0,0,-2882,18.527,,,,,8/27/2024,584.0431519,7/27/2024,,6/26/2024,,5/30/2024,441.0340881,4/26/2024
CalCurCEAS_006,2024-08-27T01:00:00Z,44.76623,-127.864065,Oregon,60.000375,0,0,0,-2881,18.538,,,,,8/27/2024,594.1577148,7/27/2024,,6/26/2024,772.3949585,5/30/2024,468.700592,4/26/2024
CalCurCEAS_006,2024-08-27T02:00:00Z,44.764883,-127.863227,Oregon,60.000417,0,0,1,-2881,18.553,,,,,8/27/2024,594.1577148,7/27/2024,,6/26/2024,772.3949585,5/30/2024,463.5671387,4/26/2024
CalCurCEAS_006,2024-08-27T03:00:00Z,44.763258,-127.863322,Oregon,60.000542,0,0,1,-2881,18.553,,,,,8/27/2024,,7/28/2024,,6/27/2024,,5/24/2024,678.8418579,4/28/2024
CalCurCEAS_006,2024-08-27T04:00:00Z,44.76144,-127.863265,Oregon,60.0005,0,0,0,-2881,18.553,,,,,8/27/2024,,7/28/2024,,6/27/2024,,5/24/2024,,4/28/2024
CalCurCEAS_006,2024-08-27T05:00:00Z,44.76125,-127.861137,Oregon,60.000292,0,1,0,-2885,18.561,,,,,8/27/2024,,7/28/2024,,6/27/2024,,5/24/2024,,4/28/2024
CalCurCEAS_006,2024-08-27T06:00:00Z,44.759397,-127.857483,Oregon,60.000417,0,0,1,-2889,18.561,,,,,8/27/2024,,7/28/2024,,6/28/2024,724.1479492,5/30/2024,,4/27/2024
CalCurCEAS_006,2024-08-27T07:00:00Z,44.75661,-127.85547,Oregon,60.000333,0,0,0,-2887,18.567,,,,,8/27/2024,,7/28/2024,,6/28/2024,690.8847046,5/30/2024,,4/27/2024
CalCurCEAS_006,2024-08-27T08:00:00Z,44.753963,-127.85468,Oregon,60.000333,0,0,0,-2885,18.561,,,,,8/27/2024,,7/28/2024,,6/28/2024,690.8847046,5/30/2024,,4/27/2024
CalCurCEAS_006,2024-08-27T09:00:00Z,44.75248,-127.853773,Oregon,60.000417,0,0,0,-2889,18.561,,,,,8/27/2024,,7/28/2024,,6/28/2024,690.8847046,5/30/2024,,4/28/2024
CalCurCEAS_006,2024-08-27T10:00:00Z,44.75161,-127.853183,Oregon,60.000417,0,0,0,-2889,18.577,,,,,8/27/2024,,7/28/2024,,6/28/2024,690.8847046,5/30/2024,,4/28/2024
CalCurCEAS_006,2024-08-27T11:00:00Z,44.750503,-127.85391,Oregon,60.000417,0,0,0,-2889,18.577,,,,,8/27/2024,,7/28/2024,,6/28/2024,690.8847046,5/30/2024,,4/28/2024
CalCurCEAS_006,2024-08-27T12:00:00Z,44.749303,-127.854853,Oregon,60.000417,0,0,0,-2884,18.589,,,,,8/27/2024,,7/28/2024,,6/28/2024,690.8847046,5/30/2024,681.480835,4/29/2024
CalCurCEAS_006,2024-08-27T13:00:00Z,44.749727,-127.8553,Oregon,60.000333,0,0,0,-2884,18.589,,,,,8/27/2024,,7/28/2024,,6/28/2024,690.8847046,5/30/2024,681.480835,4/29/2024
CalCurCEAS_006,2024-08-27T14:00:00Z,44.751267,-127.85396,Oregon,60.000292,0,0,0,-2889,18.589,,,,,8/27/2024,,7/28/2024,,6/28/2024,690.8847046,5/30/2024,681.480835,4/29/2024
CalCurCEAS_006,2024-08-27T15:00:00Z,44.752403,-127.85144,Oregon,60.000417,0,0,0,-2889,18.602,,,,,8/27/2024,,7/28/2024,,6/28/2024,690.8847046,5/30/2024,681.480835,4/29/2024
CalCurCEAS_006,2024-08-27T16:00:00Z,44.753017,-127.849433,Oregon,60.000375,0,1,0,-2892,18.623,,,,,8/27/2024,,7/28/2024,,6/28/2024,690.8847046,5/30/2024,681.480835,4/29/2024
CalCurCEAS_006,2024-08-27T17:00:00Z,44.753647,-127.84711,Oregon,60.000417,0,0,0,-2892,18.623,,,,,8/27/2024,,7/28/2024,,6/28/2024,690.8847046,5/30/2024,681.480835,4/29/2024
CalCurCEAS_006,2024-08-27T18:00:00Z,44.75375,-127.842663,Oregon,60.000208,0,0,1,-2894,18.623,,,,,8/27/2024,,7/28/2024,,6/28/2024,690.8847046,5/30/2024,681.480835,4/29/2024
CalCurCEAS_006,2024-08-27T19:00:00Z,44.753517,-127.837467,Oregon,60.000333,0,0,0,-2895,18.623,,,,,8/27/2024,,7/28/2024,,6/28/2024,690.8847046,5/30/2024,681.480835,4/29/2024
CalCurCEAS_006,2024-08-27T20:00:00Z,44.752853,-127.833753,Oregon,60.000458,0,0,0,-2895,18.623,,,,,8/27/2024,,7/28/2024,,6/28/2024,690.8847046,5/30/2024,681.480835,4/29/2024
CalCurCEAS_006,2024-08-27T21:00:00Z,44.75162,-127.830155,Oregon,60.000417,0,0,0,-2894,18.623,,,,,8/27/2024,,7/28/2024,,6/28/2024,684.3297119,5/30/2024,681.480835,4/29/2024
CalCurCEAS_006,2024-08-27T22:00:00Z,44.7502,-127.828423,Oregon,60.0005,0,0,0,-2892,18.647,,,,,8/27/2024,,7/28/2024,,6/28/2024,684.3297119,5/30/2024,681.480835,4/29/2024
CalCurCEAS_006,2024-08-27T23:00:00Z,44.74871,-127.82846,Oregon,60.000542,0,0,0,-2895,18.647,,,,,8/27/2024,,7/28/2024,,6/28/2024,690.8847046,5/30/2024,681.480835,4/29/2024
CalCurCEAS_006,2024-08-28T00:00:00Z,44.74632,-127.830393,Oregon,60.000458,0,0,0,-2894,18.845,,,,,8/28/2024,,7/29/2024,,6/29/2024,692.9509888,5/30/2024,596.1950684,4/30/2024
CalCurCEAS_006,2024-08-28T01:00:00Z,44.744317,-127.832153,Oregon,59.9785,0,0,0,-2896,18.845,,,,,8/28/2024,,7/29/2024,,6/29/2024,692.9509888,5/30/2024,596.1950684,4/30/2024
CalCurCEAS_006,2024-08-28T02:00:00Z,44.74359,-127.83428,Oregon,60.0005,0,0,0,-2897,18.916,,,,,8/28/2024,,7/29/2024,,6/29/2024,684.3297119,5/30/2024,596.1950684,4/30/2024
CalCurCEAS_006,2024-08-28T03:00:00Z,44.744383,-127.837167,Oregon,60.000417,0,0,0,-2897,18.932,,,,,8/28/2024,,7/29/2024,,6/29/2024,684.3297119,5/30/2024,596.1950684,4/30/2024
CalCurCEAS_006,2024-08-28T04:00:00Z,44.74645,-127.840383,Oregon,60.000458,0,0,0,-2895,18.975,,,,,8/28/2024,,7/29/2024,,6/29/2024,684.3297119,5/30/2024,596.1950684,4/30/2024
CalCurCEAS_006,2024-08-28T05:00:00Z,44.748173,-127.839713,Oregon,60.000375,0,1,0,-2895,18.975,,,,,8/28/2024,,7/29/2024,,6/29/2024,684.3297119,5/30/2024,596.1950684,4/30/2024
CalCurCEAS_006,2024-08-28T06:00:00Z,44.748653,-127.83739,Oregon,60.000417,0,0,0,-2894,18.975,,,,,8/28/2024,,7/29/2024,,6/29/2024,684.3297119,5/30/2024,596.1950684,4/30/2024
CalCurCEAS_006,2024-08-28T07:00:00Z,44.748533,-127.834523,Oregon,60.000375,0,0,0,-2894,18.975,,,,,8/28/2024,,7/29/2024,,6/29/2024,684.3297119,5/30/2024,596.1950684,4/30/2024
CalCurCEAS_006,2024-08-28T08:00:00Z,44.747767,-127.83096,Oregon,60.000542,0,0,0,-2894,18.975,,,,,8/28/2024,,7/29/2024,,6/29/2024,692.9509888,5/30/2024,596.1950684,4/30/2024
CalCurCEAS_006,2024-08-28T09:00:00Z,44.74588,-127.82705,Oregon,60.000625,0,0,0,-2895,18.975,,,,,8/28/2024,,7/29/2024,,6/29/2024,692.9509888,5/30/2024,596.1950684,4/30/2024
CalCurCEAS_006,2024-08-28T10:00:00Z,44.74415,-127.824187,Oregon,60.0005,0,0,1,-2893,19.035,,,,,8/28/2024,,7/29/2024,,6/29/2024,692.9509888,5/30/2024,596.1950684,4/30/2024
CalCurCEAS_006,2024-08-28T11:00:00Z,44.7425,-127.822153,Oregon,60.000458,0,0,0,-2893,19.035,,,,,8/28/2024,,7/29/2024,,6/29/2024,692.9509888,5/30/2024,596.1950684,4/30/2024
CalCurCEAS_006,2024-08-28T12:00:00Z,44.738917,-127.82232,Oregon,60.000417,0,0,0,-2896,19.035,,,,,8/28/2024,,7/29/2024,,6/29/2024,692.9509888,5/30/2024,596.1950684,4/30/2024
CalCurCEAS_006,2024-08-28T13:00:00Z,44.734767,-127.824067,Oregon,60.0005,0,0,0,-2896,19.035,,,,,8/28/2024,,7/29/2024,,6/29/2024,692.9509888,5/30/2024,596.1950684,4/30/2024
CalCurCEAS_006,2024-08-28T14:00:00Z,44.732093,-127.825473,Oregon,60.000292,0,0,1,-2899,19.035,,,,,8/28/2024,,7/29/2024,,6/29/2024,692.9509888,5/30/2024,596.1950684,4/30/2024
CalCurCEAS_006,2024-08-28T15:00:00Z,44.73068,-127.827083,Oregon,60.000458,0,0,1,-2899,19.017,,,,,8/28/2024,,7/29/2024,,6/29/2024,692.9509888,5/30/2024,596.1950684,4/30/2024
CalCurCEAS_006,2024-08-28T16:00:00Z,44.730567,-127.82953,Oregon,60.000625,0,0,0,-2900,19.035,,,,,8/28/2024,,7/29/2024,,6/29/2024,692.9509888,5/30/2024,596.1950684,4/30/2024
CalCurCEAS_006,2024-08-28T17:00:00Z,44.730553,-127.831377,Oregon,60.000292,0,0,0,-2900,19.035,,,,,8/28/2024,,7/29/2024,,6/29/2024,692.9509888,5/30/2024,596.1950684,4/30/2024
CalCurCEAS_006,2024-08-28T18:00:00Z,44.73096,-127.831707,Oregon,60.000292,0,0,0,-2900,19.035,,,,,8/28/2024,,7/29/2024,,6/29/2024,692.9509888,5/30/2024,596.1950684,4/30/2024
CalCurCEAS_006,2024-08-28T19:00:00Z,44.731295,-127.830865,Oregon,60.000417,0,0,0,-2900,19.035,,,,,8/28/2024,,7/29/2024,,6/29/2024,692.9509888,5/30/2024,596.1950684,4/30/2024
CalCurCEAS_006,2024-08-28T20:00:00Z,44.73063,-127.83017,Oregon,60.000375,0,0,2,-2900,19.051,,,,,8/28/2024,,7/29/2024,,6/29/2024,692.9509888,5/30/2024,596.1950684,4/30/2024
CalCurCEAS_006,2024-08-28T21:00:00Z,44.72916,-127.830323,Oregon,60.000375,0,0,1,-2903,19.051,,,,,8/28/2024,,7/29/2024,,6/29/2024,692.9509888,5/30/2024,596.1950684,4/30/2024
CalCurCEAS_006,2024-08-28T22:00:00Z,44.72801,-127.83125,Oregon,60.000292,0,0,0,-2903,19.065,,,,,8/28/2024,,7/29/2024,,6/29/2024,692.9509888,5/30/2024,596.1950684,4/30/2024
CalCurCEAS_006,2024-08-28T23:00:00Z,44.727723,-127.832527,Oregon,60.000375,0,0,0,-2903,19.065,,,,,8/28/2024,,7/29/2024,,6/29/2024,692.9509888,5/30/2024,596.1950684,4/30/2024
CalCurCEAS_006,2024-08-29T00:00:00Z,44.726767,-127.833637,Oregon,60.000458,0,0,0,-2902,18.777,0.162283853,22.05448341,53.19970703,496.6281433,8/29/2024,,7/30/2024,,6/30/2024,,5/31/2024,,5/1/2024
CalCurCEAS_006,2024-08-29T01:00:00Z,44.725517,-127.835217,Oregon,60.000375,0,0,0,-2902,18.777,0.162283853,22.05448341,53.19970703,496.6281433,8/29/2024,,7/30/2024,,6/30/2024,,5/31/2024,,5/1/2024
CalCurCEAS_006,2024-08-29T02:00:00Z,44.724793,-127.838053,Oregon,60.000417,0,0,0,-2901,18.558,0.162283853,22.05448341,53.19970703,496.6281433,8/29/2024,,7/30/2024,,6/30/2024,,5/31/2024,,5/1/2024
CalCurCEAS_006,2024-08-29T03:00:00Z,44.726067,-127.839283,Oregon,60.000292,0,0,2,-2898,18.551,0.162283853,22.05448341,53.19970703,496.6281433,8/29/2024,,7/30/2024,,6/30/2024,,5/31/2024,,5/1/2024
CalCurCEAS_006,2024-08-29T04:00:00Z,44.726627,-127.83962,Oregon,60.00025,0,0,1,-2898,18.561,0.162283853,22.05448341,53.19970703,496.6281433,8/29/2024,,7/30/2024,,6/30/2024,,5/31/2024,,5/1/2024
CalCurCEAS_006,2024-08-29T05:00:00Z,44.72607,-127.839523,Oregon,60.0005,0,0,1,-2898,18.551,0.162283853,22.05448341,53.19970703,496.6281433,8/29/2024,,7/30/2024,,6/30/2024,,5/31/2024,,5/1/2024
CalCurCEAS_006,2024-08-29T06:00:00Z,44.72472,-127.838877,Oregon,60.0005,0,0,0,-2901,18.551,0.162283853,22.05448341,53.19970703,496.6281433,8/29/2024,,7/30/2024,,6/30/2024,,5/31/2024,,5/1/2024
CalCurCEAS_006,2024-08-29T07:00:00Z,44.721737,-127.836953,Oregon,59.983708,0,0,0,-2904,18.551,0.162283853,22.05448341,53.19970703,496.6281433,8/29/2024,,7/30/2024,,6/30/2024,,5/31/2024,,5/1/2024
CalCurCEAS_006,2024-08-29T08:00:00Z,44.718017,-127.835423,Oregon,60.0005,0,0,0,-2906,18.561,0.162283853,22.05448341,53.19970703,496.6281433,8/29/2024,,7/30/2024,,6/30/2024,,5/31/2024,,5/1/2024
CalCurCEAS_006,2024-08-29T09:00:00Z,44.714017,-127.8369,Oregon,60.000417,0,0,0,-2903,18.561,0.162283853,22.05448341,53.19970703,496.6281433,8/29/2024,,7/30/2024,,6/30/2024,,5/31/2024,,5/1/2024
CalCurCEAS_006,2024-08-29T10:00:00Z,44.71057,-127.84088,Oregon,60.000375,0,0,1,-2895,18.561,0.162283853,22.05448341,53.19970703,496.6281433,8/29/2024,,7/30/2024,,6/30/2024,,5/31/2024,,5/1/2024
CalCurCEAS_006,2024-08-29T11:00:00Z,44.707763,-127.84444,Oregon,60.000458,0,0,0,-2855,18.567,0.162283853,22.21141243,53.19970703,492.0427551,8/29/2024,,7/30/2024,,6/30/2024,,5/31/2024,,5/1/2024
CalCurCEAS_006,2024-08-29T12:00:00Z,44.70549,-127.84871,Oregon,60.000333,0,0,1,-2874,18.567,0.162283853,22.21141243,53.19970703,492.0427551,8/29/2024,,7/30/2024,,6/30/2024,,5/31/2024,,5/1/2024
CalCurCEAS_006,2024-08-29T13:00:00Z,44.70369,-127.853787,Oregon,60.000292,0,0,1,-2851,18.567,0.162283853,22.21141243,53.19970703,492.0427551,8/29/2024,,7/30/2024,,6/30/2024,,5/31/2024,,5/1/2024
CalCurCEAS_006,2024-08-29T14:00:00Z,44.703603,-127.859657,Oregon,60.000417,0,0,1,-2879,18.564,0.162283853,22.21141243,53.19970703,492.0427551,8/29/2024,,7/30/2024,,6/30/2024,,5/31/2024,,5/1/2024
CalCurCEAS_006,2024-08-29T15:00:00Z,44.70604,-127.864863,Oregon,60.000333,0,0,1,-2859,18.568,0.162283853,22.21141243,53.19970703,492.0427551,8/29/2024,,7/30/2024,,6/30/2024,,5/31/2024,,5/1/2024
CalCurCEAS_006,2024-08-29T16:00:00Z,44.708997,-127.867487,Oregon,60.000292,0,0,0,-2883,18.567,0.162283853,22.05448341,53.19970703,496.6281433,8/29/2024,,7/30/2024,,6/30/2024,,5/31/2024,,5/1/2024
CalCurCEAS_006,2024-08-29T17:00:00Z,44.711963,-127.867827,Oregon,60.000458,0,0,0,-2883,18.561,0.162283853,22.05448341,53.19970703,496.6281433,8/29/2024,,7/30/2024,,6/30/2024,,5/31/2024,,5/1/2024
CalCurCEAS_006,2024-08-29T18:00:00Z,44.713477,-127.86648,Oregon,60.00025,0,0,0,-2873,18.558,0.162283853,22.05448341,53.19970703,496.6281433,8/29/2024,,7/30/2024,,6/30/2024,,5/31/2024,,5/1/2024
CalCurCEAS_006,2024-08-29T19:00:00Z,44.714127,-127.863127,Oregon,60.000292,0,0,0,-2873,18.558,0.162283853,22.05448341,53.19970703,496.6281433,8/29/2024,,7/30/2024,,6/30/2024,,5/31/2024,,5/1/2024
CalCurCEAS_006,2024-08-29T20:00:00Z,44.713357,-127.859537,Oregon,60.000417,0,0,1,-2879,18.558,0.162283853,22.05448341,53.19970703,496.6281433,8/29/2024,,7/30/2024,,6/30/2024,,5/31/2024,,5/1/2024
CalCurCEAS_006,2024-08-29T21:00:00Z,44.71058,-127.85687,Oregon,60.000542,0,0,0,-2885,18.561,0.162283853,22.05448341,53.19970703,496.6281433,8/29/2024,,7/30/2024,,6/30/2024,,5/31/2024,,5/1/2024
CalCurCEAS_006,2024-08-29T22:00:00Z,44.7078,-127.856685,Oregon,60.000417,0,0,3,-2861,18.561,0.162283853,22.21141243,53.19970703,492.0427551,8/29/2024,,7/30/2024,,6/30/2024,,5/31/2024,,5/1/2024
CalCurCEAS_006,2024-08-29T23:00:00Z,44.70424,-127.858015,Oregon,60.00025,0,0,0,-2861,18.561,0.162283853,22.21141243,53.19970703,492.0427551,8/29/2024,,7/30/2024,,6/30/2024,,5/31/2024,,5/1/2024
CalCurCEAS_006,2024-08-30T00:00:00Z,44.70143,-127.861015,Oregon,60.000417,0,0,0,-2879,18.467,,,,,8/30/2024,,7/31/2024,,7/1/2024,,6/1/2024,,5/2/2024
CalCurCEAS_006,2024-08-30T01:00:00Z,44.69795,-127.864625,Oregon,60.000333,0,0,1,-2860,18.467,,,,,8/30/2024,,7/31/2024,,7/1/2024,,6/1/2024,,5/2/2024
CalCurCEAS_006,2024-08-30T02:00:00Z,44.69659,-127.86953,Oregon,60.000458,0,0,1,-2858,18.463,,,,,8/30/2024,,7/31/2024,,7/1/2024,,6/1/2024,,5/2/2024
CalCurCEAS_006,2024-08-30T03:00:00Z,44.69608,-127.875185,Oregon,60.000333,0,0,0,-2865,18.458,,,,,8/30/2024,,7/31/2024,,7/1/2024,,6/1/2024,,5/2/2024
CalCurCEAS_006,2024-08-30T04:00:00Z,44.69676,-127.88136,Oregon,60.000583,0,0,1,-2866,18.458,,,,,8/30/2024,,7/31/2024,,7/1/2024,,6/1/2024,,5/2/2024
CalCurCEAS_006,2024-08-30T05:00:00Z,44.69848,-127.886095,Oregon,60.000292,0,0,1,-2868,18.45,,,,,8/30/2024,,7/31/2024,,7/1/2024,,6/1/2024,,5/2/2024
CalCurCEAS_006,2024-08-30T06:00:00Z,44.70039,-127.89005,Oregon,60.000417,0,0,0,-2876,18.45,,,,,8/30/2024,,7/31/2024,,7/1/2024,,6/1/2024,,5/2/2024
CalCurCEAS_006,2024-08-30T07:00:00Z,44.702055,-127.890305,Oregon,60.000375,0,0,0,-2876,18.45,,,,,8/30/2024,,7/31/2024,,7/1/2024,,6/1/2024,,5/2/2024
CalCurCEAS_006,2024-08-30T08:00:00Z,44.702975,-127.88817,Oregon,60.000292,0,0,1,-2876,18.45,,,,,8/30/2024,,7/31/2024,,7/1/2024,,6/1/2024,,5/2/2024
CalCurCEAS_006,2024-08-30T09:00:00Z,44.702355,-127.88633,Oregon,60.000458,0,0,0,-2872,18.45,,,,,8/30/2024,,7/31/2024,,7/1/2024,,6/1/2024,,5/2/2024
CalCurCEAS_006,2024-08-30T10:00:00Z,44.7007,-127.884325,Oregon,60.000458,0,0,0,-2872,18.458,,,,,8/30/2024,,7/31/2024,,7/1/2024,,6/1/2024,,5/2/2024
CalCurCEAS_006,2024-08-30T11:00:00Z,44.699225,-127.88255,Oregon,60.0005,0,0,0,-2866,18.458,,,,,8/30/2024,,7/31/2024,,7/1/2024,,6/1/2024,,5/2/2024
CalCurCEAS_006,2024-08-30T12:00:00Z,44.695875,-127.880685,Oregon,60.000417,0,0,0,-2866,18.458,,,,,8/30/2024,,7/31/2024,,7/1/2024,,6/1/2024,,5/2/2024
CalCurCEAS_006,2024-08-30T13:00:00Z,44.693465,-127.881395,Oregon,60.000375,0,0,0,-2861,18.463,,,,,8/30/2024,,7/31/2024,,7/1/2024,,6/1/2024,,5/2/2024
CalCurCEAS_006,2024-08-30T14:00:00Z,44.69154,-127.882475,Oregon,60.000458,0,0,0,-2863,18.463,,,,,8/30/2024,,7/31/2024,,7/1/2024,,6/1/2024,,5/2/2024
CalCurCEAS_006,2024-08-30T15:00:00Z,44.689385,-127.88362,Oregon,28.000125,0,0,1,-2861,18.463,,,,,8/30/2024,,7/31/2024,,7/1/2024,,6/1/2024,,5/2/2024
CalCurCEAS_009,2024-09-14T14:00:00Z,43.41916,-126.96452,Oregon,53.983625,0,0,18,-2823,18.379,0.210308075,24.06262398,62.60009766,472.6263733,9/14/2024,627.3712769,8/15/2024,,7/16/2024,,6/16/2024,,5/17/2024
CalCurCEAS_009,2024-09-14T15:00:00Z,43.41098,-126.96002,Oregon,60.000417,0,0,7,-2854,18.379,,,,,9/14/2024,622.8710938,8/15/2024,,7/16/2024,,6/16/2024,,5/17/2024
CalCurCEAS_009,2024-09-14T16:00:00Z,43.404545,-126.95673,Oregon,60.000375,0,0,2,-2867,18.422,,,,,9/14/2024,631.6843262,8/15/2024,,7/16/2024,668.4963379,6/16/2024,,5/17/2024
CalCurCEAS_009,2024-09-14T17:00:00Z,43.39738,-126.95269,Oregon,60.000333,0,0,10,-2901,18.435,,,,,9/14/2024,631.6843262,8/15/2024,,7/16/2024,668.4963379,6/16/2024,,5/17/2024
CalCurCEAS_009,2024-09-14T18:00:00Z,43.39146,-126.9505,Oregon,60.000333,0,0,2,-2922,18.46,,,,,9/14/2024,631.6843262,8/15/2024,,7/16/2024,668.4963379,6/16/2024,,5/17/2024
CalCurCEAS_009,2024-09-14T19:00:00Z,43.38561,-126.949715,Oregon,60.0005,0,0,1,-2923,18.458,,,,,9/14/2024,631.6843262,8/15/2024,,7/16/2024,668.4963379,6/16/2024,,5/17/2024
CalCurCEAS_009,2024-09-14T20:00:00Z,43.380715,-126.9474,Oregon,60.000458,0,0,3,-2924,18.441,,,,,9/14/2024,631.6843262,8/15/2024,,7/16/2024,668.4963379,6/16/2024,,5/17/2024
CalCurCEAS_009,2024-09-14T21:00:00Z,43.37622,-126.943525,Oregon,60.000292,0,0,0,-2922,18.458,,,,,9/14/2024,631.6843262,8/15/2024,,7/16/2024,668.4963379,6/16/2024,,5/17/2024
CalCurCEAS_009,2024-09-14T22:00:00Z,43.37054,-126.93805,Oregon,60.000375,0,0,8,-2910,18.472,,,,,9/14/2024,618.3709106,8/15/2024,,7/16/2024,665.1330566,6/16/2024,,5/17/2024
CalCurCEAS_009,2024-09-14T23:00:00Z,43.36717,-126.93331,Oregon,60.000375,1,0,3,-2909,18.491,,,,,9/14/2024,618.3709106,8/15/2024,,7/16/2024,665.1330566,6/16/2024,,5/17/2024
CalCurCEAS_009,2024-09-15T00:00:00Z,43.36118,-126.924145,Oregon,60.000417,0,0,2,-2911,18.694,0.145998135,31.49423218,56.19970703,481.3209534,9/15/2024,,8/16/2024,,7/17/2024,,6/17/2024,,5/18/2024
CalCurCEAS_009,2024-09-15T01:00:00Z,43.35498,-126.91526,Oregon,60.000458,0,0,47,-2911,18.707,0.14599815,31.49422836,56.19970703,501.1529236,9/15/2024,,8/16/2024,,7/17/2024,,6/17/2024,,5/18/2024
CalCurCEAS_009,2024-09-15T02:00:00Z,43.34553,-126.90376,Oregon,60.000458,0,3,7,-2914,18.734,0.14599815,31.49422836,56.19970703,501.1529236,9/15/2024,,8/16/2024,,7/17/2024,,6/17/2024,,5/18/2024
CalCurCEAS_009,2024-09-15T03:00:00Z,43.33767,-126.898085,Oregon,60.000458,0,0,66,-2916,18.761,0.14599815,31.49422836,56.19970703,501.1529236,9/15/2024,,8/16/2024,,7/17/2024,,6/17/2024,,5/18/2024
CalCurCEAS_009,2024-09-15T04:00:00Z,43.328165,-126.892295,Oregon,60.000417,0,0,51,-2916,18.761,0.167561531,30.52929115,59.79980469,501.1529236,9/15/2024,,8/16/2024,,7/17/2024,,6/17/2024,,5/18/2024
CalCurCEAS_009,2024-09-15T05:00:00Z,43.322545,-126.88985,Oregon,60.000417,0,0,29,-2915,18.761,0.167561531,30.52929115,59.79980469,501.1529236,9/15/2024,,8/16/2024,,7/17/2024,,6/17/2024,,5/18/2024
CalCurCEAS_009,2024-09-15T06:00:00Z,43.310615,-126.886305,Oregon,60.000458,0,2,10,-2902,18.77,0.167561531,30.52929115,59.79980469,501.1529236,9/15/2024,,8/16/2024,,7/17/2024,,6/17/2024,,5/18/2024
CalCurCEAS_009,2024-09-15T07:00:00Z,43.29871,-126.882595,Oregon,59.983708,0,0,2,-2896,18.773,0.167561531,30.52929115,59.79980469,501.1529236,9/15/2024,,8/16/2024,,7/17/2024,,6/17/2024,,5/18/2024
CalCurCEAS_009,2024-09-15T08:00:00Z,43.28856,-126.88067,Oregon,60.000417,0,0,8,-2921,18.772,0.148919523,24.55207825,51.5,443.7978516,9/15/2024,,8/16/2024,,7/17/2024,,6/17/2024,,5/18/2024
CalCurCEAS_009,2024-09-15T09:00:00Z,43.28143,-126.879935,Oregon,60.000542,0,0,3,-2903,18.763,0.148919523,24.55207825,51.5,443.7978516,9/15/2024,,8/16/2024,,7/17/2024,,6/17/2024,,5/18/2024
CalCurCEAS_009,2024-09-15T10:00:00Z,43.27112,-126.879235,Oregon,60.000333,0,1,1,-2911,18.762,0.148919523,24.55207825,51.5,443.7978516,9/15/2024,,8/16/2024,,7/17/2024,,6/17/2024,,5/18/2024
CalCurCEAS_009,2024-09-15T11:00:00Z,43.2614,-126.878595,Oregon,60.00025,0,1,2,-2931,18.755,0.148919523,24.55207825,51.5,443.7978516,9/15/2024,,8/16/2024,,7/17/2024,,6/17/2024,,5/18/2024
CalCurCEAS_009,2024-09-15T12:00:00Z,43.251475,-126.87648,Oregon,60.000375,0,0,5,-2914,18.742,0.148919523,24.55207825,51.5,443.7978516,9/15/2024,,8/16/2024,,7/17/2024,,6/17/2024,,5/18/2024
CalCurCEAS_009,2024-09-15T13:00:00Z,43.24459,-126.87297,Oregon,60.000458,0,0,6,-2910,18.722,0.147536844,27.19185448,53.39990234,459.3096924,9/15/2024,,8/16/2024,,7/17/2024,,6/17/2024,,5/18/2024
CalCurCEAS_009,2024-09-15T14:00:00Z,43.239335,-126.86829,Oregon,60.000417,0,0,17,-2840,18.663,0.147536844,27.19185448,53.39990234,459.3096924,9/15/2024,,8/16/2024,,7/17/2024,,6/17/2024,,5/18/2024
CalCurCEAS_009,2024-09-15T15:00:00Z,43.23239,-126.86192,Oregon,60.000458,0,0,10,-2663,18.674,0.147536844,27.19185448,53.39990234,459.3096924,9/15/2024,,8/16/2024,,7/17/2024,,6/17/2024,,5/18/2024
CalCurCEAS_009,2024-09-15T16:00:00Z,43.22647,-126.85699,Oregon,59.98,0,0,4,-2704,18.665,0.147536844,27.19185448,53.39990234,459.3096924,9/15/2024,,8/16/2024,,7/17/2024,,6/17/2024,,5/18/2024
CalCurCEAS_009,2024-09-15T17:00:00Z,43.218085,-126.852545,Oregon,60.000417,0,0,7,-2743,18.665,0.147536844,27.19185448,53.39990234,459.3096924,9/15/2024,,8/16/2024,,7/17/2024,,6/17/2024,,5/18/2024
CalCurCEAS_009,2024-09-15T18:00:00Z,43.20571,-126.849615,Oregon,60.000292,0,1,0,-2768,18.657,0.14733547,27.19185448,53.39990234,459.3096924,9/15/2024,,8/16/2024,,7/17/2024,,6/17/2024,,5/18/2024
CalCurCEAS_009,2024-09-15T19:00:00Z,43.19512,-126.84729,Oregon,60.0005,0,2,6,-3004,18.67,0.14733547,27.19185448,53.39990234,459.3096924,9/15/2024,,8/16/2024,,7/17/2024,,6/17/2024,,5/18/2024
CalCurCEAS_009,2024-09-15T20:00:00Z,43.18761,-126.8481,Oregon,60.000333,0,7,7,-3214,18.664,0.14733547,27.19185448,53.39990234,459.3096924,9/15/2024,,8/16/2024,,7/17/2024,,6/17/2024,,5/18/2024
CalCurCEAS_009,2024-09-15T21:00:00Z,43.177825,-126.849475,Oregon,60.00025,0,16,2,-3610,18.658,0.14733547,27.19185448,53.39990234,459.3096924,9/15/2024,,8/16/2024,,7/17/2024,,6/17/2024,,5/18/2024
CalCurCEAS_009,2024-09-15T22:00:00Z,43.16803,-126.85143,Oregon,60.000417,0,0,4,-3660,18.653,0.14733547,27.19185448,53.39990234,459.3096924,9/15/2024,,8/16/2024,,7/17/2024,,6/17/2024,,5/18/2024
CalCurCEAS_009,2024-09-15T23:00:00Z,43.16161,-126.85189,Oregon,60.000292,0,0,2,-3629,18.653,0.14733547,27.19185448,54.60009766,459.3096924,9/15/2024,,8/16/2024,,7/17/2024,,6/17/2024,627.4196167,5/18/2024
CalCurCEAS_009,2024-09-16T00:00:00Z,43.15399,-126.85027,Oregon,60.000417,0,0,4,-3584,18.499,,,,,9/16/2024,,8/17/2024,510.0594482,7/18/2024,,6/18/2024,768.5065918,5/20/2024
CalCurCEAS_009,2024-09-16T01:00:00Z,43.147245,-126.847955,Oregon,60.000375,0,4,2,-3538,18.499,,,,,9/16/2024,,8/17/2024,510.0594482,7/18/2024,,6/18/2024,768.5065918,5/20/2024
CalCurCEAS_009,2024-09-16T02:00:00Z,43.137635,-126.844335,Oregon,60.000375,0,0,1,-3423,18.502,,,,,9/16/2024,,8/17/2024,510.0594482,7/18/2024,,6/18/2024,784.2131958,5/20/2024
CalCurCEAS_009,2024-09-16T03:00:00Z,43.12974,-126.84203,Oregon,60.000417,0,0,3,-3287,18.502,,,,,9/16/2024,,8/17/2024,510.0594482,7/18/2024,,6/19/2024,,5/21/2024
CalCurCEAS_009,2024-09-16T04:00:00Z,43.1249,-126.84083,Oregon,60.000417,0,1,4,-3300,18.502,,,,,9/16/2024,,8/17/2024,510.0594482,7/18/2024,,6/19/2024,,5/21/2024
CalCurCEAS_009,2024-09-16T05:00:00Z,43.118685,-126.839905,Oregon,60.000292,0,1,2,-3288,18.502,,,,,9/16/2024,,8/17/2024,510.0594482,7/18/2024,,6/19/2024,,5/21/2024
CalCurCEAS_009,2024-09-16T06:00:00Z,43.105815,-126.838625,Oregon,60.000458,0,0,2,-3400,18.505,,,,,9/16/2024,,8/17/2024,510.0594482,7/18/2024,,6/19/2024,,5/21/2024
CalCurCEAS_009,2024-09-16T07:00:00Z,43.096625,-126.83938,Oregon,60.000375,0,0,2,-3284,18.442,,,,,9/16/2024,,8/17/2024,502.7522278,7/18/2024,,6/19/2024,,5/21/2024
CalCurCEAS_009,2024-09-16T08:00:00Z,43.085865,-126.84165,Oregon,60.000458,0,2,0,-3306,18.44,,,,,9/16/2024,,8/17/2024,502.7522278,7/18/2024,,6/19/2024,,5/21/2024
CalCurCEAS_009,2024-09-16T09:00:00Z,43.072855,-126.846545,Oregon,60.000417,0,4,2,-3099,18.446,,,,,9/16/2024,,8/17/2024,502.7522278,7/18/2024,,6/19/2024,,5/21/2024
CalCurCEAS_009,2024-09-16T10:00:00Z,43.06319,-126.85106,Oregon,60.00025,0,6,2,-3076,18.446,,,,,9/16/2024,,8/17/2024,,7/19/2024,,6/20/2024,,5/24/2024
CalCurCEAS_009,2024-09-16T11:00:00Z,43.053315,-126.855055,Oregon,60.000375,0,9,13,-3058,18.44,,,,,9/16/2024,,8/17/2024,,7/19/2024,,6/20/2024,,5/24/2024
CalCurCEAS_009,2024-09-16T12:00:00Z,43.04582,-126.85756,Oregon,60.0005,0,1,2,-2973,18.44,,,,,9/16/2024,,8/17/2024,,7/19/2024,,6/20/2024,,5/24/2024
CalCurCEAS_009,2024-09-16T13:00:00Z,43.03555,-126.8587,Oregon,60.0005,0,3,20,-2931,18.44,,,,,9/16/2024,,8/17/2024,,7/19/2024,,6/20/2024,,5/24/2024
CalCurCEAS_009,2024-09-16T14:00:00Z,43.02895,-126.859035,Oregon,60.000292,0,1,2,-2910,18.44,,,,,9/16/2024,,8/17/2024,,7/19/2024,,6/20/2024,,5/24/2024
CalCurCEAS_009,2024-09-16T15:00:00Z,43.02231,-126.85907,Oregon,60.000333,0,7,7,-2910,18.44,,,,,9/16/2024,,8/17/2024,,7/19/2024,,6/20/2024,,5/24/2024
CalCurCEAS_009,2024-09-16T16:00:00Z,43.017625,-126.859195,Oregon,60.000375,0,10,1,-2905,18.429,,,,,9/16/2024,,8/17/2024,,7/19/2024,,6/20/2024,,5/24/2024
CalCurCEAS_009,2024-09-16T17:00:00Z,43.01298,-126.8593,Oregon,60.000375,0,7,1,-2895,18.429,,,,,9/16/2024,592.050415,8/18/2024,492.3370361,7/20/2024,558.4522095,6/23/2024,,5/21/2024
CalCurCEAS_009,2024-09-16T18:00:00Z,43.009785,-126.859495,Oregon,60.000458,0,2,0,-2878,18.429,,,,,9/16/2024,591.8309326,8/18/2024,492.3370361,7/20/2024,560.3276367,6/23/2024,,5/21/2024
CalCurCEAS_009,2024-09-16T19:00:00Z,43.005645,-126.85929,Oregon,60.0005,0,1,0,-2883,18.422,,,,,9/16/2024,591.8309326,8/18/2024,492.3370361,7/20/2024,560.3276367,6/23/2024,,5/21/2024
CalCurCEAS_009,2024-09-16T20:00:00Z,43.000205,-126.857835,Oregon,60.000292,0,2,0,-2881,18.424,,,,,9/16/2024,591.8309326,8/18/2024,492.3370361,7/20/2024,561.1351318,6/23/2024,,5/21/2024
CalCurCEAS_009,2024-09-16T21:00:00Z,42.99278,-126.856855,Oregon,60.000417,0,15,17,-2792,18.426,,,,,9/16/2024,591.8309326,8/18/2024,492.3370361,7/20/2024,561.1351318,6/23/2024,,5/21/2024
CalCurCEAS_009,2024-09-16T22:00:00Z,42.98655,-126.85647,Oregon,60.000583,0,15,7,-2750,18.426,,,,,9/16/2024,591.8309326,8/18/2024,492.3370361,7/20/2024,561.1351318,6/23/2024,,5/22/2024
CalCurCEAS_009,2024-09-16T23:00:00Z,42.976675,-126.85615,Oregon,60.000333,0,4,3,-2740,18.416,,,,,9/16/2024,591.8309326,8/18/2024,492.3370361,7/20/2024,565.2532959,6/23/2024,,5/22/2024
CalCurCEAS_009,2024-09-17T00:00:00Z,42.96769,-126.85741,Oregon,60.000417,0,0,5,-2667,18.032,,,,,9/17/2024,547.9043579,8/19/2024,580.6109009,7/23/2024,,6/20/2024,,5/24/2024
CalCurCEAS_009,2024-09-17T01:00:00Z,42.95522,-126.85909,Oregon,60.000542,0,18,3,-2663,18.049,,,,,9/17/2024,547.9043579,8/19/2024,580.6109009,7/23/2024,,6/20/2024,,5/24/2024
CalCurCEAS_009,2024-09-17T02:00:00Z,42.94616,-126.859815,Oregon,60.000417,0,2,0,-2698,18.088,,,,,9/17/2024,547.9043579,8/19/2024,580.6109009,7/23/2024,,6/20/2024,,5/24/2024
CalCurCEAS_009,2024-09-17T03:00:00Z,42.938335,-126.862715,Oregon,60.000292,0,0,2,-2728,18.125,,,,,9/17/2024,547.9043579,8/19/2024,580.6109009,7/23/2024,,6/20/2024,,5/24/2024
CalCurCEAS_009,2024-09-17T04:00:00Z,42.93355,-126.86675,Oregon,60.000458,0,0,6,-2695,18.159,,,,,9/17/2024,547.9043579,8/19/2024,580.6109009,7/23/2024,,6/20/2024,,5/24/2024
CalCurCEAS_009,2024-09-17T05:00:00Z,42.93196,-126.872017,Oregon,60.000375,0,0,5,-2686,18.199,,,,,9/17/2024,556.5374146,8/19/2024,580.6109009,7/23/2024,,6/21/2024,,5/24/2024
CalCurCEAS_009,2024-09-17T06:00:00Z,42.93041,-126.878165,Oregon,60.000417,0,1,1,-2700,18.246,,,,,9/17/2024,553.3236694,8/19/2024,580.6109009,7/23/2024,,6/21/2024,,5/18/2024
CalCurCEAS_009,2024-09-17T07:00:00Z,42.92864,-126.88286,Oregon,60.000375,0,0,3,-2726,18.251,,,,,9/17/2024,553.3236694,8/19/2024,580.6109009,7/23/2024,,6/21/2024,,5/18/2024
CalCurCEAS_009,2024-09-17T08:00:00Z,42.926845,-126.88463,Oregon,60.000542,0,0,6,-2735,18.251,,,,,9/17/2024,553.3236694,8/19/2024,580.6109009,7/23/2024,,6/21/2024,,5/18/2024
CalCurCEAS_009,2024-09-17T09:00:00Z,42.921375,-126.88533,Oregon,60.000208,0,3,13,-2715,18.251,,,,,9/17/2024,553.3236694,8/19/2024,580.6109009,7/23/2024,,6/21/2024,,5/18/2024
CalCurCEAS_009,2024-09-17T10:00:00Z,42.91571,-126.88351,Oregon,60.0005,0,0,12,-2685,18.251,,,,,9/17/2024,545.4487305,8/19/2024,,7/23/2024,,6/21/2024,,5/18/2024
CalCurCEAS_009,2024-09-17T11:00:00Z,42.90766,-126.880915,Oregon,60.000333,0,6,4,-2633,18.198,,,,,9/17/2024,545.4487305,8/19/2024,,7/23/2024,,6/21/2024,,5/18/2024
CalCurCEAS_009,2024-09-17T12:00:00Z,42.89815,-126.87872,Oregon,60.000583,0,5,0,-2630,18.198,,,,,9/17/2024,545.4487305,8/19/2024,,7/23/2024,,6/21/2024,,5/18/2024
CalCurCEAS_009,2024-09-17T13:00:00Z,42.88836,-126.878035,Oregon,60.000292,0,1,3,-2639,18.195,,,,,9/17/2024,545.4487305,8/19/2024,,7/23/2024,,6/21/2024,630.1414795,5/19/2024
CalCurCEAS_009,2024-09-17T14:00:00Z,42.87993,-126.8785,Oregon,60.000375,0,0,0,-2615,18.195,,,,,9/17/2024,545.4487305,8/19/2024,607.9361572,7/24/2024,,6/22/2024,414.8618164,5/20/2024
CalCurCEAS_009,2024-09-17T15:00:00Z,42.87353,-126.8804,Oregon,60.000375,0,0,0,-2569,18.214,,,,,9/17/2024,545.4487305,8/19/2024,602.9112549,7/24/2024,,6/22/2024,414.8618164,5/20/2024
CalCurCEAS_009,2024-09-17T16:00:00Z,42.869075,-126.88297,Oregon,60.000417,0,1,1,-2534,18.243,,,,,9/17/2024,545.4487305,8/19/2024,602.9112549,7/24/2024,,6/22/2024,400.2497253,5/20/2024
CalCurCEAS_009,2024-09-17T17:00:00Z,42.86658,-126.885835,Oregon,60.00025,0,0,7,-2576,18.25,,,,,9/17/2024,431.0888672,8/20/2024,607.3999023,7/25/2024,381.875061,6/24/2024,,5/24/2024
CalCurCEAS_009,2024-09-17T18:00:00Z,42.86504,-126.889675,Oregon,60.000417,0,1,5,-2589,18.287,,,,,9/17/2024,434.0599365,8/20/2024,607.3999023,7/25/2024,381.875061,6/24/2024,,5/24/2024
CalCurCEAS_009,2024-09-17T19:00:00Z,42.863325,-126.893795,Oregon,60.0005,0,5,1,-2578,18.287,,,,,9/17/2024,434.0599365,8/20/2024,596.4285278,7/25/2024,410.1893616,6/24/2024,,5/24/2024
CalCurCEAS_009,2024-09-17T20:00:00Z,42.86123,-126.89728,Oregon,60.000417,0,2,2,-2567,18.294,,,,,9/17/2024,434.0599365,8/20/2024,565.305542,7/25/2024,433.4303589,6/24/2024,,5/24/2024
CalCurCEAS_009,2024-09-17T21:00:00Z,42.85779,-126.90116,Oregon,60.00025,0,0,5,-2562,18.294,,,,,9/17/2024,434.0599365,8/20/2024,565.305542,7/25/2024,433.4303589,6/24/2024,,5/24/2024
CalCurCEAS_009,2024-09-17T22:00:00Z,42.85163,-126.905385,Oregon,60.000458,0,1,0,-2553,18.278,,,,,9/17/2024,434.0599365,8/20/2024,549.2194824,7/25/2024,453.5569153,6/24/2024,,5/24/2024
CalCurCEAS_009,2024-09-17T23:00:00Z,42.84549,-126.907925,Oregon,60.000458,0,1,1,-2557,18.278,,,,,9/17/2024,470.6540222,8/20/2024,549.2194824,7/25/2024,453.5569153,6/24/2024,,5/24/2024
CalCurCEAS_009,2024-09-18T00:00:00Z,42.84111,-126.90977,Oregon,60.000417,0,0,3,-2561,17.793,,,,,9/18/2024,,8/22/2024,,7/20/2024,,6/24/2024,,5/24/2024
CalCurCEAS_009,2024-09-18T01:00:00Z,42.836595,-126.91251,Oregon,60.000292,0,0,1,-2538,17.793,,,,,9/18/2024,,8/22/2024,,7/20/2024,,6/24/2024,,5/24/2024
CalCurCEAS_009,2024-09-18T02:00:00Z,42.83355,-126.91524,Oregon,60.000375,0,4,2,-2538,17.796,,,,,9/18/2024,,8/22/2024,,7/20/2024,,6/24/2024,,5/24/2024
CalCurCEAS_009,2024-09-18T03:00:00Z,42.83133,-126.91747,Oregon,60.000417,0,1,3,-2497,17.796,,,,,9/18/2024,,8/22/2024,,7/20/2024,603.4107056,6/24/2024,,5/24/2024
CalCurCEAS_009,2024-09-18T04:00:00Z,42.83112,-126.91891,Oregon,60.000417,0,1,2,-2497,17.785,,,,,9/18/2024,502.4632263,8/22/2024,,7/20/2024,603.4107056,6/24/2024,,5/24/2024
CalCurCEAS_009,2024-09-18T05:00:00Z,42.831263,-126.91956,Oregon,60.000417,0,1,2,-2497,17.785,,,,,9/18/2024,502.4631958,8/22/2024,,7/20/2024,603.4107056,6/24/2024,,5/24/2024
CalCurCEAS_009,2024-09-18T06:00:00Z,42.83,-126.92044,Oregon,60.000458,0,3,1,-2497,17.784,,,,,9/18/2024,502.4631958,8/22/2024,,7/20/2024,603.4107056,6/24/2024,,5/24/2024
CalCurCEAS_009,2024-09-18T07:00:00Z,42.82787,-126.922655,Oregon,60.0005,0,5,3,-2480,17.782,,,,,9/18/2024,502.4631958,8/22/2024,,7/20/2024,601.5198975,6/24/2024,,5/24/2024
CalCurCEAS_009,2024-09-18T08:00:00Z,42.82372,-126.92589,Oregon,60.000417,0,1,11,-2468,17.778,,,,,9/18/2024,502.4632263,8/22/2024,,7/20/2024,604.0905762,6/24/2024,,5/24/2024
CalCurCEAS_009,2024-09-18T09:00:00Z,42.81827,-126.92887,Oregon,60.000375,0,0,2,-2477,17.8,,,,,9/18/2024,502.4632263,8/22/2024,,7/20/2024,,6/25/2024,,5/24/2024
CalCurCEAS_009,2024-09-18T10:00:00Z,42.80481,-126.93694,Oregon,60.0005,0,3,0,-2494,17.811,,,,,9/18/2024,,8/22/2024,,7/20/2024,,6/25/2024,,5/24/2024
CalCurCEAS_009,2024-09-18T11:00:00Z,42.79793,-126.94245,Oregon,60.000292,0,0,2,-2549,17.828,,,,,9/18/2024,,8/22/2024,,7/20/2024,,6/25/2024,,5/24/2024
CalCurCEAS_009,2024-09-18T12:00:00Z,42.788,-126.95181,Oregon,60.000292,0,1,2,-2583,17.84,,,,,9/18/2024,,8/22/2024,1071.905762,7/21/2024,,6/25/2024,,5/24/2024
CalCurCEAS_009,2024-09-18T13:00:00Z,42.780165,-126.96193,Oregon,60.000458,0,1,1,-2626,17.84,,,,,9/18/2024,,8/22/2024,1113.543213,7/21/2024,510.8690491,6/17/2024,606.0125732,5/19/2024
CalCurCEAS_009,2024-09-18T14:00:00Z,42.77453,-126.974565,Oregon,60.000417,0,2,1,-2619,17.852,,,,,9/18/2024,,8/22/2024,1113.543213,7/21/2024,510.8690491,6/17/2024,606.0125732,5/19/2024
CalCurCEAS_009,2024-09-18T15:00:00Z,42.77319,-126.98736,Oregon,60.000417,0,1,3,-2669,17.852,,,,,9/18/2024,,8/22/2024,1113.543213,7/21/2024,510.8690491,6/17/2024,606.0125732,5/19/2024
CalCurCEAS_009,2024-09-18T16:00:00Z,42.77496,-126.99575,Oregon,60.000333,0,0,2,-2645,17.835,,,,,9/18/2024,,8/22/2024,1113.543213,7/21/2024,519.4413452,6/17/2024,606.0125732,5/19/2024
CalCurCEAS_009,2024-09-18T17:00:00Z,42.778475,-127.004025,Oregon,60.000417,0,1,4,-2704,17.848,0.121461444,46.47810364,59.59985352,533.0881348,9/18/2024,,8/22/2024,1113.543213,7/21/2024,516.8456421,6/17/2024,613.0670166,5/19/2024
CalCurCEAS_009,2024-09-18T18:00:00Z,42.78229,-127.01071,Oregon,60.000333,0,0,11,-2761,17.685,0.121461444,46.47810364,59.59985352,533.0881348,9/18/2024,,8/22/2024,1113.543213,7/21/2024,516.8456421,6/17/2024,613.0670166,5/19/2024
CalCurCEAS_009,2024-09-18T19:00:00Z,42.784425,-127.01476,Oregon,60.00025,0,0,9,-2760,17.668,0.121461444,46.47810364,59.59985352,533.0881348,9/18/2024,,8/22/2024,1113.543213,7/21/2024,516.8456421,6/17/2024,613.0670166,5/19/2024
CalCurCEAS_009,2024-09-18T20:00:00Z,42.784525,-127.017425,Oregon,60.000375,0,4,8,-2753,17.655,0.121461444,46.47810364,59.59985352,533.0881348,9/18/2024,,8/22/2024,1113.543213,7/21/2024,453.8607483,6/18/2024,784.2131958,5/20/2024
CalCurCEAS_009,2024-09-18T21:00:00Z,42.78099,-127.01882,Oregon,60.0005,0,1,4,-2763,17.656,0.121461444,46.47810364,59.59985352,533.0881348,9/18/2024,,8/23/2024,,7/22/2024,,6/19/2024,,5/23/2024
CalCurCEAS_009,2024-09-18T22:00:00Z,42.77424,-127.0219,Oregon,60.0005,0,6,5,-2771,17.642,0.121461444,46.47810364,59.59985352,533.0881348,9/18/2024,,8/23/2024,,7/22/2024,,6/19/2024,,5/23/2024
CalCurCEAS_009,2024-09-18T23:00:00Z,42.765725,-127.02648,Oregon,60.000333,0,1,3,-2812,17.638,0.121461444,46.47810364,59.59985352,533.0881348,9/18/2024,,8/23/2024,,7/22/2024,,6/19/2024,,5/23/2024
CalCurCEAS_009,2024-09-19T00:00:00Z,42.75637,-127.03447,Oregon,60.000417,0,0,10,-2816,16.817,,,,,9/19/2024,505.9568787,8/24/2024,,7/24/2024,579.3688965,6/23/2024,970.0761108,5/22/2024
CalCurCEAS_009,2024-09-19T01:00:00Z,42.74785,-127.04414,Oregon,60.000292,0,0,0,-2797,16.818,,,,,9/19/2024,505.9568787,8/24/2024,,7/24/2024,579.3688965,6/23/2024,970.0761108,5/22/2024
CalCurCEAS_009,2024-09-19T02:00:00Z,42.74316,-127.05268,Oregon,60.000333,0,0,3,-2787,16.931,,,,,9/19/2024,507.1924133,8/24/2024,,7/24/2024,596.562439,6/23/2024,970.0761108,5/22/2024
CalCurCEAS_009,2024-09-19T03:00:00Z,42.736565,-127.06681,Oregon,60.000417,0,2,6,-2860,17.099,,,,,9/19/2024,487.9615784,8/24/2024,,7/24/2024,596.562439,6/23/2024,448.5678101,5/23/2024
CalCurCEAS_009,2024-09-19T04:00:00Z,42.733745,-127.07804,Oregon,59.983792,0,8,1,-2833,17.191,,,,,9/19/2024,487.9615784,8/24/2024,,7/24/2024,596.562439,6/23/2024,526.9545898,5/23/2024
CalCurCEAS_009,2024-09-19T05:00:00Z,42.73282,-127.087907,Oregon,60.000333,0,0,0,-2760,17.319,,,,,9/19/2024,471.6578674,8/24/2024,,7/24/2024,593.0582886,6/23/2024,526.9545898,5/23/2024
CalCurCEAS_009,2024-09-19T15:00:00Z,42.694365,-127.19183,Oregon,60.000625,0,1,1,-2815,17.335,,,,,9/19/2024,471.6578674,8/24/2024,,7/24/2024,593.0582886,6/23/2024,526.9545898,5/23/2024
CalCurCEAS_009,2024-09-19T16:00:00Z,42.69194,-127.201415,Oregon,60.000375,0,1,0,-2866,17.323,,,,,9/19/2024,459.1253357,8/24/2024,1306.601074,7/24/2024,593.0582886,6/23/2024,526.9545898,5/23/2024
CalCurCEAS_009,2024-09-19T17:00:00Z,42.690425,-127.210165,Oregon,60.000333,0,2,0,-2894,17.317,,,,,9/19/2024,459.1253357,8/24/2024,1306.601074,7/24/2024,593.0582886,6/23/2024,526.9545898,5/23/2024
CalCurCEAS_009,2024-09-19T18:00:00Z,42.68957,-127.21905,Oregon,60.000333,0,3,0,-2900,17.327,,,,,9/19/2024,459.1253357,8/24/2024,1306.601074,7/24/2024,595.2232666,6/23/2024,526.9545898,5/23/2024
CalCurCEAS_009,2024-09-19T19:00:00Z,42.68883,-127.22728,Oregon,60.000458,0,9,0,-2874,17.327,,,,,9/19/2024,461.1649475,8/24/2024,1252.43396,7/24/2024,595.2232666,6/23/2024,526.9545898,5/23/2024
CalCurCEAS_009,2024-09-20T02:00:00Z,42.63487,-127.315,Oregon,60.0005,0,0,0,-2772,16.48,,,,,9/20/2024,,8/17/2024,,7/19/2024,570.1342163,6/21/2024,,5/24/2024
CalCurCEAS_009,2024-09-20T03:00:00Z,42.62959,-127.32825,Oregon,60.000458,0,0,2,-2730,16.51,,,,,9/20/2024,,8/17/2024,496.2897339,7/20/2024,,6/23/2024,,5/21/2024
CalCurCEAS_009,2024-09-20T04:00:00Z,42.62364,-127.34096,Oregon,60.000417,0,3,4,-2714,16.567,,,,,9/20/2024,,8/17/2024,496.2897339,7/20/2024,,6/23/2024,,5/21/2024
CalCurCEAS_009,2024-09-20T05:00:00Z,42.61878,-127.35434,Oregon,60.000583,0,2,4,-2678,16.589,,,,,9/20/2024,,8/17/2024,496.2897339,7/20/2024,,6/23/2024,,5/21/2024
CalCurCEAS_009,2024-09-20T06:00:00Z,42.611295,-127.367645,Oregon,60.000333,0,0,0,-2750,16.63,,,,,9/20/2024,,8/17/2024,492.3370361,7/20/2024,558.4522095,6/23/2024,,5/21/2024
CalCurCEAS_009,2024-09-20T07:00:00Z,42.60457,-127.37714,Oregon,60.000333,0,0,5,-2788,16.654,,,,,9/20/2024,,8/17/2024,492.3370361,7/20/2024,558.4522095,6/23/2024,,5/21/2024
CalCurCEAS_009,2024-09-20T08:00:00Z,42.598495,-127.38477,Oregon,60.000375,0,0,0,-2808,16.678,,,,,9/20/2024,,8/17/2024,492.3370361,7/20/2024,558.4522095,6/23/2024,,5/21/2024
CalCurCEAS_009,2024-09-20T09:00:00Z,42.5882,-127.397825,Oregon,60.000292,0,0,0,-2834,16.678,,,,,9/20/2024,,8/17/2024,492.3370361,7/20/2024,558.4522095,6/23/2024,,5/21/2024
CalCurCEAS_009,2024-09-20T10:00:00Z,42.57931,-127.4083,Oregon,60.000458,0,0,0,-2866,16.702,,,,,9/20/2024,886.2957153,8/18/2024,471.1367188,7/21/2024,,6/25/2024,,5/24/2024
CalCurCEAS_009,2024-09-20T11:00:00Z,42.56997,-127.42383,Oregon,60.0005,0,0,2,-2878,16.686,,,,,9/20/2024,880.3536987,8/18/2024,465.994873,7/21/2024,,6/25/2024,,5/24/2024
CalCurCEAS_009,2024-09-20T12:00:00Z,42.562825,-127.43868,Oregon,60.00025,0,1,3,-2806,16.686,,,,,9/20/2024,794.3294067,8/18/2024,465.994873,7/21/2024,,6/25/2024,,5/24/2024
CalCurCEAS_009,2024-09-20T13:00:00Z,42.55733,-127.45061,Oregon,60.000417,0,3,0,-2846,16.703,,,,,9/20/2024,794.3294067,8/18/2024,465.994873,7/21/2024,,6/25/2024,,5/24/2024
CalCurCEAS_009,2024-09-20T14:00:00Z,42.552245,-127.460785,Oregon,60.000417,0,0,5,-2878,16.703,,,,,9/20/2024,794.3294067,8/18/2024,,7/22/2024,390.3962097,6/18/2024,814.3007202,5/20/2024
CalCurCEAS_009,2024-09-20T20:00:00Z,42.50434,-127.53113,Oregon,60.000292,0,0,0,-2992,16.803,,,,,9/20/2024,794.3294067,8/18/2024,,7/22/2024,390.3962097,6/18/2024,,5/21/2024
CalCurCEAS_009,2024-09-20T21:00:00Z,42.49879,-127.54183,Oregon,60.000458,0,0,1,-2990,16.817,,,,,9/20/2024,794.3294067,8/18/2024,,7/22/2024,390.3962097,6/18/2024,,5/21/2024
CalCurCEAS_009,2024-09-20T22:00:00Z,42.49239,-127.556215,Oregon,60.000542,0,0,2,-2994,16.823,,,,,9/20/2024,794.3294067,8/18/2024,,7/22/2024,390.3962097,6/18/2024,,5/21/2024
CalCurCEAS_009,2024-09-20T23:00:00Z,42.48627,-127.5691,Oregon,60.000417,0,0,2,-2994,16.442,,,,,9/20/2024,739.8689575,8/18/2024,,7/22/2024,390.3962097,6/18/2024,,5/21/2024
CalCurCEAS_009,2024-09-21T00:00:00Z,42.47847,-127.58369,Oregon,60.000417,0,0,1,-2938,16.531,0.389918119,39.1460762,98,531.5751953,9/21/2024,,8/19/2024,580.5808105,7/24/2024,,6/22/2024,,5/21/2024
CalCurCEAS_009,2024-09-21T01:00:00Z,42.47389,-127.59461,Oregon,60.000375,0,0,0,-2858,16.484,0.389918119,39.1460762,98,531.5751953,9/21/2024,,8/19/2024,580.5808105,7/24/2024,,6/22/2024,,5/21/2024
CalCurCEAS_009,2024-09-21T02:00:00Z,42.46803,-127.60546,Oregon,60.000333,0,0,2,-2838,16.483,0.389918119,39.1460762,98,531.5751953,9/21/2024,,8/19/2024,580.5808105,7/24/2024,,6/22/2024,,5/21/2024
CalCurCEAS_009,2024-09-21T03:00:00Z,42.45683,-127.61253,Oregon,53.903583,0,0,1,-2859,16.531,0.409733504,43.44878006,101.6000977,556.0204468,9/21/2024,,8/19/2024,573.4875488,7/24/2024,643.5450439,6/23/2024,970.0761719,5/22/2024
CalCurCEAS_009,2024-09-21T04:00:00Z,42.44847,-127.6165,Oregon,60.000292,0,2,0,-2907,16.531,0.409733504,43.44878006,101.6000977,556.0204468,9/21/2024,,8/19/2024,573.4875488,7/24/2024,643.5450439,6/23/2024,970.0761719,5/22/2024
CalCurCEAS_009,2024-09-21T05:00:00Z,42.437507,-127.622923,Oregon,60.000417,0,2,0,-2827,16.576,0.409733504,43.44878006,101.6000977,556.0204468,9/21/2024,,8/19/2024,573.4875488,7/24/2024,643.5450439,6/23/2024,970.0761719,5/22/2024
CalCurCEAS_009,2024-09-21T06:00:00Z,42.42263,-127.63521,Oregon,60.0005,0,1,0,-2789,16.525,0.396184206,39.1460762,99.19970703,538.5784912,9/21/2024,,8/19/2024,572.7180786,7/24/2024,643.5450439,6/23/2024,970.0761719,5/22/2024
CalCurCEAS_009,2024-09-21T07:00:00Z,42.41232,-127.650545,Oregon,60.000333,0,0,17,-2798,16.525,0.413247019,46.15172958,102.3999023,556.0204468,9/21/2024,,8/19/2024,572.7180786,7/24/2024,643.5450439,6/23/2024,970.0761719,5/22/2024
CalCurCEAS_009,2024-09-21T08:00:00Z,42.39757,-127.66784,Oregon,60.000417,0,1,0,-2855,16.568,0.39676854,40.62634277,99.19970703,545.9729004,9/21/2024,,8/19/2024,572.7180786,7/24/2024,614.4542236,6/23/2024,970.0761719,5/22/2024
CalCurCEAS_009,2024-09-21T09:00:00Z,42.38482,-127.68392,Oregon,60.000375,0,1,0,-2908,16.516,0.39676854,40.62634277,99.19970703,545.9729004,9/21/2024,,8/19/2024,572.7180786,7/24/2024,614.4542236,6/23/2024,970.0761719,5/22/2024
CalCurCEAS_009,2024-09-21T10:00:00Z,42.37611,-127.702355,Oregon,60.000417,0,1,0,-2937,16.5,0.39676854,40.62634277,99.19970703,545.9729004,9/21/2024,,8/19/2024,579.0823364,7/24/2024,614.4542236,6/23/2024,966.5446777,5/22/2024
CalCurCEAS_009,2024-09-21T11:00:00Z,42.367295,-127.72406,Oregon,60.000375,0,1,1,-2910,16.535,0.416189671,45.39498901,102.7998047,563.3953247,9/21/2024,,8/19/2024,587.3763428,7/24/2024,592.2705078,6/23/2024,966.5446777,5/22/2024
CalCurCEAS_009,2024-09-21T12:00:00Z,42.36237,-127.74018,Oregon,60.000458,0,3,7,-2934,16.513,0.416189671,45.39498901,102.7998047,563.3953247,9/21/2024,,8/19/2024,557.4852295,7/25/2024,363.4730225,6/24/2024,,5/24/2024
CalCurCEAS_009,2024-09-21T13:00:00Z,42.35666,-127.75423,Oregon,60.000625,0,0,1,-2969,16.545,0.396088421,39.15971375,99.19970703,548.4013062,9/21/2024,,8/19/2024,557.4852295,7/25/2024,363.4730225,6/24/2024,,5/24/2024
CalCurCEAS_009,2024-09-21T14:00:00Z,42.34815,-127.76577,Oregon,60.000333,0,2,0,-2994,16.569,0.396088421,39.15971375,99.19970703,548.4013062,9/21/2024,,8/19/2024,607.3999023,7/25/2024,381.875061,6/24/2024,,5/24/2024
CalCurCEAS_009,2024-09-21T15:00:00Z,42.33753,-127.77772,Oregon,60.000292,0,5,0,-3045,16.583,0.396088421,39.15971375,99.19970703,548.4013062,9/21/2024,506.9052429,8/20/2024,509.3140869,7/25/2024,485.2554016,6/24/2024,,5/24/2024
CalCurCEAS_009,2024-09-21T16:00:00Z,42.33035,-127.78445,Oregon,60.000375,0,5,0,-3077,16.583,0.419154823,50.59174728,103.3999023,565.7445679,9/21/2024,524.0371704,8/20/2024,,7/17/2024,,6/18/2024,613.0670166,5/19/2024
CalCurCEAS_009,2024-09-21T17:00:00Z,42.32003,-127.79372,Oregon,60.000375,0,3,2,-3080,16.583,0.41455102,42.54967117,102.3999023,562.7173462,9/21/2024,524.0371704,8/20/2024,,7/17/2024,,6/18/2024,613.0670166,5/19/2024
CalCurCEAS_009,2024-09-21T18:00:00Z,42.31208,-127.801445,Oregon,60.000375,0,6,1,-3079,16.583,0.41455102,42.54967117,102.3999023,562.7173462,9/21/2024,524.0371704,8/20/2024,,7/17/2024,,6/18/2024,624.5946655,5/19/2024
CalCurCEAS_009,2024-09-21T19:00:00Z,42.30032,-127.81284,Oregon,60.000417,0,3,0,-3084,16.626,0.41455102,42.54967117,102.3999023,562.7173462,9/21/2024,524.0371704,8/20/2024,,7/17/2024,,6/18/2024,624.5946655,5/19/2024
CalCurCEAS_009,2024-09-21T20:00:00Z,42.29057,-127.826285,Oregon,60.000333,0,6,0,-3098,16.621,0.426846772,51.42327118,104.7998047,584.5752563,9/21/2024,524.0371704,8/20/2024,,7/17/2024,,6/18/2024,624.5946655,5/19/2024
CalCurCEAS_009,2024-09-21T21:00:00Z,42.28183,-127.84054,Oregon,60.000417,0,2,1,-3109,16.621,0.420090705,44.458004,103.6000977,565.1900635,9/21/2024,524.0371704,8/20/2024,,7/17/2024,,6/18/2024,624.5946655,5/19/2024
CalCurCEAS_009,2024-09-21T22:00:00Z,42.27466,-127.854145,Oregon,60.000542,0,0,8,-3138,16.557,0.420090705,44.458004,103.6000977,565.1900635,9/21/2024,524.0371704,8/20/2024,,7/17/2024,,6/18/2024,659.7287598,5/19/2024
CalCurCEAS_009,2024-09-21T23:00:00Z,42.26485,-127.87262,Oregon,60.000292,0,11,0,-3230,16.48,0.420090705,44.458004,103.6000977,565.1900635,9/21/2024,524.0371704,8/20/2024,568.1690674,7/18/2024,,6/19/2024,,5/21/2024
CalCurCEAS_009,2024-09-22T00:00:00Z,42.25674,-127.88082,Oregon,60.000375,0,2,0,-3214,15.628,0.274183124,50.10264587,88.89990234,659.4104004,9/22/2024,,8/21/2024,747.2102051,7/19/2024,,6/22/2024,449.9372864,5/20/2024
CalCurCEAS_009,2024-09-22T01:00:00Z,42.245075,-127.88975,Oregon,60.000375,0,1,0,-3173,15.652,0.274183124,50.10264587,88.89990234,655.9226074,9/22/2024,,8/21/2024,747.2102051,7/19/2024,,6/22/2024,449.9372864,5/20/2024
CalCurCEAS_009,2024-09-22T02:00:00Z,42.2337,-127.89622,Oregon,60.000333,0,0,3,-3102,15.679,0.274183124,50.10264587,88.89990234,655.9226074,9/22/2024,,8/21/2024,741.7977905,7/19/2024,,6/22/2024,413.4738159,5/20/2024
CalCurCEAS_009,2024-09-22T03:00:00Z,42.218185,-127.904495,Oregon,60.000333,0,4,2,-3089,15.716,0.274183124,50.10264587,88.89990234,655.9226074,9/22/2024,,8/21/2024,741.7977905,7/19/2024,,6/23/2024,,5/21/2024
CalCurCEAS_009,2024-09-22T04:00:00Z,42.20252,-127.91383,Oregon,60.000458,0,0,3,-3067,15.763,0.270511448,50.2529335,88.60009766,648.6918945,9/22/2024,,8/21/2024,741.7977905,7/19/2024,,6/23/2024,,5/21/2024
CalCurCEAS_009,2024-09-22T05:00:00Z,42.189437,-127.92104,Oregon,60.000458,0,1,1,-3058,15.763,0.24618426,50.58316803,85.09985352,620.3696899,9/22/2024,,8/21/2024,741.2848511,7/19/2024,,6/23/2024,,5/21/2024
CalCurCEAS_009,2024-09-22T06:00:00Z,42.17032,-127.93916,Oregon,60.000333,0,0,0,-3026,15.895,0.24618426,50.58316803,85.09985352,620.3696899,9/22/2024,,8/21/2024,,7/20/2024,,6/24/2024,526.9545898,5/23/2024
CalCurCEAS_009,2024-09-22T07:00:00Z,42.16068,-127.957395,Oregon,60.000458,0,0,1,-2984,15.933,0.224874735,57.59902954,83.79980469,613.5279541,9/22/2024,,8/21/2024,,7/20/2024,,6/24/2024,526.9545898,5/23/2024
CalCurCEAS_009,2024-09-22T08:00:00Z,42.154515,-127.977355,Oregon,60.0005,0,1,0,-2890,15.933,0.22901395,56.34062195,84.19995117,612.5292969,9/22/2024,,8/21/2024,,7/20/2024,,6/24/2024,526.9545898,5/23/2024
CalCurCEAS_009,2024-09-22T09:00:00Z,42.1505,-127.98875,Oregon,60.0005,0,1,0,-2837,15.966,0.22901395,56.34062195,84.19995117,612.5292969,9/22/2024,,8/21/2024,,7/20/2024,,6/24/2024,526.9545898,5/23/2024
CalCurCEAS_009,2024-09-22T10:00:00Z,42.14425,-128.000775,Oregon,60.000417,0,0,8,-2814,15.966,0.238795027,50.63024902,84.19995117,599.7908936,9/22/2024,,8/21/2024,,7/20/2024,,6/24/2024,526.9545898,5/23/2024
CalCurCEAS_009,2024-09-22T11:00:00Z,42.133545,-128.011955,Oregon,60.000458,0,3,0,-2841,15.966,0.238795027,50.63024902,84.19995117,599.7908936,9/22/2024,,8/21/2024,,7/20/2024,,6/24/2024,526.9545898,5/23/2024
CalCurCEAS_009,2024-09-22T12:00:00Z,42.119825,-128.022715,Oregon,60.000333,0,0,0,-2981,15.909,0.273958474,46.04109192,87.79980469,605.7218018,9/22/2024,,8/21/2024,,7/20/2024,,6/24/2024,,5/23/2024
CalCurCEAS_009,2024-09-22T13:00:00Z,42.10635,-128.03171,Oregon,60.000375,0,1,1,-3046,15.927,0.273958474,46.04109192,87.79980469,605.7218018,9/22/2024,,8/21/2024,,7/20/2024,,6/24/2024,,5/23/2024
CalCurCEAS_009,2024-09-22T14:00:00Z,42.093775,-128.040345,Oregon,60.000417,0,0,1,-3090,15.94,0.273958474,46.04109192,87.79980469,605.7218018,9/22/2024,,8/21/2024,,7/20/2024,,6/24/2024,,5/23/2024
CalCurCEAS_009,2024-09-22T15:00:00Z,42.0777,-128.05349,Oregon,60.000417,0,0,0,-3061,15.94,0.259243429,61.40044403,90,620.6448975,9/22/2024,620.2773438,8/22/2024,1092.217529,7/21/2024,453.8607483,6/18/2024,784.2131958,5/20/2024
CalCurCEAS_009,2024-09-22T16:00:00Z,42.06101,-128.06949,Oregon,60.000417,0,0,0,-3007,15.94,0.259243429,61.40044403,90,620.6448975,9/22/2024,620.2773438,8/22/2024,1092.217529,7/21/2024,440.4397278,6/18/2024,784.2131958,5/20/2024
CalCurCEAS_009,2024-09-22T17:00:00Z,42.050005,-128.08004,Oregon,60.000375,0,0,0,-3050,15.975,0.259243429,61.40044403,90,620.6448975,9/22/2024,620.2773438,8/22/2024,1092.217529,7/21/2024,440.4397278,6/18/2024,760.7133789,5/20/2024
CalCurCEAS_009,2024-09-22T18:00:00Z,42.04133,-128.093055,Oregon,60.000292,0,1,2,-3121,15.946,0.241629839,71.30523682,90.39990234,620.6448975,9/22/2024,620.2773438,8/22/2024,1092.217529,7/21/2024,440.4397278,6/18/2024,760.7133789,5/20/2024
CalCurCEAS_009,2024-09-22T19:00:00Z,42.03443,-128.1052,Oregon,60.000458,0,0,0,-3124,16.007,0.241629839,71.30523682,90.39990234,620.6448975,9/22/2024,620.2773438,8/22/2024,1092.217529,7/21/2024,440.4397278,6/18/2024,760.7133789,5/20/2024
CalCurCEAS_009,2024-09-22T20:00:00Z,42.027515,-128.114695,Oregon,60.000417,0,0,0,-3108,15.975,0.241629839,71.30523682,90.39990234,620.6448975,9/22/2024,,8/22/2024,1092.217529,7/21/2024,440.4397278,6/18/2024,760.7133789,5/20/2024
CalCurCEAS_009,2024-09-22T21:00:00Z,42.018545,-128.12231,Oregon,60.000417,0,3,4,-3086,15.954,0.241629839,71.30523682,90.39990234,620.6448975,9/22/2024,,8/22/2024,1092.217529,7/21/2024,440.4397278,6/18/2024,760.7133789,5/20/2024
CalCurCEAS_009,2024-09-22T22:00:00Z,42.0092,-128.12932,Oregon,60.000375,0,1,0,-3095,15.829,0.241629839,71.30523682,90.39990234,629.9859009,9/22/2024,,8/22/2024,1108.682007,7/21/2024,409.591156,6/18/2024,814.3007202,5/20/2024
CalCurCEAS_009,2024-09-22T23:00:00Z,41.99366,-128.14118,Northern California,60.000417,0,2,0,-3130,15.829,,,,,9/22/2024,598.9621582,8/22/2024,1108.682007,7/21/2024,409.591156,6/18/2024,814.3007202,5/20/2024
CalCurCEAS_009,2024-09-23T00:00:00Z,41.981875,-128.15128,Northern California,60.00025,0,2,21,-3139,16.24,,,,,9/23/2024,,8/23/2024,981.3381958,7/23/2024,,6/21/2024,691.6300049,5/19/2024
CalCurCEAS_009,2024-09-23T01:00:00Z,41.97092,-128.1617,Northern California,60.000208,0,0,57,-3142,16.284,,,,,9/23/2024,,8/23/2024,981.3381958,7/23/2024,,6/21/2024,691.6300049,5/19/2024
CalCurCEAS_009,2024-09-23T02:00:00Z,41.95458,-128.17219,Northern California,60.000333,0,1,22,-3151,16.334,,,,,9/23/2024,,8/23/2024,981.3381958,7/23/2024,,6/21/2024,691.6300049,5/19/2024
CalCurCEAS_009,2024-09-23T03:00:00Z,41.9374,-128.18285,Northern California,60.000417,0,1,31,-3148,16.382,,,,,9/23/2024,,8/23/2024,948.87146,7/23/2024,,6/21/2024,691.6300049,5/19/2024
CalCurCEAS_009,2024-09-23T04:00:00Z,41.91873,-128.19717,Northern California,60.000375,0,1,15,-3116,16.398,,,,,9/23/2024,,8/23/2024,948.87146,7/23/2024,,6/21/2024,691.6300049,5/19/2024
CalCurCEAS_009,2024-09-23T05:00:00Z,41.913545,-128.2013,Northern California,60.000458,0,0,0,-3117,16.398,,,,,9/23/2024,,8/23/2024,948.87146,7/23/2024,,6/21/2024,722.24646,5/19/2024
CalCurCEAS_009,2024-09-23T06:00:00Z,41.895095,-128.21638,Northern California,60.000375,0,18,0,-3166,16.381,,,,,9/23/2024,,8/23/2024,948.87146,7/23/2024,,6/22/2024,413.4738159,5/20/2024
CalCurCEAS_009,2024-09-23T07:00:00Z,41.88439,-128.2291,Northern California,60.000375,0,12,1,-3156,15.717,,,,,9/23/2024,,8/23/2024,948.87146,7/23/2024,,6/22/2024,413.4738159,5/20/2024
CalCurCEAS_009,2024-09-23T08:00:00Z,41.87455,-128.239485,Northern California,60.000333,0,1,0,-3152,15.736,,,,,9/23/2024,,8/23/2024,1062.601074,7/23/2024,,6/22/2024,377.1551514,5/20/2024
CalCurCEAS_009,2024-09-23T09:00:00Z,41.861465,-128.24978,Northern California,60.000292,0,2,0,-3157,15.757,,,,,9/23/2024,,8/23/2024,1062.601074,7/23/2024,,6/22/2024,377.1551514,5/20/2024
CalCurCEAS_009,2024-09-23T10:00:00Z,41.851895,-128.25934,Northern California,60.000417,0,36,0,-3172,15.772,,,,,9/23/2024,,8/23/2024,1062.601074,7/23/2024,,6/22/2024,340.8365173,5/20/2024
CalCurCEAS_009,2024-09-23T11:00:00Z,41.84337,-128.26607,Northern California,60.000375,0,28,0,-3171,15.803,,,,,9/23/2024,,8/23/2024,1062.601074,7/23/2024,,6/22/2024,339.2077637,5/20/2024
CalCurCEAS_009,2024-09-23T12:00:00Z,41.83474,-128.27041,Northern California,60.000458,0,7,0,-3157,15.807,,,,,9/23/2024,,8/23/2024,1159.22998,7/23/2024,,6/22/2024,339.2077637,5/20/2024
CalCurCEAS_009,2024-09-23T13:00:00Z,41.82433,-128.27408,Northern California,60.000417,0,11,0,-3138,15.841,,,,,9/23/2024,,8/23/2024,1159.22998,7/23/2024,,6/22/2024,339.2077637,5/20/2024
CalCurCEAS_009,2024-09-23T21:00:00Z,41.71676,-128.32557,Northern California,22.000208,0,1,2,-3171,16.178,,,,,9/23/2024,,8/23/2024,1159.22998,7/23/2024,,6/22/2024,414.8618164,5/20/2024
CalCurCEAS_011,2024-09-15T17:00:00Z,43.21613,-125.69411,Oregon,59.966917,0,0,22,-3064,18.649,0.492259979,36.32012939,116,707.4306641,9/15/2024,,8/17/2024,514.4857178,7/18/2024,,6/18/2024,669.7473145,5/19/2024
CalCurCEAS_011,2024-09-15T18:00:00Z,43.229855,-125.68587,Oregon,60.000542,0,1,35,-3064,18.649,0.492259979,36.32012939,116,707.4306641,9/15/2024,,8/17/2024,514.4857178,7/18/2024,,6/18/2024,669.7473145,5/19/2024
CalCurCEAS_011,2024-09-15T19:00:00Z,43.24306,-125.67748,Oregon,60.000375,0,0,8,-3070,18.644,0.492259979,36.32012939,116,707.4306641,9/15/2024,,8/17/2024,514.4857178,7/18/2024,,6/18/2024,669.7473145,5/19/2024
CalCurCEAS_011,2024-09-15T20:00:00Z,43.2546,-125.668405,Oregon,60.000458,0,0,0,-3067,18.644,0.7284168,42.57738113,153.6000977,774.5958252,9/15/2024,,8/17/2024,514.4857178,7/18/2024,,6/18/2024,752.7999878,5/20/2024
CalCurCEAS_011,2024-09-15T21:00:00Z,43.26559,-125.65757,Oregon,60.000375,0,3,3,-3079,18.644,0.485503048,32.20695877,115,629.0462036,9/15/2024,,8/17/2024,514.4857178,7/18/2024,,6/18/2024,768.5065918,5/20/2024
CalCurCEAS_011,2024-09-15T22:00:00Z,43.27223,-125.650065,Oregon,60.000458,0,6,4,-3083,18.637,0.485503048,32.20695877,115,629.0462036,9/15/2024,,8/17/2024,514.4857178,7/18/2024,,6/18/2024,768.5065918,5/20/2024
CalCurCEAS_011,2024-09-15T23:00:00Z,43.279435,-125.6398,Oregon,60.000375,0,0,15,-3073,18.634,0.485503048,32.20695877,115,629.0462036,9/15/2024,,8/17/2024,510.0594482,7/18/2024,,6/18/2024,768.5065918,5/20/2024
CalCurCEAS_011,2024-09-16T00:00:00Z,43.28487,-125.63186,Oregon,60.0005,0,1,13,-3070,18.416,0.306532174,30.86184883,87.60009766,581.9019165,9/16/2024,591.8309326,8/18/2024,492.3370361,7/20/2024,564.8626709,6/23/2024,,5/22/2024
CalCurCEAS_011,2024-09-16T01:00:00Z,43.289865,-125.62595,Oregon,60.00025,0,0,2,-3071,18.416,0.306532174,30.86184883,87.60009766,581.9019165,9/16/2024,591.8309326,8/18/2024,492.3370361,7/20/2024,564.8626709,6/23/2024,,5/22/2024
CalCurCEAS_011,2024-09-16T02:00:00Z,43.296055,-125.619625,Oregon,60.000333,0,9,1,-3071,18.404,0.306532204,30.86184883,87.60009766,581.864502,9/16/2024,591.8309326,8/18/2024,492.3370361,7/20/2024,564.8626709,6/23/2024,,5/22/2024
CalCurCEAS_011,2024-09-16T03:00:00Z,43.30278,-125.61373,Oregon,60.0005,0,0,27,-3070,18.395,0.306532204,30.86184883,87.60009766,581.864502,9/16/2024,591.8231812,8/18/2024,,7/20/2024,565.3082275,6/23/2024,,5/22/2024
CalCurCEAS_011,2024-09-16T04:00:00Z,43.31124,-125.60663,Oregon,60.00025,0,0,10,-3067,18.395,0.306532204,30.86184883,87.60009766,581.864502,9/16/2024,591.8231812,8/18/2024,,7/20/2024,564.5631104,6/23/2024,,5/22/2024
CalCurCEAS_011,2024-09-16T05:00:00Z,43.317143,-125.600563,Oregon,60.000417,0,0,19,-3064,18.386,0.306532204,30.86184883,87.60009766,581.864502,9/16/2024,591.8231812,8/18/2024,,7/20/2024,564.5631104,6/23/2024,970.0761719,5/22/2024
CalCurCEAS_011,2024-09-16T06:00:00Z,43.323245,-125.59228,Oregon,60.000375,0,0,19,-3064,18.386,0.306532204,30.86184883,87.60009766,581.864502,9/16/2024,591.8231812,8/18/2024,,7/20/2024,564.5631104,6/23/2024,970.0761719,5/22/2024
CalCurCEAS_011,2024-09-16T07:00:00Z,43.327305,-125.58553,Oregon,60.000417,0,1,4,-3063,18.246,0.306532204,30.86184883,87.60009766,581.864502,9/16/2024,591.8231812,8/18/2024,,7/20/2024,,6/24/2024,526.9545898,5/23/2024
CalCurCEAS_011,2024-09-16T08:00:00Z,43.32924,-125.57904,Oregon,60.000458,0,0,6,-3065,18.247,,,,,9/16/2024,580.2391357,8/18/2024,,7/20/2024,,6/24/2024,526.9545898,5/23/2024
CalCurCEAS_011,2024-09-16T09:00:00Z,43.32952,-125.57227,Oregon,60.000292,0,0,9,-3065,18.247,,,,,9/16/2024,580.2391357,8/18/2024,,7/20/2024,,6/24/2024,526.9545898,5/23/2024
CalCurCEAS_011,2024-09-16T10:00:00Z,43.327945,-125.566425,Oregon,60.000417,0,0,5,-3065,18.252,,,,,9/16/2024,580.2391357,8/18/2024,479.3815002,7/21/2024,,6/25/2024,,5/24/2024
CalCurCEAS_011,2024-09-16T11:00:00Z,43.32585,-125.55987,Oregon,60.000417,0,0,11,-3065,18.252,,,,,9/16/2024,580.2391357,8/18/2024,476.7677002,7/21/2024,,6/25/2024,,5/24/2024
CalCurCEAS_011,2024-09-16T12:00:00Z,43.32358,-125.554085,Oregon,60.000458,0,1,0,-3067,18.252,,,,,9/16/2024,580.2391357,8/18/2024,476.7677002,7/21/2024,,6/25/2024,,5/24/2024
CalCurCEAS_011,2024-09-16T13:00:00Z,43.32316,-125.548485,Oregon,60.000417,0,0,2,-3066,18.261,,,,,9/16/2024,580.2391357,8/18/2024,476.7677002,7/21/2024,,6/25/2024,,5/24/2024
CalCurCEAS_011,2024-09-16T14:00:00Z,43.32358,-125.54324,Oregon,60.0005,0,0,0,-3065,18.261,,,,,9/16/2024,580.2391357,8/18/2024,476.7677002,7/21/2024,,6/25/2024,,5/24/2024
CalCurCEAS_011,2024-09-16T15:00:00Z,43.32484,-125.53633,Oregon,60.00025,0,7,0,-3063,18.273,,,,,9/16/2024,580.2391357,8/18/2024,476.7677002,7/21/2024,,6/25/2024,,5/24/2024
CalCurCEAS_011,2024-09-16T16:00:00Z,43.32641,-125.52963,Oregon,60.000542,0,0,0,-3064,18.273,,,,,9/16/2024,580.2391357,8/18/2024,471.1367188,7/21/2024,,6/25/2024,,5/24/2024
CalCurCEAS_011,2024-09-16T17:00:00Z,43.328915,-125.51998,Oregon,60.000333,0,0,0,-3065,18.273,,,,,9/16/2024,547.9043579,8/19/2024,591.5462646,7/23/2024,,6/20/2024,,5/24/2024
CalCurCEAS_011,2024-09-16T18:00:00Z,43.33036,-125.50732,Oregon,60.000375,0,0,2,-3065,18.273,,,,,9/16/2024,547.9043579,8/19/2024,591.5462646,7/23/2024,,6/20/2024,,5/24/2024
CalCurCEAS_011,2024-09-16T19:00:00Z,43.3295,-125.496365,Oregon,60.000208,0,0,0,-3064,18.272,,,,,9/16/2024,547.9043579,8/19/2024,591.5462646,7/23/2024,,6/20/2024,,5/24/2024
CalCurCEAS_011,2024-09-16T20:00:00Z,43.327045,-125.483405,Oregon,60.000333,0,0,2,-3064,18.272,,,,,9/16/2024,547.9043579,8/19/2024,593.7972412,7/23/2024,,6/20/2024,,5/24/2024
CalCurCEAS_011,2024-09-16T21:00:00Z,43.32188,-125.46801,Oregon,60.0005,0,0,2,-3062,18.282,,,,,9/16/2024,547.9043579,8/19/2024,591.5462646,7/23/2024,,6/20/2024,,5/24/2024
CalCurCEAS_011,2024-09-16T22:00:00Z,43.31538,-125.4555,Oregon,60.000375,0,0,0,-3062,18.292,,,,,9/16/2024,547.9043579,8/19/2024,580.6109009,7/23/2024,,6/20/2024,,5/24/2024
CalCurCEAS_011,2024-09-16T23:00:00Z,43.306175,-125.443245,Oregon,60.000417,0,0,0,-3062,18.292,,,,,9/16/2024,547.9043579,8/19/2024,580.6109009,7/23/2024,,6/20/2024,,5/24/2024
CalCurCEAS_011,2024-09-17T00:00:00Z,43.29566,-125.431015,Oregon,60.0005,0,0,5,-3063,18.251,,,,,9/17/2024,470.6540222,8/20/2024,532.4840698,7/25/2024,483.5535278,6/24/2024,,5/24/2024
CalCurCEAS_011,2024-09-17T01:00:00Z,43.28706,-125.420585,Oregon,60.000417,0,0,3,-3064,18.219,,,,,9/17/2024,462.062439,8/20/2024,532.4840698,7/25/2024,483.5535278,6/24/2024,,5/24/2024
CalCurCEAS_011,2024-09-17T02:00:00Z,43.28077,-125.41276,Oregon,60.000458,0,1,0,-3064,18.202,,,,,9/17/2024,462.062439,8/20/2024,532.4840698,7/25/2024,483.5535278,6/24/2024,,5/24/2024
CalCurCEAS_011,2024-09-17T03:00:00Z,43.2709,-125.40224,Oregon,60.0005,0,0,14,-3067,18.197,,,,,9/17/2024,462.062439,8/20/2024,532.4840698,7/25/2024,485.2554016,6/24/2024,,5/24/2024
CalCurCEAS_011,2024-09-17T04:00:00Z,43.26383,-125.39533,Oregon,60.000375,0,2,15,-3066,18.197,,,,,9/17/2024,,8/21/2024,601.5202637,7/18/2024,,6/19/2024,,5/22/2024
CalCurCEAS_011,2024-09-17T05:00:00Z,43.26049,-125.39162,Oregon,60.000542,0,6,10,-3067,18.223,,,,,9/17/2024,,8/21/2024,601.5202637,7/18/2024,,6/20/2024,,5/24/2024
CalCurCEAS_011,2024-09-17T06:00:00Z,43.25714,-125.38442,Oregon,60.000375,0,4,6,-3066,18.223,,,,,9/17/2024,552.8168945,8/21/2024,601.5202637,7/18/2024,,6/20/2024,,5/24/2024
CalCurCEAS_011,2024-09-17T07:00:00Z,43.25364,-125.37616,Oregon,60.000417,0,0,5,-3066,18.217,,,,,9/17/2024,552.8168945,8/21/2024,602.0032349,7/18/2024,,6/20/2024,,5/24/2024
CalCurCEAS_011,2024-09-17T08:00:00Z,43.249935,-125.36836,Oregon,60.000458,0,0,12,-3066,18.202,,,,,9/17/2024,552.8168945,8/21/2024,602.0032349,7/18/2024,,6/20/2024,,5/24/2024
CalCurCEAS_011,2024-09-17T09:00:00Z,43.244825,-125.354885,Oregon,60.000417,0,0,13,-3015,18.188,,,,,9/17/2024,552.8168945,8/21/2024,602.0032349,7/18/2024,,6/20/2024,,5/24/2024
CalCurCEAS_011,2024-09-17T10:00:00Z,43.23771,-125.34074,Oregon,60.000375,0,1,12,-3009,18.188,,,,,9/17/2024,552.8168945,8/21/2024,,7/18/2024,,6/20/2024,,5/24/2024
CalCurCEAS_011,2024-09-17T11:00:00Z,43.2297,-125.32556,Oregon,60.000375,0,1,1,-2971,18.172,,,,,9/17/2024,552.8168945,8/21/2024,,7/18/2024,,6/20/2024,,5/24/2024
CalCurCEAS_011,2024-09-17T12:00:00Z,43.219275,-125.310995,Oregon,60.000417,0,0,0,-3001,18.172,,,,,9/17/2024,552.8168945,8/21/2024,,7/19/2024,570.1342163,6/21/2024,,5/24/2024
CalCurCEAS_011,2024-09-17T13:00:00Z,43.20777,-125.29627,Oregon,60.000417,0,0,2,-2789,18.172,,,,,9/17/2024,,8/21/2024,,7/19/2024,571.8879395,6/21/2024,,5/24/2024
CalCurCEAS_011,2024-09-17T14:00:00Z,43.19818,-125.2854,Oregon,60.000333,0,0,10,-2572,18.156,,,,,9/17/2024,,8/21/2024,,7/19/2024,571.8879395,6/21/2024,,5/24/2024
CalCurCEAS_011,2024-09-17T15:00:00Z,43.186005,-125.27505,Oregon,60.000458,0,0,6,-2484,18.145,,,,,9/17/2024,,8/21/2024,,7/19/2024,571.8879395,6/21/2024,,5/24/2024
CalCurCEAS_011,2024-09-17T16:00:00Z,43.17348,-125.265585,Oregon,60.000542,0,0,1,-2293,18.145,,,,,9/17/2024,,8/21/2024,,7/19/2024,,6/22/2024,722.24646,5/19/2024
CalCurCEAS_011,2024-09-17T17:00:00Z,43.16424,-125.25899,Oregon,60.000417,0,0,2,-2236,18.137,,,,,9/17/2024,,8/21/2024,,7/19/2024,,6/22/2024,722.24646,5/19/2024
CalCurCEAS_011,2024-09-17T18:00:00Z,43.15976,-125.25611,Oregon,60.000458,0,0,1,-2207,18.105,,,,,9/17/2024,,8/21/2024,,7/19/2024,546.0030518,6/22/2024,722.24646,5/19/2024
CalCurCEAS_011,2024-09-17T19:00:00Z,43.149505,-125.251845,Oregon,60.00025,0,0,0,-2205,18.101,,,,,9/17/2024,,8/21/2024,,7/19/2024,546.0030518,6/22/2024,734.1572266,5/19/2024
CalCurCEAS_011,2024-09-17T20:00:00Z,43.141605,-125.245535,Oregon,60.000458,0,0,0,-2152,18.097,,,,,9/17/2024,,8/21/2024,,7/19/2024,546.0030518,6/22/2024,734.1572266,5/19/2024
CalCurCEAS_011,2024-09-17T21:00:00Z,43.13725,-125.23959,Oregon,60.000375,0,0,2,-2153,18.093,,,,,9/17/2024,,8/22/2024,,7/20/2024,,6/24/2024,,5/23/2024
CalCurCEAS_011,2024-09-17T22:00:00Z,43.13139,-125.23073,Oregon,60.000333,0,0,6,-2118,18.097,,,,,9/17/2024,,8/22/2024,,7/20/2024,,6/24/2024,,5/23/2024
CalCurCEAS_011,2024-09-17T23:00:00Z,43.123155,-125.22024,Oregon,60.00025,0,6,1,-1954,18.097,,,,,9/17/2024,,8/22/2024,,7/20/2024,,6/24/2024,,5/23/2024
CalCurCEAS_011,2024-09-18T00:00:00Z,43.11319,-125.210645,Oregon,60.0005,0,1,11,-1790,17.633,,,,,9/18/2024,,8/23/2024,,7/22/2024,,6/19/2024,,5/24/2024
CalCurCEAS_011,2024-09-18T01:00:00Z,43.10503,-125.20363,Oregon,60.000333,0,6,1,-1697,17.627,,,,,9/18/2024,,8/23/2024,,7/22/2024,,6/19/2024,,5/24/2024
CalCurCEAS_011,2024-09-18T02:00:00Z,43.09434,-125.1953,Oregon,60.000375,0,2,8,-1748,17.622,,,,,9/18/2024,,8/23/2024,,7/22/2024,676.4797363,6/19/2024,,5/24/2024
CalCurCEAS_011,2024-09-18T03:00:00Z,43.08586,-125.188865,Oregon,60.0005,0,0,3,-1743,17.618,,,,,9/18/2024,,8/23/2024,,7/22/2024,,6/20/2024,,5/24/2024
CalCurCEAS_011,2024-09-18T04:00:00Z,43.07847,-125.18301,Oregon,60.000333,0,0,5,-1698,17.598,,,,,9/18/2024,,8/23/2024,,7/22/2024,,6/20/2024,,5/24/2024
CalCurCEAS_011,2024-09-18T05:00:00Z,43.072603,-125.18047,Oregon,60.00025,0,0,33,-1739,17.581,,,,,9/18/2024,,8/23/2024,,7/22/2024,,6/20/2024,,5/24/2024
CalCurCEAS_011,2024-09-18T06:00:00Z,43.067885,-125.17918,Oregon,60.000458,0,1,23,-1788,17.578,,,,,9/18/2024,,8/23/2024,,7/22/2024,,6/20/2024,,5/24/2024
CalCurCEAS_011,2024-09-18T07:00:00Z,43.063755,-125.177405,Oregon,60.000458,0,0,2,-1832,17.559,,,,,9/18/2024,,8/23/2024,,7/22/2024,,6/20/2024,,5/24/2024
CalCurCEAS_011,2024-09-18T08:00:00Z,43.06152,-125.17462,Oregon,60.000333,0,0,7,-1840,17.56,,,,,9/18/2024,,8/23/2024,,7/22/2024,,6/20/2024,,5/24/2024
CalCurCEAS_011,2024-09-18T09:00:00Z,43.058805,-125.17146,Oregon,60.000333,0,0,3,-1840,17.545,,,,,9/18/2024,,8/23/2024,,7/22/2024,,6/20/2024,,5/24/2024
CalCurCEAS_011,2024-09-18T10:00:00Z,43.05376,-125.16547,Oregon,60.000333,0,0,7,-1839,17.549,,,,,9/18/2024,,8/23/2024,,7/22/2024,,6/20/2024,,5/24/2024
CalCurCEAS_011,2024-09-18T11:00:00Z,43.0467,-125.158385,Oregon,60.000417,0,1,0,-1820,17.553,,,,,9/18/2024,,8/23/2024,,7/22/2024,,6/20/2024,,5/24/2024
CalCurCEAS_011,2024-09-18T12:00:00Z,43.03772,-125.15224,Oregon,60.000292,0,0,3,-1801,17.558,,,,,9/18/2024,,8/23/2024,1026.019043,7/23/2024,,6/21/2024,630.1414795,5/19/2024
CalCurCEAS_011,2024-09-18T13:00:00Z,43.0292,-125.14758,Oregon,60.000458,0,0,0,-1846,17.563,,,,,9/18/2024,,8/23/2024,1026.019043,7/23/2024,,6/21/2024,657.867981,5/19/2024
CalCurCEAS_011,2024-09-18T14:00:00Z,43.017355,-125.141735,Oregon,60.000417,0,2,1,-1912,17.563,,,,,9/18/2024,,8/23/2024,1026.019043,7/23/2024,,6/21/2024,657.867981,5/19/2024
CalCurCEAS_011,2024-09-18T15:00:00Z,43.00923,-125.13872,Oregon,59.983708,0,1,0,-1936,17.554,,,,,9/18/2024,,8/23/2024,1026.019043,7/23/2024,,6/21/2024,657.867981,5/19/2024
CalCurCEAS_011,2024-09-18T16:00:00Z,42.99991,-125.13672,Oregon,60.0005,0,0,1,-1885,17.545,,,,,9/18/2024,,8/23/2024,1026.019043,7/23/2024,,6/21/2024,657.867981,5/19/2024
CalCurCEAS_011,2024-09-18T17:00:00Z,42.99269,-125.13651,Oregon,60.000417,1,1,3,-1898,17.537,,,,,9/18/2024,,8/23/2024,946.4547729,7/23/2024,,6/21/2024,657.867981,5/19/2024
CalCurCEAS_011,2024-09-18T18:00:00Z,42.98677,-125.138795,Oregon,60.000375,0,0,50,-1914,17.299,,,,,9/18/2024,,8/23/2024,946.4547729,7/23/2024,,6/21/2024,657.867981,5/19/2024
CalCurCEAS_011,2024-09-18T19:00:00Z,42.98354,-125.14132,Oregon,60.000333,0,0,31,-1914,17.303,,,,,9/18/2024,,8/23/2024,946.4547729,7/23/2024,,6/21/2024,691.6300049,5/19/2024
CalCurCEAS_011,2024-09-18T20:00:00Z,42.98061,-125.144385,Oregon,60.000458,0,0,5,-1893,17.308,,,,,9/18/2024,,8/23/2024,908.3679199,7/23/2024,,6/21/2024,691.6300049,5/19/2024
CalCurCEAS_011,2024-09-18T21:00:00Z,42.97677,-125.14728,Oregon,60.000458,0,0,32,-1930,17.324,,,,,9/18/2024,512.7357788,8/24/2024,,7/24/2024,571.8919678,6/23/2024,970.0761108,5/22/2024
CalCurCEAS_011,2024-09-18T22:00:00Z,42.97227,-125.148655,Oregon,60.000375,0,0,67,-1944,17.313,,,,,9/18/2024,512.7357788,8/24/2024,,7/24/2024,571.8919678,6/23/2024,970.0761108,5/22/2024
CalCurCEAS_011,2024-09-18T23:00:00Z,42.96685,-125.14934,Oregon,60.000292,0,15,35,-1950,17.331,,,,,9/18/2024,505.9568787,8/24/2024,,7/24/2024,571.8919678,6/23/2024,970.0761108,5/22/2024
CalCurCEAS_011,2024-09-19T00:00:00Z,42.95885,-125.14687,Oregon,60.000417,0,5,14,-1910,17.368,0.582822323,31.20715714,131.199707,613.0771484,9/19/2024,481.7382507,8/24/2024,1252.43396,7/24/2024,595.2232666,6/23/2024,526.9545898,5/23/2024
CalCurCEAS_011,2024-09-19T01:00:00Z,42.951575,-125.145875,Oregon,60.000417,0,4,25,-1934,17.374,0.575600743,30.2633152,130,607.0593262,9/19/2024,938.5285034,8/16/2024,504.7670593,7/18/2024,,6/18/2024,659.7287598,5/19/2024
CalCurCEAS_011,2024-09-19T02:00:00Z,42.939735,-125.147055,Oregon,60.000333,0,8,28,-1995,17.378,0.575600743,30.2633152,130,607.0593262,9/19/2024,938.5285034,8/16/2024,504.7670593,7/18/2024,,6/18/2024,659.7287598,5/19/2024
CalCurCEAS_011,2024-09-19T03:00:00Z,42.93189,-125.14747,Oregon,60.000458,0,1,19,-1854,17.378,0.575600743,30.2633152,130,607.0593262,9/19/2024,938.5285034,8/16/2024,504.7670593,7/18/2024,,6/18/2024,659.7287598,5/19/2024
CalCurCEAS_011,2024-09-19T04:00:00Z,42.9265,-125.14814,Oregon,60.000208,0,5,21,-1826,17.386,0.575600743,30.2633152,130,607.0593262,9/19/2024,909.8877563,8/16/2024,504.7670593,7/18/2024,,6/18/2024,659.7287598,5/19/2024
CalCurCEAS_011,2024-09-19T05:00:00Z,42.920687,-125.15127,Oregon,60.000375,0,12,0,-1964,17.394,0.575600743,30.2633152,130,607.0593262,9/19/2024,902.8890991,8/16/2024,514.4857178,7/18/2024,,6/18/2024,659.7287598,5/19/2024
CalCurCEAS_011,2024-09-19T06:00:00Z,42.91761,-125.15614,Oregon,60.000375,0,3,1,-1982,17.395,0.575600743,30.2633152,130,607.0593262,9/19/2024,902.8890991,8/16/2024,514.4857178,7/18/2024,,6/18/2024,659.7287598,5/19/2024
CalCurCEAS_011,2024-09-19T07:00:00Z,42.91582,-125.15979,Oregon,60.000417,0,4,5,-2014,17.395,0.582822323,30.2633152,131.199707,607.0593262,9/19/2024,902.8890991,8/16/2024,514.4857178,7/18/2024,,6/18/2024,659.7287598,5/19/2024
CalCurCEAS_011,2024-09-19T08:00:00Z,42.91416,-125.16392,Oregon,60.000375,0,1,0,-2026,17.386,0.582822323,30.2633152,131.199707,607.0593262,9/19/2024,,8/17/2024,,7/19/2024,,6/20/2024,,5/24/2024
CalCurCEAS_011,2024-09-19T09:00:00Z,42.91013,-125.16783,Oregon,60.000458,0,3,20,-2062,17.382,0.555093229,30.01264381,126.6000977,607.0593262,9/19/2024,,8/17/2024,,7/19/2024,,6/20/2024,,5/24/2024
CalCurCEAS_011,2024-09-19T10:00:00Z,42.90637,-125.17035,Oregon,60.000458,0,0,23,-2087,17.363,0.555093229,30.01264381,126.6000977,607.0593262,9/19/2024,,8/17/2024,,7/19/2024,,6/20/2024,,5/24/2024
CalCurCEAS_011,2024-09-19T11:00:00Z,42.90201,-125.172795,Oregon,60.000375,0,0,31,-2149,17.351,0.555093229,30.01264381,126.6000977,607.0593262,9/19/2024,,8/17/2024,,7/19/2024,,6/20/2024,,5/24/2024
CalCurCEAS_011,2024-09-19T12:00:00Z,42.89582,-125.17606,Oregon,60.000417,0,0,21,-2132,17.341,0.555093229,30.01264381,126.6000977,607.0593262,9/19/2024,,8/17/2024,,7/19/2024,,6/20/2024,,5/24/2024
CalCurCEAS_011,2024-09-19T13:00:00Z,42.888415,-125.180455,Oregon,60.000542,0,0,1,-2193,17.318,0.555093229,30.01264381,126.6000977,607.0593262,9/19/2024,,8/17/2024,,7/19/2024,,6/20/2024,,5/24/2024
CalCurCEAS_011,2024-09-19T14:00:00Z,42.88252,-125.18516,Oregon,60.000292,0,1,6,-2350,17.318,0.555093229,30.01264381,126.6000977,607.0593262,9/19/2024,,8/17/2024,,7/19/2024,,6/20/2024,,5/24/2024
CalCurCEAS_011,2024-09-19T15:00:00Z,42.87743,-125.19045,Oregon,60.0005,0,0,10,-2403,17.318,0.555093229,30.01264381,126.6000977,607.0593262,9/19/2024,,8/17/2024,,7/19/2024,,6/20/2024,,5/24/2024
CalCurCEAS_011,2024-09-19T16:00:00Z,42.8735,-125.197995,Oregon,60.000375,0,0,1,-2394,17.327,0.599671721,31.41721535,133.7998047,607.2330933,9/19/2024,,8/17/2024,,7/19/2024,,6/20/2024,,5/24/2024
CalCurCEAS_011,2024-09-19T17:00:00Z,42.87187,-125.20663,Oregon,60.000417,0,17,19,-2378,17.354,0.599671721,31.41721535,133.7998047,607.2330933,9/19/2024,,8/17/2024,,7/19/2024,,6/20/2024,,5/24/2024
CalCurCEAS_011,2024-09-19T18:00:00Z,42.872255,-125.21429,Oregon,60.000583,0,5,69,-2390,17.369,0.534264266,30.88109589,123.199707,607.2330933,9/19/2024,,8/17/2024,,7/19/2024,580.5893555,6/21/2024,,5/24/2024
CalCurCEAS_011,2024-09-19T19:00:00Z,42.872495,-125.22208,Oregon,60.000375,0,0,5,-2492,17.376,0.534264266,30.88109589,123.199707,607.2330933,9/19/2024,,8/17/2024,,7/19/2024,583.640625,6/21/2024,,5/24/2024
CalCurCEAS_011,2024-09-19T20:00:00Z,42.87253,-125.22788,Oregon,60.000292,0,0,11,-2577,17.39,0.534264266,30.88109589,123.199707,607.2330933,9/19/2024,,8/17/2024,,7/19/2024,583.640625,6/21/2024,,5/24/2024
CalCurCEAS_011,2024-09-19T21:00:00Z,42.87233,-125.23511,Oregon,60.000333,0,5,1,-2863,17.397,0.534264266,30.88109589,123.199707,607.2330933,9/19/2024,,8/17/2024,,7/19/2024,583.640625,6/21/2024,,5/24/2024
CalCurCEAS_011,2024-09-19T22:00:00Z,42.87037,-125.238735,Oregon,60.000417,0,0,6,-2962,17.408,0.534264266,30.88109589,123.199707,607.2330933,9/19/2024,,8/17/2024,,7/19/2024,583.640625,6/21/2024,,5/24/2024
CalCurCEAS_011,2024-09-19T23:00:00Z,42.86627,-125.24444,Oregon,60.000375,0,0,4,-3024,17.411,0.534264266,30.88109589,123.199707,607.2330933,9/19/2024,,8/17/2024,,7/19/2024,583.640625,6/21/2024,,5/24/2024
CalCurCEAS_011,2024-09-20T00:00:00Z,42.86219,-125.24963,Oregon,60.000333,0,4,3,-3046,16.444,0.851045668,34.42676926,171.199707,625.0737915,9/20/2024,739.8689575,8/18/2024,,7/22/2024,390.3962097,6/18/2024,,5/21/2024
CalCurCEAS_011,2024-09-20T01:00:00Z,42.858055,-125.254395,Oregon,60.000458,0,0,14,-3079,16.446,0.750525355,34.78643036,156.7998047,641.585022,9/20/2024,739.8689575,8/18/2024,,7/22/2024,412.1927185,6/18/2024,,5/21/2024
CalCurCEAS_011,2024-09-20T02:00:00Z,42.85335,-125.260375,Oregon,60.000625,0,0,3,-3079,16.452,0.750525355,34.78643036,156.7998047,641.585022,9/20/2024,730.0789185,8/18/2024,,7/22/2024,412.1927185,6/18/2024,,5/21/2024
CalCurCEAS_011,2024-09-20T03:00:00Z,42.848,-125.270075,Oregon,60.000375,0,0,0,-3077,16.484,0.750525355,34.78643036,156.7998047,641.585022,9/20/2024,730.0789185,8/18/2024,,7/22/2024,,6/19/2024,,5/22/2024
CalCurCEAS_011,2024-09-20T04:00:00Z,42.84633,-125.27731,Oregon,60.000417,0,0,5,-3075,16.466,0.750525355,34.78643036,156.7998047,641.585022,9/20/2024,711.5197754,8/18/2024,,7/22/2024,,6/19/2024,,5/22/2024
CalCurCEAS_011,2024-09-20T05:00:00Z,42.846727,-125.286017,Oregon,60.000625,0,0,13,-3074,16.451,0.750525355,34.78643036,156.7998047,641.585022,9/20/2024,711.5197754,8/18/2024,,7/22/2024,,6/19/2024,,5/22/2024
CalCurCEAS_011,2024-09-20T06:00:00Z,42.84898,-125.29547,Oregon,60.000333,0,0,19,-3073,16.486,0.725955546,34.78643036,153.199707,641.585022,9/20/2024,711.5197754,8/18/2024,,7/22/2024,,6/19/2024,,5/22/2024
CalCurCEAS_011,2024-09-20T07:00:00Z,42.85241,-125.30229,Oregon,60.000292,0,0,73,-3073,16.469,0.725955546,34.78643036,153.199707,641.585022,9/20/2024,711.5197754,8/18/2024,,7/22/2024,,6/19/2024,,5/23/2024
CalCurCEAS_011,2024-09-20T08:00:00Z,42.856245,-125.31083,Oregon,60.000375,0,0,29,-3072,16.477,0.725955546,34.78643036,153.199707,641.585022,9/20/2024,683.43927,8/18/2024,,7/22/2024,,6/19/2024,,5/23/2024
CalCurCEAS_011,2024-09-20T09:00:00Z,42.86017,-125.31717,Oregon,60.000375,0,0,112,-3071,16.464,0.725955546,34.78643036,153.199707,641.585022,9/20/2024,683.43927,8/18/2024,,7/22/2024,,6/19/2024,,5/23/2024
CalCurCEAS_011,2024-09-20T10:00:00Z,42.86085,-125.32188,Oregon,60.000458,0,0,68,-3071,16.494,0.725955546,34.78643036,153.199707,641.585022,9/20/2024,683.43927,8/18/2024,,7/22/2024,,6/19/2024,,5/23/2024
CalCurCEAS_011,2024-09-20T11:00:00Z,42.859445,-125.325335,Oregon,60.0005,0,0,166,-3071,16.528,0.725955546,34.78643036,153.199707,641.585022,9/20/2024,707.3876343,8/18/2024,,7/22/2024,,6/19/2024,,5/23/2024
CalCurCEAS_011,2024-09-20T12:00:00Z,42.85755,-125.329325,Oregon,60.000333,0,0,132,-3072,16.578,0.725955546,34.78643036,153.199707,641.585022,9/20/2024,707.3876343,8/18/2024,591.5462646,7/23/2024,,6/20/2024,,5/24/2024
CalCurCEAS_011,2024-09-20T13:00:00Z,42.85635,-125.33306,Oregon,60.0005,0,0,79,-3072,16.637,0.725955546,34.78643036,153.199707,641.585022,9/20/2024,707.3876343,8/18/2024,591.5462646,7/23/2024,,6/20/2024,,5/24/2024
CalCurCEAS_011,2024-09-20T14:00:00Z,42.85355,-125.338955,Oregon,60.000417,0,0,100,-3073,16.695,0.725955546,35.67372131,153.199707,677.3519287,9/20/2024,662.8843994,8/18/2024,591.5462646,7/23/2024,,6/20/2024,,5/24/2024
CalCurCEAS_011,2024-09-20T15:00:00Z,42.85057,-125.347795,Oregon,60.000375,0,0,26,-3077,16.799,0.725955546,35.67372131,153.199707,677.3519287,9/20/2024,,8/19/2024,602.9112549,7/24/2024,,6/22/2024,400.2497253,5/20/2024
CalCurCEAS_011,2024-09-20T16:00:00Z,42.84999,-125.35671,Oregon,60.000333,0,0,33,-3079,16.842,0.725955546,35.67372131,153.199707,677.3519287,9/20/2024,,8/19/2024,595.8251343,7/24/2024,,6/22/2024,400.2497253,5/20/2024
CalCurCEAS_011,2024-09-20T17:00:00Z,42.851435,-125.36736,Oregon,60.0005,0,0,23,-3079,16.842,0.725955546,35.67372131,153.199707,677.3519287,9/20/2024,,8/19/2024,602.7557983,7/24/2024,,6/22/2024,493.7029114,5/20/2024
CalCurCEAS_011,2024-09-20T18:00:00Z,42.85389,-125.37632,Oregon,60.000458,0,0,38,-3079,16.878,0.781842232,36.01400757,161.199707,774.2533569,9/20/2024,,8/19/2024,602.7557983,7/24/2024,,6/22/2024,,5/21/2024
CalCurCEAS_011,2024-09-20T19:00:00Z,42.85943,-125.3871,Oregon,60.000292,0,0,7,-3074,16.916,0.781842232,36.01400757,161.199707,774.2533569,9/20/2024,,8/19/2024,592.2307739,7/24/2024,,6/22/2024,,5/21/2024
CalCurCEAS_011,2024-09-20T20:00:00Z,42.86421,-125.39587,Oregon,60.000375,0,0,7,-3074,16.907,0.781842232,36.01400757,161.199707,774.2533569,9/20/2024,,8/19/2024,593.0418091,7/24/2024,,6/22/2024,,5/21/2024
CalCurCEAS_011,2024-09-20T21:00:00Z,42.868445,-125.40354,Oregon,60.000375,0,0,39,-3074,16.931,0.781842232,36.01400757,161.199707,774.2533569,9/20/2024,,8/19/2024,593.0418091,7/24/2024,,6/22/2024,,5/21/2024
CalCurCEAS_011,2024-09-20T22:00:00Z,42.87075,-125.41295,Oregon,60.000458,0,0,13,-3077,16.95,0.781842232,36.01400757,161.199707,774.2533569,9/20/2024,,8/19/2024,593.9439697,7/24/2024,,6/22/2024,,5/21/2024
CalCurCEAS_011,2024-09-20T23:00:00Z,42.87111,-125.41992,Oregon,60.000417,0,0,8,-3076,16.488,0.851539969,36.01400757,171.199707,836.9255981,9/20/2024,,8/19/2024,593.9439697,7/24/2024,,6/22/2024,,5/21/2024
CalCurCEAS_011,2024-09-21T00:00:00Z,42.87097,-125.427055,Oregon,60.000417,0,0,41,-3079,16.383,0.854393244,40.74023438,171.7998047,844.1812134,9/21/2024,539.7237549,8/20/2024,568.1690674,7/18/2024,,6/19/2024,,5/21/2024
CalCurCEAS_011,2024-09-21T01:00:00Z,42.86999,-125.434405,Oregon,60.000417,0,0,12,-3086,16.297,0.854393244,40.74023438,171.7998047,844.1812134,9/21/2024,539.7237549,8/20/2024,567.8189697,7/18/2024,,6/19/2024,,5/21/2024
CalCurCEAS_011,2024-09-21T02:00:00Z,42.86856,-125.44151,Oregon,60.000417,0,0,2,-3086,16.297,0.854393244,40.74023438,171.7998047,844.1812134,9/21/2024,539.7237549,8/20/2024,567.8189697,7/18/2024,,6/19/2024,,5/21/2024
CalCurCEAS_011,2024-09-21T03:00:00Z,42.86729,-125.44687,Oregon,60.000292,0,0,52,-3082,16.234,0.854393244,40.74023438,171.7998047,844.1812134,9/21/2024,539.7237549,8/20/2024,567.8189697,7/18/2024,,6/19/2024,,5/21/2024
CalCurCEAS_011,2024-09-21T04:00:00Z,42.86648,-125.455585,Oregon,53.905917,0,0,157,-3077,16.279,0.854393244,40.74023438,171.7998047,844.1812134,9/21/2024,539.7237549,8/20/2024,567.8189697,7/18/2024,,6/19/2024,,5/21/2024
CalCurCEAS_011,2024-09-21T05:00:00Z,42.866513,-125.46421,Oregon,60.000583,0,0,77,-3075,16.279,0.86434418,40.30979156,173.199707,850.5219727,9/21/2024,539.7237549,8/20/2024,567.8189697,7/18/2024,,6/19/2024,,5/21/2024
CalCurCEAS_011,2024-09-21T06:00:00Z,42.86758,-125.47393,Oregon,60.000333,0,0,68,-3073,16.228,0.86434418,40.30979156,173.199707,850.5219727,9/21/2024,539.7237549,8/20/2024,567.8189697,7/18/2024,,6/19/2024,,5/21/2024
CalCurCEAS_011,2024-09-21T07:00:00Z,42.8707,-125.48824,Oregon,60.000375,0,0,98,-3072,16.267,0.86434418,40.30979156,173.199707,850.5219727,9/21/2024,545.0063477,8/20/2024,596.4083252,7/18/2024,,6/19/2024,,5/21/2024
CalCurCEAS_011,2024-09-21T08:00:00Z,42.8741,-125.500455,Oregon,60.000417,0,0,57,-3074,16.267,0.865125299,40.25113678,173.199707,855.3560181,9/21/2024,545.0063477,8/20/2024,596.4083252,7/18/2024,,6/19/2024,,5/21/2024
CalCurCEAS_011,2024-09-21T09:00:00Z,42.87775,-125.51288,Oregon,60.00025,0,0,62,-3075,16.213,0.811208606,40.25113678,165.6000977,816.2659302,9/21/2024,545.456604,8/20/2024,596.4083252,7/18/2024,,6/19/2024,,5/22/2024
CalCurCEAS_011,2024-09-21T10:00:00Z,42.880985,-125.523465,Oregon,60.000375,0,0,9,-3075,16.241,0.811208606,40.25113678,165.6000977,816.2659302,9/21/2024,545.456604,8/20/2024,596.4083252,7/18/2024,,6/19/2024,,5/22/2024
CalCurCEAS_011,2024-09-21T11:00:00Z,42.8863,-125.54062,Oregon,60.000333,0,2,45,-3073,16.183,0.811208606,40.25113678,165.6000977,816.2659302,9/21/2024,545.456604,8/20/2024,596.4083252,7/18/2024,,6/19/2024,,5/22/2024
CalCurCEAS_011,2024-09-21T12:00:00Z,42.888975,-125.555655,Oregon,60.000417,0,0,28,-3071,16.141,0.848716915,39.73348999,171,840.0709839,9/21/2024,545.456604,8/20/2024,596.4083252,7/18/2024,,6/19/2024,,5/22/2024
CalCurCEAS_011,2024-09-21T13:00:00Z,42.89231,-125.57139,Oregon,60.000417,0,2,12,-3069,16.141,0.848716915,39.73348999,171,840.0709839,9/21/2024,545.456604,8/20/2024,596.4083252,7/18/2024,,6/19/2024,,5/22/2024
CalCurCEAS_011,2024-09-21T14:00:00Z,42.898315,-125.586125,Oregon,60.000375,0,0,49,-3066,16.084,0.848716915,39.42931747,171,859.9465942,9/21/2024,545.456604,8/20/2024,601.5202637,7/18/2024,,6/19/2024,,5/22/2024
CalCurCEAS_011,2024-09-21T15:00:00Z,42.90423,-125.6012,Oregon,60.000417,0,1,44,-3063,16.093,0.848716915,39.42931747,171,859.9465942,9/21/2024,,8/21/2024,,7/19/2024,548.0631104,6/22/2024,734.1572266,5/19/2024
CalCurCEAS_011,2024-09-21T16:00:00Z,42.91209,-125.614835,Oregon,60.000333,0,2,8,-3064,16.093,0.848716915,39.42931747,171,859.9465942,9/21/2024,,8/21/2024,,7/19/2024,548.0631104,6/22/2024,746.0680542,5/19/2024
CalCurCEAS_011,2024-09-21T17:00:00Z,42.92141,-125.628545,Oregon,60.000333,0,10,0,-3066,16.104,0.817231119,39.42931747,166.6000977,829.4880371,9/21/2024,,8/21/2024,753.6484375,7/19/2024,548.0631104,6/22/2024,746.0680542,5/19/2024
CalCurCEAS_011,2024-09-21T18:00:00Z,42.932395,-125.641365,Oregon,60.0005,0,15,29,-3067,16.117,0.817231119,39.42931747,166.6000977,829.4880371,9/21/2024,,8/21/2024,753.6484375,7/19/2024,546.0030518,6/22/2024,447.1869812,5/20/2024
CalCurCEAS_011,2024-09-21T19:00:00Z,42.9414,-125.65134,Oregon,60.000417,0,1,63,-3058,16.13,0.817231119,39.42931747,166.6000977,829.4880371,9/21/2024,,8/21/2024,753.6484375,7/19/2024,564.5426636,6/22/2024,439.4249573,5/20/2024
CalCurCEAS_011,2024-09-21T20:00:00Z,42.94998,-125.66191,Oregon,60.000292,0,4,72,-3055,16.13,0.817231119,39.42931747,166.6000977,829.4880371,9/21/2024,,8/21/2024,753.6484375,7/19/2024,564.5426636,6/22/2024,449.9372864,5/20/2024
CalCurCEAS_011,2024-09-21T21:00:00Z,42.95971,-125.67511,Oregon,60.000458,0,23,2,-3060,16.13,0.731352448,38.35324478,154,767.9186401,9/21/2024,,8/21/2024,753.6484375,7/19/2024,564.5426636,6/22/2024,449.9372864,5/20/2024
CalCurCEAS_011,2024-09-21T22:00:00Z,42.96528,-125.690935,Oregon,60.000417,0,27,14,-3063,15.75,0.731352448,38.35324478,154,767.9186401,9/21/2024,,8/21/2024,753.6484375,7/19/2024,585.6983643,6/22/2024,449.9372864,5/20/2024
CalCurCEAS_011,2024-09-21T23:00:00Z,42.96949,-125.7034,Oregon,60.000458,1,35,3,-3062,15.75,0.731352448,38.35324478,154,767.9186401,9/21/2024,,8/21/2024,747.2102051,7/19/2024,588.5938721,6/22/2024,449.9372864,5/20/2024
CalCurCEAS_011,2024-09-22T00:00:00Z,42.9726,-125.71473,Oregon,60.000458,0,12,14,-3060,15.832,,,,,9/22/2024,598.9621582,8/22/2024,1102.519775,7/21/2024,409.591156,6/18/2024,814.3007202,5/20/2024
CalCurCEAS_011,2024-09-22T01:00:00Z,42.977195,-125.73224,Oregon,60.000333,0,6,12,-3055,15.837,,,,,9/22/2024,598.9621582,8/22/2024,1102.519775,7/21/2024,409.591156,6/18/2024,814.3007202,5/20/2024
CalCurCEAS_011,2024-09-22T02:00:00Z,42.98168,-125.751215,Oregon,60.000542,0,18,61,-3053,15.841,,,,,9/22/2024,598.9621582,8/22/2024,1102.519775,7/21/2024,409.591156,6/18/2024,814.3007202,5/20/2024
CalCurCEAS_011,2024-09-22T03:00:00Z,42.985195,-125.767525,Oregon,60.000417,0,2,77,-3059,15.841,,,,,9/22/2024,598.9621582,8/22/2024,1102.519775,7/21/2024,409.591156,6/18/2024,814.3007202,5/20/2024
CalCurCEAS_011,2024-09-22T04:00:00Z,42.990555,-125.785795,Oregon,60.000542,0,1,51,-3064,15.844,,,,,9/22/2024,598.9621582,8/22/2024,1102.519775,7/21/2024,409.591156,6/18/2024,814.3007202,5/20/2024
CalCurCEAS_011,2024-09-22T05:00:00Z,42.995225,-125.796685,Oregon,60.000417,0,0,51,-3062,15.85,,,,,9/22/2024,602.3771973,8/22/2024,1102.519775,7/21/2024,390.3962097,6/18/2024,814.3007202,5/20/2024
CalCurCEAS_011,2024-09-22T06:00:00Z,43.00682,-125.81677,Oregon,60.000375,0,0,36,-3061,15.855,,,,,9/22/2024,602.3771973,8/22/2024,1031.877686,7/22/2024,,6/19/2024,,5/23/2024
CalCurCEAS_011,2024-09-22T07:00:00Z,43.01528,-125.83028,Oregon,60.000333,0,0,10,-3064,15.904,,,,,9/22/2024,602.3771973,8/22/2024,,7/22/2024,,6/19/2024,,5/23/2024
CalCurCEAS_011,2024-09-22T08:00:00Z,43.02587,-125.85347,Oregon,60.000458,0,0,8,-3060,15.911,,,,,9/22/2024,613.8066406,8/22/2024,,7/22/2024,,6/19/2024,,5/23/2024
CalCurCEAS_011,2024-09-22T09:00:00Z,43.035355,-125.8689,Oregon,60.000417,0,0,12,-3065,15.981,,,,,9/22/2024,613.8066406,8/22/2024,,7/22/2024,,6/19/2024,,5/23/2024
CalCurCEAS_011,2024-09-22T10:00:00Z,43.04306,-125.88092,Oregon,60.000375,0,0,31,-3066,16.009,,,,,9/22/2024,613.8066406,8/22/2024,,7/22/2024,,6/19/2024,,5/23/2024
CalCurCEAS_011,2024-09-22T11:00:00Z,43.05249,-125.89609,Oregon,60.000458,0,0,5,-3074,16.029,,,,,9/22/2024,613.8066406,8/22/2024,,7/22/2024,,6/19/2024,,5/23/2024
CalCurCEAS_011,2024-09-22T12:00:00Z,43.059645,-125.91215,Oregon,60.000292,0,0,8,-3074,16.111,,,,,9/22/2024,620.1624756,8/22/2024,,7/22/2024,,6/19/2024,,5/23/2024
CalCurCEAS_011,2024-09-22T13:00:00Z,43.06657,-125.92531,Oregon,60.000333,0,0,42,-3080,16.13,,,,,9/22/2024,620.1624756,8/22/2024,,7/22/2024,,6/19/2024,,5/23/2024
CalCurCEAS_011,2024-09-22T14:00:00Z,43.074095,-125.93764,Oregon,55.000292,0,1,63,-3068,16.187,,,,,9/22/2024,620.1624756,8/22/2024,,7/22/2024,,6/19/2024,,5/23/2024
CalCurCEAS_012,2024-10-01T23:00:00Z,41.061997,-124.613457,Northern California,44.000292,0,4,25,-803,12.91,0.636682212,31.657341,139.6000977,621.1431885,10/1/2024,965.5248413,9/1/2024,,8/2/2024,882.803833,7/3/2024,,6/3/2024
CalCurCEAS_012,2024-10-02T00:00:00Z,41.064937,-124.61345,Northern California,60.000375,0,6,23,-821,13.138,0.831089079,49.37187576,168.199707,748.451416,10/2/2024,676.0142212,9/2/2024,,8/3/2024,734.3806763,7/4/2024,,6/4/2024
CalCurCEAS_012,2024-10-02T01:00:00Z,41.06917,-124.61359,Northern California,60.000375,0,1,19,-833,13.123,0.831089079,49.37187576,168.199707,748.451416,10/2/2024,676.0142212,9/2/2024,,8/3/2024,734.3806763,7/4/2024,,6/4/2024
CalCurCEAS_012,2024-10-02T02:00:00Z,41.07587,-124.613123,Northern California,60.000333,0,1,25,-864,13.108,0.831089079,49.37187576,168.199707,748.451416,10/2/2024,676.0142212,9/2/2024,,8/3/2024,734.3806763,7/4/2024,,6/4/2024
CalCurCEAS_012,2024-10-02T03:00:00Z,41.083463,-124.61088,Northern California,60.000458,0,0,33,-890,13.108,0.852383196,47.421875,171,724.9146729,10/2/2024,783.5285034,9/2/2024,,8/3/2024,741.418396,7/4/2024,,6/4/2024
CalCurCEAS_012,2024-10-02T04:00:00Z,41.091397,-124.606567,Northern California,60.000333,0,2,18,-903,13.092,0.852383196,47.421875,171,724.9146729,10/2/2024,783.5285034,9/2/2024,,8/3/2024,741.418396,7/4/2024,,6/4/2024
CalCurCEAS_012,2024-10-02T05:00:00Z,41.098467,-124.6008,Northern California,60.000417,0,0,15,-920,13.054,0.852383196,47.421875,171,724.9146729,10/2/2024,783.5285034,9/2/2024,,8/3/2024,741.418396,7/4/2024,,6/4/2024
CalCurCEAS_012,2024-10-02T06:00:00Z,41.10377,-124.595003,Northern California,60.000417,0,2,8,-930,13.054,0.852383196,47.421875,171,724.9146729,10/2/2024,783.5285034,9/2/2024,,8/3/2024,741.418396,7/4/2024,,6/4/2024
CalCurCEAS_012,2024-10-02T07:00:00Z,41.10729,-124.590157,Northern California,60.000333,0,5,8,-937,13.017,0.852383196,47.421875,171,724.9146729,10/2/2024,783.5285034,9/2/2024,,8/3/2024,741.418396,7/4/2024,,6/4/2024
CalCurCEAS_012,2024-10-02T08:00:00Z,41.108857,-124.587257,Northern California,60.00025,0,3,15,-946,13.017,0.852383196,47.421875,171,724.9146729,10/2/2024,783.5285034,9/2/2024,,8/3/2024,741.418396,7/4/2024,,6/4/2024
CalCurCEAS_012,2024-10-02T09:00:00Z,41.109263,-124.58547,Northern California,60.000417,0,2,37,-946,13.017,0.852383196,47.421875,171,724.9146729,10/2/2024,783.5285034,9/2/2024,,8/3/2024,741.418396,7/4/2024,,6/4/2024
CalCurCEAS_012,2024-10-02T10:00:00Z,41.108883,-124.584883,Northern California,60.000458,0,6,98,-946,12.997,0.852383196,47.421875,171,724.9146729,10/2/2024,783.5285034,9/2/2024,,8/3/2024,741.418396,7/4/2024,,6/4/2024
CalCurCEAS_012,2024-10-02T11:00:00Z,41.108507,-124.587037,Northern California,60.000375,0,2,103,-946,13.017,0.852383196,47.421875,171,724.9146729,10/2/2024,783.5285034,9/2/2024,,8/3/2024,741.418396,7/4/2024,,6/4/2024
CalCurCEAS_012,2024-10-02T12:00:00Z,41.109983,-124.588877,Northern California,60.000542,0,1,134,-952,13.017,0.852383196,47.421875,171,724.9146729,10/2/2024,783.5285034,9/2/2024,,8/3/2024,741.418396,7/4/2024,,6/4/2024
CalCurCEAS_012,2024-10-02T13:00:00Z,41.112837,-124.59015,Northern California,60.000417,0,2,59,-969,13.017,0.852383196,47.421875,171,724.9146729,10/2/2024,783.5285034,9/2/2024,,8/3/2024,741.418396,7/4/2024,,6/4/2024
CalCurCEAS_012,2024-10-02T14:00:00Z,41.116737,-124.59149,Northern California,60.000375,0,1,42,-978,13.001,0.852383196,47.421875,171,724.9146729,10/2/2024,783.5285034,9/2/2024,,8/3/2024,741.418396,7/4/2024,,6/4/2024
CalCurCEAS_012,2024-10-02T15:00:00Z,41.12288,-124.59296,Northern California,60.000458,0,1,33,-998,13.001,0.852383196,47.421875,171,724.9146729,10/2/2024,783.5285034,9/2/2024,,8/3/2024,741.418396,7/4/2024,,6/4/2024
CalCurCEAS_012,2024-10-02T16:00:00Z,41.130063,-124.5942,Northern California,60.000292,0,1,41,-1038,12.985,0.802490652,38.36120605,163.6000977,656.8673096,10/2/2024,870.8405762,9/2/2024,,8/3/2024,722.6110229,7/4/2024,,6/4/2024
CalCurCEAS_012,2024-10-02T17:00:00Z,41.138377,-124.593343,Northern California,60.000375,0,0,59,-1073,12.97,0.802490652,38.36120605,163.6000977,656.8673096,10/2/2024,870.8405762,9/2/2024,,8/3/2024,722.6110229,7/4/2024,,6/4/2024
CalCurCEAS_012,2024-10-02T18:00:00Z,41.147313,-124.591273,Northern California,60.000292,0,7,62,-1092,12.954,0.802490652,38.36120605,163.6000977,656.8673096,10/2/2024,870.8405762,9/2/2024,,8/3/2024,722.6110229,7/4/2024,,6/4/2024
CalCurCEAS_012,2024-10-02T19:00:00Z,41.154493,-124.588167,Northern California,60.000333,0,8,77,-1098,12.954,0.802490652,38.36120605,163.6000977,656.8673096,10/2/2024,870.8405762,9/2/2024,,8/3/2024,722.6110229,7/4/2024,,6/4/2024
CalCurCEAS_012,2024-10-02T20:00:00Z,41.160007,-124.584753,Northern California,60.000333,0,5,2,-1117,12.919,0.802490652,38.36120605,163.6000977,656.8673096,10/2/2024,870.8405762,9/2/2024,,8/3/2024,722.6110229,7/4/2024,,6/4/2024
CalCurCEAS_012,2024-10-02T21:00:00Z,41.162847,-124.58314,Northern California,60.0005,0,0,13,-1109,12.919,0.710687935,37.11074829,150.6000977,589.2340088,10/2/2024,859.2919312,9/2/2024,,8/3/2024,677.8721924,7/4/2024,,6/4/2024
CalCurCEAS_012,2024-10-02T22:00:00Z,41.164583,-124.5826,Northern California,60.0005,0,0,37,-1109,12.919,0.710687935,37.11074829,150.6000977,589.2340088,10/2/2024,859.2919312,9/2/2024,,8/3/2024,677.8721924,7/4/2024,,6/4/2024
CalCurCEAS_012,2024-10-02T23:00:00Z,41.1657,-124.58228,Northern California,60.000417,0,0,54,-1109,12.904,0.710687935,37.11074829,150.6000977,589.2340088,10/2/2024,859.2919312,9/2/2024,,8/3/2024,677.8721924,7/4/2024,,6/4/2024
CalCurCEAS_012,2024-10-03T00:00:00Z,41.16642,-124.582637,Northern California,60.000292,0,0,30,-1109,13.064,0.924014211,48.78855133,181.199707,921.8301392,10/3/2024,738.8018188,9/3/2024,,8/5/2024,573.3277588,7/5/2024,,6/4/2024
CalCurCEAS_012,2024-10-03T01:00:00Z,41.166517,-124.58494,Northern California,60.000333,0,0,12,-1114,13.064,0.924014211,48.15562057,181.199707,921.8301392,10/3/2024,,9/4/2024,,8/3/2024,621.552063,7/5/2024,,6/6/2024
CalCurCEAS_012,2024-10-03T02:00:00Z,41.167673,-124.58858,Northern California,60.000458,0,1,16,-1136,13.158,0.914371431,47.76305389,179.7998047,913.4307861,10/3/2024,,9/4/2024,,8/3/2024,621.552063,7/5/2024,,6/6/2024
CalCurCEAS_012,2024-10-03T03:00:00Z,41.17091,-124.593187,Northern California,60.000417,0,1,1,-1106,13.158,0.914371431,47.76305389,179.7998047,913.4307861,10/3/2024,,9/4/2024,,8/3/2024,621.552063,7/5/2024,,6/6/2024
CalCurCEAS_012,2024-10-03T04:00:00Z,41.176397,-124.598327,Northern California,60.000375,0,9,5,-1103,13.158,0.914371431,47.76305389,179.7998047,913.4307861,10/3/2024,,9/4/2024,,8/3/2024,621.552063,7/5/2024,,6/6/2024
CalCurCEAS_012,2024-10-03T05:00:00Z,41.183913,-124.602633,Northern California,60.000542,0,8,3,-1134,13.15,0.914371431,47.76305389,179.7998047,913.4307861,10/3/2024,,9/4/2024,,8/4/2024,623.4193726,7/6/2024,,6/5/2024
CalCurCEAS_012,2024-10-03T06:00:00Z,41.192597,-124.605193,Northern California,60.000417,0,5,27,-1155,13.481,0.914371431,47.76305389,179.7998047,913.4307861,10/3/2024,,9/4/2024,,8/4/2024,162.0005341,7/7/2024,,6/6/2024
CalCurCEAS_012,2024-10-03T07:00:00Z,41.201327,-124.604573,Northern California,60.000375,0,13,36,-1173,13.462,0.914371431,47.76305389,179.7998047,913.4307861,10/3/2024,,9/4/2024,,8/4/2024,162.0005341,7/7/2024,,6/6/2024
CalCurCEAS_012,2024-10-03T08:00:00Z,41.208713,-124.603173,Northern California,60.000375,0,10,16,-1192,13.462,0.858890057,45.85004425,172.199707,890.8851318,10/3/2024,,9/4/2024,,8/4/2024,162.0005341,7/7/2024,,6/6/2024
CalCurCEAS_012,2024-10-03T09:00:00Z,41.214273,-124.60146,Northern California,60.000458,0,5,29,-1183,13.448,0.858890057,45.85004425,172.199707,890.8851318,10/3/2024,,9/4/2024,,8/4/2024,78.22541809,7/7/2024,,6/6/2024
CalCurCEAS_012,2024-10-03T10:00:00Z,41.217923,-124.6007,Northern California,60.000417,0,4,24,-1164,13.43,0.858890057,45.85004425,172.199707,890.8851318,10/3/2024,,9/4/2024,,8/4/2024,725.7658691,7/4/2024,,6/5/2024
CalCurCEAS_012,2024-10-03T11:00:00Z,41.219507,-124.60015,Northern California,60.000375,0,9,47,-1164,13.412,0.858890057,45.85004425,172.199707,890.8851318,10/3/2024,,9/4/2024,,8/4/2024,725.7658691,7/4/2024,,6/5/2024
CalCurCEAS_012,2024-10-03T12:00:00Z,41.221817,-124.60134,Northern California,60.000625,0,14,26,-1142,13.412,0.858890057,45.85004425,172.199707,890.8851318,10/3/2024,,9/4/2024,,8/4/2024,694.3258667,7/4/2024,,6/5/2024
CalCurCEAS_012,2024-10-03T13:00:00Z,41.224177,-124.60342,Northern California,60.000417,0,3,26,-1142,13.394,0.858890057,45.85004425,172.199707,890.8851318,10/3/2024,,9/4/2024,,8/4/2024,694.3258667,7/4/2024,,6/5/2024
CalCurCEAS_012,2024-10-03T14:00:00Z,41.225283,-124.607037,Northern California,60.000417,0,2,59,-1124,13.394,0.858890057,45.85004425,172.199707,890.8851318,10/3/2024,,9/4/2024,,8/4/2024,694.3258667,7/4/2024,,6/5/2024
CalCurCEAS_012,2024-10-03T15:00:00Z,41.227683,-124.612053,Northern California,60.000375,0,15,58,-1125,13.394,0.858890057,45.85004425,172.199707,890.8851318,10/3/2024,,9/4/2024,,8/4/2024,694.3258667,7/4/2024,,6/5/2024
CalCurCEAS_012,2024-10-03T16:00:00Z,41.23079,-124.61812,Northern California,60.000375,0,14,35,-1130,13.394,0.858890057,45.85004425,172.199707,890.8851318,10/3/2024,,9/4/2024,,8/4/2024,694.3258667,7/4/2024,,6/5/2024
CalCurCEAS_012,2024-10-03T17:00:00Z,41.236183,-124.623437,Northern California,60.000333,0,8,39,-1126,13.394,0.858890057,45.85004425,172.199707,890.8851318,10/3/2024,,9/4/2024,,8/4/2024,694.3258667,7/4/2024,,6/5/2024
CalCurCEAS_012,2024-10-03T18:00:00Z,41.24329,-124.627133,Northern California,60.000417,0,0,29,-1121,13.394,0.831481218,37.51767349,168.199707,845.3210449,10/3/2024,,9/4/2024,,8/4/2024,634.140625,7/4/2024,,6/5/2024
CalCurCEAS_012,2024-10-03T19:00:00Z,41.250493,-124.628313,Northern California,60.000583,0,1,52,-1118,13.394,0.687467754,35.92041779,147.3999023,800.2147217,10/3/2024,,9/4/2024,,8/4/2024,634.140625,7/4/2024,,6/5/2024
CalCurCEAS_012,2024-10-03T20:00:00Z,41.25615,-124.627533,Northern California,60.000375,0,3,19,-1117,13.373,0.687467754,35.92041779,147.3999023,800.2147217,10/3/2024,,9/4/2024,,8/4/2024,694.3258667,7/4/2024,,6/5/2024
CalCurCEAS_012,2024-10-03T21:00:00Z,41.258947,-124.626427,Northern California,60.000417,0,1,12,-1115,13.354,0.687467754,35.92041779,147.3999023,800.2147217,10/3/2024,,9/4/2024,,8/4/2024,694.3258667,7/4/2024,,6/5/2024
CalCurCEAS_012,2024-10-03T22:00:00Z,41.25944,-124.625567,Northern California,60.00025,0,5,53,-1115,13.334,0.687467754,35.92041779,147.3999023,800.2147217,10/3/2024,,9/4/2024,,8/4/2024,694.3258667,7/4/2024,,6/5/2024
CalCurCEAS_012,2024-10-03T23:00:00Z,41.25866,-124.625597,Northern California,60.00025,0,6,38,-1115,13.309,0.687467754,35.92041779,147.3999023,800.2147217,10/3/2024,,9/4/2024,,8/4/2024,652.3760986,7/4/2024,,6/5/2024
CalCurCEAS_012,2024-10-04T00:00:00Z,41.258217,-124.626043,Northern California,60.000375,0,7,40,-1117,13.407,0.787305713,34.52432251,162.199707,866.2015381,10/4/2024,657.0993042,9/2/2024,,8/4/2024,620.4517822,7/6/2024,,6/5/2024
CalCurCEAS_012,2024-10-04T01:00:00Z,41.25684,-124.62752,Northern California,60.000417,0,1,73,-1117,13.383,0.787305713,34.52432251,162.199707,866.2015381,10/4/2024,657.0993042,9/2/2024,,8/4/2024,620.4517822,7/6/2024,,6/5/2024
CalCurCEAS_012,2024-10-04T02:00:00Z,41.256467,-124.632087,Northern California,60.000333,0,1,54,-1121,13.351,0.787305713,34.52432251,162.199707,866.2015381,10/4/2024,657.0993042,9/2/2024,,8/4/2024,620.4517822,7/6/2024,,6/5/2024
CalCurCEAS_012,2024-10-04T03:00:00Z,41.258613,-124.638367,Northern California,60.000208,0,7,28,-1121,13.327,0.787305713,34.52432251,162.199707,866.2015381,10/4/2024,657.0993042,9/2/2024,,8/4/2024,620.4517822,7/6/2024,,6/5/2024
CalCurCEAS_012,2024-10-04T04:00:00Z,41.262883,-124.64427,Northern California,60.000417,3,7,64,-1119,13.327,0.787305713,34.52432251,162.199707,866.2015381,10/4/2024,728.0045166,9/3/2024,,8/5/2024,573.3277588,7/5/2024,,6/4/2024
CalCurCEAS_012,2024-10-04T05:00:00Z,41.269233,-124.64945,Northern California,60.000375,0,13,51,-1116,13.327,0.787305713,34.52432251,162.199707,866.2015381,10/4/2024,728.0045166,9/3/2024,1198.433472,8/6/2024,596.3775635,7/6/2024,,6/5/2024
CalCurCEAS_012,2024-10-04T06:00:00Z,41.277247,-124.652413,Northern California,60.000333,0,14,70,-1103,13.336,0.787305713,34.52432251,162.199707,866.2015381,10/4/2024,728.0045166,9/3/2024,1198.433472,8/6/2024,596.3775635,7/6/2024,,6/5/2024
CalCurCEAS_012,2024-10-04T07:00:00Z,41.285537,-124.65324,Northern California,60.000292,0,10,51,-1124,13.336,0.787305713,34.52432251,162.199707,866.2015381,10/4/2024,678.1729126,9/3/2024,1198.433472,8/6/2024,596.3775635,7/6/2024,,6/5/2024
CalCurCEAS_012,2024-10-04T08:00:00Z,41.29285,-124.652053,Northern California,60.000417,0,8,38,-1125,13.443,0.71529901,34.52432251,151.3999023,821.5915527,10/4/2024,678.1729126,9/3/2024,1198.433472,8/6/2024,596.3775635,7/6/2024,,6/5/2024
CalCurCEAS_012,2024-10-04T09:00:00Z,41.297883,-124.64971,Northern California,60.000375,0,4,54,-1092,13.443,0.71529901,34.52432251,151.3999023,821.5915527,10/4/2024,678.1729126,9/3/2024,,8/3/2024,626.4063721,7/5/2024,,6/5/2024
CalCurCEAS_012,2024-10-04T10:00:00Z,41.30131,-124.64594,Northern California,60.000417,0,7,54,-1083,13.443,0.71529901,34.52432251,151.3999023,821.5915527,10/4/2024,678.1729126,9/3/2024,,8/3/2024,616.8540649,7/5/2024,,6/6/2024
CalCurCEAS_012,2024-10-04T11:00:00Z,41.302303,-124.643567,Northern California,60.000458,0,6,21,-1079,13.422,0.71529901,34.52432251,151.3999023,821.5915527,10/4/2024,678.1729126,9/3/2024,,8/3/2024,616.8540649,7/5/2024,,6/6/2024
CalCurCEAS_012,2024-10-04T12:00:00Z,41.301233,-124.643983,Northern California,59.98375,0,27,23,-1079,13.422,0.71529901,34.52432251,151.3999023,821.5915527,10/4/2024,678.1729126,9/3/2024,,8/3/2024,616.8540649,7/5/2024,,6/6/2024
CalCurCEAS_012,2024-10-04T13:00:00Z,41.300653,-124.645843,Northern California,60.000333,1,6,79,-1083,13.402,0.71529901,34.52432251,151.3999023,821.5915527,10/4/2024,678.1729126,9/3/2024,,8/3/2024,616.8540649,7/5/2024,,6/6/2024
CalCurCEAS_012,2024-10-04T14:00:00Z,41.301077,-124.647897,Northern California,60.000333,0,7,146,-1083,13.381,0.71529901,34.52432251,151.3999023,821.5915527,10/4/2024,678.1729126,9/3/2024,,8/3/2024,616.8540649,7/5/2024,,6/6/2024
CalCurCEAS_012,2024-10-04T15:00:00Z,41.3022,-124.651983,Northern California,60.000458,1,2,89,-1085,13.361,0.71529901,34.52432251,151.3999023,821.5915527,10/4/2024,678.1729126,9/3/2024,,8/3/2024,616.8540649,7/5/2024,,6/6/2024
CalCurCEAS_012,2024-10-04T16:00:00Z,41.30561,-124.655427,Northern California,60.000333,0,0,100,-1088,13.36,0.71529901,34.52432251,151.3999023,821.5915527,10/4/2024,678.1729126,9/3/2024,,8/3/2024,616.8540649,7/5/2024,,6/6/2024
CalCurCEAS_012,2024-10-04T17:00:00Z,41.311117,-124.656937,Northern California,60.000375,0,0,52,-1088,13.339,0.71529901,34.52432251,151.3999023,821.5915527,10/4/2024,678.1729126,9/3/2024,,8/3/2024,614.7281494,7/5/2024,,6/6/2024
CalCurCEAS_012,2024-10-04T18:00:00Z,41.317123,-124.658267,Northern California,60.0005,1,1,36,-1087,13.339,0.71529901,34.52432251,151.3999023,821.5915527,10/4/2024,678.1729126,9/3/2024,,8/3/2024,614.7281494,7/5/2024,,6/6/2024
CalCurCEAS_012,2024-10-04T19:00:00Z,41.323553,-124.658847,Northern California,60.000458,0,0,50,-1087,13.339,0.71529901,34.52432251,151.3999023,821.5915527,10/4/2024,678.1729126,9/3/2024,,8/3/2024,614.7281494,7/5/2024,,6/6/2024
CalCurCEAS_012,2024-10-04T20:00:00Z,41.329117,-124.65831,Northern California,60.000542,0,11,60,-1087,13.339,0.71529901,34.52432251,151.3999023,821.5915527,10/4/2024,678.1729126,9/3/2024,,8/3/2024,614.7281494,7/5/2024,,6/6/2024
CalCurCEAS_012,2024-10-04T21:00:00Z,41.332687,-124.657827,Northern California,60.000333,0,10,59,-1087,13.36,0.71529901,34.52432251,151.3999023,821.5915527,10/4/2024,671.7490845,9/3/2024,,8/3/2024,614.7281494,7/5/2024,,6/6/2024
CalCurCEAS_012,2024-10-04T22:00:00Z,41.33522,-124.6565,Northern California,60.000333,1,18,76,-1087,13.358,0.619764268,31.32416344,136.7998047,801.909729,10/4/2024,671.7490845,9/3/2024,,8/3/2024,614.7281494,7/5/2024,,6/6/2024
CalCurCEAS_012,2024-10-04T23:00:00Z,41.337357,-124.655897,Northern California,60.000458,2,18,140,-1087,13.355,0.619764268,31.32416344,136.7998047,801.909729,10/4/2024,671.7490845,9/3/2024,,8/3/2024,614.7281494,7/5/2024,,6/6/2024
CalCurCEAS_012,2024-10-05T00:00:00Z,41.338117,-124.65653,Northern California,60.000458,3,25,152,-1087,13.273,0.611241937,32.6121788,135.6000977,738.4163208,10/5/2024,,9/4/2024,,8/4/2024,652.3760986,7/4/2024,,6/5/2024
CalCurCEAS_012,2024-10-05T01:00:00Z,41.338967,-124.658313,Northern California,60.000333,2,16,211,-1087,13.258,0.611241937,32.6121788,135.6000977,738.4163208,10/5/2024,,9/4/2024,,8/4/2024,652.3760986,7/4/2024,,6/5/2024
CalCurCEAS_012,2024-10-05T02:00:00Z,41.340883,-124.66297,Northern California,60.000375,4,16,130,-1088,13.231,0.611241937,32.6121788,135.6000977,738.4163208,10/5/2024,,9/4/2024,,8/4/2024,652.3760986,7/4/2024,,6/5/2024
CalCurCEAS_012,2024-10-05T03:00:00Z,41.34333,-124.66689,Northern California,2,0,1,3,-1089,13.231,0.611241937,31.44205666,135.6000977,738.1606445,10/5/2024,,9/4/2024,,8/4/2024,652.3760986,7/4/2024,,6/5/2024
CalCurCEAS_013,2024-10-02T01:00:00Z,40.895073,-124.719247,Northern California,50.000417,0,1,0,-786,13.193,0.824903011,43.89992142,167.199707,809.2492676,10/2/2024,674.9891968,9/3/2024,,8/4/2024,623.4193726,7/6/2024,,6/5/2024
CalCurCEAS_013,2024-10-02T02:00:00Z,40.89878,-124.713837,Northern California,60.00025,0,2,1,-757,13.193,0.824903011,43.89992142,167.199707,809.2492676,10/2/2024,671.512207,9/3/2024,,8/5/2024,584.987915,7/4/2024,,6/5/2024
CalCurCEAS_013,2024-10-02T03:00:00Z,40.90366,-124.706247,Northern California,60.000417,0,0,2,-720,13.207,0.899588466,44.75040817,177.6000977,866.3493652,10/2/2024,775.067627,9/3/2024,,8/5/2024,584.987915,7/4/2024,,6/5/2024
CalCurCEAS_013,2024-10-02T04:00:00Z,40.90849,-124.698463,Northern California,60.000375,0,0,1,-676,13.207,0.899588466,44.75040817,177.6000977,866.3493652,10/2/2024,775.067627,9/3/2024,,8/5/2024,584.987915,7/4/2024,,6/5/2024
CalCurCEAS_013,2024-10-02T05:00:00Z,40.912267,-124.690977,Northern California,60.000458,0,0,1,-669,13.207,0.899588466,44.75040817,177.6000977,866.3493652,10/2/2024,775.067627,9/3/2024,,8/5/2024,584.987915,7/4/2024,,6/5/2024
CalCurCEAS_013,2024-10-02T06:00:00Z,40.91462,-124.683037,Northern California,60.000375,0,0,6,-661,13.207,0.899588466,44.75040817,177.6000977,866.3493652,10/2/2024,775.067627,9/3/2024,,8/5/2024,593.5948486,7/5/2024,,6/6/2024
CalCurCEAS_013,2024-10-02T07:00:00Z,40.91541,-124.675083,Northern California,60.0005,0,3,8,-658,13.206,0.899588466,44.75040817,177.6000977,866.3493652,10/2/2024,775.067627,9/3/2024,,8/5/2024,593.5948486,7/5/2024,,6/7/2024
CalCurCEAS_013,2024-10-02T08:00:00Z,40.914313,-124.66852,Northern California,60.000417,0,0,3,-653,13.179,0.899588466,44.75040817,177.6000977,866.3493652,10/2/2024,775.067627,9/3/2024,,8/5/2024,593.5948486,7/5/2024,,6/7/2024
CalCurCEAS_013,2024-10-02T09:00:00Z,40.912253,-124.66517,Northern California,60.00025,0,0,1,-648,13.163,0.987098634,44.89390945,189.3999023,844.0230713,10/2/2024,781.1392822,9/3/2024,,8/5/2024,599.0908203,7/5/2024,,6/7/2024
CalCurCEAS_013,2024-10-02T10:00:00Z,40.910427,-124.665223,Northern California,60.000458,0,1,0,-648,13.163,0.987098634,44.89390945,189.3999023,844.0230713,10/2/2024,781.1392822,9/3/2024,,8/5/2024,599.0908203,7/5/2024,,6/7/2024
CalCurCEAS_013,2024-10-02T11:00:00Z,40.90983,-124.667407,Northern California,60.000292,0,1,0,-654,13.147,0.899588466,44.75040817,177.6000977,866.3493652,10/2/2024,781.1392822,9/3/2024,,8/5/2024,577.8266602,7/5/2024,,6/4/2024
CalCurCEAS_013,2024-10-02T12:00:00Z,40.91137,-124.66909,Northern California,60.000375,0,0,0,-654,13.147,0.899588466,44.75040817,177.6000977,866.3493652,10/2/2024,781.1392822,9/3/2024,,8/5/2024,577.8266602,7/5/2024,,6/4/2024
CalCurCEAS_013,2024-10-02T13:00:00Z,40.91598,-124.669167,Northern California,60.000333,0,0,0,-653,13.147,0.899588466,44.75040817,177.6000977,866.3493652,10/2/2024,781.1392822,9/3/2024,,8/5/2024,577.8266602,7/5/2024,,6/4/2024
CalCurCEAS_013,2024-10-02T14:00:00Z,40.919735,-124.66637,Northern California,59.975833,1,0,0,-648,13.147,0.899588466,49.49392319,177.6000977,741.7301636,10/2/2024,781.1392822,9/3/2024,,8/5/2024,577.8266602,7/5/2024,,6/4/2024
CalCurCEAS_013,2024-10-02T15:00:00Z,40.925017,-124.658593,Northern California,60.000458,0,0,0,-647,13.14,0.899588466,49.49392319,177.6000977,741.7301636,10/2/2024,781.1392822,9/3/2024,,8/5/2024,577.8266602,7/5/2024,,6/4/2024
CalCurCEAS_013,2024-10-02T16:00:00Z,40.929173,-124.650133,Northern California,60.000375,0,0,0,-640,13.14,0.899588466,49.49392319,177.6000977,741.7301636,10/2/2024,781.1392822,9/3/2024,,8/5/2024,577.8266602,7/5/2024,,6/4/2024
CalCurCEAS_013,2024-10-02T17:00:00Z,40.932707,-124.64162,Northern California,59.977083,0,0,0,-632,13.15,0.899588466,49.49392319,177.6000977,741.7301636,10/2/2024,781.1392822,9/3/2024,,8/5/2024,577.8266602,7/5/2024,,6/4/2024
CalCurCEAS_013,2024-10-02T18:00:00Z,40.93551,-124.63489,Northern California,60.000292,0,0,0,-601,13.131,0.899588466,49.49392319,177.6000977,741.7301636,10/2/2024,781.1392822,9/3/2024,,8/5/2024,577.8266602,7/5/2024,,6/4/2024
CalCurCEAS_013,2024-10-02T19:00:00Z,40.93715,-124.63024,Northern California,60.000417,0,0,10,-555,13.139,0.899588466,49.49392319,177.6000977,741.7301636,10/2/2024,717.3148804,9/3/2024,,8/5/2024,577.8266602,7/5/2024,,6/4/2024
CalCurCEAS_013,2024-10-02T20:00:00Z,40.937145,-124.62425,Northern California,60.000333,0,0,6,-531,13.119,0.987098634,51.26008606,189.3999023,776.5836792,10/2/2024,738.8018188,9/3/2024,,8/5/2024,577.8266602,7/5/2024,,6/4/2024
CalCurCEAS_013,2024-10-02T21:00:00Z,40.936985,-124.622383,Northern California,60.000417,0,0,7,-531,13.098,0.987098634,51.26008606,189.3999023,776.5836792,10/2/2024,738.8018188,9/3/2024,,8/5/2024,577.8266602,7/5/2024,,6/4/2024
CalCurCEAS_013,2024-10-02T22:00:00Z,40.937735,-124.622135,Northern California,60.000292,0,0,9,-533,13.098,0.987098634,51.26008606,189.3999023,776.5836792,10/2/2024,738.8018188,9/3/2024,,8/5/2024,577.8266602,7/5/2024,,6/4/2024
CalCurCEAS_013,2024-10-02T23:00:00Z,40.939797,-124.622377,Northern California,59.997792,0,1,4,-533,13.098,0.987098634,51.26008606,189.3999023,776.5836792,10/2/2024,738.8018188,9/3/2024,,8/5/2024,573.3277588,7/5/2024,,6/4/2024
CalCurCEAS_013,2024-10-03T00:00:00Z,40.943717,-124.620617,Northern California,60.000292,0,0,0,-549,13.309,0.972600937,42.53995514,187.7998047,979.767334,10/3/2024,,9/4/2024,,8/4/2024,652.3760986,7/4/2024,,6/5/2024
CalCurCEAS_013,2024-10-03T01:00:00Z,40.948517,-124.617233,Northern California,60.000458,0,0,1,-586,13.289,0.972600937,42.53995514,187.7998047,979.767334,10/3/2024,,9/5/2024,,8/5/2024,573.3277588,7/5/2024,,6/4/2024
CalCurCEAS_013,2024-10-03T02:00:00Z,40.954083,-124.611777,Northern California,60.000375,0,0,1,-619,13.289,0.972600937,42.53995514,187.7998047,979.767334,10/3/2024,,9/5/2024,,8/5/2024,573.3277588,7/5/2024,,6/4/2024
CalCurCEAS_013,2024-10-03T03:00:00Z,40.959573,-124.604343,Northern California,60.000458,0,0,1,-616,13.289,0.944592059,41.63522339,184,946.5217285,10/3/2024,,9/5/2024,,8/5/2024,573.3277588,7/5/2024,,6/4/2024
CalCurCEAS_013,2024-10-03T04:00:00Z,40.964997,-124.593707,Northern California,60.0005,0,5,0,-603,13.289,0.944592059,41.63522339,184,946.5217285,10/3/2024,,9/5/2024,,8/5/2024,573.3277588,7/5/2024,,6/4/2024
CalCurCEAS_013,2024-10-03T05:00:00Z,40.968897,-124.5817,Northern California,60.000292,0,5,0,-588,13.34,0.964136958,44.99072266,186.199707,973.7613525,10/3/2024,668.3245239,9/2/2024,,8/4/2024,621.552063,7/5/2024,,6/6/2024
CalCurCEAS_013,2024-10-03T06:00:00Z,40.97077,-124.57155,Northern California,60.0005,0,5,1,-577,13.345,0.964136958,44.99072266,186.199707,973.7613525,10/3/2024,668.3245239,9/2/2024,,8/4/2024,605.9633179,7/6/2024,,6/4/2024
CalCurCEAS_013,2024-10-03T07:00:00Z,40.970593,-124.563987,Northern California,60.000417,1,6,1,-565,13.324,0.964136958,44.99072266,186.199707,973.7613525,10/3/2024,667.7471313,9/2/2024,,8/4/2024,605.9633179,7/6/2024,,6/4/2024
CalCurCEAS_013,2024-10-03T08:00:00Z,40.968747,-124.559927,Northern California,60.000458,1,7,0,-560,13.308,0.964136958,44.99072266,186.199707,973.7613525,10/3/2024,667.7471313,9/2/2024,,8/4/2024,605.9633179,7/6/2024,,6/4/2024
CalCurCEAS_013,2024-10-03T09:00:00Z,40.966583,-124.558367,Northern California,59.980833,3,8,0,-555,13.287,0.964136958,44.99072266,186.199707,973.7613525,10/3/2024,667.7471313,9/2/2024,,8/4/2024,605.9633179,7/6/2024,,6/4/2024
CalCurCEAS_013,2024-10-03T10:00:00Z,40.964947,-124.559657,Northern California,60.000333,3,21,1,-555,13.27,0.964136958,44.99072266,186.199707,973.7613525,10/3/2024,667.7471313,9/2/2024,,8/4/2024,605.9633179,7/6/2024,,6/5/2024
CalCurCEAS_013,2024-10-03T11:00:00Z,40.96562,-124.56271,Northern California,60.000458,3,7,2,-561,13.25,0.964136958,44.99072266,186.199707,973.7613525,10/3/2024,667.7471313,9/2/2024,,8/4/2024,605.9633179,7/6/2024,,6/5/2024
CalCurCEAS_013,2024-10-03T12:00:00Z,40.968623,-124.564647,Northern California,60.000417,3,12,0,-565,13.229,0.964136958,44.99072266,186.199707,973.7613525,10/3/2024,667.7471313,9/2/2024,,8/4/2024,605.9633179,7/6/2024,,6/5/2024
CalCurCEAS_013,2024-10-03T13:00:00Z,40.973213,-124.564213,Northern California,60.000292,1,10,0,-570,13.229,0.964136958,44.99072266,186.199707,973.7613525,10/3/2024,667.7471313,9/2/2024,,8/4/2024,605.9633179,7/6/2024,,6/5/2024
CalCurCEAS_013,2024-10-03T14:00:00Z,40.97942,-124.561123,Northern California,60.000375,1,7,0,-579,13.229,0.964136958,44.99072266,186.199707,973.7613525,10/3/2024,667.7471313,9/2/2024,,8/4/2024,620.4517822,7/6/2024,,6/5/2024
CalCurCEAS_013,2024-10-03T15:00:00Z,40.98676,-124.55604,Northern California,60.000417,1,20,4,-577,13.225,0.964136958,44.99072266,186.199707,973.7613525,10/3/2024,667.7471313,9/2/2024,,8/4/2024,620.4517822,7/6/2024,,6/5/2024
CalCurCEAS_013,2024-10-03T16:00:00Z,40.994583,-124.548333,Northern California,60.000458,3,31,4,-581,13.229,0.964136958,44.99072266,186.199707,973.7613525,10/3/2024,667.7471313,9/2/2024,,8/4/2024,620.4517822,7/6/2024,,6/5/2024
CalCurCEAS_013,2024-10-03T17:00:00Z,41.001873,-124.539183,Northern California,60.000375,1,17,7,-584,13.229,1.024695516,50.80158234,194.3999023,936.9090576,10/3/2024,667.7471313,9/2/2024,,8/4/2024,620.4517822,7/6/2024,,6/5/2024
CalCurCEAS_013,2024-10-03T18:00:00Z,41.007643,-124.52911,Northern California,60.000292,2,13,21,-572,13.229,1.024695516,50.80158234,194.3999023,936.9090576,10/3/2024,656.1213379,9/2/2024,,8/4/2024,620.4517822,7/6/2024,,6/5/2024
CalCurCEAS_013,2024-10-03T19:00:00Z,41.011767,-124.51981,Northern California,60.000417,0,5,5,-565,13.232,1.024695516,50.80158234,194.3999023,936.9090576,10/3/2024,656.1213379,9/2/2024,,8/4/2024,620.4517822,7/6/2024,,6/5/2024
CalCurCEAS_013,2024-10-03T20:00:00Z,41.013703,-124.51217,Northern California,60.000417,0,3,2,-560,13.235,1.024695516,50.80158234,194.3999023,936.9090576,10/3/2024,656.1213379,9/2/2024,,8/4/2024,620.4517822,7/6/2024,,6/5/2024
CalCurCEAS_013,2024-10-03T21:00:00Z,41.013697,-124.507673,Northern California,60.000333,0,2,7,-553,13.215,1.024695516,50.80158234,194.3999023,936.9090576,10/3/2024,656.1213379,9/2/2024,,8/4/2024,620.4517822,7/6/2024,,6/5/2024
CalCurCEAS_013,2024-10-03T22:00:00Z,41.012233,-124.50601,Northern California,60.000417,0,0,11,-546,13.198,1.024695516,50.80158234,194.3999023,936.9090576,10/3/2024,656.1213379,9/2/2024,,8/4/2024,620.4517822,7/6/2024,,6/5/2024
CalCurCEAS_013,2024-10-03T23:00:00Z,41.01116,-124.506547,Northern California,60.000417,3,2,11,-546,13.18,1.024695516,50.80158234,194.3999023,936.9090576,10/3/2024,656.1213379,9/2/2024,,8/4/2024,620.4517822,7/6/2024,,6/5/2024
CalCurCEAS_013,2024-10-04T00:00:00Z,41.01201,-124.507897,Northern California,60.00025,0,3,33,-546,13.332,1.292958498,40.12385941,228,903.6908569,10/4/2024,671.7490845,9/3/2024,,8/3/2024,614.7281494,7/5/2024,,6/6/2024
CalCurCEAS_013,2024-10-04T01:00:00Z,41.014917,-124.507693,Northern California,60.000375,0,3,34,-553,13.327,1.292958498,40.12385941,228,903.6908569,10/4/2024,671.7490845,9/3/2024,,8/3/2024,614.7281494,7/5/2024,,6/6/2024
CalCurCEAS_013,2024-10-04T02:00:00Z,41.01936,-124.507073,Northern California,60.000375,0,1,8,-559,13.303,1.292958498,40.12385941,228,903.6908569,10/4/2024,671.7490845,9/3/2024,,8/3/2024,614.7281494,7/5/2024,,6/6/2024
CalCurCEAS_013,2024-10-04T03:00:00Z,41.024075,-124.506045,Northern California,49.983667,5,7,5,-566,13.285,1.292958498,40.12385941,228,903.6908569,10/4/2024,671.7490845,9/3/2024,,8/3/2024,621.8311768,7/5/2024,,6/6/2024
CalCurCEAS_015,2024-10-05T14:00:00Z,40.82085,-126.193865,Northern California,29.993958,0,4,12,-3110,14.815,0.641976714,38.09624481,140.3999023,770.8478394,10/5/2024,,9/5/2024,888.4337158,8/6/2024,381.9998169,7/7/2024,716.0004272,6/7/2024
CalCurCEAS_015,2024-10-05T15:00:00Z,40.81633,-126.19744,Northern California,60.000333,0,17,4,-3108,14.885,0.641976714,38.09624481,140.3999023,770.8478394,10/5/2024,,9/5/2024,888.4337158,8/6/2024,381.9998169,7/7/2024,716.0004272,6/7/2024
CalCurCEAS_015,2024-10-05T16:00:00Z,40.81388,-126.2022,Northern California,60.000542,0,16,7,-3108,14.914,0.641976714,38.09624481,140.3999023,770.8478394,10/5/2024,,9/5/2024,888.4337158,8/6/2024,381.9998169,7/7/2024,716.0004272,6/7/2024
CalCurCEAS_015,2024-10-05T17:00:00Z,40.81567,-126.204575,Northern California,60.000417,0,32,8,-3108,14.885,0.641976714,38.09624481,140.3999023,770.8478394,10/5/2024,,9/5/2024,888.4337158,8/6/2024,381.9998169,7/7/2024,716.0004272,6/7/2024
CalCurCEAS_015,2024-10-05T18:00:00Z,40.820295,-126.205425,Northern California,60.000458,0,9,2,-3109,14.98,0.641976714,38.09624481,140.3999023,770.8478394,10/5/2024,,9/5/2024,888.4337158,8/6/2024,381.9998169,7/7/2024,716.0004272,6/7/2024
CalCurCEAS_015,2024-10-05T19:00:00Z,40.824075,-126.20305,Northern California,60.000333,0,7,5,-3109,14.885,0.641976714,38.09624481,140.3999023,770.8478394,10/5/2024,,9/5/2024,888.4337158,8/6/2024,381.9998169,7/7/2024,716.0004272,6/7/2024
CalCurCEAS_015,2024-10-05T20:00:00Z,40.82551,-126.20068,Northern California,59.99675,0,13,8,-3109,14.859,0.641976714,38.09624481,140.3999023,770.8478394,10/5/2024,,9/5/2024,888.4337158,8/6/2024,381.9998169,7/7/2024,716.0004272,6/7/2024
CalCurCEAS_015,2024-10-05T21:00:00Z,40.82591,-126.19745,Northern California,60.000333,0,17,4,-3108,14.859,0.641976714,38.09624481,140.3999023,770.8478394,10/5/2024,,9/5/2024,888.4337158,8/6/2024,381.9998169,7/7/2024,716.0004272,6/7/2024
CalCurCEAS_015,2024-10-05T22:00:00Z,40.824675,-126.19447,Northern California,60.000542,0,19,9,-3110,14.815,0.641976714,38.09624481,140.3999023,770.8478394,10/5/2024,,9/5/2024,888.4337158,8/6/2024,381.9998169,7/7/2024,716.0004272,6/7/2024
CalCurCEAS_015,2024-10-05T23:00:00Z,40.822595,-126.19007,Northern California,60.000458,0,12,4,-3111,14.815,0.641976714,38.09624481,140.3999023,770.8478394,10/5/2024,,9/5/2024,888.4337158,8/6/2024,381.9998169,7/7/2024,716.0004272,6/7/2024
CalCurCEAS_015,2024-10-06T00:00:00Z,40.818805,-126.186595,Northern California,59.99625,0,9,32,-3105,14.99,0.636013567,40.18890381,139.3999023,803.5668335,10/6/2024,,9/6/2024,,8/7/2024,699.6077271,7/8/2024,,6/8/2024
CalCurCEAS_015,2024-10-06T01:00:00Z,40.81332,-126.18519,Northern California,60.000458,0,7,4,-3106,15.061,0.636013567,40.18890381,139.3999023,803.5668335,10/6/2024,,9/6/2024,,8/7/2024,699.6077271,7/8/2024,,6/8/2024
CalCurCEAS_015,2024-10-06T02:00:00Z,40.80652,-126.18491,Northern California,60.000333,0,9,23,-3097,14.981,0.636013567,40.18890381,139.3999023,803.5668335,10/6/2024,,9/6/2024,,8/7/2024,699.6077271,7/8/2024,,6/8/2024
CalCurCEAS_015,2024-10-06T03:00:00Z,40.80333,-126.18483,Northern California,60.000458,0,6,30,-3080,15.029,0.636013567,40.18890381,139.3999023,803.5668335,10/6/2024,,9/6/2024,,8/7/2024,699.6077271,7/8/2024,,6/8/2024
CalCurCEAS_015,2024-10-06T04:00:00Z,40.80056,-126.18491,Northern California,60.000375,1,6,41,-3080,15.029,0.636013567,40.18890381,139.3999023,803.5668335,10/6/2024,,9/6/2024,,8/7/2024,699.6077271,7/8/2024,,6/8/2024
CalCurCEAS_015,2024-10-06T05:00:00Z,40.79964,-126.184985,Northern California,59.995375,0,2,42,-3064,15.029,0.636013567,40.18890381,139.3999023,803.5668335,10/6/2024,,9/6/2024,,8/7/2024,699.6077271,7/8/2024,,6/8/2024
CalCurCEAS_015,2024-10-06T06:00:00Z,40.798895,-126.184005,Northern California,60.0005,0,0,10,-3064,15.029,0.636013567,40.18890381,139.3999023,803.5668335,10/6/2024,,9/6/2024,,8/7/2024,699.6077271,7/8/2024,,6/8/2024
CalCurCEAS_015,2024-10-06T07:00:00Z,40.79907,-126.18271,Northern California,60.000417,0,0,3,-3055,15.029,0.636013567,40.18890381,139.3999023,803.5668335,10/6/2024,,9/6/2024,,8/7/2024,699.6077271,7/8/2024,,6/8/2024
CalCurCEAS_015,2024-10-06T08:00:00Z,40.799695,-126.181455,Northern California,60.000375,0,1,21,-3055,15.029,0.636013567,40.18890381,139.3999023,803.5668335,10/6/2024,,9/6/2024,,8/7/2024,699.6077271,7/8/2024,,6/8/2024
CalCurCEAS_015,2024-10-06T09:00:00Z,40.801015,-126.180175,Northern California,60.000375,0,1,22,-3074,15.029,0.636013567,40.18890381,139.3999023,803.5668335,10/6/2024,,9/6/2024,,8/7/2024,699.6077271,7/8/2024,,6/8/2024
CalCurCEAS_015,2024-10-06T10:00:00Z,40.80156,-126.17862,Northern California,60.000417,0,7,42,-3080,15.029,0.636013567,40.18890381,139.3999023,803.5668335,10/6/2024,,9/6/2024,,8/7/2024,699.6077271,7/8/2024,,6/8/2024
CalCurCEAS_015,2024-10-06T11:00:00Z,40.801635,-126.17613,Northern California,60.000417,0,29,1,-3080,15.029,0.636013567,40.18890381,139.3999023,803.5668335,10/6/2024,,9/6/2024,,8/7/2024,699.6077271,7/8/2024,,6/8/2024
CalCurCEAS_015,2024-10-06T12:00:00Z,40.79941,-126.17455,Northern California,60.000375,0,11,0,-3053,14.943,0.636013567,40.18890381,139.3999023,803.5668335,10/6/2024,,9/6/2024,,8/7/2024,699.6077271,7/8/2024,,6/8/2024
CalCurCEAS_015,2024-10-06T13:00:00Z,40.795955,-126.174835,Northern California,60.000458,0,5,2,-3053,14.943,0.636013567,40.18890381,139.3999023,803.5668335,10/6/2024,,9/6/2024,,8/7/2024,699.6077271,7/8/2024,,6/8/2024
CalCurCEAS_015,2024-10-06T14:00:00Z,40.793185,-126.176625,Northern California,60.0005,0,1,23,-3043,15.078,0.636013567,40.18890381,139.3999023,803.5668335,10/6/2024,,9/6/2024,,8/7/2024,699.6077271,7/8/2024,,6/8/2024
CalCurCEAS_015,2024-10-06T15:00:00Z,40.79179,-126.17833,Northern California,60.000417,0,8,5,-3043,15.078,0.636013567,40.18890381,139.3999023,803.5668335,10/6/2024,,9/6/2024,,8/7/2024,699.6077271,7/8/2024,,6/8/2024
CalCurCEAS_015,2024-10-06T16:00:00Z,40.79096,-126.18017,Northern California,60.000417,0,15,24,-3072,15.078,0.608132362,41.46835709,135,768.649353,10/6/2024,,9/6/2024,,8/7/2024,695.3927002,7/8/2024,,6/8/2024
CalCurCEAS_015,2024-10-06T17:00:00Z,40.792065,-126.18062,Northern California,60.000292,0,8,28,-3036,15.078,0.636013567,40.18890381,139.3999023,803.5668335,10/6/2024,,9/6/2024,,8/7/2024,699.6077271,7/8/2024,,6/8/2024
CalCurCEAS_015,2024-10-06T18:00:00Z,40.79409,-126.17963,Northern California,60.000542,0,0,1,-3036,15.078,0.636013567,40.18890381,139.3999023,803.5668335,10/6/2024,,9/6/2024,,8/7/2024,699.6077271,7/8/2024,,6/8/2024
CalCurCEAS_015,2024-10-06T19:00:00Z,40.7946,-126.1763,Northern California,60.000375,0,3,20,-3043,15.078,0.636013567,40.18890381,139.3999023,803.5668335,10/6/2024,,9/6/2024,,8/7/2024,699.6077271,7/8/2024,,6/8/2024
CalCurCEAS_015,2024-10-06T20:00:00Z,40.794045,-126.174275,Northern California,60.000375,0,6,16,-3054,14.976,0.636013567,40.18890381,139.3999023,803.5668335,10/6/2024,,9/6/2024,,8/7/2024,699.6077271,7/8/2024,,6/8/2024
CalCurCEAS_015,2024-10-06T21:00:00Z,40.793905,-126.17063,Northern California,60.000417,0,0,3,-3082,14.976,0.636013567,40.18890381,139.3999023,803.5668335,10/6/2024,,9/6/2024,,8/7/2024,699.6077271,7/8/2024,,6/8/2024
CalCurCEAS_015,2024-10-06T22:00:00Z,40.792865,-126.166885,Northern California,60.000542,0,9,0,-3082,14.976,0.636013567,40.18890381,139.3999023,803.5668335,10/6/2024,,9/6/2024,,8/7/2024,699.6077271,7/8/2024,,6/8/2024
CalCurCEAS_015,2024-10-06T23:00:00Z,40.788715,-126.164825,Northern California,60.000333,0,7,6,-3117,14.903,0.621782601,39.62245178,137.199707,778.1100464,10/6/2024,,9/6/2024,,8/7/2024,695.3927002,7/8/2024,,6/8/2024
CalCurCEAS_015,2024-10-07T00:00:00Z,40.78372,-126.1648,Northern California,60.000458,0,12,0,-3118,15.262,0.723430276,38.91784668,152.6000977,778.6005249,10/7/2024,,9/8/2024,716.5159912,8/7/2024,712.1637573,7/9/2024,700.3295898,6/10/2024
CalCurCEAS_015,2024-10-07T01:00:00Z,40.777065,-126.167195,Northern California,60.000375,0,16,1,-3120,15.206,0.658201158,42.17924881,142.7998047,739.9211426,10/7/2024,,9/8/2024,716.5159912,8/7/2024,712.1637573,7/9/2024,700.3295898,6/10/2024
CalCurCEAS_015,2024-10-07T02:00:00Z,40.76893,-126.171715,Northern California,60.000417,0,1,2,-3122,15.206,0.658201158,42.17924881,142.7998047,739.9211426,10/7/2024,,9/8/2024,716.5159912,8/7/2024,712.1637573,7/9/2024,700.3295898,6/10/2024
CalCurCEAS_015,2024-10-07T03:00:00Z,40.76477,-126.17611,Northern California,60.000458,0,3,0,-3122,15.236,0.658201158,42.17924881,142.7998047,739.9211426,10/7/2024,,9/8/2024,,8/7/2024,712.1637573,7/9/2024,700.3295898,6/10/2024
CalCurCEAS_015,2024-10-07T04:00:00Z,40.76309,-126.17954,Northern California,60.000333,0,7,2,-3122,15.236,0.658201158,42.17924881,142.7998047,739.9211426,10/7/2024,,9/8/2024,,8/7/2024,712.1637573,7/9/2024,700.3295898,6/10/2024
CalCurCEAS_015,2024-10-07T05:00:00Z,40.76252,-126.185,Northern California,59.99525,0,4,2,-3121,15.339,0.658201158,42.17924881,142.7998047,739.9211426,10/7/2024,,9/8/2024,,8/7/2024,712.1637573,7/9/2024,700.3295898,6/10/2024
CalCurCEAS_015,2024-10-07T06:00:00Z,40.76467,-126.187305,Northern California,59.995417,0,0,1,-3121,15.339,0.658201158,42.17924881,142.7998047,739.9211426,10/7/2024,,9/8/2024,,8/7/2024,712.1637573,7/9/2024,700.3295898,6/10/2024
CalCurCEAS_015,2024-10-07T07:00:00Z,40.76743,-126.18748,Northern California,60.000375,0,0,4,-3121,15.339,0.658201158,42.17924881,142.7998047,739.9211426,10/7/2024,,9/8/2024,,8/7/2024,712.1637573,7/9/2024,700.3295898,6/10/2024
CalCurCEAS_015,2024-10-07T08:00:00Z,40.76972,-126.185115,Northern California,60.000458,0,1,4,-3121,15.407,0.658201158,42.17924881,142.7998047,739.9211426,10/7/2024,,9/8/2024,,8/7/2024,712.1637573,7/9/2024,976.3771973,6/11/2024
CalCurCEAS_015,2024-10-07T09:00:00Z,40.77195,-126.181,Northern California,60.000375,1,4,4,-3119,15.407,0.658201158,42.17924881,142.7998047,739.9211426,10/7/2024,,9/8/2024,,8/7/2024,712.1637573,7/9/2024,976.3771973,6/11/2024
CalCurCEAS_015,2024-10-07T10:00:00Z,40.77281,-126.177045,Northern California,60.000375,0,4,14,-3117,15.294,0.658201158,42.17924881,142.7998047,739.9211426,10/7/2024,,9/8/2024,,8/8/2024,750.1092529,7/11/2024,848.1207886,6/12/2024
CalCurCEAS_015,2024-10-07T11:00:00Z,40.77221,-126.172605,Northern California,60.000333,0,6,1,-3116,15.236,0.658201158,42.17924881,142.7998047,739.9211426,10/7/2024,,9/8/2024,,8/8/2024,750.1092529,7/11/2024,854.7183228,6/12/2024
CalCurCEAS_015,2024-10-07T12:00:00Z,40.77031,-126.169295,Northern California,60.000542,0,0,5,-3121,15.236,0.658201158,42.17924881,142.7998047,739.9211426,10/7/2024,,9/8/2024,,8/8/2024,750.1092529,7/11/2024,854.7183228,6/12/2024
CalCurCEAS_015,2024-10-07T13:00:00Z,40.76708,-126.16742,Northern California,60.000292,0,2,7,-3121,15.236,0.658201158,42.17924881,142.7998047,739.9211426,10/7/2024,,9/8/2024,,8/8/2024,750.1092529,7/11/2024,854.7183228,6/12/2024
CalCurCEAS_015,2024-10-07T14:00:00Z,40.76211,-126.167575,Northern California,60.000375,0,1,9,-3124,15.282,0.658201158,42.17924881,142.7998047,739.9211426,10/7/2024,,9/8/2024,,8/8/2024,750.1092529,7/11/2024,854.7183228,6/12/2024
CalCurCEAS_015,2024-10-07T15:00:00Z,40.75668,-126.17059,Northern California,60.000375,0,3,11,-3123,15.11,0.658201158,42.17924881,142.7998047,739.9211426,10/7/2024,,9/8/2024,,8/8/2024,750.1092529,7/11/2024,847.307251,6/12/2024
CalCurCEAS_015,2024-10-07T16:00:00Z,40.75466,-126.17291,Northern California,60.0005,0,16,5,-3122,15.125,0.658201158,42.17924881,142.7998047,739.9211426,10/7/2024,,9/8/2024,,8/8/2024,750.1092529,7/11/2024,846.4793701,6/12/2024
CalCurCEAS_015,2024-10-07T17:00:00Z,40.754415,-126.17432,Northern California,60.000417,0,5,25,-3122,15.125,0.658201158,42.17924881,142.7998047,739.9211426,10/7/2024,,9/8/2024,,8/8/2024,750.1092529,7/11/2024,846.4793701,6/12/2024
CalCurCEAS_015,2024-10-07T18:00:00Z,40.755715,-126.175715,Northern California,59.995292,0,3,5,-3120,15.14,0.658201158,42.17924881,142.7998047,739.9211426,10/7/2024,,9/8/2024,,8/8/2024,750.1092529,7/11/2024,846.4793701,6/12/2024
CalCurCEAS_015,2024-10-07T19:00:00Z,40.75757,-126.175155,Northern California,60.000375,0,10,2,-3120,15.14,0.658201158,42.17924881,142.7998047,739.9211426,10/7/2024,,9/8/2024,,8/8/2024,750.1092529,7/11/2024,846.4793701,6/12/2024
CalCurCEAS_015,2024-10-07T20:00:00Z,40.759165,-126.17157,Northern California,60.000417,0,8,5,-3123,15.157,0.658201158,42.17924881,142.7998047,739.9211426,10/7/2024,,9/8/2024,,8/11/2024,,7/12/2024,,6/13/2024
CalCurCEAS_015,2024-10-07T21:00:00Z,40.75982,-126.1677,Northern California,60.000375,0,4,12,-3124,15.19,0.658201158,42.17924881,142.7998047,739.9211426,10/7/2024,,9/8/2024,,8/11/2024,,7/12/2024,,6/13/2024
CalCurCEAS_015,2024-10-07T22:00:00Z,40.75864,-126.16432,Northern California,60.000458,0,4,41,-3124,15.19,0.723430276,38.91784668,152.6000977,778.6005249,10/7/2024,,9/8/2024,,8/11/2024,,7/12/2024,,6/13/2024
CalCurCEAS_015,2024-10-07T23:00:00Z,40.75637,-126.16328,Northern California,60.000375,0,1,14,-3123,15.19,0.723430276,38.91784668,152.6000977,778.6005249,10/7/2024,,9/8/2024,,8/11/2024,,7/12/2024,568.8948364,6/14/2024
CalCurCEAS_015,2024-10-08T00:00:00Z,40.75132,-126.163045,Northern California,60.000417,0,4,1,-3122,15.625,,,,,10/8/2024,,9/6/2024,,8/8/2024,738.0518799,7/10/2024,,6/8/2024
CalCurCEAS_015,2024-10-08T01:00:00Z,40.74372,-126.166765,Northern California,60.000417,0,7,5,-3124,15.699,,,,,10/8/2024,,9/6/2024,,8/8/2024,738.0518799,7/10/2024,,6/8/2024
CalCurCEAS_015,2024-10-08T02:00:00Z,40.74053,-126.17094,Northern California,60.000375,0,4,5,-3123,15.743,,,,,10/8/2024,,9/6/2024,,8/8/2024,738.0518799,7/10/2024,,6/9/2024
CalCurCEAS_015,2024-10-08T03:00:00Z,40.74019,-126.173935,Northern California,60.000458,0,2,40,-3123,15.814,,,,,10/8/2024,,9/6/2024,,8/8/2024,738.0518799,7/10/2024,,6/9/2024
CalCurCEAS_015,2024-10-08T04:00:00Z,40.741,-126.17515,Northern California,60.000542,0,2,48,-3122,15.857,,,,,10/8/2024,,9/6/2024,,8/8/2024,738.0518799,7/10/2024,,6/9/2024
CalCurCEAS_015,2024-10-08T05:00:00Z,40.74221,-126.17384,Northern California,60.000417,0,2,7,-3123,15.911,,,,,10/8/2024,,9/6/2024,,8/8/2024,738.0518799,7/10/2024,,6/9/2024
CalCurCEAS_015,2024-10-08T06:00:00Z,40.74256,-126.17251,Northern California,60.000417,0,3,5,-3123,15.965,,,,,10/8/2024,,9/6/2024,,8/8/2024,738.0518799,7/10/2024,,6/9/2024
CalCurCEAS_015,2024-10-08T07:00:00Z,40.74323,-126.16754,Northern California,60.000417,0,1,10,-3124,15.965,,,,,10/8/2024,,9/6/2024,,8/8/2024,738.0518799,7/10/2024,,6/9/2024
CalCurCEAS_015,2024-10-08T08:00:00Z,40.7437,-126.16384,Northern California,60.0005,0,1,33,-3125,15.965,,,,,10/8/2024,,9/6/2024,,8/8/2024,738.0518799,7/10/2024,,6/9/2024
CalCurCEAS_015,2024-10-08T09:00:00Z,40.741145,-126.158625,Northern California,60.000375,0,1,8,-3126,15.965,,,,,10/8/2024,,9/6/2024,,8/8/2024,738.0518799,7/10/2024,,6/9/2024
CalCurCEAS_015,2024-10-08T10:00:00Z,40.73859,-126.15341,Northern California,60.000417,0,0,42,-3127,15.956,,,,,10/8/2024,,9/6/2024,,8/8/2024,738.0518799,7/10/2024,,6/9/2024
CalCurCEAS_015,2024-10-08T11:00:00Z,40.73678,-126.15234,Northern California,59.983792,0,0,56,-3127,15.947,,,,,10/8/2024,,9/6/2024,,8/8/2024,738.0518799,7/10/2024,,6/9/2024
CalCurCEAS_015,2024-10-08T12:00:00Z,40.73179,-126.1518,Northern California,60.000417,0,0,22,-3127,15.939,,,,,10/8/2024,,9/6/2024,,8/8/2024,757.4972534,7/11/2024,869.0411987,6/12/2024
CalCurCEAS_015,2024-10-08T13:00:00Z,40.726465,-126.15381,Northern California,60.000375,4,1,54,-3127,15.987,,,,,10/8/2024,,9/6/2024,,8/8/2024,757.4972534,7/11/2024,869.0411987,6/12/2024
CalCurCEAS_015,2024-10-08T14:00:00Z,40.72177,-126.15743,Northern California,60.000542,0,0,34,-3126,15.987,,,,,10/8/2024,,9/7/2024,,8/10/2024,,7/12/2024,648.1152344,6/12/2024
CalCurCEAS_015,2024-10-08T15:00:00Z,40.71928,-126.16122,Northern California,60.000417,0,1,4,-3127,15.987,,,,,10/8/2024,,9/7/2024,,8/10/2024,,7/12/2024,656.9852295,6/12/2024
CalCurCEAS_015,2024-10-08T16:00:00Z,40.718945,-126.164655,Northern California,60.000458,0,1,7,-3126,15.989,,,,,10/8/2024,,9/7/2024,,8/10/2024,,7/12/2024,656.9852295,6/12/2024
CalCurCEAS_015,2024-10-08T17:00:00Z,40.721325,-126.166015,Northern California,60.000292,0,0,15,-3126,15.989,,,,,10/8/2024,,9/7/2024,,8/10/2024,,7/12/2024,656.9852295,6/12/2024
CalCurCEAS_015,2024-10-08T18:00:00Z,40.72439,-126.16528,Northern California,60.000458,0,0,10,-3126,15.989,,,,,10/8/2024,,9/7/2024,,8/10/2024,,7/12/2024,,6/12/2024
CalCurCEAS_015,2024-10-08T19:00:00Z,40.72636,-126.16196,Northern California,60.000375,0,2,25,-3127,15.989,,,,,10/8/2024,,9/7/2024,,8/10/2024,,7/12/2024,,6/12/2024
CalCurCEAS_015,2024-10-08T20:00:00Z,40.728375,-126.154985,Northern California,60.000417,0,3,16,-3127,15.931,,,,,10/8/2024,,9/7/2024,,8/10/2024,,7/12/2024,,6/12/2024
CalCurCEAS_015,2024-10-08T21:00:00Z,40.72801,-126.15043,Northern California,60.000458,0,7,5,-3127,15.931,,,,,10/8/2024,,9/7/2024,,8/10/2024,,7/12/2024,,6/12/2024
CalCurCEAS_015,2024-10-08T22:00:00Z,40.72597,-126.14766,Northern California,60.0005,0,10,6,-3127,15.887,,,,,10/8/2024,,9/7/2024,,8/10/2024,,7/12/2024,,6/12/2024
CalCurCEAS_015,2024-10-08T23:00:00Z,40.72221,-126.1462,Northern California,60.000417,0,6,4,-3127,15.844,,,,,10/8/2024,,9/7/2024,,8/10/2024,,7/12/2024,,6/12/2024
CalCurCEAS_015,2024-10-09T00:00:00Z,40.71894,-126.14434,Northern California,60.000417,0,0,3,-3127,16.369,,,,,10/9/2024,,9/11/2024,,8/11/2024,,7/13/2024,,6/12/2024
CalCurCEAS_015,2024-10-09T01:00:00Z,40.714545,-126.142195,Northern California,60.000333,0,2,2,-3127,16.369,,,,,10/9/2024,,9/11/2024,,8/11/2024,,7/13/2024,,6/12/2024
CalCurCEAS_015,2024-10-09T02:00:00Z,40.70955,-126.14133,Northern California,60.000583,0,2,14,-3124,16.359,,,,,10/9/2024,,9/11/2024,,8/11/2024,,7/13/2024,,6/12/2024
CalCurCEAS_015,2024-10-09T03:00:00Z,40.703675,-126.1416,Northern California,60.000375,0,0,33,-3127,16.359,,,,,10/9/2024,,9/11/2024,,8/11/2024,,7/14/2024,,6/13/2024
CalCurCEAS_015,2024-10-09T04:00:00Z,40.69758,-126.14131,Northern California,60.000417,0,0,4,-3127,16.145,,,,,10/9/2024,,9/11/2024,,8/11/2024,,7/14/2024,,6/13/2024
CalCurCEAS_015,2024-10-09T05:00:00Z,40.693927,-126.14231,Northern California,60.000375,0,1,34,-3128,16.145,,,,,10/9/2024,,9/11/2024,,8/11/2024,,7/14/2024,,6/13/2024
CalCurCEAS_015,2024-10-09T06:00:00Z,40.6908,-126.14507,Northern California,60.000375,0,0,18,-3126,16.147,,,,,10/9/2024,,9/11/2024,,8/11/2024,464.7658386,7/8/2024,745.4732666,6/10/2024
CalCurCEAS_015,2024-10-09T07:00:00Z,40.68998,-126.14635,Northern California,60.000333,0,2,11,-3127,16.152,,,,,10/9/2024,,9/11/2024,,8/11/2024,513.8627319,7/9/2024,,6/12/2024
CalCurCEAS_015,2024-10-09T08:00:00Z,40.6897,-126.145215,Northern California,60.000375,0,0,2,-3126,16.153,,,,,10/9/2024,,9/11/2024,,8/11/2024,513.8627319,7/9/2024,586.546936,6/13/2024
CalCurCEAS_015,2024-10-09T09:00:00Z,40.689755,-126.14214,Northern California,60.000375,0,1,12,-3126,16.161,,,,,10/9/2024,,9/11/2024,,8/11/2024,513.8627319,7/9/2024,586.546936,6/13/2024
CalCurCEAS_015,2024-10-09T10:00:00Z,40.688835,-126.13857,Northern California,60.000542,0,2,8,-3126,16.17,,,,,10/9/2024,,9/11/2024,,8/11/2024,513.8627319,7/9/2024,573.2764893,6/13/2024
CalCurCEAS_015,2024-10-09T11:00:00Z,40.68739,-126.13657,Northern California,60.000417,0,2,26,-3125,16.173,,,,,10/9/2024,,9/11/2024,,8/11/2024,513.8627319,7/9/2024,573.2764893,6/13/2024
CalCurCEAS_015,2024-10-09T12:00:00Z,40.685655,-126.133605,Northern California,60.000333,0,0,4,-3125,16.17,,,,,10/9/2024,,9/11/2024,,8/11/2024,522.203064,7/9/2024,573.2764893,6/13/2024
CalCurCEAS_015,2024-10-09T13:00:00Z,40.68277,-126.13058,Northern California,60.000208,0,2,10,-3126,16.17,,,,,10/9/2024,,9/11/2024,,8/11/2024,522.203064,7/9/2024,646.3753662,6/13/2024
CalCurCEAS_015,2024-10-09T14:00:00Z,40.67893,-126.128195,Northern California,60.000542,0,0,60,-3127,16.168,,,,,10/9/2024,,9/11/2024,,8/11/2024,522.203064,7/9/2024,646.3753662,6/13/2024
CalCurCEAS_015,2024-10-09T15:00:00Z,40.67441,-126.12498,Northern California,59.995458,0,0,27,-3127,16.168,,,,,10/9/2024,,9/11/2024,,8/11/2024,522.203064,7/9/2024,646.3753662,6/13/2024
CalCurCEAS_015,2024-10-09T16:00:00Z,40.66972,-126.123585,Northern California,60.000542,0,1,0,-3126,16.167,,,,,10/9/2024,,9/11/2024,559.3771973,8/12/2024,,7/11/2024,,6/10/2024
CalCurCEAS_015,2024-10-09T17:00:00Z,40.66631,-126.12401,Northern California,60.000292,0,0,6,-3129,16.167,,,,,10/9/2024,,9/11/2024,,8/12/2024,,7/11/2024,,6/10/2024
CalCurCEAS_015,2024-10-09T18:00:00Z,40.664405,-126.12586,Northern California,59.996583,0,0,7,-3128,16.175,,,,,10/9/2024,,9/11/2024,,8/12/2024,,7/11/2024,,6/10/2024
CalCurCEAS_015,2024-10-09T19:00:00Z,40.661695,-126.127995,Northern California,60.000458,0,7,4,-3130,16.175,,,,,10/9/2024,,9/11/2024,,8/12/2024,,7/11/2024,,6/11/2024
CalCurCEAS_015,2024-10-09T20:00:00Z,40.66014,-126.12884,Northern California,60.000333,0,3,1,-3130,16.185,,,,,10/9/2024,,9/11/2024,,8/12/2024,,7/11/2024,,6/11/2024
CalCurCEAS_015,2024-10-09T21:00:00Z,40.65808,-126.12894,Northern California,60.000375,0,8,0,-3130,16.185,,,,,10/9/2024,,9/11/2024,,8/10/2024,472.1921387,7/9/2024,,6/12/2024
CalCurCEAS_015,2024-10-09T22:00:00Z,40.655765,-126.1281,Northern California,60.000458,0,9,3,-3130,16.186,,,,,10/9/2024,,9/11/2024,,8/10/2024,472.1921387,7/9/2024,,6/12/2024
CalCurCEAS_015,2024-10-09T23:00:00Z,40.651765,-126.1251,Northern California,60.000458,0,0,5,-3128,16.186,,,,,10/9/2024,,9/11/2024,,8/10/2024,472.1921387,7/9/2024,,6/12/2024
CalCurCEAS_015,2024-10-10T00:00:00Z,40.64905,-126.12191,Northern California,60.000417,0,5,3,-3134,17.159,0.748835742,31.49622917,156.6000977,808.5352783,10/10/2024,,9/8/2024,,8/7/2024,726.9887695,7/9/2024,976.3771973,6/11/2024
CalCurCEAS_015,2024-10-10T01:00:00Z,40.645185,-126.118435,Northern California,59.994042,0,3,0,-3138,17.242,0.748835742,31.49622917,156.6000977,808.5352783,10/10/2024,,9/8/2024,,8/7/2024,726.9887695,7/9/2024,843.0797729,6/11/2024
CalCurCEAS_015,2024-10-10T02:00:00Z,40.637565,-126.11307,Northern California,60.000458,0,3,2,-3142,17.265,0.748835742,31.49622917,156.6000977,808.5352783,10/10/2024,,9/8/2024,,8/7/2024,740.9903564,7/10/2024,,6/8/2024
CalCurCEAS_015,2024-10-10T03:00:00Z,40.63091,-126.11071,Northern California,59.993875,0,1,25,-3147,17.384,0.748835742,31.49622917,156.6000977,808.5352783,10/10/2024,,9/8/2024,,8/7/2024,738.7296753,7/10/2024,,6/8/2024
CalCurCEAS_015,2024-10-10T04:00:00Z,40.623643,-126.11036,Northern California,60.000458,0,0,32,-3143,17.384,0.748835742,31.72317505,156.6000977,813.8980103,10/10/2024,,9/8/2024,,8/7/2024,738.7296753,7/10/2024,,6/8/2024
CalCurCEAS_015,2024-10-10T05:00:00Z,40.619035,-126.11157,Northern California,60.000375,0,2,20,-3148,17.384,0.748835742,31.72317505,156.6000977,813.8980103,10/10/2024,,9/8/2024,,8/8/2024,,7/12/2024,,6/11/2024
CalCurCEAS_015,2024-10-10T06:00:00Z,40.613505,-126.11528,Northern California,60.000333,0,0,5,-3147,17.365,0.748835742,31.72317505,156.6000977,813.8980103,10/10/2024,,9/8/2024,,8/8/2024,,7/12/2024,,6/11/2024
CalCurCEAS_015,2024-10-10T07:00:00Z,40.609115,-126.11781,Northern California,60.000417,0,0,1,-3135,17.365,0.748835742,31.72317505,156.6000977,813.8980103,10/10/2024,,9/8/2024,,8/8/2024,,7/12/2024,,6/11/2024
CalCurCEAS_015,2024-10-10T08:00:00Z,40.60653,-126.11693,Northern California,60.000417,1,0,7,-3127,17.365,0.748835742,31.72317505,156.6000977,813.8980103,10/10/2024,,9/8/2024,,8/8/2024,,7/12/2024,,6/11/2024
CalCurCEAS_015,2024-10-10T09:00:00Z,40.60391,-126.11431,Northern California,59.99425,0,1,5,-3129,17.365,0.748835742,31.72317505,156.6000977,813.8980103,10/10/2024,,9/8/2024,,8/8/2024,,7/12/2024,,6/11/2024
CalCurCEAS_015,2024-10-10T10:00:00Z,40.600105,-126.11278,Northern California,60.000458,0,1,0,-3129,17.401,0.748835742,31.72317505,156.6000977,813.8980103,10/10/2024,,9/8/2024,,8/8/2024,,7/12/2024,,6/11/2024
CalCurCEAS_015,2024-10-10T11:00:00Z,40.59612,-126.110495,Northern California,59.994208,0,1,2,-3136,17.401,0.748835742,31.72317505,156.6000977,813.8980103,10/10/2024,,9/8/2024,,8/8/2024,,7/12/2024,,6/11/2024
CalCurCEAS_015,2024-10-10T12:00:00Z,40.59222,-126.10719,Northern California,60.000458,0,0,10,-3144,17.44,0.748835742,31.72317505,156.6000977,813.8980103,10/10/2024,,9/8/2024,,8/8/2024,,7/12/2024,,6/11/2024
CalCurCEAS_015,2024-10-10T13:00:00Z,40.59007,-126.104865,Northern California,59.992917,0,1,3,-3138,17.44,0.748835742,31.72317505,156.6000977,813.8980103,10/10/2024,,9/8/2024,,8/8/2024,,7/12/2024,,6/11/2024
CalCurCEAS_015,2024-10-10T14:00:00Z,40.58604,-126.10076,Northern California,60.000208,0,3,2,-3137,17.479,0.748835742,31.72317505,156.6000977,813.8980103,10/10/2024,,9/8/2024,,8/8/2024,,7/12/2024,580.2354126,6/11/2024
CalCurCEAS_015,2024-10-10T15:00:00Z,40.582415,-126.09752,Northern California,60.000375,0,0,3,-3133,17.479,0.811280727,37.6353302,165.6000977,836.3624268,10/10/2024,,9/8/2024,,8/8/2024,,7/12/2024,580.2354126,6/11/2024
CalCurCEAS_015,2024-10-10T16:00:00Z,40.57836,-126.09523,Northern California,59.993875,0,3,0,-3131,17.515,0.811280727,37.6353302,165.6000977,836.3624268,10/10/2024,,9/8/2024,,8/8/2024,,7/12/2024,580.2354126,6/11/2024
CalCurCEAS_015,2024-10-10T17:00:00Z,40.57331,-126.095345,Northern California,60.000458,0,7,1,-3127,17.515,0.811280727,37.6353302,165.6000977,836.3624268,10/10/2024,,9/8/2024,,8/8/2024,,7/12/2024,580.2354126,6/11/2024
CalCurCEAS_015,2024-10-10T18:00:00Z,40.56965,-126.09655,Northern California,60.0005,0,15,3,-3131,17.515,0.811280727,37.6353302,165.6000977,836.3624268,10/10/2024,,9/8/2024,,8/8/2024,,7/12/2024,580.2354126,6/11/2024
CalCurCEAS_015,2024-10-10T19:00:00Z,40.565685,-126.09632,Northern California,60.000417,0,2,0,-3132,17.426,0.811280727,37.6353302,165.6000977,836.3624268,10/10/2024,,9/11/2024,,8/12/2024,,7/12/2024,,6/9/2024
CalCurCEAS_015,2024-10-10T20:00:00Z,40.56138,-126.095385,Northern California,59.996667,0,4,10,-3130,17.426,0.811280727,37.6353302,165.6000977,836.3624268,10/10/2024,,9/11/2024,,8/12/2024,,7/12/2024,,6/9/2024
CalCurCEAS_015,2024-10-10T21:00:00Z,40.55899,-126.093555,Northern California,60.000333,0,1,15,-3130,17.333,0.811280727,37.6353302,165.6000977,836.3624268,10/10/2024,,9/11/2024,,8/12/2024,,7/12/2024,,6/9/2024
CalCurCEAS_015,2024-10-10T22:00:00Z,40.55671,-126.09084,Northern California,60.000375,0,1,4,-3129,17.276,0.811280727,37.6353302,165.6000977,836.3624268,10/10/2024,,9/11/2024,,8/12/2024,,7/12/2024,,6/9/2024
CalCurCEAS_015,2024-10-10T23:00:00Z,40.55418,-126.08801,Northern California,60.000375,0,0,4,-3129,17.298,0.811280727,37.6353302,165.6000977,836.3624268,10/10/2024,656.8884277,9/11/2024,,8/12/2024,,7/12/2024,,6/9/2024
CalCurCEAS_015,2024-10-11T00:00:00Z,40.55196,-126.0861,Northern California,60.000458,0,1,0,-3120,16.935,,,,,10/11/2024,,9/8/2024,,8/10/2024,,7/13/2024,,6/11/2024
CalCurCEAS_015,2024-10-11T01:00:00Z,40.55061,-126.08408,Northern California,60.000333,0,1,2,-3120,16.92,,,,,10/11/2024,,9/8/2024,,8/10/2024,,7/13/2024,,6/11/2024
CalCurCEAS_015,2024-10-11T02:00:00Z,40.54902,-126.08217,Northern California,60.000542,0,3,30,-3095,16.879,,,,,10/11/2024,,9/8/2024,,8/10/2024,,7/13/2024,,6/11/2024
CalCurCEAS_015,2024-10-11T03:00:00Z,40.54573,-126.07908,Northern California,60.000292,0,1,67,-3091,16.81,,,,,10/11/2024,,9/8/2024,,8/10/2024,,7/13/2024,,6/11/2024
CalCurCEAS_015,2024-10-11T04:00:00Z,40.541885,-126.075815,Northern California,59.999083,0,1,58,-3091,16.756,,,,,10/11/2024,,9/8/2024,,8/10/2024,,7/15/2024,,6/13/2024
CalCurCEAS_015,2024-10-11T05:00:00Z,40.537637,-126.074087,Northern California,60.000333,0,1,72,-3090,16.694,,,,,10/11/2024,,9/8/2024,,8/10/2024,,7/15/2024,,6/13/2024
CalCurCEAS_015,2024-10-11T06:00:00Z,40.53202,-126.07301,Northern California,60.000333,0,0,92,-3095,16.479,,,,,10/11/2024,,9/8/2024,,8/10/2024,,7/15/2024,,6/13/2024
CalCurCEAS_015,2024-10-11T07:00:00Z,40.528995,-126.07185,Northern California,60.000417,0,0,40,-3097,16.411,,,,,10/11/2024,,9/8/2024,,8/10/2024,,7/15/2024,,6/13/2024
CalCurCEAS_015,2024-10-11T08:00:00Z,40.52616,-126.07045,Northern California,60.000458,0,0,61,-3096,16.425,,,,,10/11/2024,,9/8/2024,,8/10/2024,,7/15/2024,,6/13/2024
CalCurCEAS_015,2024-10-11T09:00:00Z,40.52375,-126.069685,Northern California,60.000292,0,2,24,-3096,16.46,,,,,10/11/2024,,9/8/2024,,8/10/2024,,7/15/2024,,6/13/2024
CalCurCEAS_015,2024-10-11T10:00:00Z,40.51956,-126.06837,Northern California,60.000375,0,0,40,-3097,16.535,,,,,10/11/2024,,9/8/2024,,8/10/2024,,7/15/2024,,6/13/2024
CalCurCEAS_015,2024-10-11T11:00:00Z,40.518635,-126.065925,Northern California,60.000458,0,0,55,-3095,16.568,,,,,10/11/2024,,9/8/2024,,8/10/2024,,7/15/2024,,6/13/2024
CalCurCEAS_015,2024-10-11T12:00:00Z,40.517575,-126.060165,Northern California,60.000417,0,0,60,-3093,16.621,,,,,10/11/2024,,9/8/2024,,8/11/2024,,7/12/2024,,6/13/2024
CalCurCEAS_015,2024-10-11T13:00:00Z,40.51663,-126.0552,Northern California,60.000417,0,0,81,-3091,16.64,,,,,10/11/2024,,9/8/2024,,8/11/2024,,7/12/2024,,6/13/2024
CalCurCEAS_015,2024-10-11T14:00:00Z,40.516115,-126.05023,Northern California,33.000292,0,0,9,-3088,16.637,,,,,10/11/2024,,9/8/2024,,8/11/2024,,7/12/2024,,6/13/2024
CalCurCEAS_016,2024-10-06T02:00:00Z,39.672943,-126.562517,Northern California,60.000375,0,1,0,-4176,15.136,0.376097918,26.01390266,96.60009766,631.4332886,10/6/2024,,9/7/2024,,8/9/2024,724.4873047,7/8/2024,,6/9/2024
CalCurCEAS_016,2024-10-06T03:00:00Z,39.6645,-126.56884,Northern California,60.000417,0,0,0,-4179,15.213,0.345994592,21.38495445,91.39990234,611.5379639,10/6/2024,,9/7/2024,,8/9/2024,724.4873047,7/8/2024,,6/9/2024
CalCurCEAS_016,2024-10-06T04:00:00Z,39.654217,-126.57491,Northern California,60.000333,0,0,0,-4175,15.268,0.345994592,21.38495445,91.39990234,611.5379639,10/6/2024,,9/7/2024,,8/9/2024,724.4873047,7/8/2024,,6/9/2024
CalCurCEAS_016,2024-10-06T05:00:00Z,39.640187,-126.58382,Northern California,60.000375,0,1,0,-4166,15.43,0.376097918,26.01390266,96.60009766,636.8707886,10/6/2024,,9/7/2024,,8/9/2024,717.3238525,7/8/2024,,6/9/2024
CalCurCEAS_016,2024-10-06T06:00:00Z,39.626277,-126.595717,Northern California,60.000458,0,0,1,-4171,15.43,0.376097918,26.01390266,96.60009766,636.8707886,10/6/2024,,9/7/2024,,8/9/2024,717.3238525,7/8/2024,,6/9/2024
CalCurCEAS_016,2024-10-06T07:00:00Z,39.613953,-126.609947,Northern California,60.000375,0,1,0,-4170,15.43,0.339165896,21.2786274,90,615.6513062,10/6/2024,,9/7/2024,,8/9/2024,717.3238525,7/8/2024,,6/9/2024
CalCurCEAS_016,2024-10-06T08:00:00Z,39.6017,-126.62341,Northern California,60.000417,0,1,0,-4173,15.549,0.339165896,21.2786274,90,615.6513062,10/6/2024,,9/7/2024,,8/9/2024,718.4904785,7/8/2024,,6/9/2024
CalCurCEAS_016,2024-10-06T09:00:00Z,39.590557,-126.634913,Northern California,60.000417,0,1,0,-4177,15.47,0.411662698,26.52140999,102.199707,669.8894653,10/6/2024,,9/7/2024,,8/9/2024,716.2545776,7/8/2024,,6/9/2024
CalCurCEAS_016,2024-10-06T10:00:00Z,39.57853,-126.6476,Northern California,60.000375,0,1,0,-4198,15.47,0.339165896,21.60462952,90,608.6436157,10/6/2024,,9/7/2024,,8/9/2024,716.2545776,7/8/2024,,6/9/2024
CalCurCEAS_016,2024-10-06T11:00:00Z,39.56818,-126.658493,Northern California,60.000375,0,1,1,-4188,15.365,0.339165896,21.60462952,90,608.6436157,10/6/2024,,9/7/2024,,8/9/2024,716.2545776,7/8/2024,,6/9/2024
CalCurCEAS_016,2024-10-06T12:00:00Z,39.561403,-126.66732,Northern California,60.000458,0,2,0,-4201,15.365,0.411662698,29.44096375,102.199707,669.8894653,10/6/2024,,9/7/2024,,8/9/2024,726.5134888,7/9/2024,843.0797729,6/11/2024
CalCurCEAS_016,2024-10-06T13:00:00Z,39.557613,-126.67385,Northern California,60.0005,0,1,0,-4201,15.268,0.411662698,29.44096375,102.199707,669.8894653,10/6/2024,,9/7/2024,,8/9/2024,726.5134888,7/9/2024,843.0797729,6/11/2024
CalCurCEAS_016,2024-10-06T14:00:00Z,39.555083,-126.677967,Northern California,60.000375,0,0,0,-4199,15.268,0.411662698,29.44096375,102.199707,669.8894653,10/6/2024,,9/7/2024,,8/9/2024,726.5134888,7/9/2024,843.0797729,6/11/2024
CalCurCEAS_016,2024-10-06T15:00:00Z,39.552803,-126.679603,Northern California,60.000375,0,3,0,-4197,15.268,0.411662698,29.44096375,102.199707,669.8894653,10/6/2024,,9/7/2024,,8/9/2024,726.5134888,7/9/2024,843.0797729,6/11/2024
CalCurCEAS_016,2024-10-06T16:00:00Z,39.548847,-126.678427,Northern California,60.000333,0,0,0,-4199,15.322,0.411662698,29.44096375,102.199707,669.8894653,10/6/2024,,9/7/2024,,8/9/2024,726.5134888,7/9/2024,843.0797729,6/11/2024
CalCurCEAS_016,2024-10-06T17:00:00Z,39.540445,-126.675273,Northern California,60.000292,0,2,0,-4198,15.322,0.368658453,26.24912453,96,618.331604,10/6/2024,,9/7/2024,,8/9/2024,726.5134888,7/9/2024,843.0797729,6/11/2024
CalCurCEAS_016,2024-10-06T18:00:00Z,39.528137,-126.670517,Northern California,60.000375,0,1,0,-4196,15.371,0.368658453,26.24912453,96,618.331604,10/6/2024,,9/7/2024,,8/9/2024,726.5134888,7/9/2024,843.0797729,6/11/2024
CalCurCEAS_016,2024-10-06T19:00:00Z,39.5157,-126.66735,Northern California,60.000583,0,0,1,-4198,15.371,0.368658453,26.24912453,96,618.331604,10/6/2024,,9/7/2024,,8/9/2024,726.5134888,7/9/2024,843.0797729,6/11/2024
CalCurCEAS_016,2024-10-06T20:00:00Z,39.50443,-126.666333,Northern California,60.000417,0,0,0,-4197,15.43,0.339165896,21.90711975,89.39990234,601.5923462,10/6/2024,,9/7/2024,,8/9/2024,726.5134888,7/9/2024,843.0797729,6/11/2024
CalCurCEAS_016,2024-10-06T21:00:00Z,39.493483,-126.665677,Northern California,60.000333,0,2,0,-4195,15.43,0.345386267,23.35610962,91.19970703,615.175415,10/6/2024,,9/7/2024,,8/9/2024,746.0250244,7/9/2024,843.0797729,6/11/2024
CalCurCEAS_016,2024-10-06T22:00:00Z,39.484347,-126.66436,Northern California,60.000333,0,3,0,-4196,15.322,0.345386267,23.35610962,91.19970703,615.175415,10/6/2024,,9/7/2024,,8/10/2024,,7/12/2024,646.9873047,6/12/2024
CalCurCEAS_016,2024-10-06T23:00:00Z,39.47446,-126.661843,Northern California,60.000375,0,0,0,-4192,15.322,0.345386267,23.35610962,91.19970703,615.175415,10/6/2024,,9/7/2024,,8/10/2024,,7/12/2024,646.9873047,6/12/2024
CalCurCEAS_016,2024-10-07T00:00:00Z,39.465227,-126.659347,Northern California,60.000417,0,1,0,-4192,15.157,,,,,10/7/2024,,9/8/2024,,8/11/2024,,7/12/2024,568.8948364,6/14/2024
CalCurCEAS_016,2024-10-07T01:00:00Z,39.457827,-126.658703,Northern California,60.000375,0,2,0,-4191,15.157,,,,,10/7/2024,,9/8/2024,,8/11/2024,,7/12/2024,526.0293579,6/14/2024
CalCurCEAS_016,2024-10-07T02:00:00Z,39.452433,-126.658687,Northern California,59.981167,1,1,13,-4193,15.157,,,,,10/7/2024,,9/8/2024,,8/11/2024,,7/12/2024,,6/8/2024
CalCurCEAS_016,2024-10-07T03:00:00Z,39.449473,-126.658727,Northern California,60.000542,0,0,4,-4192,15.126,,,,,10/7/2024,,9/8/2024,,8/11/2024,,7/12/2024,,6/9/2024
CalCurCEAS_016,2024-10-07T04:00:00Z,39.448717,-126.659193,Northern California,60.000417,0,1,1,-4192,15.145,,,,,10/7/2024,,9/8/2024,,8/11/2024,,7/12/2024,,6/9/2024
CalCurCEAS_016,2024-10-07T05:00:00Z,39.449973,-126.6582,Northern California,60.000333,0,0,0,-4190,15.145,,,,,10/7/2024,,9/8/2024,,8/11/2024,,7/12/2024,,6/9/2024
CalCurCEAS_016,2024-10-07T06:00:00Z,39.45101,-126.652173,Northern California,60.000417,0,0,1,-4189,15.137,,,,,10/7/2024,,9/8/2024,,8/11/2024,,7/12/2024,,6/9/2024
CalCurCEAS_016,2024-10-07T07:00:00Z,39.450017,-126.64178,Northern California,60.000375,0,4,1,-4187,15.137,,,,,10/7/2024,,9/8/2024,,8/11/2024,,7/12/2024,,6/9/2024
CalCurCEAS_016,2024-10-07T08:00:00Z,39.447133,-126.632,Northern California,60.000417,0,5,0,-4188,15.137,,,,,10/7/2024,,9/8/2024,,8/11/2024,,7/12/2024,,6/9/2024
CalCurCEAS_016,2024-10-07T09:00:00Z,39.444347,-126.622027,Northern California,60.000458,0,0,0,-4196,15.191,,,,552.3214111,10/7/2024,,9/8/2024,,8/11/2024,,7/12/2024,,6/9/2024
CalCurCEAS_016,2024-10-07T10:00:00Z,39.442738,-126.614564,Northern California,60.000292,0,1,2,-4192,15.191,,,,552.3214111,10/7/2024,,9/8/2024,,8/11/2024,,7/12/2024,,6/9/2024
CalCurCEAS_016,2024-10-07T11:00:00Z,39.442,-126.60909,Northern California,60.000417,0,2,0,-4189,15.191,,,,552.3214111,10/7/2024,,9/8/2024,,8/11/2024,,7/12/2024,,6/9/2024
CalCurCEAS_016,2024-10-07T12:00:00Z,39.441903,-126.60422,Northern California,60.000333,0,1,0,-4187,15.191,,,,552.3214111,10/7/2024,,9/8/2024,,8/11/2024,,7/13/2024,,6/11/2024
CalCurCEAS_016,2024-10-07T13:00:00Z,39.441723,-126.600367,Northern California,60.000417,0,0,0,-4185,15.191,,,,552.3214111,10/7/2024,,9/8/2024,,8/11/2024,,7/13/2024,,6/11/2024
CalCurCEAS_016,2024-10-07T14:00:00Z,39.442327,-126.598487,Northern California,60.000208,0,2,0,-4185,15.217,,,,552.3214111,10/7/2024,,9/8/2024,,8/11/2024,,7/13/2024,,6/11/2024
CalCurCEAS_016,2024-10-07T15:00:00Z,39.444373,-126.596457,Northern California,60.000458,0,8,0,-4185,16.332,,,,552.3214111,10/7/2024,,9/8/2024,,8/11/2024,,7/13/2024,,6/11/2024
CalCurCEAS_016,2024-10-07T16:00:00Z,39.44814,-126.596333,Northern California,60.000292,0,0,0,-4185,16.332,,,,552.3214111,10/7/2024,,9/8/2024,,8/11/2024,,7/13/2024,,6/11/2024
CalCurCEAS_016,2024-10-07T17:00:00Z,39.454447,-126.596697,Northern California,59.985042,0,0,0,-4183,16.323,,,,552.3214111,10/7/2024,,9/8/2024,581.8361206,8/12/2024,,7/11/2024,,6/9/2024
CalCurCEAS_016,2024-10-07T18:00:00Z,39.463105,-126.59487,Northern California,60.000292,0,4,0,-4178,16.33,,,,598.4394531,10/7/2024,,9/8/2024,590.5304565,8/12/2024,,7/11/2024,,6/9/2024
CalCurCEAS_016,2024-10-07T19:00:00Z,39.469537,-126.589583,Northern California,60.000292,0,0,0,-4181,16.337,,,,598.4394531,10/7/2024,,9/8/2024,590.5304565,8/12/2024,,7/11/2024,,6/9/2024
CalCurCEAS_016,2024-10-07T20:00:00Z,39.474917,-126.58049,Northern California,60.000458,0,0,0,-4177,16.337,0.471041083,34.60800934,112.5,560.3007813,10/7/2024,,9/11/2024,,8/10/2024,449.3954773,7/8/2024,,6/9/2024
CalCurCEAS_016,2024-10-07T21:00:00Z,39.477707,-126.57171,Northern California,60.000333,0,1,0,-4178,16.361,0.471041083,34.60800934,112.5,560.3007813,10/7/2024,,9/11/2024,,8/10/2024,449.3954773,7/8/2024,,6/9/2024
CalCurCEAS_016,2024-10-07T22:00:00Z,39.47982,-126.564347,Northern California,60.000292,0,0,1,-4182,16.361,0.471041083,34.60800934,112.5,560.3007813,10/7/2024,,9/11/2024,,8/10/2024,442.9015198,7/8/2024,744.496521,6/10/2024
CalCurCEAS_016,2024-10-07T23:00:00Z,39.479997,-126.559567,Northern California,60.000458,0,0,1,-4178,16.361,0.471041083,34.60800934,112.5,560.3007813,10/7/2024,,9/11/2024,,8/10/2024,442.8322144,7/8/2024,745.4732666,6/10/2024
CalCurCEAS_016,2024-10-08T00:00:00Z,39.479633,-126.559193,Northern California,60.000333,0,2,1,-4178,15.863,,,,,10/8/2024,,9/7/2024,,8/10/2024,,7/12/2024,,6/12/2024
CalCurCEAS_016,2024-10-08T01:00:00Z,39.47845,-126.561117,Northern California,60.000458,0,5,2,-4169,15.85,,,,,10/8/2024,,9/7/2024,,8/10/2024,,7/12/2024,,6/12/2024
CalCurCEAS_016,2024-10-08T02:00:00Z,39.478537,-126.565247,Northern California,60.000375,0,4,0,-4169,15.877,,,,,10/8/2024,,9/7/2024,,8/10/2024,,7/12/2024,,6/13/2024
CalCurCEAS_016,2024-10-08T03:00:00Z,39.481177,-126.57075,Northern California,60.000417,0,1,0,-4186,15.877,,,,,10/8/2024,,9/7/2024,,8/10/2024,,7/12/2024,,6/13/2024
CalCurCEAS_016,2024-10-08T04:00:00Z,39.48722,-126.577133,Northern California,60.0005,0,0,0,-4179,15.997,,,,,10/8/2024,,9/7/2024,,8/10/2024,,7/12/2024,,6/13/2024
CalCurCEAS_016,2024-10-08T05:00:00Z,39.49488,-126.58227,Northern California,60.000417,0,0,1,-4173,15.997,,,,,10/8/2024,,9/7/2024,,8/10/2024,,7/12/2024,,6/13/2024
CalCurCEAS_016,2024-10-08T06:00:00Z,39.50448,-126.587037,Northern California,60.000417,0,1,0,-4171,15.985,,,,,10/8/2024,,9/7/2024,,8/10/2024,,7/12/2024,,6/13/2024
CalCurCEAS_016,2024-10-08T07:00:00Z,39.51628,-126.58764,Northern California,60.000417,0,2,0,-4168,15.985,,,,,10/8/2024,,9/7/2024,,8/10/2024,,7/13/2024,,6/11/2024
CalCurCEAS_016,2024-10-08T08:00:00Z,39.527573,-126.583053,Northern California,60.000417,0,3,0,-4171,15.949,,,,,10/8/2024,,9/7/2024,,8/10/2024,,7/13/2024,,6/11/2024
CalCurCEAS_016,2024-10-08T09:00:00Z,39.53538,-126.57783,Northern California,60.000417,1,1,0,-4171,15.949,,,,,10/8/2024,,9/7/2024,,8/10/2024,,7/13/2024,,6/11/2024
CalCurCEAS_016,2024-10-08T10:00:00Z,39.5405,-126.57446,Northern California,60.00025,1,0,0,-4171,15.915,,,,,10/8/2024,,9/7/2024,,8/11/2024,,7/11/2024,,6/8/2024
CalCurCEAS_016,2024-10-08T11:00:00Z,39.543823,-126.57338,Northern California,60.000333,0,1,0,-4173,15.856,,,,,10/8/2024,,9/7/2024,,8/11/2024,,7/11/2024,,6/8/2024
CalCurCEAS_016,2024-10-08T12:00:00Z,39.545597,-126.57333,Northern California,60.000333,0,1,0,-4173,15.826,,,,,10/8/2024,,9/7/2024,,8/11/2024,,7/11/2024,,6/8/2024
CalCurCEAS_016,2024-10-08T13:00:00Z,39.54635,-126.575563,Northern California,59.983917,0,1,4,-4173,15.788,,,,,10/8/2024,,9/7/2024,,8/11/2024,,7/11/2024,,6/8/2024
CalCurCEAS_016,2024-10-08T14:00:00Z,39.54911,-126.58172,Northern California,60.000292,0,1,4,-4174,15.793,,,,,10/8/2024,,9/8/2024,,8/8/2024,750.1092529,7/11/2024,846.4793701,6/12/2024
CalCurCEAS_016,2024-10-08T15:00:00Z,39.5514,-126.589173,Northern California,60.000542,0,1,0,-4177,15.793,,,,,10/8/2024,,9/8/2024,,8/8/2024,753.6271973,7/11/2024,846.4793701,6/12/2024
CalCurCEAS_016,2024-10-08T16:00:00Z,39.553833,-126.59769,Northern California,60.0005,0,2,0,-4178,15.751,,,,,10/8/2024,,9/8/2024,,8/8/2024,753.6271973,7/11/2024,846.4650269,6/12/2024
CalCurCEAS_016,2024-10-08T17:00:00Z,39.557323,-126.60553,Northern California,60.000333,0,10,0,-4177,15.749,,,,,10/8/2024,,9/8/2024,,8/8/2024,750.1092529,7/11/2024,846.4650269,6/12/2024
CalCurCEAS_016,2024-10-08T18:00:00Z,39.562183,-126.612843,Northern California,60.000458,0,2,0,-4177,15.749,,,,,10/8/2024,,9/8/2024,,8/8/2024,750.1092529,7/11/2024,846.4650269,6/12/2024
CalCurCEAS_016,2024-10-08T19:00:00Z,39.564373,-126.61711,Northern California,60.000333,0,1,0,-4177,15.749,,,,,10/8/2024,,9/8/2024,,8/8/2024,750.1092529,7/11/2024,846.4650269,6/12/2024
CalCurCEAS_016,2024-10-08T20:00:00Z,39.565313,-126.621297,Northern California,60.000583,0,0,0,-4179,15.752,,,,,10/8/2024,,9/8/2024,,8/8/2024,750.1092529,7/11/2024,846.4650269,6/12/2024
CalCurCEAS_016,2024-10-08T21:00:00Z,39.565487,-126.627647,Northern California,60.000375,0,0,0,-4177,15.722,,,,,10/8/2024,,9/8/2024,,8/8/2024,750.1092529,7/11/2024,,6/13/2024
CalCurCEAS_016,2024-10-08T22:00:00Z,39.565687,-126.63621,Northern California,60.000458,1,7,0,-4178,15.722,,,,,10/8/2024,,9/8/2024,,8/8/2024,750.1092529,7/11/2024,,6/13/2024
CalCurCEAS_016,2024-10-08T23:00:00Z,39.565267,-126.644917,Northern California,60.000375,0,4,0,-4183,15.734,,,,,10/8/2024,,9/8/2024,,8/8/2024,750.1092529,7/11/2024,,6/13/2024
CalCurCEAS_016,2024-10-09T00:00:00Z,39.565273,-126.653663,Northern California,60.000375,0,5,0,-4188,16.176,,,,,10/9/2024,,9/11/2024,,8/10/2024,472.1921387,7/9/2024,,6/12/2024
CalCurCEAS_016,2024-10-09T01:00:00Z,39.566443,-126.663753,Northern California,60.000375,0,4,0,-4195,16.176,,,,,10/9/2024,,9/11/2024,,8/10/2024,472.1921387,7/9/2024,,6/12/2024
CalCurCEAS_016,2024-10-09T02:00:00Z,39.567407,-126.673853,Northern California,60.000542,0,2,0,-4202,16.167,,,,,10/9/2024,,9/11/2024,,8/10/2024,,7/10/2024,,6/10/2024
CalCurCEAS_016,2024-10-09T03:00:00Z,39.569833,-126.682747,Northern California,60.000333,0,0,0,-4203,16.159,,,,,10/9/2024,,9/11/2024,,8/10/2024,,7/10/2024,,6/10/2024
CalCurCEAS_016,2024-10-09T04:00:00Z,39.572807,-126.690323,Northern California,60.000542,0,0,0,-4202,16.682,,,,,10/9/2024,,9/11/2024,,8/10/2024,,7/10/2024,,6/10/2024
CalCurCEAS_016,2024-10-09T05:00:00Z,39.573157,-126.696917,Northern California,60.00025,0,1,0,-4204,16.672,,,,,10/9/2024,,9/11/2024,,8/10/2024,,7/10/2024,,6/10/2024
CalCurCEAS_016,2024-10-09T06:00:00Z,39.571347,-126.701357,Northern California,60.000417,0,2,0,-4206,16.672,,,,,10/9/2024,,9/11/2024,,8/10/2024,,7/10/2024,,6/10/2024
CalCurCEAS_016,2024-10-09T07:00:00Z,39.567713,-126.704747,Northern California,60.000333,0,1,1,-4208,16.672,,,,,10/9/2024,,9/11/2024,,8/10/2024,,7/10/2024,,6/10/2024
CalCurCEAS_016,2024-10-09T08:00:00Z,39.563267,-126.70987,Northern California,60.000292,0,0,0,-4210,16.672,,,,,10/9/2024,,9/11/2024,,8/10/2024,,7/10/2024,,6/10/2024
CalCurCEAS_016,2024-10-09T09:00:00Z,39.558787,-126.72,Northern California,60.000333,0,1,0,-4216,16.682,,,,,10/9/2024,,9/11/2024,,8/10/2024,,7/10/2024,,6/10/2024
CalCurCEAS_016,2024-10-09T10:00:00Z,39.553787,-126.731343,Northern California,60.000333,0,0,0,-4216,16.695,,,,,10/9/2024,,9/11/2024,,8/10/2024,,7/10/2024,,6/10/2024
CalCurCEAS_016,2024-10-09T11:00:00Z,39.549187,-126.744403,Northern California,60.000375,0,2,1,-4214,16.708,,,,,10/9/2024,,9/11/2024,,8/10/2024,,7/10/2024,,6/10/2024
CalCurCEAS_016,2024-10-09T12:00:00Z,39.545,-126.760003,Northern California,60.00025,0,1,0,-4225,16.72,,,,,10/9/2024,,9/11/2024,,8/10/2024,,7/10/2024,,6/10/2024
CalCurCEAS_016,2024-10-09T13:00:00Z,39.541193,-126.777643,Northern California,60.000292,0,1,0,-4235,16.732,,,,,10/9/2024,,9/11/2024,,8/10/2024,,7/10/2024,,6/10/2024
CalCurCEAS_016,2024-10-09T14:00:00Z,39.539987,-126.795743,Northern California,60.000333,0,0,0,-4244,16.743,,,,,10/9/2024,,9/11/2024,,8/10/2024,,7/10/2024,,6/10/2024
CalCurCEAS_016,2024-10-09T15:00:00Z,39.540753,-126.81195,Northern California,60.000458,0,0,0,-4248,16.754,,,,,10/9/2024,,9/11/2024,,8/10/2024,,7/10/2024,,6/10/2024
CalCurCEAS_016,2024-10-09T16:00:00Z,39.54225,-126.827577,Northern California,60.000542,0,6,0,-4248,16.765,,,,,10/9/2024,496.2390747,9/13/2024,,8/12/2024,,7/12/2024,549.0549927,6/10/2024
CalCurCEAS_016,2024-10-09T17:00:00Z,39.544527,-126.840393,Northern California,60.000292,0,2,0,-4249,16.776,,,,,10/9/2024,498.9609375,9/13/2024,,8/12/2024,,7/12/2024,549.0549927,6/10/2024
CalCurCEAS_016,2024-10-09T18:00:00Z,39.546223,-126.853087,Northern California,60.000417,0,0,0,-4262,16.774,,,,,10/9/2024,498.9609375,9/13/2024,,8/12/2024,,7/12/2024,549.0549927,6/10/2024
CalCurCEAS_016,2024-10-09T19:00:00Z,39.54577,-126.862697,Northern California,60.000458,0,0,0,-4266,16.784,,,,,10/9/2024,496.2390747,9/13/2024,,8/12/2024,,7/12/2024,549.0549927,6/10/2024
CalCurCEAS_016,2024-10-09T20:00:00Z,39.541767,-126.869613,Northern California,60.000375,0,0,0,-4271,16.793,,,,,10/9/2024,496.2390747,9/13/2024,,8/12/2024,,7/13/2024,,6/12/2024
CalCurCEAS_016,2024-10-09T21:00:00Z,39.53513,-126.87621,Northern California,60.000458,0,1,0,-4275,16.81,,,,,10/9/2024,496.2390747,9/13/2024,623.5563354,8/12/2024,,7/13/2024,,6/12/2024
CalCurCEAS_016,2024-10-09T22:00:00Z,39.525183,-126.884727,Northern California,60.000458,0,1,0,-4275,16.81,,,,,10/9/2024,496.2390747,9/13/2024,614.6676636,8/12/2024,,7/13/2024,,6/12/2024
CalCurCEAS_016,2024-10-09T23:00:00Z,39.51354,-126.896693,Northern California,60.000333,0,0,0,-4274,16.823,,,,,10/9/2024,505.0904846,9/13/2024,614.6676636,8/12/2024,,7/13/2024,,6/12/2024
CalCurCEAS_016,2024-10-10T00:00:00Z,39.502123,-126.911797,Northern California,60.000417,0,0,0,-4275,17.225,0.449222714,33.9910965,108.7998047,607.088623,10/10/2024,656.8884277,9/11/2024,,8/12/2024,,7/12/2024,,6/9/2024
CalCurCEAS_016,2024-10-10T01:00:00Z,39.491707,-126.928593,Northern California,60.000292,0,0,0,-4268,17.247,0.440273583,24.31811333,107.199707,618.8444214,10/10/2024,656.8884277,9/11/2024,,8/12/2024,,7/12/2024,,6/9/2024
CalCurCEAS_016,2024-10-10T02:00:00Z,39.482837,-126.94543,Northern California,60.0005,0,0,0,-4279,17.284,0.440273583,24.31811333,107.199707,618.8444214,10/10/2024,656.8884277,9/11/2024,,8/12/2024,,7/12/2024,,6/9/2024
CalCurCEAS_016,2024-10-10T03:00:00Z,39.475833,-126.963093,Northern California,60.000292,0,0,0,-4290,17.425,0.440273583,22.78831863,107.199707,618.8444214,10/10/2024,656.8884277,9/11/2024,,8/12/2024,,7/12/2024,,6/9/2024
CalCurCEAS_016,2024-10-10T04:00:00Z,39.471227,-126.978657,Northern California,60.000583,0,0,0,-4292,17.425,0.440273583,22.78831863,107.199707,618.8444214,10/10/2024,656.8884277,9/11/2024,,8/12/2024,,7/12/2024,,6/9/2024
CalCurCEAS_016,2024-10-10T05:00:00Z,39.466903,-126.98972,Northern California,60.000542,0,1,0,-4290,17.425,0.440273583,22.78831863,107.199707,618.8444214,10/10/2024,656.8884277,9/11/2024,,8/12/2024,,7/12/2024,,6/9/2024
CalCurCEAS_016,2024-10-10T06:00:00Z,39.462043,-126.99981,Northern California,60.000417,0,0,0,-4287,17.395,0.440273583,22.78831863,107.199707,618.8444214,10/10/2024,656.8884277,9/11/2024,558.942749,8/13/2024,,7/13/2024,,6/13/2024
CalCurCEAS_016,2024-10-10T07:00:00Z,39.458613,-127.00919,Northern California,60.000542,0,0,0,-4290,17.371,0.454003364,22.78831863,109.6000977,619.6296997,10/10/2024,656.8884277,9/11/2024,558.942749,8/13/2024,,7/13/2024,,6/13/2024
CalCurCEAS_016,2024-10-10T08:00:00Z,39.452557,-127.01657,Northern California,60.000417,0,0,0,-4294,17.343,0.436766893,17.54258537,106.3999023,641.722229,10/10/2024,656.8883667,9/11/2024,556.3087769,8/13/2024,,7/13/2024,,6/13/2024
CalCurCEAS_016,2024-10-10T09:00:00Z,39.444737,-127.020567,Northern California,60.000417,0,0,0,-4295,17.316,0.436766893,17.54258537,106.3999023,641.722229,10/10/2024,656.8883667,9/11/2024,,8/7/2024,738.7296753,7/10/2024,,6/8/2024
CalCurCEAS_016,2024-10-10T10:00:00Z,39.435,-127.025983,Northern California,60.000417,0,2,0,-4298,17.289,0.436766893,17.54258537,106.3999023,641.722229,10/10/2024,656.8883667,9/11/2024,,8/8/2024,,7/12/2024,651.3727417,6/12/2024
CalCurCEAS_016,2024-10-10T11:00:00Z,39.42466,-127.03209,Northern California,60.0005,0,0,0,-4300,17.263,0.436766893,17.54258537,106.3999023,641.722229,10/10/2024,,9/11/2024,,8/8/2024,,7/13/2024,582.4919434,6/10/2024
CalCurCEAS_016,2024-10-10T12:00:00Z,39.414863,-127.038773,Northern California,60.000292,0,0,0,-4306,17.234,0.417339861,15.45770454,103,656.7596436,10/10/2024,,9/11/2024,,8/8/2024,,7/13/2024,582.4919434,6/10/2024
CalCurCEAS_016,2024-10-10T13:00:00Z,39.40516,-127.046487,Northern California,59.999083,0,0,0,-4308,17.202,0.417350143,16.67256546,103,648.9468384,10/10/2024,,9/11/2024,,8/8/2024,,7/13/2024,582.4919434,6/10/2024
CalCurCEAS_016,2024-10-10T14:00:00Z,39.397587,-127.054603,Northern California,60.000375,0,4,0,-4308,17.197,0.417350143,16.67256546,103,648.9468384,10/10/2024,,9/11/2024,,8/8/2024,,7/13/2024,582.4919434,6/10/2024
CalCurCEAS_016,2024-10-10T15:00:00Z,39.389037,-127.061377,Northern California,60.000417,0,1,2,-4308,17.19,0.417350143,16.67256546,103,648.9468384,10/10/2024,,9/11/2024,,8/8/2024,,7/13/2024,576.1854248,6/10/2024
CalCurCEAS_016,2024-10-10T16:00:00Z,39.381257,-127.067877,Northern California,60.0005,0,0,0,-4308,17.181,0.417350143,16.67256546,103,648.9468384,10/10/2024,,9/11/2024,,8/8/2024,,7/13/2024,576.1854248,6/10/2024
CalCurCEAS_016,2024-10-10T17:00:00Z,39.37393,-127.075147,Northern California,60.000375,0,0,0,-4323,17.181,0.395148367,15.3622961,99.19970703,653.4711914,10/10/2024,,9/11/2024,,8/8/2024,,7/13/2024,576.1854248,6/10/2024
CalCurCEAS_016,2024-10-10T18:00:00Z,39.368487,-127.082017,Northern California,60.000375,0,1,0,-4327,17.135,0.395148367,15.3622961,99.19970703,653.4711914,10/10/2024,,9/11/2024,,8/8/2024,,7/13/2024,576.3088989,6/10/2024
CalCurCEAS_016,2024-10-10T19:00:00Z,39.36368,-127.087133,Northern California,60.000458,1,0,1,-4326,17.135,0.396072268,15.78474617,99.60009766,653.4711914,10/10/2024,,9/11/2024,,8/10/2024,,7/10/2024,743.0769043,6/11/2024
CalCurCEAS_016,2024-10-10T20:00:00Z,39.35937,-127.089153,Northern California,60.000375,0,0,2,-4325,17.1,0.396072268,15.78474617,99.60009766,653.4711914,10/10/2024,,9/11/2024,,8/10/2024,,7/10/2024,743.0769043,6/11/2024
CalCurCEAS_016,2024-10-10T21:00:00Z,39.355497,-127.089497,Northern California,60.000333,0,1,0,-4328,17.067,0.396072268,15.78474617,99.60009766,653.4711914,10/10/2024,,9/11/2024,,8/10/2024,,7/10/2024,712.0824585,6/11/2024
CalCurCEAS_016,2024-10-10T22:00:00Z,39.351593,-127.088827,Northern California,60.000375,0,0,0,-4332,17.037,0.396072268,15.78474617,99.60009766,653.4711914,10/10/2024,,9/11/2024,,8/10/2024,,7/11/2024,,6/15/2024
CalCurCEAS_016,2024-10-10T23:00:00Z,39.345277,-127.08762,Northern California,60.000417,0,0,0,-4331,16.987,0.396072268,15.78474617,99.60009766,653.4711914,10/10/2024,644.3745117,9/11/2024,,8/10/2024,,7/11/2024,,6/15/2024
CalCurCEAS_016,2024-10-11T00:00:00Z,39.33715,-127.085493,Northern California,60.00025,0,0,0,-4331,16.632,,,,,10/11/2024,,9/8/2024,,8/8/2024,,7/12/2024,579.5007935,6/11/2024
CalCurCEAS_016,2024-10-11T01:00:00Z,39.32496,-127.083225,Northern California,60.000333,0,2,0,-4330,16.612,,,,,10/11/2024,,9/8/2024,,8/8/2024,,7/12/2024,666.6251831,6/12/2024
CalCurCEAS_016,2024-10-11T02:00:00Z,39.312907,-127.08248,Northern California,60.000417,0,5,0,-4330,16.599,,,,,10/11/2024,,9/8/2024,,8/8/2024,,7/12/2024,661.7379761,6/12/2024
CalCurCEAS_016,2024-10-11T03:00:00Z,39.303077,-127.084233,Northern California,60.000458,0,0,0,-4328,16.567,,,,,10/11/2024,,9/8/2024,,8/8/2024,,7/12/2024,661.7379761,6/12/2024
CalCurCEAS_016,2024-10-11T04:00:00Z,39.295487,-127.087497,Northern California,60.000208,0,0,0,-4323,16.549,,,,,10/11/2024,,9/8/2024,,8/8/2024,,7/12/2024,661.7379761,6/12/2024
CalCurCEAS_016,2024-10-11T05:00:00Z,39.28931,-127.09111,Northern California,60.000375,0,0,0,-4321,16.712,,,,,10/11/2024,,9/8/2024,,8/9/2024,,7/10/2024,,6/9/2024
CalCurCEAS_016,2024-10-11T06:00:00Z,39.284963,-127.09393,Northern California,60.000333,0,0,0,-4321,16.837,,,,,10/11/2024,,9/8/2024,,8/9/2024,,7/10/2024,,6/9/2024
CalCurCEAS_016,2024-10-11T07:00:00Z,39.28225,-127.09521,Northern California,60.000375,0,1,0,-4321,16.83,,,,,10/11/2024,,9/8/2024,,8/9/2024,,7/10/2024,,6/9/2024
CalCurCEAS_016,2024-10-11T08:00:00Z,39.281713,-127.093673,Northern California,60.000458,0,2,0,-4321,16.826,,,,,10/11/2024,,9/8/2024,,8/9/2024,,7/10/2024,,6/9/2024
CalCurCEAS_016,2024-10-11T09:00:00Z,39.28209,-127.088613,Northern California,60.000417,0,1,0,-4320,16.831,,,,,10/11/2024,,9/8/2024,,8/9/2024,,7/10/2024,,6/10/2024
CalCurCEAS_016,2024-10-11T10:00:00Z,39.281593,-127.082127,Northern California,60.000375,0,2,0,-4317,16.824,,,,,10/11/2024,,9/8/2024,,8/9/2024,,7/10/2024,,6/10/2024
CalCurCEAS_016,2024-10-11T11:00:00Z,39.280333,-127.075273,Northern California,60.000208,0,2,0,-4316,16.824,,,,,10/11/2024,,9/8/2024,,8/9/2024,,7/10/2024,,6/10/2024
CalCurCEAS_016,2024-10-11T12:00:00Z,39.278507,-127.06847,Northern California,59.997917,0,0,0,-4317,16.825,,,,,10/11/2024,,9/8/2024,,8/9/2024,,7/10/2024,,6/10/2024
CalCurCEAS_016,2024-10-11T13:00:00Z,39.275757,-127.062923,Northern California,60.000458,0,0,0,-4317,16.829,,,,,10/11/2024,,9/8/2024,,8/9/2024,,7/10/2024,,6/10/2024
CalCurCEAS_016,2024-10-11T14:00:00Z,39.272867,-127.055707,Northern California,60.000417,0,0,0,-4318,16.826,,,,,10/11/2024,,9/8/2024,,8/9/2024,,7/10/2024,,6/10/2024
CalCurCEAS_016,2024-10-11T15:00:00Z,39.26822,-127.05073,Northern California,60.000417,0,0,0,-4318,16.834,,,,,10/11/2024,,9/8/2024,,8/9/2024,,7/10/2024,,6/10/2024
CalCurCEAS_016,2024-10-11T16:00:00Z,39.263507,-127.04954,Northern California,60.000417,0,0,0,-4320,16.834,,,,,10/11/2024,,9/8/2024,,8/9/2024,,7/10/2024,,6/10/2024
CalCurCEAS_016,2024-10-11T17:00:00Z,39.260253,-127.052363,Northern California,60.000417,0,2,0,-4317,16.834,,,,,10/11/2024,,9/8/2024,,8/9/2024,,7/10/2024,,6/10/2024
CalCurCEAS_016,2024-10-11T18:00:00Z,39.260157,-127.057113,Northern California,60.000458,0,0,0,-4317,16.834,,,,,10/11/2024,,9/8/2024,,8/9/2024,,7/10/2024,,6/10/2024
CalCurCEAS_016,2024-10-13T06:00:00Z,39.215933,-127.335683,Northern California,60.000333,0,0,0,-4368,17.28,,,,,10/13/2024,,9/11/2024,,8/11/2024,,7/10/2024,712.0824585,6/11/2024
CalCurCEAS_016,2024-10-13T07:00:00Z,39.206357,-127.34866,Northern California,60.000458,0,1,0,-4368,17.252,,,,,10/13/2024,,9/11/2024,,8/11/2024,,7/10/2024,712.0824585,6/11/2024
CalCurCEAS_016,2024-10-13T08:00:00Z,39.19655,-127.36405,Northern California,60.000458,0,1,1,-4368,17.239,,,,,10/13/2024,,9/11/2024,,8/11/2024,,7/10/2024,712.0824585,6/11/2024
CalCurCEAS_016,2024-10-13T09:00:00Z,39.187833,-127.379057,Northern California,60.0005,0,0,0,-4369,17.23,,,,,10/13/2024,,9/11/2024,,8/11/2024,,7/10/2024,712.0824585,6/11/2024
CalCurCEAS_016,2024-10-13T10:00:00Z,39.180467,-127.390347,Northern California,60.000417,0,1,0,-4365,17.177,,,,,10/13/2024,,9/11/2024,638.2388916,8/12/2024,,7/12/2024,,6/9/2024
CalCurCEAS_016,2024-10-13T11:00:00Z,39.174443,-127.396373,Northern California,60.000333,0,1,0,-4326,17.144,,,,,10/13/2024,,9/11/2024,638.2388916,8/12/2024,,7/12/2024,,6/9/2024
CalCurCEAS_016,2024-10-13T12:00:00Z,39.168407,-127.39977,Northern California,60.000333,0,0,0,-4323,17.081,,,,,10/13/2024,,9/11/2024,639.083252,8/12/2024,,7/12/2024,,6/9/2024
CalCurCEAS_016,2024-10-13T13:00:00Z,39.161073,-127.402263,Northern California,60.000375,0,0,0,-4321,17.065,,,,,10/13/2024,,9/11/2024,639.083252,8/12/2024,,7/12/2024,,6/9/2024
CalCurCEAS_016,2024-10-13T14:00:00Z,39.153747,-127.40425,Northern California,60.000333,0,0,0,-4330,17.022,,,,,10/13/2024,,9/11/2024,639.083252,8/12/2024,,7/12/2024,,6/10/2024
CalCurCEAS_016,2024-10-13T15:00:00Z,39.145733,-127.406623,Northern California,54.000417,0,0,0,-4333,16.999,,,,,10/13/2024,,9/11/2024,639.083252,8/12/2024,,7/12/2024,,6/10/2024
CalCurCEAS_017,2024-10-06T14:00:00Z,41.0785,-127.481667,Northern California,15.000125,0,1,0,-3290,15.225,0.494925827,44.57665634,116.6000977,674.1095581,10/6/2024,,9/7/2024,,8/10/2024,,7/12/2024,646.9873047,6/12/2024
CalCurCEAS_017,2024-10-06T15:00:00Z,41.096665,-127.46074,Northern California,60.0005,0,1,0,-3259,15.225,0.567325115,47.54953003,128.6000977,741.1726074,10/6/2024,,9/7/2024,,8/10/2024,,7/12/2024,646.9873047,6/12/2024
CalCurCEAS_017,2024-10-06T21:00:00Z,41.10666,-127.376495,Northern California,60.00025,0,3,10,-2538,15.328,0.439884037,43.16605759,108.199707,631.4689331,10/6/2024,,9/8/2024,719.8510742,8/7/2024,712.1637573,7/9/2024,700.3295898,6/10/2024
CalCurCEAS_017,2024-10-06T22:00:00Z,41.10579,-127.374295,Northern California,60.000375,0,0,15,-2507,15.328,0.33204338,36.92676544,90.79980469,583.2124023,10/6/2024,,9/8/2024,719.8510742,8/7/2024,712.1637573,7/9/2024,700.3295898,6/10/2024
CalCurCEAS_017,2024-10-06T23:00:00Z,41.110095,-127.372805,Northern California,60.000333,0,0,9,-2548,15.328,0.33204338,36.92676544,90.79980469,583.2124023,10/6/2024,,9/8/2024,716.5159912,8/7/2024,712.1637573,7/9/2024,700.3295898,6/10/2024
CalCurCEAS_017,2024-10-07T05:00:00Z,41.15787,-127.325815,Northern California,60.0005,0,4,0,-2499,16.343,0.473969638,38.19981766,113,609.7850342,10/7/2024,,9/11/2024,,8/10/2024,442.8322144,7/8/2024,745.4732666,6/10/2024
CalCurCEAS_017,2024-10-07T06:00:00Z,41.1644,-127.31606,Northern California,60.000417,3,3,1,-2493,16.35,0.473969638,38.19981766,113,609.7850342,10/7/2024,,9/11/2024,,8/10/2024,474.9955444,7/9/2024,,6/12/2024
CalCurCEAS_017,2024-10-07T07:00:00Z,41.170195,-127.308315,Northern California,60.000458,0,4,0,-2463,16.35,0.527209401,42.02197266,122,638.3764648,10/7/2024,,9/11/2024,,8/10/2024,474.9955444,7/9/2024,,6/12/2024
CalCurCEAS_017,2024-10-07T08:00:00Z,41.174195,-127.301235,Northern California,60.00025,0,4,0,-2460,16.357,0.527209401,42.02197266,122,638.3764648,10/7/2024,,9/11/2024,,8/10/2024,474.5288086,7/9/2024,,6/12/2024
CalCurCEAS_017,2024-10-07T09:00:00Z,41.17638,-127.29599,Northern California,60.000458,0,2,0,-2494,16.357,0.527209401,42.02197266,122,638.3764648,10/7/2024,,9/11/2024,,8/10/2024,474.5288086,7/9/2024,,6/12/2024
CalCurCEAS_017,2024-10-07T10:00:00Z,41.17785,-127.28979,Northern California,60.000333,0,5,0,-2568,16.357,0.473969638,40.23125839,113,638.3764648,10/7/2024,,9/11/2024,,8/10/2024,474.5288086,7/9/2024,,6/12/2024
CalCurCEAS_017,2024-10-07T11:00:00Z,41.1781,-127.2864,Northern California,60.000292,0,6,0,-2590,16.364,0.473969638,40.23125839,113,638.3764648,10/7/2024,,9/11/2024,,8/10/2024,471.4265137,7/9/2024,,6/12/2024
CalCurCEAS_017,2024-10-07T12:00:00Z,41.17919,-127.28135,Northern California,60.000375,0,1,0,-2591,16.347,0.473969638,40.23125839,113,638.3764648,10/7/2024,,9/11/2024,,8/10/2024,471.4265137,7/9/2024,,6/12/2024
CalCurCEAS_017,2024-10-07T13:00:00Z,41.180135,-127.27791,Northern California,60.000375,1,2,0,-2608,16.347,0.473969638,40.23125839,113,638.3764648,10/7/2024,,9/11/2024,,8/10/2024,471.4265137,7/9/2024,,6/12/2024
CalCurCEAS_017,2024-10-07T14:00:00Z,41.1818,-127.27483,Northern California,60.0005,0,1,0,-2631,16.354,0.473969638,40.23125839,113,638.3764648,10/7/2024,,9/11/2024,,8/10/2024,471.4265137,7/9/2024,,6/12/2024
CalCurCEAS_017,2024-10-07T15:00:00Z,41.185325,-127.27217,Northern California,60.000292,0,1,0,-2609,14.473,0.473969638,40.23125839,113,638.3764648,10/7/2024,,9/11/2024,,8/10/2024,471.4265137,7/9/2024,,6/12/2024
CalCurCEAS_017,2024-10-07T16:00:00Z,41.189895,-127.2707,Northern California,60.000417,0,0,0,-2593,14.449,0.473969638,40.23125839,113,638.3764648,10/7/2024,,9/11/2024,,8/10/2024,471.4265137,7/9/2024,,6/12/2024
CalCurCEAS_017,2024-10-07T17:00:00Z,41.19501,-127.26951,Northern California,60.000375,0,1,0,-2561,14.449,0.473969638,40.23125839,113,638.3764648,10/7/2024,,9/11/2024,,8/10/2024,471.4265137,7/9/2024,,6/12/2024
CalCurCEAS_017,2024-10-07T18:00:00Z,41.202425,-127.267835,Northern California,60.000458,4,2,1,-2525,14.449,0.473969638,40.23125839,113,638.3764648,10/7/2024,,9/11/2024,,8/10/2024,471.4265137,7/9/2024,,6/12/2024
CalCurCEAS_017,2024-10-07T19:00:00Z,41.21037,-127.26499,Northern California,60.000375,0,4,0,-2510,14.46,0.527209401,42.02197266,122,638.3738403,10/7/2024,,9/11/2024,,8/10/2024,471.4265137,7/9/2024,,6/12/2024
CalCurCEAS_017,2024-10-07T20:00:00Z,41.217325,-127.259305,Northern California,60.000417,0,1,0,-2478,14.435,0.527209401,42.02197266,122,638.3738403,10/7/2024,,9/11/2024,,8/11/2024,,7/13/2024,,6/12/2024
CalCurCEAS_017,2024-10-07T21:00:00Z,41.22031,-127.254605,Northern California,60.000375,0,1,1,-2427,14.447,0.527209401,42.02197266,122,638.3738403,10/7/2024,,9/11/2024,,8/11/2024,,7/13/2024,,6/12/2024
CalCurCEAS_017,2024-10-07T22:00:00Z,41.221605,-127.253405,Northern California,60.000542,0,6,0,-2345,14.447,0.527209401,42.02197266,122,638.3738403,10/7/2024,,9/11/2024,,8/11/2024,,7/13/2024,,6/12/2024
CalCurCEAS_017,2024-10-07T23:00:00Z,41.22224,-127.25181,Northern California,60.000292,0,0,0,-2345,14.447,0.527209401,42.02197266,122,638.3738403,10/7/2024,,9/11/2024,,8/11/2024,,7/13/2024,,6/12/2024
CalCurCEAS_017,2024-10-08T00:00:00Z,41.222315,-127.25055,Northern California,60.000292,0,8,0,-2345,15.699,0.275487036,43.38165283,85.30004883,633.9126587,10/8/2024,,9/8/2024,,8/8/2024,,7/12/2024,,6/11/2024
CalCurCEAS_017,2024-10-08T01:00:00Z,41.22225,-127.25024,Northern California,60.000292,0,10,1,-2345,15.716,0.275487036,43.38165283,85.30004883,633.9126587,10/8/2024,,9/8/2024,,8/8/2024,,7/12/2024,,6/11/2024
CalCurCEAS_017,2024-10-08T02:00:00Z,41.22178,-127.25058,Northern California,60.0005,1,1,2,-2345,15.735,0.275487036,43.38165283,85.30004883,633.9126587,10/8/2024,,9/8/2024,,8/8/2024,,7/12/2024,,6/11/2024
CalCurCEAS_017,2024-10-08T10:00:00Z,41.25754,-127.24648,Northern California,60.000375,0,7,0,-2280,16.43,0.268181711,41.64182663,83.19970703,633.9126587,10/8/2024,,9/8/2024,,8/8/2024,,7/12/2024,,6/11/2024
CalCurCEAS_017,2024-10-08T11:00:00Z,41.257635,-127.2477,Northern California,60.0005,1,0,0,-2280,16.43,0.268181711,41.64182663,83.19970703,633.9126587,10/8/2024,,9/8/2024,,8/9/2024,746.0250244,7/9/2024,843.0797729,6/11/2024
CalCurCEAS_017,2024-10-08T12:00:00Z,41.2572,-127.25127,Northern California,60.000542,0,4,0,-2255,16.424,0.265567392,43.08153152,83.69970703,633.4450684,10/8/2024,,9/8/2024,,8/9/2024,746.0250244,7/9/2024,914.6235352,6/11/2024
CalCurCEAS_017,2024-10-08T13:00:00Z,41.25715,-127.25537,Northern California,60.000458,0,3,7,-2274,16.435,0.265567392,43.08153152,83.69970703,633.4450684,10/8/2024,,9/8/2024,,8/9/2024,746.0250244,7/9/2024,914.6235352,6/11/2024
CalCurCEAS_017,2024-10-08T14:00:00Z,41.25829,-127.261965,Northern California,60.000333,0,0,0,-2310,16.428,0.265567392,43.08153152,83.69970703,633.4450684,10/8/2024,,9/8/2024,,8/9/2024,746.0250244,7/9/2024,1055.227905,6/11/2024
CalCurCEAS_017,2024-10-08T15:00:00Z,41.26138,-127.27026,Northern California,60.000292,0,0,2,-2281,16.439,0.265567392,43.08153152,83.69970703,633.4450684,10/8/2024,,9/8/2024,,8/9/2024,746.0250244,7/9/2024,842.9289551,6/11/2024
CalCurCEAS_017,2024-10-08T16:00:00Z,41.27038,-127.27824,Northern California,60.000458,0,1,3,-2219,16.44,0.265567392,43.08153152,83.69970703,633.4450684,10/8/2024,,9/8/2024,,8/9/2024,746.0250244,7/9/2024,842.9289551,6/11/2024
CalCurCEAS_017,2024-10-08T17:00:00Z,41.279725,-127.282145,Northern California,60.000458,0,5,1,-2256,16.459,0.265567392,43.08153152,83.69970703,633.4450684,10/8/2024,,9/8/2024,,8/9/2024,746.0250244,7/9/2024,842.9289551,6/11/2024
CalCurCEAS_017,2024-10-08T18:00:00Z,41.29128,-127.28508,Northern California,60.000375,0,7,0,-2243,16.478,0.265567392,43.08153152,83.69970703,633.4450684,10/8/2024,,9/8/2024,,8/9/2024,746.0250244,7/9/2024,842.9289551,6/11/2024
CalCurCEAS_017,2024-10-08T19:00:00Z,41.30185,-127.286675,Northern California,60.000375,0,5,0,-2184,16.487,0.266332358,43.4222641,84.19970703,633.678833,10/8/2024,,9/8/2024,,8/9/2024,738.4448853,7/9/2024,842.9289551,6/11/2024
CalCurCEAS_017,2024-10-08T20:00:00Z,41.30944,-127.28556,Northern California,60.000375,0,7,0,-2176,16.505,0.266332358,43.4222641,84.19970703,633.678833,10/8/2024,,9/8/2024,,8/9/2024,738.4448853,7/9/2024,842.9289551,6/11/2024
CalCurCEAS_017,2024-10-08T21:00:00Z,41.31583,-127.283185,Northern California,60.000375,0,3,0,-2131,16.513,0.266332358,43.4222641,84.19970703,633.678833,10/8/2024,,9/8/2024,592.6863403,8/12/2024,,7/11/2024,,6/9/2024
CalCurCEAS_017,2024-10-08T22:00:00Z,41.31991,-127.28077,Northern California,60.000458,0,0,0,-2106,16.544,0.266332358,43.4222641,84.19970703,633.678833,10/8/2024,,9/8/2024,592.6863403,8/12/2024,,7/11/2024,,6/9/2024
CalCurCEAS_017,2024-10-08T23:00:00Z,41.322005,-127.278185,Northern California,60.000417,0,5,0,-2048,16.553,0.266332358,43.4222641,84.19970703,633.678833,10/8/2024,,9/8/2024,579.2684326,8/12/2024,,7/11/2024,,6/10/2024
CalCurCEAS_017,2024-10-09T00:00:00Z,41.319875,-127.281565,Northern California,60.000417,0,7,0,-2106,16.829,,,,,10/9/2024,505.0904846,9/13/2024,614.6676636,8/12/2024,,7/13/2024,,6/12/2024
CalCurCEAS_017,2024-10-09T01:00:00Z,41.3159,-127.28884,Northern California,60.000458,0,16,0,-2245,16.828,,,,,10/9/2024,505.0904846,9/13/2024,607.3536987,8/12/2024,,7/13/2024,,6/12/2024
CalCurCEAS_017,2024-10-09T02:00:00Z,41.312805,-127.298315,Northern California,60.000333,0,7,0,-2387,16.833,,,,,10/9/2024,,9/6/2024,,8/8/2024,757.4972534,7/11/2024,869.0411987,6/12/2024
CalCurCEAS_017,2024-10-09T03:00:00Z,41.31099,-127.30884,Northern California,60.000333,0,1,21,-2407,16.838,,,,,10/9/2024,,9/6/2024,,8/8/2024,750.1092529,7/11/2024,869.0411987,6/12/2024
CalCurCEAS_017,2024-10-09T04:00:00Z,41.311215,-127.31932,Northern California,60.000417,0,7,17,-2427,16.958,,,,,10/9/2024,,9/6/2024,,8/9/2024,728.3892822,7/8/2024,,6/9/2024
CalCurCEAS_017,2024-10-09T05:00:00Z,41.316417,-127.333693,Northern California,60.000333,0,1,0,-2503,16.958,,,,,10/9/2024,,9/6/2024,,8/9/2024,728.3892822,7/8/2024,,6/9/2024
CalCurCEAS_017,2024-10-09T06:00:00Z,41.327545,-127.34429,Northern California,60.000417,0,10,0,-2669,16.913,,,,,10/9/2024,,9/6/2024,,8/9/2024,724.4873047,7/8/2024,,6/9/2024
CalCurCEAS_017,2024-10-09T07:00:00Z,41.33612,-127.34892,Northern California,60.000333,0,15,0,-2788,16.868,,,,,10/9/2024,,9/7/2024,,8/11/2024,,7/11/2024,,6/8/2024
CalCurCEAS_017,2024-10-09T08:00:00Z,41.34607,-127.351405,Northern California,60.0005,0,10,0,-2907,16.822,,,,,10/9/2024,,9/7/2024,,8/11/2024,,7/11/2024,,6/9/2024
CalCurCEAS_017,2024-10-09T09:00:00Z,41.35687,-127.352215,Northern California,60.000417,0,7,2,-2895,16.778,,,,,10/9/2024,,9/7/2024,,8/11/2024,,7/11/2024,,6/9/2024
CalCurCEAS_017,2024-10-09T10:00:00Z,41.36582,-127.35342,Northern California,59.983792,0,0,0,-2881,16.734,,,,,10/9/2024,,9/7/2024,,8/11/2024,,7/11/2024,,6/9/2024
CalCurCEAS_017,2024-10-09T11:00:00Z,41.37182,-127.3544,Northern California,60.000375,0,2,0,-2862,16.694,,,,,10/9/2024,,9/7/2024,,8/11/2024,,7/11/2024,,6/9/2024
CalCurCEAS_017,2024-10-09T12:00:00Z,41.375005,-127.35789,Northern California,60.000375,0,1,15,-2856,16.658,,,,,10/9/2024,,9/7/2024,,8/11/2024,,7/11/2024,,6/9/2024
CalCurCEAS_017,2024-10-09T13:00:00Z,41.37619,-127.36231,Northern California,60.000333,0,2,5,-2872,16.629,,,,,10/9/2024,,9/7/2024,,8/11/2024,,7/11/2024,,6/9/2024
CalCurCEAS_017,2024-10-09T14:00:00Z,41.375485,-127.370435,Northern California,60.000417,0,17,0,-2850,16.606,,,,,10/9/2024,,9/7/2024,,8/11/2024,,7/11/2024,,6/9/2024
CalCurCEAS_017,2024-10-09T18:00:00Z,41.390045,-127.421965,Northern California,60.000333,0,0,0,-3179,16.555,,,,,10/9/2024,,9/7/2024,,8/11/2024,,7/11/2024,,6/9/2024
CalCurCEAS_017,2024-10-09T19:00:00Z,41.402995,-127.436185,Northern California,60.000417,0,5,0,-3169,16.562,,,,,10/9/2024,,9/7/2024,,8/11/2024,,7/11/2024,,6/9/2024
CalCurCEAS_017,2024-10-09T20:00:00Z,41.41286,-127.44385,Northern California,60.000375,0,1,0,-3114,17.1,,,,,10/9/2024,,9/7/2024,,8/11/2024,,7/11/2024,,6/9/2024
CalCurCEAS_017,2024-10-09T21:00:00Z,41.424305,-127.450245,Northern California,60.000458,0,0,3,-3197,17.063,,,,,10/9/2024,,9/7/2024,,8/11/2024,,7/11/2024,,6/9/2024
CalCurCEAS_017,2024-10-09T22:00:00Z,41.4345,-127.45649,Northern California,60.000417,0,0,0,-3245,17.142,,,,,10/9/2024,,9/7/2024,,8/11/2024,,7/11/2024,,6/9/2024
CalCurCEAS_017,2024-10-09T23:00:00Z,41.444085,-127.46424,Northern California,60.000333,0,0,0,-3221,17.262,,,,,10/9/2024,,9/7/2024,,8/11/2024,,7/11/2024,,6/9/2024
CalCurCEAS_017,2024-10-10T00:00:00Z,41.45281,-127.47123,Northern California,60.000333,0,0,1,-3157,16.946,,,,,10/10/2024,644.3745117,9/11/2024,,8/11/2024,522.203064,7/9/2024,646.3753662,6/13/2024
CalCurCEAS_017,2024-10-10T01:00:00Z,41.45936,-127.47915,Northern California,60.00025,0,0,0,-3097,16.905,,,,,10/10/2024,644.3745117,9/11/2024,,8/11/2024,521.7184448,7/9/2024,646.3753662,6/13/2024
CalCurCEAS_017,2024-10-10T02:00:00Z,41.464715,-127.48749,Northern California,60.0005,0,0,0,-3006,16.89,,,,,10/10/2024,673.6986084,9/11/2024,,8/11/2024,521.7184448,7/9/2024,646.3753662,6/13/2024
CalCurCEAS_017,2024-10-10T03:00:00Z,41.471205,-127.499805,Northern California,60.000458,0,0,0,-2942,16.878,,,,,10/10/2024,673.6986084,9/11/2024,,8/11/2024,521.7184448,7/9/2024,646.3753662,6/13/2024
CalCurCEAS_017,2024-10-10T04:00:00Z,41.47648,-127.50868,Northern California,60.000417,0,3,1,-2967,16.877,,,,,10/10/2024,661.0200195,9/11/2024,,8/11/2024,521.7184448,7/9/2024,646.3753662,6/13/2024
CalCurCEAS_017,2024-10-10T05:00:00Z,41.48045,-127.51624,Northern California,60.000417,0,0,3,-2977,16.87,,,,,10/10/2024,672.5088501,9/11/2024,,8/11/2024,518.9597778,7/9/2024,646.3753662,6/13/2024
CalCurCEAS_017,2024-10-10T06:00:00Z,41.48969,-127.53183,Northern California,60.000458,0,0,0,-2831,16.847,,,,,10/10/2024,672.5088501,9/11/2024,,8/11/2024,518.9597778,7/9/2024,646.3753662,6/13/2024
CalCurCEAS_017,2024-10-10T07:00:00Z,41.49533,-127.540715,Northern California,60.000375,0,0,0,-2836,16.829,,,,,10/10/2024,672.5088501,9/11/2024,,8/11/2024,518.9597778,7/9/2024,,6/8/2024
CalCurCEAS_017,2024-10-10T08:00:00Z,41.50583,-127.55126,Northern California,60.000417,0,0,0,-2714,16.838,,,,,10/10/2024,673.6986084,9/11/2024,,8/11/2024,518.9597778,7/9/2024,,6/8/2024
CalCurCEAS_017,2024-10-10T09:00:00Z,41.51504,-127.55962,Northern California,60.000458,0,1,0,-2730,16.821,,,,,10/10/2024,673.6986084,9/11/2024,,8/11/2024,516.3267212,7/9/2024,,6/8/2024
CalCurCEAS_017,2024-10-10T10:00:00Z,41.5267,-127.567665,Northern California,60.0005,0,0,0,-2809,16.821,,,,,10/10/2024,672.5088501,9/11/2024,,8/11/2024,516.3267212,7/9/2024,,6/8/2024
CalCurCEAS_017,2024-10-10T11:00:00Z,41.538695,-127.57449,Northern California,60.000208,0,0,1,-2726,16.841,,,,,10/10/2024,577.2453613,9/12/2024,607.3536987,8/12/2024,,7/13/2024,,6/12/2024
CalCurCEAS_017,2024-10-10T12:00:00Z,41.54927,-127.582555,Northern California,60.000333,0,0,0,-2360,16.867,,,,,10/10/2024,577.2453613,9/12/2024,607.3536987,8/12/2024,,7/13/2024,,6/12/2024
CalCurCEAS_017,2024-10-10T13:00:00Z,41.55789,-127.59221,Northern California,60.0005,0,3,4,-2343,16.903,,,,,10/10/2024,573.4616699,9/12/2024,607.3536987,8/12/2024,,7/13/2024,726.1862793,6/12/2024
CalCurCEAS_017,2024-10-10T14:00:00Z,41.568395,-127.60634,Northern California,60.000458,0,1,0,-2401,16.941,,,,,10/10/2024,,9/6/2024,,8/9/2024,724.4873047,7/8/2024,,6/9/2024
CalCurCEAS_017,2024-10-10T15:00:00Z,41.58005,-127.61852,Northern California,60.000542,0,1,0,-2457,16.972,,,,,10/10/2024,,9/7/2024,,8/11/2024,,7/12/2024,,6/13/2024
CalCurCEAS_017,2024-10-10T16:00:00Z,41.592515,-127.63052,Northern California,59.985167,0,0,0,-2575,16.996,,,,,10/10/2024,,9/7/2024,639.8800049,8/12/2024,,7/10/2024,672.7999268,6/11/2024
CalCurCEAS_017,2024-10-10T17:00:00Z,41.60309,-127.63922,Northern California,60.000458,0,0,0,-2610,17.003,,,,,10/10/2024,,9/7/2024,639.8800049,8/12/2024,,7/10/2024,712.0824585,6/11/2024
CalCurCEAS_017,2024-10-10T18:00:00Z,41.6157,-127.64858,Northern California,60.000417,0,0,0,-2585,17.019,,,,,10/10/2024,,9/7/2024,630.2393799,8/12/2024,,7/10/2024,,6/11/2024
CalCurCEAS_017,2024-10-10T19:00:00Z,41.629735,-127.65861,Northern California,60.000417,0,0,0,-2695,17.027,,,,,10/10/2024,,9/7/2024,630.2393799,8/12/2024,,7/10/2024,,6/11/2024
CalCurCEAS_017,2024-10-10T20:00:00Z,41.64137,-127.66673,Northern California,59.992583,0,1,0,-2716,17.037,,,,,10/10/2024,,9/7/2024,630.2393799,8/12/2024,,7/10/2024,,6/11/2024
CalCurCEAS_017,2024-10-10T21:00:00Z,41.6545,-127.674275,Northern California,60.000333,0,0,0,-2607,17.039,,,,,10/10/2024,,9/7/2024,630.762207,8/12/2024,,7/10/2024,,6/11/2024
CalCurCEAS_017,2024-10-10T22:00:00Z,41.672465,-127.685135,Northern California,60.000292,0,0,0,-2515,17.042,,,,,10/10/2024,,9/7/2024,630.762207,8/12/2024,,7/10/2024,,6/11/2024
CalCurCEAS_017,2024-10-10T23:00:00Z,41.68262,-127.69124,Northern California,60.000375,0,4,0,-2500,17.047,,,,,10/10/2024,,9/7/2024,630.762207,8/12/2024,,7/10/2024,,6/11/2024
CalCurCEAS_017,2024-10-11T00:00:00Z,41.697915,-127.70064,Northern California,60.000333,0,2,1,-2601,16.823,,,,,10/11/2024,,9/8/2024,,8/9/2024,,7/11/2024,,6/13/2024
CalCurCEAS_017,2024-10-11T01:00:00Z,41.714835,-127.709645,Northern California,60.000417,0,4,0,-2725,16.823,,,,,10/11/2024,,9/8/2024,,8/9/2024,,7/11/2024,,6/13/2024
CalCurCEAS_017,2024-10-11T02:00:00Z,41.72704,-127.71619,Northern California,60.000458,0,0,0,-2779,16.854,,,,,10/11/2024,,9/8/2024,,8/9/2024,,7/11/2024,,6/13/2024
CalCurCEAS_017,2024-10-11T03:00:00Z,41.738385,-127.723875,Northern California,60.000417,0,0,0,-2840,16.854,,,,,10/11/2024,,9/8/2024,,8/10/2024,,7/15/2024,,6/13/2024
CalCurCEAS_017,2024-10-11T04:00:00Z,41.755255,-127.73337,Northern California,60.00025,0,0,0,-2863,16.911,,,,,10/11/2024,,9/8/2024,,8/10/2024,,7/15/2024,,6/13/2024
CalCurCEAS_017,2024-10-11T05:00:00Z,41.766097,-127.73839,Northern California,60.000417,0,0,0,-2864,16.911,,,,,10/11/2024,,9/11/2024,,8/8/2024,,7/13/2024,576.3088989,6/10/2024
CalCurCEAS_017,2024-10-11T06:00:00Z,41.78699,-127.74543,Northern California,60.000292,0,0,0,-2856,17.007,,,,,10/11/2024,,9/11/2024,,8/8/2024,,7/13/2024,576.3088989,6/10/2024
CalCurCEAS_017,2024-10-11T07:00:00Z,41.80003,-127.74756,Northern California,60.000542,0,0,0,-2851,17.017,,,,,10/11/2024,,9/11/2024,,8/8/2024,,7/13/2024,576.3088989,6/10/2024
CalCurCEAS_017,2024-10-11T08:00:00Z,41.815445,-127.749815,Northern California,60.000375,0,0,0,-2870,17.017,,,,,10/11/2024,,9/11/2024,,8/8/2024,,7/13/2024,588.6749878,6/10/2024
CalCurCEAS_017,2024-10-11T09:00:00Z,41.83108,-127.75231,Northern California,60.000458,0,2,0,-2933,17.017,,,,,10/11/2024,,9/11/2024,,8/8/2024,,7/13/2024,588.6749878,6/10/2024
CalCurCEAS_017,2024-10-11T10:00:00Z,41.84402,-127.756585,Northern California,60.00025,0,0,0,-2978,17.047,,,,,10/11/2024,,9/11/2024,,8/8/2024,,7/13/2024,588.6749878,6/10/2024
CalCurCEAS_017,2024-10-11T11:00:00Z,41.858095,-127.763475,Northern California,60.000542,0,0,0,-2995,17.054,,,,,10/11/2024,,9/11/2024,,8/8/2024,,7/13/2024,581.9223633,6/10/2024
CalCurCEAS_017,2024-10-11T12:00:00Z,41.874825,-127.77241,Northern California,60.000333,0,7,0,-2995,17.079,,,,,10/11/2024,,9/11/2024,,8/8/2024,703.9946899,7/8/2024,,6/9/2024
CalCurCEAS_017,2024-10-11T13:00:00Z,41.89693,-127.78147,Northern California,60.000375,0,3,0,-2979,17.105,,,,,10/11/2024,,9/11/2024,,8/8/2024,713.2390137,7/8/2024,,6/9/2024
CalCurCEAS_017,2024-10-11T14:00:00Z,41.91378,-127.78745,Northern California,60.000375,0,1,0,-2975,17.133,,,,,10/11/2024,,9/11/2024,,8/8/2024,713.2390137,7/8/2024,,6/9/2024
CalCurCEAS_017,2024-10-11T15:00:00Z,41.933205,-127.79224,Northern California,59.980125,0,0,0,-2966,17.179,,,,,10/11/2024,,9/11/2024,,8/8/2024,730.3372803,7/8/2024,,6/9/2024
CalCurCEAS_017,2024-10-12T04:00:00Z,42.18869,-127.79106,Oregon,60.000375,0,2,1,-3157,17.079,0.458435386,33.07417679,110.3999023,632.2213135,10/12/2024,,9/11/2024,,8/12/2024,,7/12/2024,,6/10/2024
CalCurCEAS_017,2024-10-12T05:00:00Z,42.204113,-127.791113,Oregon,60.000375,0,2,0,-3165,17.105,0.458435386,33.07417679,110.3999023,632.2213135,10/12/2024,,9/11/2024,,8/12/2024,,7/12/2024,,6/10/2024
CalCurCEAS_017,2024-10-12T06:00:00Z,42.22067,-127.79145,Oregon,60.000208,0,0,1,-3143,17.137,0.397185504,31.07313919,101,594.4780273,10/12/2024,,9/11/2024,,8/12/2024,,7/12/2024,549.0549927,6/10/2024
CalCurCEAS_018,2024-10-06T23:00:00Z,40.038188,-127.711952,Northern California,6,0,0,0,-4456,15.262,0.450822681,45.78017426,109,630.0604248,10/6/2024,,9/8/2024,716.5159912,8/7/2024,712.1637573,7/9/2024,700.3295898,6/10/2024
CalCurCEAS_018,2024-10-07T00:00:00Z,40.039,-127.713915,Northern California,60.000375,0,0,0,-4454,14.462,,,,,10/7/2024,,9/11/2024,,8/11/2024,,7/13/2024,,6/12/2024
CalCurCEAS_018,2024-10-07T01:00:00Z,40.03793,-127.71952,Northern California,60.000333,0,1,0,-4453,14.462,,,,,10/7/2024,,9/11/2024,,8/9/2024,,7/11/2024,,6/13/2024
CalCurCEAS_018,2024-10-07T02:00:00Z,40.035985,-127.727455,Northern California,60.000458,0,1,0,-4456,14.462,,,,,10/7/2024,,9/11/2024,,8/9/2024,,7/11/2024,,6/13/2024
CalCurCEAS_018,2024-10-07T03:00:00Z,40.034985,-127.737725,Northern California,60.000417,0,0,1,-4458,14.437,,,,,10/7/2024,,9/11/2024,,8/9/2024,,7/11/2024,,6/13/2024
CalCurCEAS_018,2024-10-07T04:00:00Z,40.03713,-127.747765,Northern California,60.000458,0,1,0,-4453,14.437,,,,,10/7/2024,,9/11/2024,,8/9/2024,,7/11/2024,,6/13/2024
CalCurCEAS_018,2024-10-07T05:00:00Z,40.04022,-127.75398,Northern California,60.000417,0,0,0,-4459,14.412,,,,,10/7/2024,,9/11/2024,,8/9/2024,,7/11/2024,,6/15/2024
CalCurCEAS_018,2024-10-07T06:00:00Z,40.048875,-127.766685,Northern California,60.0005,0,1,0,-4455,14.668,,,,,10/7/2024,,9/11/2024,,8/9/2024,,7/11/2024,,6/15/2024
CalCurCEAS_018,2024-10-07T07:00:00Z,40.05912,-127.77738,Northern California,60.000458,0,1,0,-4439,14.704,,,,,10/7/2024,,9/11/2024,,8/9/2024,,7/11/2024,,6/15/2024
CalCurCEAS_018,2024-10-07T08:00:00Z,40.072745,-127.784935,Northern California,60.000458,0,0,0,-4455,14.753,,,,,10/7/2024,,9/11/2024,,8/9/2024,,7/11/2024,,6/15/2024
CalCurCEAS_018,2024-10-07T09:00:00Z,40.082575,-127.789235,Northern California,60.0005,0,1,0,-4478,14.793,,,,,10/7/2024,,9/11/2024,,8/9/2024,,7/11/2024,,6/15/2024
CalCurCEAS_018,2024-10-07T10:00:00Z,40.08911,-127.78951,Northern California,60.000375,0,1,1,-4488,14.827,,,,,10/7/2024,,9/11/2024,,8/9/2024,,7/11/2024,,6/15/2024
CalCurCEAS_018,2024-10-07T11:00:00Z,40.09381,-127.788355,Northern California,60.000417,0,0,2,-4491,14.929,,,,,10/7/2024,,9/11/2024,,8/9/2024,,7/11/2024,,6/15/2024
CalCurCEAS_018,2024-10-07T12:00:00Z,40.09777,-127.789095,Northern California,60.000417,0,3,0,-4494,14.978,,,,,10/7/2024,,9/11/2024,,8/9/2024,,7/11/2024,,6/15/2024
CalCurCEAS_018,2024-10-07T13:00:00Z,40.100705,-127.791575,Northern California,60.000542,0,1,0,-4497,15.027,,,,,10/7/2024,,9/11/2024,,8/9/2024,,7/12/2024,651.3727417,6/12/2024
CalCurCEAS_018,2024-10-07T14:00:00Z,40.10353,-127.79464,Northern California,60.000375,0,1,0,-4501,15.07,,,,,10/7/2024,,9/11/2024,,8/9/2024,,7/12/2024,651.3727417,6/12/2024
CalCurCEAS_018,2024-10-07T15:00:00Z,40.107405,-127.797455,Northern California,60.000417,0,4,0,-4505,15.124,,,,,10/7/2024,,9/11/2024,,8/9/2024,,7/12/2024,651.3727417,6/12/2024
CalCurCEAS_018,2024-10-07T16:00:00Z,40.113695,-127.80063,Northern California,60.000333,0,5,0,-4505,15.189,,,,,10/7/2024,,9/6/2024,,8/8/2024,738.7296753,7/10/2024,,6/8/2024
CalCurCEAS_018,2024-10-07T17:00:00Z,40.12051,-127.80391,Northern California,60.000417,0,4,0,-4504,15.189,,,,,10/7/2024,,9/6/2024,,8/8/2024,738.7296753,7/10/2024,,6/8/2024
CalCurCEAS_018,2024-10-07T18:00:00Z,40.12625,-127.80682,Northern California,60.000417,0,9,0,-4502,15.189,,,,,10/7/2024,,9/6/2024,,8/8/2024,738.7296753,7/10/2024,,6/8/2024
CalCurCEAS_018,2024-10-07T19:00:00Z,40.13214,-127.80947,Northern California,60.000375,0,7,0,-4503,15.265,,,,,10/7/2024,,9/6/2024,,8/8/2024,738.7296753,7/10/2024,,6/8/2024
CalCurCEAS_018,2024-10-07T20:00:00Z,40.137025,-127.812095,Northern California,60.000292,0,9,4,-4503,15.265,,,,,10/7/2024,,9/6/2024,,8/8/2024,738.0518799,7/10/2024,,6/8/2024
CalCurCEAS_018,2024-10-07T21:00:00Z,40.142335,-127.813655,Northern California,60.000458,0,10,0,-4502,15.341,,,,,10/7/2024,,9/6/2024,,8/8/2024,738.0518799,7/10/2024,,6/8/2024
CalCurCEAS_018,2024-10-07T22:00:00Z,40.14695,-127.81436,Northern California,60.000375,0,1,0,-4502,15.404,,,,,10/7/2024,,9/6/2024,,8/8/2024,738.0518799,7/10/2024,,6/8/2024
CalCurCEAS_018,2024-10-07T23:00:00Z,40.15098,-127.813855,Northern California,60.000458,0,9,3,-4501,15.478,,,,,10/7/2024,,9/6/2024,,8/8/2024,738.0518799,7/10/2024,,6/8/2024
CalCurCEAS_018,2024-10-08T00:00:00Z,40.15406,-127.8139,Northern California,60.000417,0,1,0,-4501,16.538,0.267950296,49.07684326,86.30004883,604.3272095,10/8/2024,,9/8/2024,579.2684326,8/12/2024,,7/11/2024,,6/10/2024
CalCurCEAS_018,2024-10-08T01:00:00Z,40.156835,-127.81627,Northern California,60.000458,0,9,0,-4501,16.546,0.267950296,49.07684326,86.30004883,604.3272095,10/8/2024,,9/8/2024,579.2684326,8/12/2024,,7/11/2024,,6/10/2024
CalCurCEAS_018,2024-10-08T02:00:00Z,40.159145,-127.818955,Northern California,60.000458,0,1,0,-4501,16.522,0.267950296,49.07684326,86.30004883,604.3272095,10/8/2024,,9/8/2024,579.2684326,8/12/2024,,7/11/2024,,6/10/2024
CalCurCEAS_018,2024-10-08T03:00:00Z,40.16358,-127.822045,Northern California,60.000417,0,1,0,-4503,16.491,0.267950296,49.07684326,86.30004883,604.3272095,10/8/2024,,9/8/2024,579.2684326,8/12/2024,,7/11/2024,,6/10/2024
CalCurCEAS_018,2024-10-08T04:00:00Z,40.16864,-127.82385,Northern California,60.00025,0,1,0,-4503,16.595,0.298574895,47.22727966,89.60009766,665.9800415,10/8/2024,,9/8/2024,587.8088989,8/12/2024,,7/11/2024,,6/10/2024
CalCurCEAS_018,2024-10-08T05:00:00Z,40.175653,-127.825053,Northern California,60.000417,2,1,5,-4506,16.581,0.298574895,47.22727966,89.60009766,665.9800415,10/8/2024,,9/8/2024,587.8088989,8/12/2024,,7/11/2024,,6/10/2024
CalCurCEAS_018,2024-10-08T06:00:00Z,40.18706,-127.82595,Northern California,60.000375,0,3,0,-4511,16.568,0.298574895,47.22727966,89.60009766,665.9800415,10/8/2024,,9/8/2024,587.8088989,8/12/2024,,7/11/2024,,6/10/2024
CalCurCEAS_018,2024-10-08T07:00:00Z,40.19487,-127.82464,Northern California,60.000292,0,2,0,-4515,16.571,0.298574895,47.22727966,89.60009766,665.9800415,10/8/2024,,9/8/2024,587.8088989,8/12/2024,,7/11/2024,,6/10/2024
CalCurCEAS_018,2024-10-08T08:00:00Z,40.20353,-127.820745,Northern California,60.000458,1,2,0,-4510,16.558,0.298574895,47.22727966,89.60009766,665.9800415,10/8/2024,,9/8/2024,587.8088989,8/12/2024,,7/11/2024,,6/10/2024
CalCurCEAS_018,2024-10-08T09:00:00Z,40.215055,-127.81358,Northern California,60.000375,0,2,0,-4477,16.562,0.311183512,45.53971863,91,680.7670898,10/8/2024,,9/8/2024,587.8088989,8/12/2024,,7/11/2024,,6/10/2024
CalCurCEAS_018,2024-10-08T10:00:00Z,40.22235,-127.80923,Northern California,60.000417,3,4,1,-4437,16.544,0.311183512,45.53971863,91,680.7670898,10/8/2024,,9/8/2024,587.8088989,8/12/2024,,7/11/2024,,6/10/2024
CalCurCEAS_018,2024-10-08T11:00:00Z,40.229105,-127.802035,Northern California,60.000292,0,5,0,-4421,16.548,0.311183512,45.53971863,91,680.7670898,10/8/2024,,9/8/2024,587.8088989,8/12/2024,,7/11/2024,,6/10/2024
CalCurCEAS_018,2024-10-08T12:00:00Z,40.23382,-127.79385,Northern California,60.000333,0,2,0,-4408,16.529,0.311183512,45.53971863,91,680.7670898,10/8/2024,,9/8/2024,587.8088989,8/12/2024,,7/11/2024,,6/10/2024
CalCurCEAS_018,2024-10-08T13:00:00Z,40.23708,-127.787915,Northern California,60.000417,0,0,2,-4403,16.508,0.295354545,45.57423782,89.60009766,680.2669067,10/8/2024,,9/8/2024,551.1672363,8/14/2024,,7/13/2024,726.1862793,6/12/2024
CalCurCEAS_018,2024-10-08T14:00:00Z,40.24145,-127.78512,Northern California,60.000375,0,3,0,-4378,16.511,0.295354545,45.57423782,89.60009766,680.2669067,10/8/2024,,9/8/2024,558.2750244,8/14/2024,,7/13/2024,726.1862793,6/12/2024
CalCurCEAS_018,2024-10-08T15:00:00Z,40.247305,-127.78449,Northern California,60.000375,0,1,0,-4338,16.469,0.295354545,45.57423782,89.60009766,680.2669067,10/8/2024,,9/8/2024,558.2750244,8/14/2024,,7/13/2024,726.1862793,6/12/2024
CalCurCEAS_018,2024-10-08T16:00:00Z,40.25566,-127.784965,Northern California,60.000333,0,2,0,-4243,16.451,0.306755245,44.00988007,90.69995117,685.9769897,10/8/2024,,9/8/2024,559.0702515,8/14/2024,,7/13/2024,726.1862793,6/12/2024
CalCurCEAS_018,2024-10-08T17:00:00Z,40.264375,-127.78533,Northern California,60.000375,0,6,1,-4205,16.452,0.306755245,44.00988007,90.69995117,685.9769897,10/8/2024,,9/8/2024,559.0702515,8/14/2024,,7/13/2024,,6/13/2024
CalCurCEAS_018,2024-10-08T18:00:00Z,40.27233,-127.78507,Northern California,60.000375,0,5,0,-4180,16.433,0.306755245,44.00988007,90.69995117,685.9769897,10/8/2024,,9/8/2024,559.0702515,8/14/2024,,7/13/2024,,6/13/2024
CalCurCEAS_018,2024-10-08T19:00:00Z,40.28591,-127.783965,Northern California,60.0005,0,5,1,-4128,16.415,0.306755245,44.00988007,90.69995117,685.9769897,10/8/2024,,9/8/2024,559.0702515,8/14/2024,,7/13/2024,,6/13/2024
CalCurCEAS_018,2024-10-08T20:00:00Z,40.30116,-127.77896,Northern California,60.000458,0,3,0,-3967,16.398,0.318155974,45.57423782,92.39990234,685.9769897,10/8/2024,,9/8/2024,568.4386597,8/14/2024,,7/13/2024,,6/13/2024
CalCurCEAS_018,2024-10-08T21:00:00Z,40.312955,-127.77029,Northern California,60.000417,0,2,1,-3811,16.383,0.318155974,45.57423782,92.39990234,685.9769897,10/8/2024,,9/11/2024,,8/11/2024,,7/13/2024,,6/12/2024
CalCurCEAS_018,2024-10-08T22:00:00Z,40.326145,-127.75603,Northern California,60.000292,0,2,0,-3378,16.383,0.318155974,45.57423782,92.39990234,685.9769897,10/8/2024,,9/11/2024,,8/11/2024,,7/13/2024,,6/12/2024
CalCurCEAS_018,2024-10-08T23:00:00Z,40.332995,-127.7442,Northern California,60.000417,0,5,0,-3171,16.369,,,,685.9769897,10/8/2024,,9/11/2024,,8/11/2024,,7/13/2024,,6/12/2024
CalCurCEAS_018,2024-10-09T00:00:00Z,40.338125,-127.73349,Northern California,60.000458,0,3,0,-2678,17.346,,,,,10/9/2024,,9/7/2024,,8/11/2024,,7/11/2024,,6/9/2024
CalCurCEAS_018,2024-10-09T01:00:00Z,40.34116,-127.72617,Northern California,60.000333,0,1,0,-2727,17.514,,,,,10/9/2024,,9/7/2024,,8/11/2024,,7/12/2024,,6/13/2024
CalCurCEAS_018,2024-10-09T02:00:00Z,40.346485,-127.72042,Northern California,60.000333,0,2,0,-2332,17.592,,,,,10/9/2024,,9/7/2024,,8/11/2024,,7/12/2024,,6/13/2024
CalCurCEAS_018,2024-10-09T03:00:00Z,40.35319,-127.71506,Northern California,60.000458,0,0,0,-2061,17.592,,,,,10/9/2024,,9/7/2024,,8/11/2024,,7/12/2024,,6/13/2024
CalCurCEAS_018,2024-10-09T04:00:00Z,40.36148,-127.70791,Northern California,60.000333,0,0,0,-1873,17.659,,,,,10/9/2024,,9/7/2024,,8/11/2024,,7/12/2024,,6/13/2024
CalCurCEAS_018,2024-10-09T05:00:00Z,40.369943,-127.700433,Northern California,59.999042,0,1,2,-1747,17.659,,,,,10/9/2024,,9/8/2024,,8/9/2024,744.1734619,7/9/2024,,6/12/2024
CalCurCEAS_018,2024-10-09T06:00:00Z,40.37936,-127.69261,Northern California,59.98375,0,2,0,-1477,16.981,,,,,10/9/2024,,9/8/2024,,8/9/2024,744.1734619,7/9/2024,,6/12/2024
CalCurCEAS_018,2024-10-09T07:00:00Z,40.38849,-127.685585,Northern California,60.0005,0,0,0,-1279,17.007,,,,,10/9/2024,,9/8/2024,,8/9/2024,744.1734619,7/9/2024,,6/12/2024
CalCurCEAS_018,2024-10-09T08:00:00Z,40.39675,-127.67832,Northern California,60.000458,0,1,1,-1547,17.034,,,,,10/9/2024,,9/8/2024,,8/9/2024,744.1734619,7/9/2024,,6/12/2024
CalCurCEAS_018,2024-10-09T09:00:00Z,40.40481,-127.66881,Northern California,60.00025,0,4,0,-1758,17.036,,,,,10/9/2024,,9/8/2024,,8/9/2024,,7/10/2024,,6/9/2024
CalCurCEAS_018,2024-10-09T10:00:00Z,40.40999,-127.661445,Northern California,60.000333,0,3,0,-1893,17.058,,,,,10/9/2024,,9/8/2024,,8/9/2024,,7/10/2024,,6/9/2024
CalCurCEAS_018,2024-10-09T11:00:00Z,40.41502,-127.65549,Northern California,60.000375,0,0,0,-2085,17.036,,,,,10/9/2024,,9/8/2024,,8/9/2024,,7/10/2024,,6/9/2024
CalCurCEAS_018,2024-10-09T12:00:00Z,40.418785,-127.65075,Northern California,60.000375,0,0,0,-2244,17.049,,,,,10/9/2024,,9/8/2024,,8/9/2024,,7/10/2024,,6/9/2024
CalCurCEAS_018,2024-10-09T13:00:00Z,40.425025,-127.645875,Northern California,60.000375,0,2,0,-2633,17.047,,,,,10/9/2024,,9/8/2024,,8/9/2024,,7/10/2024,,6/9/2024
CalCurCEAS_018,2024-10-09T14:00:00Z,40.43168,-127.642935,Northern California,60.000458,0,1,1,-2871,17.06,,,,,10/9/2024,,9/8/2024,,8/9/2024,,7/10/2024,,6/9/2024
CalCurCEAS_018,2024-10-09T15:00:00Z,40.440855,-127.639695,Northern California,60.00025,0,3,1,-3098,17.047,,,,,10/9/2024,,9/8/2024,,8/9/2024,,7/10/2024,,6/9/2024
CalCurCEAS_018,2024-10-09T16:00:00Z,40.45042,-127.63435,Northern California,60.000542,0,6,0,-3161,17.078,,,,,10/9/2024,,9/8/2024,,8/9/2024,,7/10/2024,,6/9/2024
CalCurCEAS_018,2024-10-09T17:00:00Z,40.462255,-127.62639,Northern California,60.000375,0,2,0,-3163,17.078,,,,,10/9/2024,,9/8/2024,,8/9/2024,,7/10/2024,,6/9/2024
CalCurCEAS_018,2024-10-09T18:00:00Z,40.47483,-127.61586,Northern California,60.000417,0,3,0,-3165,17.125,,,,,10/9/2024,,9/8/2024,,8/9/2024,,7/10/2024,,6/9/2024
CalCurCEAS_018,2024-10-09T19:00:00Z,40.485925,-127.600505,Northern California,60.000375,0,8,2,-3151,17.125,,,,,10/9/2024,,9/8/2024,,8/10/2024,,7/13/2024,,6/11/2024
CalCurCEAS_018,2024-10-09T20:00:00Z,40.49611,-127.583425,Northern California,60.000417,0,1,1,-3163,17.189,,,,,10/9/2024,,9/8/2024,,8/10/2024,,7/13/2024,,6/11/2024
CalCurCEAS_018,2024-10-09T21:00:00Z,40.50449,-127.56768,Northern California,60.000375,0,1,0,-3206,17.174,,,,,10/9/2024,,9/8/2024,,8/10/2024,,7/13/2024,,6/11/2024
CalCurCEAS_018,2024-10-09T22:00:00Z,40.51105,-127.55425,Northern California,60.000417,0,4,0,-3207,17.174,,,,,10/9/2024,,9/8/2024,568.4386597,8/14/2024,,7/13/2024,,6/13/2024
CalCurCEAS_018,2024-10-09T23:00:00Z,40.5199,-127.53092,Northern California,60.000417,0,4,0,-3194,17.159,,,,,10/9/2024,,9/8/2024,568.4386597,8/14/2024,,7/13/2024,,6/13/2024
CalCurCEAS_018,2024-10-10T00:00:00Z,40.5255,-127.51123,Northern California,60.000375,0,13,0,-3223,17.054,0.377106458,30.06608772,95.60009766,371.0108032,10/10/2024,,9/7/2024,630.762207,8/12/2024,,7/10/2024,,6/11/2024
CalCurCEAS_018,2024-10-10T01:00:00Z,40.52853,-127.49926,Northern California,60.000542,0,1,1,-3229,17.064,0.369556308,30.01691437,94.19995117,339.0542908,10/10/2024,,9/7/2024,630.762207,8/12/2024,,7/10/2024,,6/11/2024
CalCurCEAS_018,2024-10-10T02:00:00Z,40.52955,-127.487145,Northern California,60.000292,0,14,0,-3245,17.067,0.369556308,30.01691437,94.19995117,339.0542908,10/10/2024,,9/7/2024,630.762207,8/12/2024,,7/10/2024,,6/11/2024
CalCurCEAS_018,2024-10-10T03:00:00Z,40.53073,-127.47619,Northern California,60.0005,0,8,0,-3247,17.056,0.369556308,30.01691437,94.19995117,339.0542908,10/10/2024,,9/7/2024,630.762207,8/12/2024,,7/10/2024,,6/11/2024
CalCurCEAS_018,2024-10-10T04:00:00Z,40.532725,-127.46681,Northern California,60.000375,1,4,1,-3250,17.059,0.369556308,30.01691437,94.19995117,339.0542908,10/10/2024,,9/7/2024,630.762207,8/12/2024,,7/10/2024,809.2399292,6/12/2024
CalCurCEAS_018,2024-10-10T05:00:00Z,40.53522,-127.45709,Northern California,60.000417,2,3,0,-3259,17.049,0.369556308,30.01691246,94.19995117,338.2498779,10/10/2024,,9/7/2024,630.762207,8/12/2024,,7/10/2024,869.0411987,6/12/2024
CalCurCEAS_018,2024-10-10T06:00:00Z,40.539475,-127.44739,Northern California,60.000375,0,17,3,-3257,16.829,0.369556308,30.01691246,94.19995117,338.2498779,10/10/2024,,9/7/2024,630.762207,8/12/2024,,7/10/2024,869.0411987,6/12/2024
CalCurCEAS_018,2024-10-10T07:00:00Z,40.544825,-127.43718,Northern California,60.000417,0,10,0,-3255,16.817,0.369556308,30.01691246,94.19995117,338.2498779,10/10/2024,,9/7/2024,761.4703979,8/7/2024,726.9887695,7/9/2024,745.4732666,6/10/2024
CalCurCEAS_018,2024-10-10T08:00:00Z,40.552355,-127.421825,Northern California,60.000292,0,10,0,-3268,16.798,0.369556308,30.01691246,94.19995117,338.2498779,10/10/2024,,9/7/2024,749.5137939,8/7/2024,712.1637573,7/9/2024,745.4732666,6/10/2024
CalCurCEAS_018,2024-10-10T09:00:00Z,40.55741,-127.41102,Northern California,60.000333,0,8,0,-3277,16.791,,,,338.0240784,10/10/2024,,9/7/2024,749.5137939,8/7/2024,712.1637573,7/9/2024,745.4732666,6/10/2024
CalCurCEAS_018,2024-10-10T10:00:00Z,40.56316,-127.40006,Northern California,60.000458,0,2,13,-3270,16.783,,,,338.0240784,10/10/2024,,9/7/2024,745.6953735,8/7/2024,712.1637573,7/9/2024,745.4732666,6/10/2024
CalCurCEAS_018,2024-10-10T11:00:00Z,40.56858,-127.38929,Northern California,60.000542,0,2,3,-3250,16.783,,,,338.0240784,10/10/2024,,9/7/2024,745.6953735,8/7/2024,712.1637573,7/9/2024,700.3295898,6/10/2024
CalCurCEAS_018,2024-10-10T12:00:00Z,40.571825,-127.3798,Northern California,59.993958,0,0,18,-3262,16.787,,,,338.0240784,10/10/2024,,9/7/2024,745.2452393,8/7/2024,712.1637573,7/9/2024,700.3295898,6/10/2024
CalCurCEAS_018,2024-10-10T13:00:00Z,40.576075,-127.36255,Northern California,59.98375,1,1,0,-3283,16.792,,,,,10/10/2024,,9/7/2024,745.2452393,8/7/2024,712.1637573,7/9/2024,700.3295898,6/10/2024
CalCurCEAS_018,2024-10-10T14:00:00Z,40.5783,-127.34824,Northern California,60.000333,0,1,1,-3276,16.814,,,,,10/10/2024,,9/7/2024,736.8227539,8/7/2024,712.1637573,7/9/2024,700.3295898,6/10/2024
CalCurCEAS_018,2024-10-10T15:00:00Z,40.57894,-127.335145,Northern California,60.000375,0,5,0,-3214,16.827,,,,,10/10/2024,,9/8/2024,,8/10/2024,,7/13/2024,,6/11/2024
CalCurCEAS_018,2024-10-10T16:00:00Z,40.57875,-127.32074,Northern California,60.000417,0,1,0,-3242,16.83,,,,126.2713699,10/10/2024,,9/8/2024,,8/10/2024,,7/13/2024,,6/11/2024
CalCurCEAS_018,2024-10-10T17:00:00Z,40.578915,-127.307845,Northern California,59.99025,0,4,1,-3238,16.826,,,,126.2713699,10/10/2024,,9/8/2024,,8/10/2024,,7/13/2024,,6/11/2024
CalCurCEAS_018,2024-10-10T18:00:00Z,40.57926,-127.29704,Northern California,60.000333,0,4,1,-3235,16.816,,,,126.2713699,10/10/2024,,9/8/2024,,8/10/2024,,7/13/2024,,6/11/2024
CalCurCEAS_018,2024-10-10T19:00:00Z,40.579475,-127.28445,Northern California,60.000375,0,1,3,-3246,16.805,0.323910803,25.95433426,85.60009766,126.2713699,10/10/2024,,9/8/2024,,8/10/2024,,7/13/2024,,6/11/2024
CalCurCEAS_018,2024-10-10T20:00:00Z,40.57919,-127.27264,Northern California,60.000417,0,22,3,-3236,16.804,0.323910803,25.95433426,85.60009766,126.2713699,10/10/2024,,9/8/2024,,8/10/2024,,7/13/2024,,6/11/2024
CalCurCEAS_018,2024-10-10T21:00:00Z,40.5779,-127.26007,Northern California,60.000458,0,5,0,-3226,16.832,0.323910803,25.95433426,85.60009766,126.2713699,10/10/2024,,9/8/2024,,8/10/2024,,7/13/2024,,6/11/2024
CalCurCEAS_018,2024-10-10T22:00:00Z,40.57761,-127.25005,Northern California,60.000542,0,17,0,-3229,16.881,0.323910803,25.95433426,85.60009766,126.2713699,10/10/2024,,9/8/2024,,8/10/2024,,7/13/2024,,6/11/2024
CalCurCEAS_018,2024-10-10T23:00:00Z,40.57738,-127.237925,Northern California,60.000333,0,8,1,-3221,16.914,0.323910803,25.95433426,85.60009766,126.2713699,10/10/2024,,9/8/2024,,8/10/2024,,7/13/2024,,6/11/2024
CalCurCEAS_018,2024-10-11T00:00:00Z,40.576415,-127.22521,Northern California,60.0005,0,11,1,-3210,17.143,,,,,10/11/2024,,9/11/2024,,8/8/2024,730.3372803,7/8/2024,,6/9/2024
CalCurCEAS_018,2024-10-11T01:00:00Z,40.57581,-127.21522,Northern California,60.000417,0,22,0,-3205,17.124,,,,,10/11/2024,,9/11/2024,,8/8/2024,739.0379028,7/8/2024,,6/9/2024
CalCurCEAS_018,2024-10-11T02:00:00Z,40.574795,-127.20288,Northern California,60.000542,0,9,1,-3201,17.108,,,,,10/11/2024,,9/11/2024,,8/8/2024,739.0379028,7/8/2024,,6/9/2024
CalCurCEAS_018,2024-10-11T03:00:00Z,40.57244,-127.18847,Northern California,60.000375,0,9,4,-3193,17.118,,,,,10/11/2024,,9/11/2024,,8/8/2024,739.7625732,7/8/2024,,6/9/2024
CalCurCEAS_018,2024-10-11T04:00:00Z,40.5706,-127.18044,Northern California,60.000375,0,14,1,-3189,17.127,,,,,10/11/2024,,9/11/2024,,8/9/2024,,7/11/2024,,6/13/2024
CalCurCEAS_018,2024-10-11T05:00:00Z,40.566837,-127.168583,Northern California,60.000417,0,0,0,-3190,17.171,,,,,10/11/2024,,9/11/2024,,8/9/2024,,7/11/2024,,6/13/2024
CalCurCEAS_018,2024-10-11T06:00:00Z,40.56124,-127.153445,Northern California,60.000333,0,4,0,-3199,17.183,,,,,10/11/2024,,9/11/2024,,8/9/2024,,7/11/2024,,6/13/2024
CalCurCEAS_018,2024-10-11T07:00:00Z,40.55704,-127.14246,Northern California,60.000458,0,0,9,-3196,17.183,,,,,10/11/2024,,9/11/2024,,8/9/2024,,7/11/2024,,6/13/2024
CalCurCEAS_018,2024-10-11T08:00:00Z,40.554125,-127.132685,Northern California,60.000458,0,1,0,-3165,17.179,,,,,10/11/2024,,9/11/2024,,8/9/2024,,7/11/2024,,6/13/2024
CalCurCEAS_018,2024-10-11T09:00:00Z,40.551295,-127.119435,Northern California,60.000292,0,3,1,-3141,17.179,,,,,10/11/2024,,9/11/2024,,8/9/2024,,7/11/2024,,6/13/2024
CalCurCEAS_018,2024-10-11T10:00:00Z,40.54992,-127.107085,Northern California,60.000333,0,4,1,-3138,17.174,,,,,10/11/2024,,9/11/2024,,8/9/2024,,7/11/2024,,6/13/2024
CalCurCEAS_018,2024-10-11T11:00:00Z,40.54812,-127.09287,Northern California,60.000333,0,4,0,-3141,17.17,,,,,10/11/2024,,9/11/2024,,8/9/2024,,7/11/2024,,6/13/2024
CalCurCEAS_018,2024-10-11T12:00:00Z,40.54588,-127.0812,Northern California,60.000333,0,2,0,-3132,17.164,,,,,10/11/2024,,9/11/2024,,8/9/2024,,7/11/2024,,6/13/2024
CalCurCEAS_018,2024-10-11T13:00:00Z,40.54305,-127.066485,Northern California,60.000333,0,1,0,-3137,17.154,,,,,10/11/2024,,9/11/2024,,8/11/2024,516.3267212,7/9/2024,,6/8/2024
CalCurCEAS_018,2024-10-11T14:00:00Z,40.5396,-127.0515,Northern California,60.000375,0,2,0,-3152,17.149,,,,,10/11/2024,,9/11/2024,,8/11/2024,516.3267212,7/9/2024,,6/8/2024
CalCurCEAS_018,2024-10-11T15:00:00Z,40.5358,-127.0387,Northern California,60.000458,0,6,0,-3160,17.151,,,,,10/11/2024,,9/11/2024,,8/11/2024,516.3267212,7/9/2024,,6/8/2024
CalCurCEAS_018,2024-10-11T16:00:00Z,40.531375,-127.026405,Northern California,60.000375,0,12,4,-3188,17.144,,,,,10/11/2024,,9/11/2024,,8/11/2024,516.3267212,7/9/2024,,6/8/2024
CalCurCEAS_018,2024-10-11T17:00:00Z,40.526115,-127.014075,Northern California,60.000292,0,3,1,-3174,17.137,,,,,10/11/2024,,9/11/2024,,8/11/2024,,7/10/2024,712.0824585,6/11/2024
CalCurCEAS_018,2024-10-11T18:00:00Z,40.52012,-126.99966,Northern California,60.000375,0,15,1,-3193,17.137,,,,,10/11/2024,,9/11/2024,,8/11/2024,,7/10/2024,712.0824585,6/11/2024
CalCurCEAS_018,2024-10-11T19:00:00Z,40.51556,-126.9891,Northern California,60.000333,0,11,3,-3198,17.131,,,,,10/11/2024,,9/11/2024,,8/11/2024,,7/10/2024,712.0824585,6/11/2024
CalCurCEAS_018,2024-10-11T20:00:00Z,40.509585,-126.97789,Northern California,60.000375,0,9,1,-3201,17.129,,,,,10/11/2024,,9/11/2024,,8/11/2024,,7/10/2024,712.0824585,6/11/2024
CalCurCEAS_018,2024-10-11T21:00:00Z,40.504665,-126.966475,Northern California,40.000292,0,2,0,-3201,17.127,,,,,10/11/2024,,9/11/2024,,8/11/2024,,7/10/2024,712.0824585,6/11/2024
CalCurCEAS_020,2024-10-26T14:00:00Z,36.552167,-124.549167,Central California,11.983375,0,0,0,-3844,15.365,,,,,10/26/2024,448.5582581,9/26/2024,,8/27/2024,619.8529053,7/28/2024,659.1989746,6/28/2024
CalCurCEAS_020,2024-10-26T15:00:00Z,36.549535,-124.54975,Central California,60.000292,0,1,5,-3849,15.365,,,,,10/26/2024,448.5582581,9/26/2024,,8/27/2024,619.8529053,7/28/2024,659.1989746,6/28/2024
CalCurCEAS_020,2024-10-26T16:00:00Z,36.5468,-124.55344,Central California,60.000458,0,2,4,-3860,15.365,,,,,10/26/2024,448.5582581,9/26/2024,,8/27/2024,619.8529053,7/28/2024,659.1989746,6/28/2024
CalCurCEAS_020,2024-10-26T17:00:00Z,36.544765,-124.5595,Central California,60.0005,0,2,2,-3915,15.424,,,,,10/26/2024,448.5582581,9/26/2024,,8/27/2024,619.8529053,7/28/2024,659.1989746,6/28/2024
CalCurCEAS_020,2024-10-26T18:00:00Z,36.54337,-124.56619,Central California,60.000333,0,2,8,-3948,15.444,,,,,10/26/2024,448.5582581,9/26/2024,,8/27/2024,619.8529053,7/28/2024,659.1989746,6/28/2024
CalCurCEAS_020,2024-10-26T19:00:00Z,36.54334,-124.57204,Central California,60.000292,2,2,39,-4051,15.444,,,,,10/26/2024,448.5582581,9/26/2024,,8/27/2024,619.8529053,7/28/2024,659.1989746,6/28/2024
CalCurCEAS_020,2024-10-26T20:00:00Z,36.543465,-124.57788,Central California,60.000417,0,1,17,-4108,15.466,,,,,10/26/2024,448.5582581,9/26/2024,,8/27/2024,619.8529053,7/28/2024,659.1989746,6/28/2024
CalCurCEAS_020,2024-10-26T21:00:00Z,36.54374,-124.58249,Central California,60.000292,0,6,43,-4121,15.466,,,,,10/26/2024,448.5582581,9/26/2024,,8/27/2024,619.8529053,7/28/2024,659.1989746,6/28/2024
CalCurCEAS_020,2024-10-26T22:00:00Z,36.54375,-124.58539,Central California,60.000458,0,0,25,-4097,15.49,,,,,10/26/2024,450.6463318,9/26/2024,,8/27/2024,636.8848877,7/28/2024,,6/28/2024
CalCurCEAS_020,2024-10-26T23:00:00Z,36.544145,-124.586515,Central California,60.0005,0,0,21,-4097,15.49,,,,,10/26/2024,450.6463318,9/26/2024,,8/27/2024,636.8848877,7/28/2024,,6/28/2024
CalCurCEAS_020,2024-10-27T00:00:00Z,36.543535,-124.58662,Central California,60.000417,0,6,35,-4097,14.979,,,,,10/27/2024,541.4814453,9/27/2024,,8/28/2024,,7/29/2024,,6/29/2024
CalCurCEAS_020,2024-10-27T01:00:00Z,36.54247,-124.58863,Central California,60.000375,1,14,21,-4084,14.979,,,,,10/27/2024,541.4814453,9/27/2024,,8/28/2024,,7/29/2024,,6/29/2024
CalCurCEAS_020,2024-10-27T02:00:00Z,36.541615,-124.59176,Central California,60.000458,0,3,5,-4073,14.979,,,,,10/27/2024,539.2471313,9/27/2024,,8/28/2024,,7/29/2024,,6/29/2024
CalCurCEAS_020,2024-10-27T03:00:00Z,36.54036,-124.59378,Central California,60.000333,1,0,2,-4073,14.979,,,,,10/27/2024,539.2471313,9/27/2024,,8/28/2024,,7/29/2024,,6/29/2024
CalCurCEAS_020,2024-10-27T04:00:00Z,36.538005,-124.595895,Central California,60.000375,0,3,33,-4075,14.981,,,,,10/27/2024,539.2471313,9/27/2024,,8/28/2024,,7/29/2024,,6/29/2024
CalCurCEAS_020,2024-10-27T05:00:00Z,36.534443,-124.598077,Central California,60.000375,0,10,9,-4074,15.056,,,,,10/27/2024,539.2471313,9/27/2024,,8/28/2024,,7/29/2024,,6/29/2024
CalCurCEAS_020,2024-10-27T06:00:00Z,36.52909,-124.6015,Central California,60.000417,0,7,32,-4098,15.056,,,,,10/27/2024,539.2471313,9/27/2024,,8/28/2024,,7/29/2024,,6/29/2024
CalCurCEAS_020,2024-10-27T07:00:00Z,36.52392,-124.604585,Central California,60.000292,0,3,4,-4099,15.141,,,,,10/27/2024,539.2471313,9/27/2024,,8/28/2024,,7/29/2024,,6/29/2024
CalCurCEAS_020,2024-10-27T08:00:00Z,36.51983,-124.61069,Central California,60.000417,0,8,12,-4102,15.146,,,,,10/27/2024,539.2471313,9/27/2024,,8/28/2024,,7/29/2024,,6/29/2024
CalCurCEAS_020,2024-10-27T09:00:00Z,36.515815,-124.617095,Central California,60.000417,0,7,7,-4117,15.154,,,,,10/27/2024,539.2471313,9/27/2024,,8/28/2024,,7/29/2024,,6/29/2024
CalCurCEAS_020,2024-10-27T10:00:00Z,36.51186,-124.62253,Central California,60.000417,1,9,15,-4129,15.246,,,,,10/27/2024,539.2471313,9/27/2024,,8/28/2024,,7/29/2024,,6/29/2024
CalCurCEAS_020,2024-10-27T11:00:00Z,36.5101,-124.627575,Central California,59.99275,0,9,10,-4138,15.258,,,,,10/27/2024,539.3300781,9/27/2024,,8/28/2024,,7/29/2024,,6/29/2024
CalCurCEAS_020,2024-10-27T12:00:00Z,36.509775,-124.633875,Central California,60.000333,0,13,14,-4130,15.258,,,,,10/27/2024,539.3300781,9/27/2024,,8/28/2024,,7/29/2024,,6/29/2024
CalCurCEAS_020,2024-10-27T13:00:00Z,36.51144,-124.63738,Central California,60.000292,0,2,11,-4130,15.272,,,,,10/27/2024,539.3300781,9/27/2024,,8/28/2024,,7/29/2024,,6/29/2024
CalCurCEAS_020,2024-10-27T14:00:00Z,36.512205,-124.64093,Central California,60.000333,8,1,5,-4129,15.272,,,,,10/27/2024,539.3300781,9/27/2024,,8/28/2024,,7/29/2024,,6/29/2024
CalCurCEAS_020,2024-10-27T15:00:00Z,36.51359,-124.645275,Central California,60.000333,5,5,12,-4141,15.284,,,,,10/27/2024,539.3300781,9/27/2024,,8/28/2024,,7/29/2024,,6/29/2024
CalCurCEAS_020,2024-10-27T16:00:00Z,36.51456,-124.64833,Central California,60.000375,7,3,10,-4136,15.284,,,,,10/27/2024,539.3300781,9/27/2024,,8/28/2024,,7/29/2024,,6/29/2024
CalCurCEAS_020,2024-10-27T17:00:00Z,36.515475,-124.649635,Central California,60.00025,13,1,7,-4136,15.19,,,,,10/27/2024,539.3300781,9/27/2024,,8/28/2024,,7/29/2024,,6/29/2024
CalCurCEAS_020,2024-10-27T18:00:00Z,36.51426,-124.650095,Central California,60.000417,6,10,59,-4141,15.284,,,,,10/27/2024,539.3300781,9/27/2024,,8/28/2024,,7/29/2024,,6/29/2024
CalCurCEAS_020,2024-10-27T19:00:00Z,36.512,-124.65069,Central California,60.000333,5,14,27,-4132,15.284,,,,,10/27/2024,539.3300781,9/27/2024,,8/28/2024,,7/29/2024,,6/29/2024
CalCurCEAS_020,2024-10-27T20:00:00Z,36.508375,-124.651975,Central California,60.000417,6,5,8,-4132,15.284,,,,,10/27/2024,539.3300781,9/27/2024,,8/28/2024,,7/29/2024,,6/29/2024
CalCurCEAS_020,2024-10-27T21:00:00Z,36.505218,-124.65443,Central California,60.0005,0,0,38,-4139,15.284,,,,,10/27/2024,539.3300781,9/27/2024,,8/28/2024,,7/29/2024,,6/29/2024
CalCurCEAS_020,2024-10-27T22:00:00Z,36.50206,-124.656885,Central California,60.000292,1,2,21,-4140,15.387,,,,,10/27/2024,539.3300781,9/27/2024,,8/28/2024,,7/29/2024,,6/29/2024
CalCurCEAS_020,2024-10-27T23:00:00Z,36.49854,-124.661985,Central California,60.0005,0,4,23,-4139,15.387,,,,,10/27/2024,441.5632935,9/27/2024,,8/28/2024,,7/29/2024,,6/29/2024
CalCurCEAS_020,2024-10-28T00:00:00Z,36.4974,-124.66652,Central California,60.000292,0,0,32,-4140,15.414,,,,,10/28/2024,415.2757263,9/29/2024,,9/3/2024,,8/7/2024,,7/10/2024
CalCurCEAS_020,2024-10-28T01:00:00Z,36.49707,-124.668805,Central California,60.000208,0,1,13,-4141,15.384,,,,,10/28/2024,415.2757263,9/29/2024,,9/3/2024,,8/7/2024,,7/10/2024
CalCurCEAS_020,2024-10-28T02:00:00Z,36.49528,-124.67075,Central California,60.000375,0,1,5,-4144,15.383,,,,,10/28/2024,420.5358887,9/29/2024,,9/3/2024,,8/7/2024,,7/10/2024
CalCurCEAS_020,2024-10-28T03:00:00Z,36.494305,-124.67447,Central California,60.000458,0,2,6,-4144,15.388,,,,,10/28/2024,439.1333313,9/29/2024,,9/3/2024,,8/8/2024,,7/1/2024
CalCurCEAS_020,2024-10-28T04:00:00Z,36.49238,-124.67734,Central California,60.00025,0,4,13,-4146,15.388,,,,,10/28/2024,439.1333313,9/29/2024,,9/3/2024,,8/8/2024,,7/1/2024
CalCurCEAS_020,2024-10-28T05:00:00Z,36.491303,-124.68027,Central California,60.000375,0,1,18,-4150,15.442,,,,,10/28/2024,439.1333313,9/29/2024,,9/3/2024,,8/8/2024,,7/1/2024
CalCurCEAS_020,2024-10-28T06:00:00Z,36.489335,-124.68543,Central California,60.000417,0,1,39,-4152,15.442,,,,,10/28/2024,439.1333313,9/29/2024,,9/4/2024,,7/30/2024,,7/4/2024
CalCurCEAS_020,2024-10-28T07:00:00Z,36.48704,-124.68772,Central California,60.000417,0,0,98,-4155,15.521,,,,,10/28/2024,439.1333313,9/29/2024,,9/4/2024,,7/31/2024,,7/7/2024
CalCurCEAS_020,2024-10-28T08:00:00Z,36.48409,-124.69251,Central California,60.000417,0,6,76,-4154,15.543,,,,,10/28/2024,451.9900818,9/29/2024,,9/4/2024,,7/31/2024,,7/7/2024
CalCurCEAS_020,2024-10-28T09:00:00Z,36.48147,-124.698,Central California,60.000375,0,3,61,-4158,15.622,,,,,10/28/2024,451.9900818,9/29/2024,,9/4/2024,,7/31/2024,,7/7/2024
CalCurCEAS_020,2024-10-28T10:00:00Z,36.478955,-124.70225,Central California,60.000292,0,3,15,-4163,15.644,,,,,10/28/2024,451.9900818,9/29/2024,,9/4/2024,,7/31/2024,,7/7/2024
CalCurCEAS_020,2024-10-28T11:00:00Z,36.47627,-124.7054,Central California,60.000458,0,0,25,-4165,15.718,,,,,10/28/2024,452.3973083,9/29/2024,,9/4/2024,,7/31/2024,,7/7/2024
CalCurCEAS_020,2024-10-28T12:00:00Z,36.474445,-124.708075,Central California,60.000375,0,4,4,-4175,15.791,,,,,10/28/2024,452.3973083,9/29/2024,,9/4/2024,,7/31/2024,,7/7/2024
CalCurCEAS_020,2024-10-28T13:00:00Z,36.47298,-124.71251,Central California,60.000333,0,0,5,-4165,15.791,,,,,10/28/2024,452.3973083,9/29/2024,,9/4/2024,,7/31/2024,,7/7/2024
CalCurCEAS_020,2024-10-28T14:00:00Z,36.471365,-124.71755,Central California,59.999,0,4,2,-4162,15.831,,,,,10/28/2024,452.3973083,9/29/2024,,9/4/2024,,7/31/2024,,7/7/2024
CalCurCEAS_020,2024-10-28T15:00:00Z,36.471095,-124.7232,Central California,60.000458,0,2,7,-4159,15.345,,,,,10/28/2024,475.5532532,9/30/2024,,9/7/2024,,7/30/2024,,7/5/2024
CalCurCEAS_020,2024-10-28T16:00:00Z,36.4705,-124.72716,Central California,60.000292,0,0,25,-4156,15.345,,,,,10/28/2024,483.8361511,9/30/2024,,9/7/2024,,7/30/2024,,7/5/2024
CalCurCEAS_020,2024-10-28T17:00:00Z,36.46998,-124.73009,Central California,60.0005,0,1,22,-4157,15.348,,,,,10/28/2024,483.8361511,9/30/2024,,9/7/2024,,7/30/2024,,7/5/2024
CalCurCEAS_020,2024-10-28T18:00:00Z,36.46856,-124.732965,Central California,60.000375,0,1,23,-4157,15.357,,,,,10/28/2024,483.8361511,9/30/2024,,9/7/2024,,7/30/2024,,7/5/2024
CalCurCEAS_020,2024-10-28T19:00:00Z,36.46686,-124.73396,Central California,60.000333,0,32,3,-4160,15.357,,,,,10/28/2024,483.8361511,9/30/2024,,9/7/2024,,7/31/2024,482.0691223,7/8/2024
CalCurCEAS_020,2024-10-28T20:00:00Z,36.4633,-124.7357,Central California,60.0005,0,30,23,-4161,15.373,,,,,10/28/2024,483.8361511,9/30/2024,,9/7/2024,,7/31/2024,496.3124084,7/8/2024
CalCurCEAS_020,2024-10-28T21:00:00Z,36.45918,-124.73907,Central California,60.000458,0,7,17,-4156,15.373,,,,,10/28/2024,483.8361511,9/30/2024,,9/7/2024,,7/31/2024,500.3239746,7/8/2024
CalCurCEAS_020,2024-10-28T22:00:00Z,36.45222,-124.74574,Central California,60.000458,0,5,23,-4168,15.412,,,,,10/28/2024,483.8361511,9/30/2024,,9/7/2024,,7/31/2024,500.3239746,7/8/2024
CalCurCEAS_020,2024-10-28T23:00:00Z,36.44564,-124.75012,Central California,60.000458,0,7,38,-4187,15.449,,,,,10/28/2024,483.8361511,9/30/2024,,9/7/2024,,7/31/2024,500.3239746,7/8/2024
CalCurCEAS_020,2024-10-29T00:00:00Z,36.43913,-124.75336,Central California,60.000375,0,18,9,-4188,15.834,0.78317368,27.88747978,161.5,670.2249756,10/29/2024,615.6658936,10/3/2024,,9/6/2024,,8/9/2024,,7/6/2024
CalCurCEAS_020,2024-10-29T01:00:00Z,36.43204,-124.7593,Central California,60.000208,0,20,26,-4201,15.91,0.78317368,27.88747978,161.5,670.2249756,10/29/2024,613.7695313,10/3/2024,,9/6/2024,,8/9/2024,,7/6/2024
CalCurCEAS_020,2024-10-29T02:00:00Z,36.42462,-124.766495,Central California,60.000375,0,13,47,-4207,16.008,0.78317368,27.88747978,161.5,670.2249756,10/29/2024,613.7695313,10/3/2024,,9/6/2024,,8/9/2024,,7/6/2024
CalCurCEAS_020,2024-10-29T03:00:00Z,36.41793,-124.77535,Central California,60.0005,0,6,78,-4226,15.987,0.78317368,27.88747978,161.5,670.2249756,10/29/2024,613.7695313,10/3/2024,,9/6/2024,,8/9/2024,,7/6/2024
CalCurCEAS_020,2024-10-29T04:00:00Z,36.41292,-124.78397,Central California,60.00025,0,5,2,-4266,16.062,0.776878834,27.66415787,160.6000977,612.5115967,10/29/2024,615.9483643,10/3/2024,,9/6/2024,,8/9/2024,,7/6/2024
CalCurCEAS_020,2024-10-29T05:00:00Z,36.409693,-124.79149,Central California,60.000417,0,1,32,-4272,16.034,0.776878834,27.66415787,160.6000977,612.5115967,10/29/2024,615.9483643,10/3/2024,,9/6/2024,,8/9/2024,,7/6/2024
CalCurCEAS_020,2024-10-29T06:00:00Z,36.405465,-124.798795,Central California,60.000375,0,6,20,-4275,16.14,0.897956312,27.10562134,177.5998535,540.0872803,10/29/2024,615.9483643,10/3/2024,,9/6/2024,,8/9/2024,,7/6/2024
CalCurCEAS_020,2024-10-29T07:00:00Z,36.398405,-124.808445,Central California,60.000417,1,9,7,-4274,16.11,0.897956312,27.10562134,177.5998535,540.0872803,10/29/2024,737.7041016,10/3/2024,,9/6/2024,,8/9/2024,,7/6/2024
CalCurCEAS_020,2024-10-29T08:00:00Z,36.39383,-124.81428,Central California,60.000458,1,9,50,-4274,16.08,0.897956312,27.10562134,177.5998535,540.0872803,10/29/2024,810.0168457,10/3/2024,,9/6/2024,,8/9/2024,,7/6/2024
CalCurCEAS_020,2024-10-29T09:00:00Z,36.3857,-124.82535,Central California,60.000333,0,8,36,-4274,16.052,0.897956312,27.10562134,177.5998535,540.0872803,10/29/2024,810.0168457,10/3/2024,,9/6/2024,,8/9/2024,,7/6/2024
CalCurCEAS_020,2024-10-29T10:00:00Z,36.381465,-124.8324,Central California,60.000333,0,9,2,-4274,16.023,0.897956312,27.10562134,177.5998535,540.0872803,10/29/2024,810.0168457,10/3/2024,,9/6/2024,,8/9/2024,,7/6/2024
CalCurCEAS_020,2024-10-29T11:00:00Z,36.37797,-124.83898,Central California,60.000292,0,4,4,-4277,16.129,0.856085241,22.74998283,171.7998047,451.1877747,10/29/2024,870.1225586,10/3/2024,,9/6/2024,,8/9/2024,,7/6/2024
CalCurCEAS_020,2024-10-29T12:00:00Z,36.373135,-124.845765,Central California,60.000333,0,15,0,-4280,16.079,0.886006117,22.6710701,175.3999023,451.1877747,10/29/2024,870.1225586,10/3/2024,,9/7/2024,,7/31/2024,510.5174866,7/8/2024
CalCurCEAS_020,2024-10-29T13:00:00Z,36.36982,-124.85089,Central California,60.000333,0,6,5,-4287,16.163,0.886006117,22.6710701,175.3999023,451.1877747,10/29/2024,870.1225586,10/3/2024,,9/7/2024,,7/31/2024,510.5174866,7/8/2024
CalCurCEAS_020,2024-10-29T14:00:00Z,36.36259,-124.85825,Central California,60.000375,0,4,0,-4290,16.137,0.886006117,22.6710701,175.3999023,451.1877747,10/29/2024,918.4437256,10/3/2024,,9/7/2024,,7/31/2024,510.5174866,7/8/2024
CalCurCEAS_020,2024-10-29T15:00:00Z,36.35827,-124.863375,Central California,60.000458,0,10,18,-4299,15.783,0.886006117,22.6710701,175.3999023,451.1877747,10/29/2024,,10/4/2024,,8/29/2024,,8/3/2024,,7/4/2024
CalCurCEAS_020,2024-10-29T16:00:00Z,36.353825,-124.870175,Central California,59.983833,0,14,10,-4314,15.878,0.886006117,22.6710701,175.3999023,451.1877747,10/29/2024,,10/4/2024,,8/30/2024,704.5187378,8/6/2024,,7/5/2024
CalCurCEAS_020,2024-10-29T17:00:00Z,36.34899,-124.87545,Central California,60.000375,0,4,15,-4342,15.849,0.883461714,22.31133842,175.5998535,253.8005981,10/29/2024,,10/4/2024,,8/30/2024,695.0459595,8/6/2024,,7/5/2024
CalCurCEAS_020,2024-10-29T18:00:00Z,36.343115,-124.881595,Central California,60.000458,0,4,6,-4365,15.945,0.883461714,22.31133842,175.5998535,253.8005981,10/29/2024,,10/4/2024,,8/30/2024,695.0459595,8/6/2024,,7/5/2024
CalCurCEAS_020,2024-10-29T19:00:00Z,36.33665,-124.88835,Central California,60.000417,0,14,7,-4390,15.874,0.883461714,22.31133842,175.5998535,253.8005981,10/29/2024,,10/4/2024,,8/30/2024,695.0459595,8/6/2024,,7/5/2024
CalCurCEAS_020,2024-10-29T20:00:00Z,36.329905,-124.89438,Central California,60.000375,0,6,4,-4392,15.838,0.928411722,23.51821136,181.3999023,123.3854752,10/29/2024,,10/4/2024,,8/30/2024,689.3362427,8/6/2024,,7/5/2024
CalCurCEAS_020,2024-10-29T21:00:00Z,36.32336,-124.89983,Central California,60.000417,0,14,9,-4364,15.801,0.928411722,23.51821136,181.3999023,123.3854752,10/29/2024,,10/4/2024,,8/30/2024,689.3362427,8/6/2024,,7/5/2024
CalCurCEAS_020,2024-10-29T22:00:00Z,36.31722,-124.903985,Central California,60.000333,0,13,6,-4383,15.811,0.928411722,23.51821136,181.3999023,123.3854752,10/29/2024,,10/4/2024,,8/30/2024,689.3362427,8/6/2024,,7/5/2024
CalCurCEAS_020,2024-10-29T23:00:00Z,36.31033,-124.909505,Central California,60.000375,0,10,17,-4409,15.726,0.928411722,23.51821136,181.3999023,123.3854752,10/29/2024,,10/4/2024,,8/30/2024,689.3362427,8/6/2024,,7/5/2024
CalCurCEAS_020,2024-10-30T00:00:00Z,36.30415,-124.915845,Central California,60.000458,0,2,4,-4393,15.613,0.461734444,22.70633698,110.7998047,749.34729,10/30/2024,546.480835,10/7/2024,,8/29/2024,,8/4/2024,893.1264648,7/8/2024
CalCurCEAS_020,2024-10-30T01:00:00Z,36.29945,-124.92,Central California,60.000458,0,0,6,-4428,15.574,0.456429482,22.65151024,110,749.34729,10/30/2024,546.480835,10/7/2024,,8/29/2024,,8/4/2024,893.1264648,7/8/2024
CalCurCEAS_020,2024-10-30T02:00:00Z,36.29456,-124.922865,Central California,60.000458,0,1,4,-4424,15.563,0.456429482,22.65151024,110,749.34729,10/30/2024,546.480835,10/7/2024,,8/29/2024,,8/4/2024,893.1264648,7/8/2024
CalCurCEAS_020,2024-10-30T03:00:00Z,36.28942,-124.925115,Central California,59.97975,0,7,3,-4428,15.508,0.515085995,23.96767998,120,801.5930176,10/30/2024,515.7129517,10/7/2024,,8/29/2024,,8/4/2024,861.6461182,7/8/2024
CalCurCEAS_020,2024-10-30T04:00:00Z,36.28586,-124.92721,Central California,60.000333,0,9,3,-4423,15.452,0.515085995,23.96767998,120,801.5930176,10/30/2024,515.7129517,10/7/2024,693.0855713,8/30/2024,,8/7/2024,618.1071777,7/9/2024
CalCurCEAS_020,2024-10-30T05:00:00Z,36.2823,-124.929333,Central California,60.000375,0,0,8,-4427,15.401,0.515085995,23.96767998,120,801.5930176,10/30/2024,515.7129517,10/7/2024,693.0855713,8/30/2024,,8/7/2024,618.1071777,7/9/2024
CalCurCEAS_020,2024-10-30T06:00:00Z,36.27595,-124.9323,Central California,60.0005,0,0,4,-4427,15.352,0.515085995,23.96767998,120,801.5930176,10/30/2024,515.7129517,10/7/2024,693.0855713,8/30/2024,,8/7/2024,618.1071777,7/9/2024
CalCurCEAS_020,2024-10-30T07:00:00Z,36.270225,-124.935375,Central California,60.000292,0,2,6,-4425,15.311,0.515085995,23.96767998,120,801.5930176,10/30/2024,515.7129517,10/7/2024,693.0855713,8/30/2024,,8/7/2024,618.1071777,7/9/2024
CalCurCEAS_020,2024-10-30T08:00:00Z,36.26225,-124.939285,Central California,60.000417,0,13,7,-4427,15.276,0.515085995,23.96767998,120,801.5930176,10/30/2024,515.7129517,10/7/2024,693.0855713,8/30/2024,,8/7/2024,617.380249,7/9/2024
CalCurCEAS_020,2024-10-30T09:00:00Z,36.25696,-124.94165,Central California,60.000375,0,3,13,-4425,15.245,0.515085995,23.96767998,120,801.5930176,10/30/2024,515.7129517,10/7/2024,693.0855713,8/30/2024,,8/7/2024,617.380249,7/9/2024
CalCurCEAS_020,2024-10-30T10:00:00Z,36.25128,-124.943775,Central California,60.000375,0,6,5,-4431,15.215,0.515085995,23.96767998,120,801.5930176,10/30/2024,515.7129517,10/7/2024,693.0855713,8/30/2024,,8/7/2024,617.380249,7/9/2024
CalCurCEAS_020,2024-10-30T11:00:00Z,36.24377,-124.946555,Central California,60.000333,0,20,6,-4430,15.237,0.524846792,24.37205315,121.6000977,807.074585,10/30/2024,,10/8/2024,,9/2/2024,690.6339722,8/6/2024,,7/6/2024
CalCurCEAS_020,2024-10-30T12:00:00Z,36.2397,-124.94837,Central California,60.000458,0,14,2,-4426,15.157,0.524846792,24.37205315,121.6000977,807.074585,10/30/2024,,10/8/2024,,9/2/2024,690.6339722,8/6/2024,,7/6/2024
CalCurCEAS_020,2024-10-30T13:00:00Z,36.23624,-124.95076,Central California,60.000292,0,3,6,-4424,15.13,0.524846792,24.37205315,121.6000977,807.074585,10/30/2024,,10/8/2024,,9/2/2024,690.6339722,8/6/2024,,7/6/2024
CalCurCEAS_020,2024-10-30T14:00:00Z,36.23207,-124.95287,Central California,60.000208,0,3,12,-4417,15.078,0.524846792,24.37205315,121.6000977,807.074585,10/30/2024,,10/8/2024,,9/2/2024,690.6339722,8/6/2024,,7/6/2024
CalCurCEAS_020,2024-10-30T15:00:00Z,36.2263,-124.95478,Central California,60.000333,0,4,8,-4417,15.445,0.524846792,24.37205315,121.6000977,807.074585,10/30/2024,,10/8/2024,,9/2/2024,690.6339722,8/6/2024,,7/6/2024
CalCurCEAS_020,2024-10-30T16:00:00Z,36.22347,-124.95605,Central California,60.000458,0,1,4,-4416,15.325,0.524846792,24.37205315,121.6000977,807.074585,10/30/2024,,10/8/2024,,9/2/2024,690.6339722,8/6/2024,,7/6/2024
CalCurCEAS_020,2024-10-30T17:00:00Z,36.21969,-124.958315,Central California,60.000417,0,4,8,-4415,15.079,0.524846792,24.37205315,121.6000977,807.074585,10/30/2024,,10/8/2024,,9/2/2024,690.6339722,8/6/2024,,7/6/2024
CalCurCEAS_020,2024-10-30T18:00:00Z,36.21578,-124.960935,Central California,60.000458,0,0,32,-4424,15.059,0.531665564,23.06021118,122.7998047,804.6639404,10/30/2024,,10/8/2024,,9/2/2024,690.6339722,8/6/2024,,7/6/2024
CalCurCEAS_020,2024-10-30T19:00:00Z,36.21154,-124.96121,Central California,60.000458,0,0,26,-4422,14.978,0.531665564,23.06021118,122.7998047,804.6639404,10/30/2024,,10/8/2024,,9/2/2024,690.6339722,8/6/2024,,7/6/2024
CalCurCEAS_020,2024-10-30T20:00:00Z,36.20638,-124.95948,Central California,60.0005,0,0,4,-4420,14.977,0.524846792,23.03590775,121.6000977,801.5930176,10/30/2024,,10/8/2024,,9/2/2024,690.6339722,8/6/2024,,7/6/2024
CalCurCEAS_020,2024-10-30T21:00:00Z,36.200455,-124.9585,Central California,60.000292,0,3,3,-4420,14.917,0.524846792,23.03590775,121.6000977,801.5930176,10/30/2024,,10/8/2024,,9/2/2024,690.6339722,8/6/2024,,7/6/2024
CalCurCEAS_020,2024-10-30T22:00:00Z,36.19347,-124.95665,Central California,60.000375,0,4,2,-4416,14.921,0.508284867,24.25362396,118.7998047,807.074585,10/30/2024,,10/8/2024,,9/2/2024,690.6339722,8/6/2024,,7/6/2024
CalCurCEAS_020,2024-10-30T23:00:00Z,36.18677,-124.95609,Central California,60.000417,0,0,10,-4427,14.921,0.508284867,24.25362396,118.7998047,807.074585,10/30/2024,,10/8/2024,,9/2/2024,690.6339722,8/6/2024,,7/6/2024
CalCurCEAS_020,2024-10-31T00:00:00Z,36.178555,-124.955665,Central California,59.990208,0,17,7,-4430,16.363,0.392917693,20.47727203,99,615.5865479,10/31/2024,,9/28/2024,,8/31/2024,,8/9/2024,,7/4/2024
CalCurCEAS_020,2024-10-31T01:00:00Z,36.171635,-124.955555,Central California,60.000417,0,12,4,-4432,16.367,0.392917693,20.47727203,99,615.5865479,10/31/2024,,9/28/2024,,8/31/2024,,8/9/2024,,7/4/2024
CalCurCEAS_020,2024-10-31T02:00:00Z,36.165905,-124.954775,Central California,60.0005,3,3,5,-4435,16.367,0.473658919,21.04387665,112.6000977,665.7473755,10/31/2024,,9/28/2024,,8/31/2024,,8/9/2024,,7/4/2024
CalCurCEAS_020,2024-10-31T03:00:00Z,36.16068,-124.95388,Central California,60.000333,0,0,6,-4434,16.367,0.473658919,21.04387665,112.6000977,665.7473755,10/31/2024,,9/28/2024,,8/31/2024,,8/9/2024,,7/4/2024
CalCurCEAS_020,2024-10-31T04:00:00Z,36.15514,-124.95255,Central California,60.000417,0,0,10,-4438,16.368,0.473658919,21.04387665,112.6000977,665.7473755,10/31/2024,,9/28/2024,,8/31/2024,,8/9/2024,,7/4/2024
CalCurCEAS_020,2024-10-31T05:00:00Z,36.148293,-124.951727,Central California,60.000333,0,1,15,-4436,16.368,0.473658919,21.04387665,112.6000977,665.7473755,10/31/2024,,9/28/2024,,8/31/2024,,8/9/2024,,7/4/2024
CalCurCEAS_020,2024-10-31T06:00:00Z,36.14117,-124.95167,Central California,60.0005,10,3,2,-4436,16.368,0.473658919,21.04387665,112.6000977,665.7473755,10/31/2024,,9/28/2024,,8/31/2024,,8/9/2024,,7/4/2024
CalCurCEAS_020,2024-10-31T07:00:00Z,36.13616,-124.95197,Central California,60.000417,0,2,13,-4435,16.363,0.473658919,21.04387665,112.6000977,665.7473755,10/31/2024,,9/28/2024,,8/31/2024,,8/9/2024,,7/4/2024
CalCurCEAS_020,2024-10-31T08:00:00Z,36.12577,-124.95146,Central California,60.000292,0,2,34,-4436,16.363,0.473658919,21.04387665,112.6000977,665.7473755,10/31/2024,,9/28/2024,,8/31/2024,,8/9/2024,,7/4/2024
CalCurCEAS_020,2024-10-31T09:00:00Z,36.11809,-124.94993,Central California,60.000458,0,2,0,-4437,16.363,0.564343274,23.23637772,128.199707,689.5856323,10/31/2024,,9/28/2024,,8/31/2024,,8/9/2024,,7/4/2024
CalCurCEAS_020,2024-10-31T10:00:00Z,36.10978,-124.9473,Central California,59.995292,0,0,1,-4438,16.363,0.564343274,23.23637772,128.199707,689.5856323,10/31/2024,,9/28/2024,,8/31/2024,,8/9/2024,,7/4/2024
CalCurCEAS_020,2024-10-31T11:00:00Z,36.10352,-124.94487,Central California,60.000417,0,0,2,-4437,16.336,0.564343274,23.23637772,128.199707,689.5856323,10/31/2024,,9/28/2024,456.4993286,9/1/2024,,7/30/2024,,7/2/2024
CalCurCEAS_020,2024-10-31T12:00:00Z,36.09513,-124.94178,Central California,60.000292,0,5,3,-4440,16.336,0.564343274,23.23637772,128.199707,689.5856323,10/31/2024,,9/28/2024,456.4993286,9/1/2024,,7/30/2024,,7/2/2024
CalCurCEAS_020,2024-10-31T13:00:00Z,36.08817,-124.93906,Central California,60.000417,0,2,9,-4436,16.322,0.564343274,23.23637772,128.199707,689.5856323,10/31/2024,,9/28/2024,458.17276,9/1/2024,,7/30/2024,,7/2/2024
CalCurCEAS_020,2024-10-31T14:00:00Z,36.08106,-124.936715,Central California,60.0005,0,14,14,-4434,16.281,0.562865376,23.67322731,128,713.1809082,10/31/2024,,9/28/2024,458.17276,9/1/2024,,7/30/2024,,7/2/2024
CalCurCEAS_020,2024-10-31T15:00:00Z,36.07151,-124.93337,Central California,60.000458,0,0,8,-4435,16.281,0.562865376,23.67322731,128,713.1809082,10/31/2024,,9/28/2024,458.17276,9/1/2024,,7/30/2024,,7/2/2024
CalCurCEAS_020,2024-10-31T16:00:00Z,36.06594,-124.93197,Central California,60.000333,0,1,8,-4429,16.263,0.562865376,23.67322731,128,713.1809082,10/31/2024,,9/28/2024,458.17276,9/1/2024,,7/30/2024,,7/2/2024
CalCurCEAS_020,2024-10-31T17:00:00Z,36.058915,-124.93031,Central California,60.000375,0,1,3,-4430,16.303,0.562865376,23.67322731,128,713.1809082,10/31/2024,,9/28/2024,458.17276,9/1/2024,,7/30/2024,,7/2/2024
CalCurCEAS_020,2024-10-31T18:00:00Z,36.05238,-124.92936,Central California,60.000333,0,1,0,-4433,16.303,0.562865376,23.67322731,128,713.1809082,10/31/2024,,9/28/2024,458.17276,9/1/2024,,7/30/2024,,7/2/2024
CalCurCEAS_020,2024-10-31T19:00:00Z,36.046715,-124.92658,Central California,60.000667,0,0,1,-4428,16.303,0.562865376,23.67322731,128,713.1809082,10/31/2024,,9/28/2024,458.17276,9/1/2024,,7/30/2024,,7/2/2024
CalCurCEAS_020,2024-10-31T20:00:00Z,36.039255,-124.920045,Central California,60.000375,0,0,2,-4431,16.322,0.487911791,21.53183174,115.3999023,717.4585571,10/31/2024,393.8621216,9/29/2024,,9/4/2024,,7/31/2024,,7/7/2024
CalCurCEAS_020,2024-10-31T21:00:00Z,36.03271,-124.91322,Central California,60.000292,0,7,0,-4436,16.281,0.553490758,23.67322731,126.3999023,731.4967651,10/31/2024,393.8621216,9/29/2024,,9/4/2024,,7/31/2024,,7/7/2024
CalCurCEAS_020,2024-10-31T22:00:00Z,36.027515,-124.90803,Central California,60.000417,0,12,2,-4424,16.263,0.553490758,23.67322731,126.3999023,731.4967651,10/31/2024,397.4515381,9/29/2024,,9/4/2024,,7/31/2024,,7/7/2024
CalCurCEAS_020,2024-10-31T23:00:00Z,36.018607,-124.898837,Central California,60.000292,0,11,0,-4398,16.263,0.553490758,23.67322731,126.3999023,731.4967651,10/31/2024,397.4515381,9/29/2024,,9/4/2024,,7/31/2024,,7/7/2024
CalCurCEAS_020,2024-11-01T00:00:00Z,36.00809,-124.88846,Central California,60.0005,0,11,2,-4345,15.561,,,,,11/1/2024,408.0088501,10/2/2024,,9/3/2024,,8/8/2024,,7/1/2024
CalCurCEAS_020,2024-11-01T01:00:00Z,36.000315,-124.882845,Central California,60.000542,0,18,1,-4331,15.561,,,,,11/1/2024,408.0088501,10/2/2024,,9/3/2024,,8/8/2024,,7/1/2024
CalCurCEAS_020,2024-11-01T02:00:00Z,35.9908,-124.87713,Central California,60.00025,0,8,1,-4329,15.555,,,,,11/1/2024,408.0088501,10/2/2024,,9/3/2024,,8/8/2024,,7/1/2024
CalCurCEAS_020,2024-11-01T03:00:00Z,35.97969,-124.87007,Central California,60.0005,0,3,5,-4336,15.555,,,,,11/1/2024,408.0088501,10/2/2024,,9/3/2024,,8/8/2024,,7/1/2024
CalCurCEAS_020,2024-11-01T04:00:00Z,35.973245,-124.86628,Central California,60.000292,0,6,2,-4335,15.543,,,,,11/1/2024,408.0088501,10/2/2024,,9/3/2024,,8/8/2024,,7/1/2024
CalCurCEAS_020,2024-11-01T05:00:00Z,35.968045,-124.86305,Central California,60.000375,0,12,10,-4338,15.543,,,,,11/1/2024,408.0088501,10/2/2024,,9/3/2024,,8/8/2024,,7/1/2024
CalCurCEAS_020,2024-11-01T06:00:00Z,35.960425,-124.85769,Central California,60.000417,0,4,6,-4325,15.543,,,,,11/1/2024,408.0088501,10/2/2024,,9/3/2024,,8/8/2024,,7/2/2024
CalCurCEAS_020,2024-11-01T07:00:00Z,35.954855,-124.851195,Central California,60.000417,0,2,3,-4323,15.539,,,,,11/1/2024,408.0088501,10/2/2024,,9/3/2024,,8/8/2024,,7/2/2024
CalCurCEAS_020,2024-11-01T08:00:00Z,35.94966,-124.84554,Central California,59.985083,7,22,5,-4313,15.539,,,,,11/1/2024,408.0088501,10/2/2024,,9/3/2024,,8/8/2024,,7/2/2024
CalCurCEAS_020,2024-11-01T09:00:00Z,35.94242,-124.838675,Central California,60.000292,0,5,12,-4306,15.539,,,,,11/1/2024,408.0088501,10/2/2024,,9/3/2024,,8/8/2024,,7/2/2024
CalCurCEAS_020,2024-11-01T10:00:00Z,35.9358,-124.83232,Central California,60.000375,3,6,4,-4280,15.543,,,,,11/1/2024,408.0088501,10/2/2024,,9/3/2024,,8/8/2024,,7/2/2024
CalCurCEAS_020,2024-11-01T11:00:00Z,35.92914,-124.82462,Central California,60.000375,1,30,17,-4241,15.543,,,,,11/1/2024,408.0088501,10/2/2024,,9/3/2024,,8/8/2024,,7/2/2024
CalCurCEAS_020,2024-11-01T12:00:00Z,35.92425,-124.81818,Central California,60.000375,0,28,17,-4237,15.543,,,,,11/1/2024,408.0088501,10/2/2024,,9/3/2024,,8/8/2024,,7/2/2024
CalCurCEAS_020,2024-11-01T13:00:00Z,35.920345,-124.810085,Central California,60.000458,0,9,1,-4284,15.543,,,,,11/1/2024,408.0088501,10/2/2024,,9/3/2024,,8/9/2024,,7/5/2024
CalCurCEAS_020,2024-11-01T14:00:00Z,35.916655,-124.80123,Central California,60.000417,7,9,4,-4299,15.539,,,,,11/1/2024,408.0088501,10/2/2024,,9/3/2024,,8/9/2024,,7/5/2024
CalCurCEAS_020,2024-11-01T15:00:00Z,35.912675,-124.791555,Central California,60.000458,0,10,0,-4307,15.514,,,,,11/1/2024,408.0088501,10/2/2024,,9/3/2024,,8/9/2024,,7/5/2024
CalCurCEAS_020,2024-11-01T16:00:00Z,35.905955,-124.77747,Central California,60.000458,0,2,1,-4318,15.514,,,,,11/1/2024,408.0088501,10/2/2024,,9/4/2024,,7/31/2024,482.0691223,7/8/2024
CalCurCEAS_020,2024-11-01T17:00:00Z,35.89964,-124.76662,Central California,60.000458,0,0,1,-4324,15.514,,,,,11/1/2024,408.0088501,10/2/2024,,9/4/2024,,8/1/2024,,7/11/2024
CalCurCEAS_020,2024-11-01T18:00:00Z,35.893715,-124.75836,Central California,60.000417,0,0,1,-4339,15.514,,,,,11/1/2024,408.0088501,10/2/2024,,9/4/2024,,8/1/2024,,7/11/2024
CalCurCEAS_020,2024-11-01T19:00:00Z,35.887225,-124.74745,Central California,60.000333,0,3,7,-4308,15.514,,,,,11/1/2024,424.0552063,10/2/2024,,9/4/2024,,8/1/2024,,7/11/2024
CalCurCEAS_020,2024-11-01T20:00:00Z,35.88147,-124.7358,Central California,60.000333,0,3,8,-4285,15.505,,,,,11/1/2024,654.0969849,10/3/2024,,9/7/2024,,7/31/2024,510.5174866,7/8/2024
CalCurCEAS_020,2024-11-01T21:00:00Z,35.87632,-124.72748,Central California,60.000542,0,2,32,-4272,15.505,,,,,11/1/2024,654.0969849,10/3/2024,,9/7/2024,,7/31/2024,510.5174866,7/8/2024
CalCurCEAS_020,2024-11-01T22:00:00Z,35.8696,-124.7189,Central California,60.000333,0,0,45,-4247,15.505,,,,,11/1/2024,654.0969849,10/3/2024,,9/7/2024,,7/31/2024,518.0436401,7/8/2024
CalCurCEAS_020,2024-11-01T23:00:00Z,35.86398,-124.71167,Central California,60.000417,0,3,34,-4222,15.505,,,,,11/1/2024,615.6126709,10/3/2024,,9/7/2024,,7/31/2024,518.0436401,7/8/2024
CalCurCEAS_020,2024-11-02T00:00:00Z,35.858447,-124.701437,Central California,60.000125,0,9,15,-4232,15.167,0.566029012,20.08659744,128.3999023,690.0510254,11/2/2024,571.4509888,10/6/2024,,9/7/2024,,8/2/2024,733.5574341,7/3/2024
CalCurCEAS_020,2024-11-02T01:00:00Z,35.85416,-124.688045,Central California,60.000417,0,6,6,-4226,15.164,0.566029012,20.08659744,128.3999023,690.0510254,11/2/2024,571.4509888,10/6/2024,,9/7/2024,,8/2/2024,733.5574341,7/3/2024
CalCurCEAS_020,2024-11-02T02:00:00Z,35.85046,-124.67646,Central California,60.000375,0,10,11,-4224,15.164,0.566029012,20.08659744,128.3999023,690.0510254,11/2/2024,571.4509888,10/6/2024,,9/8/2024,,8/5/2024,,7/4/2024
CalCurCEAS_020,2024-11-02T03:00:00Z,35.84684,-124.667185,Central California,60.000458,0,11,22,-4230,15.164,0.566029012,20.08659744,128.3999023,690.0510254,11/2/2024,571.4509888,10/6/2024,,9/8/2024,,8/5/2024,,7/4/2024
CalCurCEAS_020,2024-11-02T04:00:00Z,35.84275,-124.65122,Central California,60.000333,0,0,5,-4232,15.152,0.577006757,20.08659744,130.199707,686.2130127,11/2/2024,571.4509888,10/6/2024,,9/8/2024,,8/5/2024,,7/4/2024
CalCurCEAS_020,2024-11-02T05:00:00Z,35.840343,-124.639427,Central California,60.00025,0,6,14,-4232,15.152,0.577006757,20.08659744,130.199707,686.2130127,11/2/2024,571.4509888,10/6/2024,,9/8/2024,,8/5/2024,,7/4/2024
CalCurCEAS_020,2024-11-02T06:00:00Z,35.83718,-124.62569,Central California,60.000375,0,5,0,-4240,15.152,0.577006757,20.08659744,130.199707,686.2130127,11/2/2024,571.4509888,10/6/2024,,9/8/2024,,8/5/2024,,7/4/2024
CalCurCEAS_020,2024-11-02T07:00:00Z,35.833325,-124.61188,Central California,60.000417,0,3,3,-4249,15.137,0.47735104,17.37158012,113.3999023,613.1942139,11/2/2024,571.4509888,10/6/2024,,9/8/2024,,8/5/2024,,7/4/2024
CalCurCEAS_020,2024-11-02T08:00:00Z,35.828835,-124.597815,Central California,60.000375,0,0,14,-4256,15.137,0.47735104,17.37158012,113.3999023,613.1942139,11/2/2024,578.2509766,10/6/2024,,9/8/2024,,8/5/2024,,7/4/2024
CalCurCEAS_020,2024-11-02T09:00:00Z,35.82501,-124.58651,Central California,60.000292,0,3,7,-4249,15.14,0.47735104,17.37158012,113.3999023,613.1942139,11/2/2024,578.2509766,10/6/2024,,9/8/2024,,8/5/2024,,7/4/2024
CalCurCEAS_020,2024-11-02T10:00:00Z,35.81954,-124.56919,Central California,60.000417,0,30,10,-4252,15.123,0.483942389,17.71529579,114.6000977,619.6077881,11/2/2024,578.2509766,10/6/2024,,9/8/2024,,8/5/2024,,7/4/2024
CalCurCEAS_020,2024-11-02T11:00:00Z,35.814545,-124.55828,Central California,60.000292,0,37,20,-4245,15.124,0.483942389,17.71529579,114.6000977,619.6077881,11/2/2024,585.5106201,10/6/2024,,9/8/2024,,8/5/2024,,7/4/2024
CalCurCEAS_020,2024-11-02T12:00:00Z,35.80849,-124.545105,Central California,60.000292,1,32,26,-4246,15.124,0.483942389,17.71529579,114.6000977,619.6077881,11/2/2024,585.5106201,10/6/2024,,9/8/2024,,8/5/2024,,7/4/2024
CalCurCEAS_020,2024-11-02T13:00:00Z,35.80315,-124.53499,Central California,60.000208,1,4,31,-4245,15.124,0.521247923,19.26912308,121,641.5124512,11/2/2024,585.5106201,10/6/2024,,9/8/2024,,8/5/2024,,7/4/2024
CalCurCEAS_020,2024-11-02T14:00:00Z,35.79624,-124.5222,Central California,59.98375,0,1,12,-4238,15.105,0.521247923,19.26912308,121,641.5124512,11/2/2024,585.5106201,10/6/2024,,9/8/2024,,8/5/2024,,7/4/2024
CalCurCEAS_020,2024-11-02T15:00:00Z,35.79242,-124.51383,Central California,60.000375,0,3,5,-4225,15.105,0.521247923,19.26912308,121,641.5124512,11/2/2024,585.5106201,10/6/2024,,9/8/2024,,8/5/2024,,7/4/2024
CalCurCEAS_020,2024-11-02T16:00:00Z,35.78887,-124.50396,Central California,60.000375,0,1,20,-4208,15.105,0.395869434,16.02449417,99,554.8220825,11/2/2024,585.5106201,10/6/2024,,9/8/2024,,8/5/2024,,7/4/2024
CalCurCEAS_020,2024-11-02T17:00:00Z,35.787315,-124.49323,Central California,60.000333,0,4,58,-4196,15.105,0.421100527,17.81597328,103.7998047,588.0915527,11/2/2024,585.5106201,10/6/2024,,9/8/2024,,8/5/2024,,7/4/2024
CalCurCEAS_020,2024-11-02T18:00:00Z,35.786605,-124.481675,Central California,60.000458,0,44,6,-4182,15.105,0.421100527,17.81597328,103.7998047,588.0915527,11/2/2024,585.5106201,10/6/2024,,9/8/2024,,8/5/2024,,7/4/2024
CalCurCEAS_020,2024-11-02T19:00:00Z,35.78525,-124.467075,Central California,60.000375,1,29,29,-4183,15.085,0.421100527,17.81597328,103.7998047,588.0915527,11/2/2024,585.5106201,10/6/2024,,9/8/2024,,8/5/2024,,7/4/2024
CalCurCEAS_020,2024-11-02T20:00:00Z,35.78328,-124.45645,Central California,60.000417,0,24,47,-4147,15.085,0.464939445,18.26760483,111.199707,644.0253906,11/2/2024,585.5106201,10/6/2024,,9/8/2024,,8/5/2024,,7/4/2024
CalCurCEAS_020,2024-11-02T21:00:00Z,35.778535,-124.43994,Central California,60.000375,0,12,27,-4138,15.085,0.464939445,18.26760483,111.199707,644.0253906,11/2/2024,621.9032593,10/7/2024,679.2646484,8/30/2024,,8/7/2024,617.380249,7/9/2024
CalCurCEAS_020,2024-11-02T22:00:00Z,35.77259,-124.42407,Central California,60.000417,0,11,9,-4117,15.084,0.464939445,18.26760483,111.199707,644.0253906,11/2/2024,621.9032593,10/7/2024,679.2646484,8/30/2024,,8/7/2024,617.380249,7/9/2024
CalCurCEAS_020,2024-11-02T23:00:00Z,35.767915,-124.41151,Central California,60.00025,1,22,59,-4090,15.084,0.567025423,21.12397766,128.3999023,681.3945923,11/2/2024,621.9032593,10/7/2024,679.2646484,8/30/2024,,8/7/2024,617.380249,7/9/2024
CalCurCEAS_020,2024-11-03T00:00:00Z,35.76077,-124.393805,Central California,60.000333,8,1,28,-4067,16.752,0.683926344,24.86400223,147,438.2529907,11/3/2024,,9/28/2024,487.0817261,9/2/2024,,8/3/2024,,7/5/2024
CalCurCEAS_020,2024-11-03T01:00:00Z,35.75469,-124.38038,Central California,60.000542,8,2,47,-4059,16.787,0.683926344,24.86400223,147,438.2529907,11/3/2024,502.4190674,9/29/2024,,9/5/2024,,8/4/2024,,7/10/2024
CalCurCEAS_020,2024-11-03T02:00:00Z,35.74856,-124.367185,Central California,60.000417,4,2,100,-4051,16.815,0.55143702,21.12521744,125.7998047,378.3337402,11/3/2024,502.4190674,9/29/2024,,9/5/2024,,8/4/2024,,7/10/2024
CalCurCEAS_020,2024-11-03T03:00:00Z,35.7438,-124.35616,Central California,60.000375,1,0,102,-4046,16.823,0.55143702,21.12521744,125.7998047,378.3337402,11/3/2024,502.4190674,9/29/2024,,9/5/2024,,8/4/2024,,7/10/2024
CalCurCEAS_020,2024-11-03T04:00:00Z,35.739975,-124.34423,Central California,60.000458,0,2,84,-4038,16.844,0.55143702,21.12521744,125.7998047,378.3337402,11/3/2024,502.4190674,9/29/2024,,9/5/2024,,8/4/2024,,7/10/2024
CalCurCEAS_020,2024-11-03T05:00:00Z,35.737773,-124.332863,Central California,60.000375,0,5,71,-4023,16.823,0.57336545,21.8391037,129.3999023,406.2084961,11/3/2024,502.4190674,9/29/2024,,9/5/2024,,8/4/2024,,6/29/2024
CalCurCEAS_020,2024-11-03T06:00:00Z,35.73617,-124.31535,Central California,60.000375,3,14,57,-4016,16.823,0.57336545,21.8391037,129.3999023,406.2084961,11/3/2024,502.4190674,9/29/2024,,9/5/2024,,8/4/2024,,6/29/2024
CalCurCEAS_020,2024-11-03T07:00:00Z,35.733555,-124.300335,Central California,60.000292,13,39,47,-4007,16.802,0.57336545,21.8391037,129.3999023,406.2084961,11/3/2024,502.4190674,9/29/2024,,9/5/2024,,8/4/2024,,6/29/2024
CalCurCEAS_020,2024-11-03T08:00:00Z,35.72979,-124.28361,Central California,60.000375,2,12,15,-4006,16.785,0.605610192,24.61696815,134.7998047,490.8414917,11/3/2024,502.4190674,9/29/2024,,9/5/2024,,8/4/2024,,6/29/2024
CalCurCEAS_020,2024-11-03T09:00:00Z,35.72577,-124.26799,Central California,60.000292,1,4,72,-4003,16.773,0.605610192,24.61696815,134.7998047,490.8414917,11/3/2024,502.4190674,9/29/2024,,9/5/2024,,8/4/2024,,6/29/2024
CalCurCEAS_020,2024-11-03T10:00:00Z,35.72179,-124.254415,Central California,60.000333,4,2,42,-4007,16.765,0.605610192,24.61696815,134.7998047,490.8414917,11/3/2024,479.833374,9/29/2024,,9/5/2024,,8/4/2024,,6/29/2024
CalCurCEAS_020,2024-11-03T11:00:00Z,35.716785,-124.236285,Central California,60.000458,0,1,39,-3997,16.77,0.664876819,26.44726372,144,542.0020752,11/3/2024,479.833374,9/29/2024,,9/5/2024,,8/4/2024,,6/29/2024
CalCurCEAS_020,2024-11-03T12:00:00Z,35.71151,-124.21943,Central California,60.000417,0,4,1,-3990,16.789,0.664876819,26.44726372,144,542.0020752,11/3/2024,479.833374,9/29/2024,,9/5/2024,,8/4/2024,,6/29/2024
CalCurCEAS_020,2024-11-03T13:00:00Z,35.70458,-124.203715,Central California,60.000417,0,2,0,-3984,16.8,0.570852339,22.53652763,129.199707,405.821991,11/3/2024,453.599884,9/29/2024,,9/5/2024,,8/4/2024,,6/29/2024
CalCurCEAS_020,2024-11-03T14:00:00Z,35.69702,-124.18973,Central California,60.000583,0,5,19,-3984,16.8,0.570852339,22.53652763,129.199707,405.821991,11/3/2024,453.599884,9/29/2024,,9/5/2024,,8/4/2024,,6/29/2024
CalCurCEAS_020,2024-11-03T15:00:00Z,35.689755,-124.177455,Central California,60.000375,0,23,6,-3977,16.797,0.570852339,22.53652763,129.199707,405.821991,11/3/2024,453.599884,9/29/2024,,9/5/2024,,8/4/2024,516.5792847,6/30/2024
CalCurCEAS_020,2024-11-03T16:00:00Z,35.68237,-124.166,Central California,60.000375,0,5,4,-3982,16.789,0.57950002,23.57760048,130.6000977,420.393219,11/3/2024,436.2645569,9/29/2024,,9/6/2024,,8/7/2024,,7/11/2024
CalCurCEAS_020,2024-11-03T17:00:00Z,35.674945,-124.15727,Central California,60.0005,0,28,1,-3989,16.781,0.57950002,23.57760048,130.6000977,420.393219,11/3/2024,438.1064758,9/29/2024,,9/6/2024,,8/7/2024,,7/11/2024
CalCurCEAS_020,2024-11-03T18:00:00Z,35.665685,-124.14666,Central California,60.00025,2,35,0,-3977,16.75,0.462729007,20.29543686,111,388.5939331,11/3/2024,438.1064758,9/29/2024,,9/6/2024,,8/7/2024,,7/11/2024
CalCurCEAS_020,2024-11-03T19:00:00Z,35.6603,-124.13961,Central California,60.000542,0,29,5,-3982,16.743,0.462729007,20.29543686,111,388.5939331,11/3/2024,436.2645569,9/29/2024,,9/6/2024,,8/7/2024,,7/11/2024
CalCurCEAS_020,2024-11-03T20:00:00Z,35.65498,-124.13006,Central California,60.000292,0,36,0,-3979,16.744,0.462729007,20.29543686,111,388.5939331,11/3/2024,436.2645569,9/29/2024,,9/6/2024,,8/7/2024,,7/11/2024
CalCurCEAS_020,2024-11-03T21:00:00Z,35.6494,-124.11821,Central California,60.000333,0,6,0,-3983,16.754,0.470629513,20.30734444,112.3999023,388.5939331,11/3/2024,436.2645569,9/29/2024,,9/6/2024,,8/8/2024,,7/2/2024
CalCurCEAS_020,2024-11-03T22:00:00Z,35.64334,-124.108945,Central California,60.000542,0,17,0,-3994,16.754,0.470629513,20.30734444,112.3999023,388.5939331,11/3/2024,436.2645569,9/29/2024,,9/6/2024,,8/8/2024,,7/2/2024
CalCurCEAS_020,2024-11-03T23:00:00Z,35.63713,-124.09822,Central California,60.000333,0,8,2,-3943,16.782,0.470629513,20.30734444,112.3999023,388.5939331,11/3/2024,436.2645569,9/29/2024,,9/6/2024,,8/8/2024,,7/2/2024
CalCurCEAS_020,2024-11-04T00:00:00Z,35.62834,-124.08092,Central California,60.000333,0,16,2,-3935,16.828,0.457892358,17.49427986,110.199707,530.9921875,11/4/2024,377.0601807,10/2/2024,,9/5/2024,,8/5/2024,603.7695313,7/3/2024
CalCurCEAS_020,2024-11-04T01:00:00Z,35.619905,-124.06735,Central California,60.000333,0,12,2,-3844,16.826,0.38424921,17.28252983,97.19970703,523.4033813,11/4/2024,432.5202026,10/3/2024,,9/8/2024,,8/4/2024,502.6779785,6/30/2024
CalCurCEAS_020,2024-11-04T02:00:00Z,35.61218,-124.0553,Central California,60.000333,0,0,0,-3895,16.826,0.38424921,17.28252983,97.19970703,523.4033813,11/4/2024,432.5202026,10/3/2024,,9/8/2024,,8/4/2024,502.6779785,6/30/2024
CalCurCEAS_020,2024-11-04T03:00:00Z,35.60462,-124.04238,Central California,60.00025,0,1,0,-3923,16.847,0.38424921,17.28252983,97.19970703,523.4033813,11/4/2024,432.5202026,10/3/2024,,9/8/2024,,8/4/2024,495.0633545,6/30/2024
CalCurCEAS_020,2024-11-04T04:00:00Z,35.59739,-124.03116,Central California,60.000375,0,2,0,-3986,16.847,0.396181136,17.49427986,99.19970703,507.5861206,11/4/2024,432.5202026,10/3/2024,,9/8/2024,,8/4/2024,495.0633545,6/30/2024
CalCurCEAS_020,2024-11-04T05:00:00Z,35.59299,-124.0235,Central California,60.000458,0,16,0,-3989,16.844,0.396181136,17.49427986,99.19970703,507.5861206,11/4/2024,432.5202026,10/3/2024,,9/8/2024,,8/4/2024,495.0633545,6/30/2024
CalCurCEAS_020,2024-11-04T06:00:00Z,35.58783,-124.01379,Central California,60.0005,0,17,0,-3982,16.869,0.396181136,17.49427986,99.19970703,507.5861206,11/4/2024,432.5202026,10/3/2024,,9/8/2024,,8/4/2024,495.0633545,6/30/2024
CalCurCEAS_020,2024-11-04T07:00:00Z,35.578155,-123.994675,Central California,60.000375,0,18,0,-3973,16.865,0.387121886,16.0275135,97.60009766,490.1406555,11/4/2024,432.5202026,10/3/2024,,9/8/2024,,8/4/2024,495.0633545,6/30/2024
CalCurCEAS_020,2024-11-04T08:00:00Z,35.57264,-123.98232,Central California,60.000417,0,28,0,-3970,16.896,0.387121886,16.0275135,97.60009766,490.1406555,11/4/2024,432.5202026,10/3/2024,,9/8/2024,,8/4/2024,495.0633545,6/30/2024
CalCurCEAS_020,2024-11-04T09:00:00Z,35.56654,-123.97021,Central California,60.000417,0,23,0,-3937,16.895,0.387121886,16.0275135,97.60009766,490.1406555,11/4/2024,432.5202026,10/3/2024,,9/8/2024,,8/4/2024,512.5661621,6/30/2024
CalCurCEAS_020,2024-11-04T10:00:00Z,35.558895,-123.95529,Central California,60.000375,0,16,0,-3843,16.929,0.426380992,16.3444767,104.6000977,465.2670288,11/4/2024,425.766571,10/3/2024,,9/8/2024,,8/4/2024,512.5661621,6/30/2024
CalCurCEAS_020,2024-11-04T11:00:00Z,35.55154,-123.94213,Central California,60.000458,0,14,0,-3722,16.973,0.426380992,16.3444767,104.6000977,465.2670288,11/4/2024,425.766571,10/3/2024,,9/8/2024,,8/5/2024,603.1925659,7/3/2024
CalCurCEAS_020,2024-11-04T12:00:00Z,35.543225,-123.92673,Central California,60.0005,0,7,2,-3520,16.973,0.426380992,16.3444767,104.6000977,465.2670288,11/4/2024,425.766571,10/3/2024,,9/8/2024,,8/5/2024,,7/4/2024
CalCurCEAS_020,2024-11-04T13:00:00Z,35.53578,-123.91419,Central California,60.000292,0,0,0,-3388,17.023,0.426380992,15.90651703,104.6000977,446.5865784,11/4/2024,425.766571,10/3/2024,,8/28/2024,,7/30/2024,,7/2/2024
CalCurCEAS_020,2024-11-04T14:00:00Z,35.525955,-123.90131,Central California,60.000375,0,6,5,-3446,17.023,0.426380992,15.90651703,104.6000977,446.5865784,11/4/2024,425.766571,10/3/2024,,8/28/2024,,7/31/2024,,7/5/2024
CalCurCEAS_020,2024-11-04T15:00:00Z,35.512345,-123.886095,Central California,60.000375,0,16,1,-3604,17.075,0.426380992,15.90651703,104.6000977,446.5865784,11/4/2024,425.766571,10/3/2024,,8/28/2024,,7/31/2024,,7/5/2024
CalCurCEAS_020,2024-11-04T16:00:00Z,35.501665,-123.87677,Central California,60.000375,0,29,0,-3648,17.075,0.426380992,15.90651703,104.6000977,446.5865784,11/4/2024,425.766571,10/3/2024,,8/28/2024,,7/31/2024,,7/5/2024
CalCurCEAS_020,2024-11-04T17:00:00Z,35.49491,-123.87147,Central California,60.000458,0,27,1,-3651,17.075,0.426380992,16.26378632,104.6000977,474.4770813,11/4/2024,425.766571,10/3/2024,,8/28/2024,,7/31/2024,,7/5/2024
CalCurCEAS_020,2024-11-04T18:00:00Z,35.485597,-123.863227,Central California,60.000458,0,21,0,-3674,17.075,0.426380992,16.26378632,104.6000977,474.4770813,11/4/2024,425.766571,10/3/2024,,8/28/2024,,7/31/2024,,7/5/2024
CalCurCEAS_020,2024-11-04T19:00:00Z,35.4767,-123.85729,Central California,60.000375,5,22,0,-3806,17.127,0.426380992,16.26378632,104.6000977,474.4770813,11/4/2024,420.0775757,10/3/2024,,8/28/2024,,7/31/2024,,7/5/2024
CalCurCEAS_020,2024-11-04T20:00:00Z,35.47073,-123.85111,Central California,60.000375,0,6,1,-3928,17.127,0.426380992,16.26378632,104.6000977,474.4770813,11/4/2024,423.1195679,10/3/2024,,8/28/2024,,7/31/2024,,7/5/2024
CalCurCEAS_020,2024-11-04T21:00:00Z,35.465805,-123.84334,Central California,60.000417,0,0,2,-3905,17.127,0.426380992,16.26378632,104.6000977,474.4770813,11/4/2024,423.1195679,10/3/2024,,8/28/2024,,7/31/2024,,7/5/2024
CalCurCEAS_020,2024-11-04T22:00:00Z,35.459875,-123.83424,Central California,60.000542,0,1,0,-3847,17.176,0.426380992,16.26378632,104.6000977,474.4770813,11/4/2024,423.1195679,10/3/2024,,8/28/2024,,7/31/2024,,7/5/2024
CalCurCEAS_020,2024-11-04T23:00:00Z,35.451355,-123.821445,Central California,60.000333,0,1,0,-3823,17.176,0.406630725,16.26378632,101,475.0109253,11/4/2024,423.1195679,10/3/2024,,8/29/2024,,8/2/2024,782.2745361,6/30/2024
CalCurCEAS_020,2024-11-05T00:00:00Z,35.44332,-123.80905,Central California,60.000458,0,1,0,-3904,16.685,,,,,11/5/2024,385.1003113,10/6/2024,,9/8/2024,,8/8/2024,,7/4/2024
CalCurCEAS_020,2024-11-05T01:00:00Z,35.4346,-123.797,Central California,60.000458,0,0,0,-3951,16.502,,,,,11/5/2024,385.1003113,10/6/2024,,9/8/2024,,8/8/2024,,7/4/2024
CalCurCEAS_020,2024-11-05T02:00:00Z,35.42804,-123.78738,Central California,60.000417,0,0,0,-3926,16.518,0.416902125,18.99382019,103,440.1238403,11/5/2024,385.1003113,10/6/2024,,9/8/2024,,8/8/2024,,7/4/2024
CalCurCEAS_020,2024-11-05T03:00:00Z,35.41943,-123.77399,Central California,60.000583,0,3,0,-3942,16.464,0.416902125,18.99382019,103,440.1238403,11/5/2024,385.1003113,10/6/2024,,9/8/2024,,8/8/2024,,7/4/2024
CalCurCEAS_020,2024-11-05T04:00:00Z,35.40705,-123.75783,Central California,60.000417,0,3,0,-4010,16.419,0.416902125,18.99382019,103,440.1238403,11/5/2024,385.1003113,10/6/2024,,9/8/2024,,8/9/2024,,7/7/2024
CalCurCEAS_020,2024-11-05T05:00:00Z,35.395105,-123.745035,Central California,60.0005,0,0,3,-4059,16.439,0.439506561,18.99382019,107,433.441925,11/5/2024,381.2132874,10/7/2024,,8/31/2024,,7/29/2024,,6/30/2024
CalCurCEAS_020,2024-11-05T06:00:00Z,35.384443,-123.737033,Central California,60.000292,1,3,0,-4046,16.407,0.439506561,18.99382019,107,433.441925,11/5/2024,381.2132874,10/7/2024,,8/31/2024,,7/29/2024,,6/30/2024
CalCurCEAS_020,2024-11-05T07:00:00Z,35.37172,-123.72908,Central California,60.000458,0,25,1,-4041,16.407,0.439506561,18.60598373,107,433.441925,11/5/2024,377.3806763,10/7/2024,,8/31/2024,,7/29/2024,,6/30/2024
CalCurCEAS_020,2024-11-05T08:00:00Z,35.358805,-123.72265,Central California,60.0005,0,6,1,-4043,16.407,0.439506561,18.60598373,107,433.441925,11/5/2024,377.3806763,10/7/2024,,8/31/2024,,7/29/2024,,6/30/2024
CalCurCEAS_020,2024-11-05T09:00:00Z,35.343575,-123.71615,Central California,60.00025,0,6,0,-4032,16.39,0.439506561,18.60598373,107,433.441925,11/5/2024,377.3806763,10/7/2024,,8/31/2024,,7/29/2024,,6/30/2024
CalCurCEAS_020,2024-11-05T10:00:00Z,35.33227,-123.71156,Central California,60.000458,0,1,1,-4037,16.379,0.497122288,11.72963047,116.7998047,,11/5/2024,377.3806763,10/7/2024,,8/31/2024,,7/29/2024,,6/30/2024
CalCurCEAS_020,2024-11-05T11:00:00Z,35.318185,-123.705035,Central California,60.000333,0,0,1,-4024,16.379,0.637339473,12.65983391,140.7998047,,11/5/2024,377.3806763,10/7/2024,,8/31/2024,,7/29/2024,,6/30/2024
CalCurCEAS_020,2024-11-05T12:00:00Z,35.30847,-123.70136,Central California,60.0005,0,1,0,-4029,16.36,0.637339473,12.65983391,140.7998047,,11/5/2024,377.3806763,10/7/2024,,8/31/2024,,7/29/2024,,6/30/2024
CalCurCEAS_020,2024-11-05T13:00:00Z,35.299535,-123.698735,Central California,60.000333,0,0,0,-4019,16.36,0.637339473,12.65983391,140.7998047,,11/5/2024,378.3679504,10/7/2024,,8/31/2024,,7/29/2024,,6/30/2024
CalCurCEAS_020,2024-11-05T14:00:00Z,35.28911,-123.696435,Central California,60.000458,0,0,0,-4023,16.36,0.672621489,11.53312969,147.199707,,11/5/2024,378.3679504,10/7/2024,,8/31/2024,,7/29/2024,,6/30/2024
CalCurCEAS_020,2024-11-05T15:00:00Z,35.27975,-123.69318,Central California,60.000375,1,3,1,-3998,16.36,0.672621489,11.53312969,147.199707,,11/5/2024,378.3679504,10/7/2024,,8/31/2024,,7/29/2024,,6/30/2024
CalCurCEAS_020,2024-11-05T16:00:00Z,35.270115,-123.69156,Central California,60.000333,0,0,0,-4094,16.364,0.672621489,11.53312969,147.199707,,11/5/2024,378.3679504,10/7/2024,,8/31/2024,,7/29/2024,,6/30/2024
CalCurCEAS_020,2024-11-05T17:00:00Z,35.26173,-123.68988,Central California,60.000333,0,0,12,-4109,16.364,0.672621489,11.53312969,147.199707,,11/5/2024,378.3679504,10/7/2024,,8/31/2024,,7/29/2024,,6/30/2024
CalCurCEAS_020,2024-11-05T18:00:00Z,35.253655,-123.686,Central California,60.000417,0,9,11,-4113,16.364,0.672621489,11.53312969,147.199707,,11/5/2024,378.3679504,10/7/2024,,8/31/2024,,7/30/2024,,7/2/2024
CalCurCEAS_020,2024-11-05T19:00:00Z,35.24406,-123.679835,Central California,60.000333,0,42,0,-4115,16.364,,,,,11/5/2024,378.3679504,10/7/2024,,8/31/2024,,7/30/2024,,7/2/2024
CalCurCEAS_020,2024-11-05T20:00:00Z,35.23451,-123.672645,Central California,60.000375,0,35,0,-4122,16.385,,,,,11/5/2024,378.3679504,10/7/2024,,8/31/2024,,7/30/2024,,7/2/2024
CalCurCEAS_020,2024-11-05T21:00:00Z,35.2243,-123.66597,Central California,60.000458,0,5,0,-4121,16.393,,,,,11/5/2024,378.3679504,10/7/2024,,8/31/2024,,7/30/2024,,7/2/2024
CalCurCEAS_020,2024-11-05T22:00:00Z,35.21578,-123.662365,Central California,60.000417,0,7,1,-4119,16.393,,,,,11/5/2024,378.3679504,10/7/2024,680.4207153,9/1/2024,,8/2/2024,,7/1/2024
CalCurCEAS_020,2024-11-05T23:00:00Z,35.20394,-123.65793,Central California,60.0005,0,1,0,-4110,16.428,,,,,11/5/2024,378.3679504,10/7/2024,680.4207153,9/1/2024,,8/2/2024,,7/1/2024
CalCurCEAS_020,2024-11-06T00:00:00Z,35.18998,-123.65286,Central California,60.00025,0,0,0,-4112,16.801,0.350750655,17.52119446,91,501.6827393,11/6/2024,,9/28/2024,496.4503784,9/2/2024,,8/4/2024,,7/9/2024
CalCurCEAS_020,2024-11-06T01:00:00Z,35.179445,-123.648925,Central California,60.000375,0,7,0,-4114,16.801,0.350750655,17.52119446,91,501.6827393,11/6/2024,,9/28/2024,496.4503784,9/2/2024,,8/4/2024,,7/9/2024
CalCurCEAS_020,2024-11-06T02:00:00Z,35.1647,-123.64318,Central California,60.000417,0,2,0,-4123,16.789,0.360078812,18.01178551,93,522.6004028,11/6/2024,,9/28/2024,501.959137,9/2/2024,,8/4/2024,,7/9/2024
CalCurCEAS_020,2024-11-06T03:00:00Z,35.149775,-123.63912,Central California,60.000375,0,3,10,-4124,16.789,0.360078812,18.01178551,93,522.6004028,11/6/2024,,9/28/2024,501.959137,9/2/2024,,8/4/2024,,7/9/2024
CalCurCEAS_020,2024-11-06T04:00:00Z,35.13229,-123.63474,Central California,60.000375,0,9,21,-4128,16.769,0.360078812,18.01178551,93,522.6004028,11/6/2024,,9/28/2024,,9/3/2024,,8/7/2024,616.5285034,7/9/2024
CalCurCEAS_020,2024-11-06T05:00:00Z,35.1191,-123.63293,Central California,60.000333,0,0,2,-4139,16.769,0.405023992,18.36826324,100.7998047,537.7473145,11/6/2024,,9/28/2024,,9/3/2024,,8/7/2024,616.3214722,7/9/2024
CalCurCEAS_020,2024-11-06T06:00:00Z,35.10695,-123.63413,Central California,60.000417,0,0,8,-4132,16.769,0.405023992,18.36826324,100.7998047,537.7473145,11/6/2024,,9/28/2024,,9/3/2024,,8/7/2024,,7/10/2024
CalCurCEAS_020,2024-11-06T07:00:00Z,35.09382,-123.63537,Central California,60.0005,0,0,1,-4120,16.752,0.405023992,18.36826324,100.7998047,537.7473145,11/6/2024,,9/28/2024,,9/3/2024,,8/7/2024,,7/10/2024
CalCurCEAS_020,2024-11-06T12:00:00Z,35.03776,-123.64584,Central California,60.000417,0,0,2,-4101,16.709,0.393662274,18.3236351,98.79980469,516.7878418,11/6/2024,,9/28/2024,,9/3/2024,,8/7/2024,,7/10/2024
CalCurCEAS_020,2024-11-06T13:00:00Z,35.02963,-123.647485,Central California,60.000417,0,1,5,-4104,16.709,0.393662274,18.3236351,98.79980469,516.7878418,11/6/2024,,9/28/2024,,9/3/2024,,8/7/2024,,7/10/2024
CalCurCEAS_020,2024-11-06T14:00:00Z,35.019335,-123.649275,Central California,60.000292,0,1,0,-4112,16.709,0.393662274,18.3236351,98.79980469,516.7878418,11/6/2024,,9/28/2024,,9/3/2024,,8/7/2024,,7/10/2024
CalCurCEAS_020,2024-11-06T15:00:00Z,35.00754,-123.65094,Central California,60.000375,0,8,1,-4121,16.709,0.393662274,18.3236351,98.79980469,516.7878418,11/6/2024,,9/28/2024,,9/3/2024,,8/7/2024,,7/10/2024
CalCurCEAS_020,2024-11-06T16:00:00Z,34.99845,-123.65318,Central California,60.000333,0,5,0,-4130,16.689,0.377695709,18.13300896,95.79980469,509.385437,11/6/2024,,9/28/2024,,9/3/2024,,8/7/2024,,7/10/2024
CalCurCEAS_020,2024-11-06T17:00:00Z,34.990575,-123.65421,Central California,60.000458,0,0,1,-4137,16.689,0.377695709,18.13300896,95.79980469,509.385437,11/6/2024,,9/29/2024,,9/6/2024,,8/8/2024,,7/2/2024
CalCurCEAS_020,2024-11-06T18:00:00Z,34.980055,-123.65457,Central California,60.0005,0,3,0,-4141,16.689,0.377695709,18.13300896,95.79980469,509.385437,11/6/2024,,9/29/2024,,9/6/2024,,8/8/2024,,7/2/2024
CalCurCEAS_020,2024-11-06T19:00:00Z,34.97212,-123.65475,Central California,60.000375,0,1,1,-4148,16.703,0.377695709,18.13300896,95.79980469,509.385437,11/6/2024,,9/29/2024,,9/6/2024,,8/8/2024,,7/2/2024
CalCurCEAS_020,2024-11-06T20:00:00Z,34.95895,-123.6552,Central California,60.000417,0,0,0,-4157,16.703,0.377695709,18.13300896,95.79980469,509.385437,11/6/2024,,9/29/2024,,9/6/2024,,8/8/2024,,7/2/2024
CalCurCEAS_020,2024-11-06T21:00:00Z,34.9481,-123.654215,Central California,60.0005,0,1,0,-4180,16.703,0.373854727,18.08115005,95.19970703,502.3186035,11/6/2024,,9/29/2024,,9/6/2024,,8/8/2024,,7/2/2024
CalCurCEAS_020,2024-11-06T22:00:00Z,34.93583,-123.65275,Central California,60.0005,0,2,2,-4201,16.703,0.373854727,18.08115005,95.19970703,502.3186035,11/6/2024,,9/29/2024,,9/6/2024,,8/8/2024,,7/2/2024
CalCurCEAS_020,2024-11-06T23:00:00Z,34.92325,-123.653785,Central California,60.000375,0,2,0,-4198,16.703,0.373854727,18.08115005,95.19970703,502.3186035,11/6/2024,,9/29/2024,,9/6/2024,,8/8/2024,,7/2/2024
CalCurCEAS_020,2024-11-07T00:00:00Z,34.908595,-123.656745,Central California,60.000333,0,1,0,-4183,16.237,,,,,11/7/2024,493.2564392,10/2/2024,,9/5/2024,,8/5/2024,607.0196533,7/3/2024
CalCurCEAS_020,2024-11-07T01:00:00Z,34.89674,-123.66018,Central California,60.0005,0,1,0,-4171,16.237,,,,,11/7/2024,493.2564392,10/2/2024,,9/5/2024,,8/5/2024,607.0196533,7/3/2024
CalCurCEAS_020,2024-11-07T02:00:00Z,34.884345,-123.663765,Central California,60.000458,2,0,0,-4172,16.237,,,,,11/7/2024,493.2564392,10/2/2024,,9/5/2024,,8/5/2024,607.0196533,7/3/2024
CalCurCEAS_020,2024-11-07T03:00:00Z,34.87228,-123.66807,Central California,60.0005,0,0,0,-4170,16.263,,,,,11/7/2024,493.2564392,10/2/2024,,9/5/2024,,8/5/2024,607.0196533,7/3/2024
CalCurCEAS_020,2024-11-07T04:00:00Z,34.86038,-123.674235,Central California,60.000292,3,0,0,-4173,16.263,,,,,11/7/2024,493.2564392,10/2/2024,,9/5/2024,,8/5/2024,607.0196533,7/3/2024
CalCurCEAS_020,2024-11-07T05:00:00Z,34.84946,-123.6791,Central California,60.000417,0,1,0,-4180,16.263,,,,,11/7/2024,493.2564392,10/2/2024,,9/5/2024,,8/5/2024,607.0196533,7/3/2024
CalCurCEAS_020,2024-11-07T06:00:00Z,34.842983,-123.682753,Central California,59.866583,0,0,0,-4184,16.263,,,,,11/7/2024,493.2564392,10/2/2024,,9/5/2024,,8/5/2024,607.0196533,7/3/2024
CalCurCEAS_020,2024-11-07T07:00:00Z,34.8331,-123.68892,Central California,60.00025,0,0,1,-4204,16.263,,,,,11/7/2024,493.2564392,10/2/2024,,9/5/2024,,8/5/2024,607.0196533,7/3/2024
CalCurCEAS_020,2024-11-07T08:00:00Z,34.8268,-123.69191,Central California,60.000375,0,1,1,-4228,16.263,,,,,11/7/2024,493.2564392,10/2/2024,,9/5/2024,,8/5/2024,607.0196533,7/3/2024
CalCurCEAS_020,2024-11-07T09:00:00Z,34.82212,-123.69434,Central California,60.000417,0,0,0,-4211,16.328,,,,,11/7/2024,493.2564392,10/2/2024,,9/5/2024,,8/5/2024,607.0196533,7/3/2024
CalCurCEAS_020,2024-11-07T10:00:00Z,34.80989,-123.69875,Central California,60.00025,0,0,0,-4183,16.328,,,,,11/7/2024,493.2564392,10/2/2024,,9/5/2024,,8/5/2024,603.1925659,7/3/2024
CalCurCEAS_020,2024-11-07T11:00:00Z,34.799105,-123.704385,Central California,60.0005,0,0,0,-4188,16.328,,,,,11/7/2024,493.2564392,10/2/2024,,9/5/2024,,8/5/2024,603.1925659,7/3/2024
CalCurCEAS_020,2024-11-07T12:00:00Z,34.79068,-123.70801,Central California,60.0005,0,0,1,-4195,16.328,,,,,11/7/2024,493.2564392,10/2/2024,,9/5/2024,,8/5/2024,603.1925659,7/3/2024
CalCurCEAS_020,2024-11-07T13:00:00Z,34.780095,-123.713225,Central California,60.00025,0,0,0,-4195,16.342,,,,,11/7/2024,493.2564392,10/2/2024,,9/6/2024,,8/8/2024,,7/3/2024
CalCurCEAS_020,2024-11-07T14:00:00Z,34.7689,-123.7194,Central California,60.000417,0,0,1,-4196,16.342,,,,,11/7/2024,493.2564392,10/2/2024,,9/6/2024,,8/8/2024,,7/3/2024
CalCurCEAS_020,2024-11-07T15:00:00Z,34.76,-123.72352,Central California,60.000375,0,0,2,-4199,16.328,,,,,11/7/2024,493.2564392,10/2/2024,,9/6/2024,,8/8/2024,,7/3/2024
CalCurCEAS_020,2024-11-07T16:00:00Z,34.75211,-123.727115,Central California,60.000417,0,0,1,-4203,16.328,,,,,11/7/2024,,10/3/2024,,8/29/2024,,8/2/2024,782.2745361,6/30/2024
CalCurCEAS_020,2024-11-07T17:00:00Z,34.741305,-123.732105,Central California,60.000333,0,3,0,-4207,16.328,,,,,11/7/2024,,10/3/2024,,8/29/2024,,8/2/2024,782.2745361,6/30/2024
CalCurCEAS_020,2024-11-07T18:00:00Z,34.73251,-123.73592,Central California,60.000458,0,0,0,-4211,16.328,,,,,11/7/2024,,10/3/2024,,8/29/2024,,8/2/2024,782.2745361,6/30/2024
CalCurCEAS_020,2024-11-07T19:00:00Z,34.720193,-123.74347,Central California,60.000458,0,1,0,-4217,16.33,,,,,11/7/2024,,10/3/2024,,8/29/2024,,8/2/2024,782.2745361,6/30/2024
CalCurCEAS_020,2024-11-07T20:00:00Z,34.71218,-123.74991,Central California,60.00025,0,0,2,-4221,16.33,,,,,11/7/2024,,10/3/2024,,8/29/2024,,8/2/2024,782.2745361,6/30/2024
CalCurCEAS_020,2024-11-07T21:00:00Z,34.7038,-123.75807,Central California,60.000458,0,1,1,-4225,16.33,,,,,11/7/2024,,10/3/2024,,8/29/2024,,8/2/2024,782.2745361,6/30/2024
CalCurCEAS_020,2024-11-07T22:00:00Z,34.69286,-123.767115,Central California,60.000417,0,0,0,-4220,16.334,,,,,11/7/2024,,10/3/2024,,8/29/2024,,8/2/2024,782.2745361,6/30/2024
CalCurCEAS_020,2024-11-07T23:00:00Z,34.6846,-123.775535,Central California,60.0005,0,0,0,-4240,16.334,,,,,11/7/2024,,10/3/2024,,8/29/2024,,8/2/2024,782.2745361,6/30/2024
CalCurCEAS_020,2024-11-08T00:00:00Z,34.67576,-123.7832,Central California,60.000333,0,0,0,-4244,16.343,0.346500754,16.74044991,90.79980469,476.6226807,11/8/2024,460.4370422,10/6/2024,,9/11/2024,,8/10/2024,,7/10/2024
CalCurCEAS_020,2024-11-08T01:00:00Z,34.66813,-123.788165,Central California,60.000458,0,1,0,-4257,16.343,0.346500754,16.74044991,90.79980469,476.6226807,11/8/2024,460.4370422,10/6/2024,,9/11/2024,,8/10/2024,,7/11/2024
CalCurCEAS_020,2024-11-08T02:00:00Z,34.65713,-123.795265,Central California,60.000458,0,1,0,-4274,16.353,0.346500754,16.74044991,90.39990234,469.2242432,11/8/2024,460.4370422,10/6/2024,,9/11/2024,,8/10/2024,,7/11/2024
CalCurCEAS_020,2024-11-08T03:00:00Z,34.64694,-123.802295,Central California,60.000417,0,0,0,-4287,16.353,0.346500754,16.74044991,90.39990234,469.2242432,11/8/2024,460.4370422,10/6/2024,,9/11/2024,,8/10/2024,,7/11/2024
CalCurCEAS_020,2024-11-08T04:00:00Z,34.632635,-123.811495,Central California,60.000375,0,0,0,-4319,16.358,0.346500754,16.74044991,90.39990234,469.2242432,11/8/2024,460.4370422,10/6/2024,,9/11/2024,,8/10/2024,,7/11/2024
CalCurCEAS_020,2024-11-08T05:00:00Z,34.618595,-123.821335,Central California,60.000375,0,0,0,-4280,16.353,0.367517412,16.74044991,94.19970703,460.6985779,11/8/2024,465.4289856,10/6/2024,,9/11/2024,,8/10/2024,,7/11/2024
CalCurCEAS_020,2024-11-08T06:00:00Z,34.613415,-123.82653,Central California,59.999083,0,0,0,-4283,16.353,0.367517412,16.74044991,94.19970703,460.6985779,11/8/2024,465.4289856,10/6/2024,,9/11/2024,,8/10/2024,,7/11/2024
CalCurCEAS_020,2024-11-08T07:00:00Z,34.603825,-123.83528,Central California,60.000375,0,0,1,-4285,16.342,0.328994751,16.08196068,87,473.0201416,11/8/2024,465.4289856,10/6/2024,,8/29/2024,,8/3/2024,,7/4/2024
CalCurCEAS_020,2024-11-08T08:00:00Z,34.59358,-123.841315,Central California,60.000375,0,0,0,-4294,16.342,0.328994751,16.08196068,87,473.0201416,11/8/2024,465.4289856,10/6/2024,,8/29/2024,,8/3/2024,,7/4/2024
CalCurCEAS_020,2024-11-08T09:00:00Z,34.5845,-123.84735,Central California,60.000292,0,0,1,-4291,16.328,0.328994751,16.08196068,87,473.0201416,11/8/2024,465.4289856,10/6/2024,,8/29/2024,,8/3/2024,,7/4/2024
CalCurCEAS_020,2024-11-08T10:00:00Z,34.574965,-123.85554,Central California,60.000333,0,0,1,-4291,16.328,0.359694898,16.43777847,92.60009766,476.4239807,11/8/2024,465.4289856,10/6/2024,,8/29/2024,,8/3/2024,,7/4/2024
CalCurCEAS_020,2024-11-08T11:00:00Z,34.561785,-123.867575,Central California,60.000417,0,0,0,-4286,16.333,0.359694898,16.43777847,92.60009766,476.4239807,11/8/2024,465.4289856,10/6/2024,,8/29/2024,,8/3/2024,,7/4/2024
CalCurCEAS_020,2024-11-08T12:00:00Z,34.55084,-123.876525,Central California,60.0005,0,1,1,-4286,16.319,0.289678484,16.15901375,77.60009766,475.7145386,11/8/2024,465.4289856,10/6/2024,,8/29/2024,,8/3/2024,,7/4/2024
CalCurCEAS_020,2024-11-08T13:00:00Z,34.54158,-123.88763,Central California,60.000458,0,0,0,-4286,16.319,0.347663045,16.30012321,90.60009766,472.0050964,11/8/2024,465.4289856,10/6/2024,,8/29/2024,,8/3/2024,,7/4/2024
CalCurCEAS_020,2024-11-08T14:00:00Z,34.53391,-123.897675,Central California,60.000292,0,0,0,-4293,16.328,0.347663045,16.30012321,90.60009766,472.0050964,11/8/2024,465.4289856,10/6/2024,,8/29/2024,,8/3/2024,,7/4/2024
CalCurCEAS_020,2024-11-08T15:00:00Z,34.525545,-123.90872,Central California,60.000375,0,1,0,-4313,16.337,0.347663045,16.30012321,90.60009766,472.0050964,11/8/2024,470.9210815,10/6/2024,,8/29/2024,,8/3/2024,,7/4/2024
CalCurCEAS_020,2024-11-08T16:00:00Z,34.51547,-123.921145,Central California,60.000417,0,0,1,-4330,16.327,0.289678484,16.29117775,77.60009766,471.4585266,11/8/2024,470.9210815,10/6/2024,,8/29/2024,,8/3/2024,,7/4/2024
CalCurCEAS_020,2024-11-08T17:00:00Z,34.5097,-123.9269,Central California,60.000375,0,0,0,-4332,16.337,0.289678484,16.29117775,77.60009766,471.4585266,11/8/2024,470.9210815,10/6/2024,,8/29/2024,,8/3/2024,,7/4/2024
CalCurCEAS_020,2024-11-08T18:00:00Z,34.502155,-123.933785,Central California,60.000458,0,1,2,-4334,16.225,0.289678484,16.29117775,77.60009766,471.4585266,11/8/2024,524.7678833,10/7/2024,680.4207153,9/1/2024,,8/2/2024,,7/1/2024
CalCurCEAS_020,2024-11-08T19:00:00Z,34.493865,-123.942,Southern California,60.000333,0,4,4,-4335,16.22,0.34409371,16.30012321,89.79980469,479.1860046,11/8/2024,524.7678833,10/7/2024,680.4207153,9/1/2024,,8/2/2024,,7/1/2024
CalCurCEAS_020,2024-11-08T20:00:00Z,34.48274,-123.952905,Southern California,60.000417,0,1,2,-4339,16.22,0.34409371,16.30012321,89.79980469,479.1860046,11/8/2024,524.7678833,10/7/2024,680.4207153,9/1/2024,,8/2/2024,,7/1/2024
CalCurCEAS_020,2024-11-08T21:00:00Z,34.47528,-123.95825,Southern California,60.000333,0,0,8,-4344,16.219,0.34409371,16.30012321,89.79980469,479.1860046,11/8/2024,524.7678833,10/7/2024,680.4207153,9/1/2024,,8/2/2024,,7/1/2024
CalCurCEAS_020,2024-11-08T22:00:00Z,34.463615,-123.96689,Southern California,60.000458,0,0,12,-4346,16.215,0.335816443,16.16825294,88.79980469,479.5679626,11/8/2024,524.7678833,10/7/2024,680.4207153,9/1/2024,,8/2/2024,,7/1/2024
CalCurCEAS_020,2024-11-08T23:00:00Z,34.45042,-123.981775,Southern California,60.000333,0,0,6,-4352,16.209,0.3389844,16.52403069,88.79980469,491.0799561,11/8/2024,519.550354,10/7/2024,680.5970459,9/1/2024,,8/2/2024,,7/1/2024
CalCurCEAS_020,2024-11-09T00:00:00Z,34.43771,-123.9976,Southern California,60.000458,0,0,9,-4349,16.287,0.336220443,21.43176079,90,555.6386108,11/9/2024,,10/9/2024,,9/8/2024,,8/6/2024,543.7597046,7/8/2024
CalCurCEAS_020,2024-11-09T01:00:00Z,34.42712,-124.01132,Southern California,60.000375,0,0,1,-4368,16.281,0.327199757,20.50257492,87.60009766,538.9946289,11/9/2024,,10/9/2024,,9/8/2024,,8/6/2024,543.7597046,7/8/2024
CalCurCEAS_020,2024-11-09T02:00:00Z,34.4145,-124.0278,Southern California,60.00025,0,2,5,-4397,16.273,0.336220443,20.92100906,90,558.2371216,11/9/2024,,10/9/2024,,9/8/2024,,8/6/2024,543.7597046,7/8/2024
CalCurCEAS_020,2024-11-09T03:00:00Z,34.403245,-124.043155,Southern California,60.000375,0,0,11,-4428,16.266,0.32676807,20.23887253,87.39990234,538.9946289,11/9/2024,,10/9/2024,,9/8/2024,,8/6/2024,543.7597046,7/8/2024
CalCurCEAS_020,2024-11-09T04:00:00Z,34.39332,-124.05654,Southern California,60.0005,0,0,1,-4432,16.258,0.32676807,20.23887253,87.39990234,538.9946289,11/9/2024,,10/9/2024,,9/8/2024,,8/6/2024,543.7597046,7/8/2024
CalCurCEAS_020,2024-11-09T05:00:00Z,34.38418,-124.070865,Southern California,60.000333,0,0,11,-4426,16.249,0.32676807,20.23887253,87.39990234,538.9946289,11/9/2024,,10/9/2024,,9/8/2024,,8/6/2024,543.7597046,7/8/2024
CalCurCEAS_020,2024-11-09T06:00:00Z,34.375513,-124.085077,Southern California,60.000375,0,0,0,-4407,16.25,0.275198132,20.31669235,76,532.7854614,11/9/2024,,10/9/2024,,9/8/2024,1071.410767,8/7/2024,,7/11/2024
CalCurCEAS_020,2024-11-09T07:00:00Z,34.3664,-124.10058,Southern California,60.000375,0,0,3,-4366,16.25,0.277752936,19.45262337,76,526.1040039,11/9/2024,,10/9/2024,,9/8/2024,1071.410767,8/7/2024,,7/11/2024
CalCurCEAS_020,2024-11-09T08:00:00Z,34.35872,-124.11482,Southern California,60.000417,0,0,1,-4349,16.25,0.277752936,19.45262337,76,526.1040039,11/9/2024,,10/9/2024,,9/8/2024,1071.410767,8/7/2024,,7/11/2024
CalCurCEAS_020,2024-11-09T09:00:00Z,34.35087,-124.13177,Southern California,35.000292,0,0,1,-4249,16.25,0.252082288,19.44163895,70.60009766,498.5789185,11/9/2024,,10/9/2024,,9/8/2024,1071.410767,8/7/2024,,7/11/2024
CalCurCEAS_021,2024-10-27T01:00:00Z,36.23228,-123.35574,Central California,53.983583,0,23,36,-3434,15.614,,,,,10/27/2024,,9/28/2024,,8/30/2024,,8/4/2024,893.1264648,7/8/2024
CalCurCEAS_021,2024-10-27T02:00:00Z,36.23161,-123.35105,Central California,60.000417,0,10,25,-3428,15.614,,,,,10/27/2024,,9/28/2024,,8/30/2024,,8/4/2024,893.1264648,7/8/2024
CalCurCEAS_021,2024-10-27T03:00:00Z,36.23061,-123.348005,Central California,60.000417,0,0,42,-3419,15.614,,,,,10/27/2024,,9/28/2024,,8/30/2024,,8/4/2024,893.1264648,7/8/2024
CalCurCEAS_021,2024-10-27T04:00:00Z,36.22991,-123.34754,Central California,60.000333,0,5,40,-3419,15.727,,,,,10/27/2024,,9/28/2024,,8/30/2024,,8/4/2024,,7/9/2024
CalCurCEAS_021,2024-10-27T05:00:00Z,36.228933,-123.348943,Central California,60.000292,0,1,13,-3422,15.727,,,,,10/27/2024,,9/28/2024,,8/30/2024,,8/4/2024,,7/9/2024
CalCurCEAS_021,2024-10-27T06:00:00Z,36.229255,-123.354095,Central California,60.000333,0,4,5,-3428,15.727,,,,,10/27/2024,,9/28/2024,,8/30/2024,,8/4/2024,,7/9/2024
CalCurCEAS_021,2024-10-27T07:00:00Z,36.230445,-123.35679,Central California,60.000583,2,7,53,-3434,15.718,,,,,10/27/2024,,9/28/2024,,8/30/2024,,8/5/2024,512.5661621,6/30/2024
CalCurCEAS_021,2024-10-27T08:00:00Z,36.23187,-123.3582,Central California,60.0005,0,4,18,-3434,15.718,,,,,10/27/2024,,9/28/2024,,8/30/2024,,8/5/2024,,7/1/2024
CalCurCEAS_021,2024-10-27T09:00:00Z,36.234355,-123.359345,Central California,60.000417,0,6,12,-3434,15.817,,,,,10/27/2024,,9/28/2024,,8/30/2024,,8/5/2024,,7/1/2024
CalCurCEAS_021,2024-10-27T10:00:00Z,36.239495,-123.358365,Central California,60.0005,0,10,55,-3433,15.797,,,,,10/27/2024,,9/28/2024,,8/30/2024,,8/5/2024,,7/1/2024
CalCurCEAS_021,2024-10-27T11:00:00Z,36.245875,-123.35445,Central California,60.000417,0,11,51,-3418,15.797,,,,,10/27/2024,,9/28/2024,,8/30/2024,,8/5/2024,,7/1/2024
CalCurCEAS_021,2024-10-27T12:00:00Z,36.25084,-123.35125,Central California,60.000333,0,4,29,-3410,15.775,,,,,10/27/2024,,9/28/2024,,8/30/2024,,8/5/2024,,7/1/2024
CalCurCEAS_021,2024-10-27T13:00:00Z,36.254025,-123.34825,Central California,60.000375,0,5,34,-3408,15.858,,,,,10/27/2024,,9/28/2024,,8/30/2024,,8/5/2024,,7/1/2024
CalCurCEAS_021,2024-10-27T14:00:00Z,36.25614,-123.3445,Central California,60.000458,0,1,37,-3417,15.858,,,,,10/27/2024,,9/28/2024,,8/30/2024,,8/5/2024,,7/1/2024
CalCurCEAS_021,2024-10-27T15:00:00Z,36.257085,-123.340845,Central California,60.000292,0,3,44,-3415,15.847,,,,,10/27/2024,,9/28/2024,,8/30/2024,,8/5/2024,,7/1/2024
CalCurCEAS_021,2024-10-27T16:00:00Z,36.25753,-123.33962,Central California,60.000458,0,2,38,-3415,15.847,,,,,10/27/2024,,9/28/2024,,8/31/2024,,8/8/2024,,6/30/2024
CalCurCEAS_021,2024-10-27T17:00:00Z,36.25802,-123.339535,Central California,60.000333,0,0,51,-3415,15.834,,,,,10/27/2024,,9/28/2024,,8/31/2024,,8/8/2024,,6/30/2024
CalCurCEAS_021,2024-10-27T18:00:00Z,36.26044,-123.34031,Central California,60.000458,0,1,100,-3428,15.834,,,,,10/27/2024,,9/28/2024,,8/31/2024,,8/8/2024,,6/30/2024
CalCurCEAS_021,2024-10-27T19:00:00Z,36.264235,-123.3411,Central California,60.000375,0,1,14,-3433,15.834,,,,,10/27/2024,,9/28/2024,,8/31/2024,,8/8/2024,,6/30/2024
CalCurCEAS_021,2024-10-27T20:00:00Z,36.26718,-123.33956,Central California,60.000417,0,1,43,-3435,15.834,,,,,10/27/2024,,9/28/2024,,8/31/2024,,8/8/2024,,7/1/2024
CalCurCEAS_021,2024-10-27T21:00:00Z,36.268665,-123.33727,Central California,60.000417,0,4,75,-3433,15.898,,,,,10/27/2024,,9/28/2024,,8/31/2024,,8/8/2024,,7/1/2024
CalCurCEAS_021,2024-10-27T22:00:00Z,36.27017,-123.33458,Central California,60.0005,0,1,85,-3433,15.898,,,,,10/27/2024,,9/28/2024,,8/31/2024,,8/8/2024,,7/1/2024
CalCurCEAS_021,2024-10-27T23:00:00Z,36.27313,-123.330805,Central California,60.0005,1,0,51,-3432,15.967,,,,,10/27/2024,,9/28/2024,,8/31/2024,,8/8/2024,,7/1/2024
CalCurCEAS_021,2024-10-28T00:00:00Z,36.276465,-123.326565,Central California,60.000292,0,1,27,-3431,15.449,,,,,10/28/2024,483.8361511,9/30/2024,,9/7/2024,,7/31/2024,510.5174866,7/8/2024
CalCurCEAS_021,2024-10-28T01:00:00Z,36.277705,-123.321225,Central California,60.0005,0,0,20,-3427,15.495,,,,,10/28/2024,483.8361511,9/30/2024,,9/7/2024,,7/31/2024,510.5174866,7/8/2024
CalCurCEAS_021,2024-10-28T02:00:00Z,36.27693,-123.31791,Central California,60.000292,4,0,27,-3424,15.564,,,,,10/28/2024,483.8361511,9/30/2024,,9/8/2024,,8/3/2024,945.1740723,7/7/2024
CalCurCEAS_021,2024-10-28T03:00:00Z,36.27546,-123.316055,Central California,60.000417,8,0,16,-3421,15.564,,,,,10/28/2024,483.8361511,9/30/2024,,9/8/2024,,8/3/2024,945.1740723,7/7/2024
CalCurCEAS_021,2024-10-28T04:00:00Z,36.27391,-123.31537,Central California,60.000292,6,4,12,-3418,15.564,,,,,10/28/2024,483.8361511,9/30/2024,,9/8/2024,,8/3/2024,945.1740723,7/7/2024
CalCurCEAS_021,2024-10-28T05:00:00Z,36.272715,-123.31758,Central California,60.000375,3,5,2,-3421,15.618,,,,,10/28/2024,483.8361511,9/30/2024,,9/8/2024,,8/3/2024,945.1740723,7/7/2024
CalCurCEAS_021,2024-10-28T06:00:00Z,36.273845,-123.323205,Central California,60.000375,0,0,3,-3425,15.618,,,,,10/28/2024,483.8361511,9/30/2024,,9/8/2024,,8/3/2024,945.1740723,7/7/2024
CalCurCEAS_021,2024-10-28T07:00:00Z,36.27563,-123.32546,Central California,60.000375,0,1,9,-3431,15.692,,,,,10/28/2024,483.8361511,9/30/2024,,9/8/2024,,8/3/2024,945.1740723,7/7/2024
CalCurCEAS_021,2024-10-28T08:00:00Z,36.277505,-123.326565,Central California,60.000625,0,2,9,-3431,15.692,,,,,10/28/2024,483.8361511,9/30/2024,,9/8/2024,,8/3/2024,945.1740723,7/7/2024
CalCurCEAS_021,2024-10-28T09:00:00Z,36.28043,-123.32753,Central California,60.000417,0,0,9,-3435,15.692,,,,,10/28/2024,483.2770081,9/30/2024,,9/8/2024,,8/3/2024,945.1740723,7/7/2024
CalCurCEAS_021,2024-10-28T10:00:00Z,36.28282,-123.32769,Central California,60.000417,0,1,35,-3435,15.744,,,,,10/28/2024,483.2770081,9/30/2024,,9/8/2024,,8/3/2024,945.1740723,7/7/2024
CalCurCEAS_021,2024-10-28T11:00:00Z,36.28607,-123.324665,Central California,60.00025,3,1,35,-3434,15.744,,,,,10/28/2024,480.9859619,9/30/2024,,9/8/2024,,8/3/2024,945.1740723,7/7/2024
CalCurCEAS_021,2024-10-28T12:00:00Z,36.29015,-123.31962,Central California,60.0005,1,1,27,-3433,15.787,,,,,10/28/2024,480.9859619,9/30/2024,,9/8/2024,,8/3/2024,945.1740723,7/7/2024
CalCurCEAS_021,2024-10-28T13:00:00Z,36.293915,-123.3131,Central California,60.000417,0,2,42,-3431,15.816,,,,,10/28/2024,483.0720215,9/30/2024,,9/8/2024,,8/3/2024,945.1740723,7/7/2024
CalCurCEAS_021,2024-10-28T14:00:00Z,36.29597,-123.30842,Central California,60.000417,0,1,26,-3429,15.816,,,,,10/28/2024,483.0720215,9/30/2024,,9/8/2024,,8/3/2024,945.1740723,7/7/2024
CalCurCEAS_021,2024-10-28T15:00:00Z,36.29662,-123.30559,Central California,60.000417,0,7,32,-3426,15.645,,,,,10/28/2024,,10/1/2024,,8/29/2024,,8/1/2024,,7/10/2024
CalCurCEAS_021,2024-10-28T16:00:00Z,36.295315,-123.30181,Central California,60.000417,0,8,17,-3423,15.652,,,,,10/28/2024,,10/1/2024,,8/29/2024,,8/1/2024,,7/10/2024
CalCurCEAS_021,2024-10-28T17:00:00Z,36.2929,-123.30132,Central California,60.00025,0,4,3,-3423,15.638,,,,,10/28/2024,,10/1/2024,,8/29/2024,,8/1/2024,,7/10/2024
CalCurCEAS_021,2024-10-28T18:00:00Z,36.292175,-123.30265,Central California,60.000292,0,6,8,-3423,15.64,,,,,10/28/2024,,10/1/2024,,8/29/2024,,8/1/2024,,7/10/2024
CalCurCEAS_021,2024-10-28T19:00:00Z,36.293375,-123.3047,Central California,60.000458,0,0,13,-3425,15.64,,,,,10/28/2024,,10/1/2024,,8/29/2024,,8/1/2024,,7/10/2024
CalCurCEAS_021,2024-10-28T20:00:00Z,36.29439,-123.30557,Central California,60.000292,0,0,10,-3425,15.643,,,,,10/28/2024,,10/1/2024,,8/29/2024,,8/1/2024,,7/10/2024
CalCurCEAS_021,2024-10-28T21:00:00Z,36.295143,-123.305653,Central California,60.000333,0,0,5,-3425,15.645,,,,,10/28/2024,,10/1/2024,,8/29/2024,,8/1/2024,,7/10/2024
CalCurCEAS_021,2024-10-28T22:00:00Z,36.29612,-123.30469,Central California,60.0005,0,2,21,-3426,15.645,,,,,10/28/2024,,10/1/2024,,8/29/2024,,8/1/2024,,7/10/2024
CalCurCEAS_021,2024-10-28T23:00:00Z,36.29742,-123.30413,Central California,60.000208,0,0,26,-3424,15.649,,,,,10/28/2024,,10/1/2024,,8/29/2024,,8/1/2024,,7/10/2024
CalCurCEAS_021,2024-10-29T00:00:00Z,36.29968,-123.29984,Central California,60.000333,0,3,2,-3422,15.688,,,,,10/29/2024,,10/4/2024,,8/30/2024,678.0702515,8/6/2024,,7/5/2024
CalCurCEAS_021,2024-10-29T01:00:00Z,36.301505,-123.29498,Central California,60.000292,0,3,8,-3422,15.678,,,,,10/29/2024,,10/4/2024,,8/30/2024,678.0702515,8/6/2024,,7/5/2024
CalCurCEAS_021,2024-10-29T02:00:00Z,36.30219,-123.29104,Central California,60.000458,1,2,5,-3419,15.641,,,,,10/29/2024,,10/4/2024,,8/30/2024,678.0702515,8/6/2024,,7/5/2024
CalCurCEAS_021,2024-10-29T03:00:00Z,36.3013,-123.28789,Central California,60.000375,1,0,34,-3419,15.634,,,,,10/29/2024,,10/4/2024,,8/30/2024,678.0702515,8/6/2024,,7/5/2024
CalCurCEAS_021,2024-10-29T04:00:00Z,36.29852,-123.28632,Central California,60.000292,0,0,40,-3409,15.651,,,,,10/29/2024,,10/4/2024,,8/30/2024,678.0702515,8/6/2024,,7/5/2024
CalCurCEAS_021,2024-10-29T05:00:00Z,36.297177,-123.28744,Central California,60.000458,0,0,43,-3409,15.636,,,,,10/29/2024,,10/4/2024,,8/30/2024,678.0702515,8/6/2024,,7/5/2024
CalCurCEAS_021,2024-10-29T06:00:00Z,36.29562,-123.289615,Central California,60.000375,0,0,65,-3412,15.673,,,,,10/29/2024,,10/4/2024,,8/30/2024,695.4538574,8/6/2024,,7/5/2024
CalCurCEAS_021,2024-10-29T07:00:00Z,36.29408,-123.29119,Central California,60.000458,0,2,46,-3412,15.706,,,,,10/29/2024,,10/4/2024,,8/30/2024,,8/7/2024,550.6882935,7/8/2024
CalCurCEAS_021,2024-10-29T08:00:00Z,36.293475,-123.29307,Central California,60.000417,0,5,26,-3417,15.736,,,,,10/29/2024,,10/4/2024,,8/30/2024,,8/7/2024,550.6882935,7/8/2024
CalCurCEAS_021,2024-10-29T09:00:00Z,36.29293,-123.29439,Central California,60.000417,0,0,18,-3417,15.717,,,,,10/29/2024,,10/4/2024,,8/30/2024,,8/7/2024,550.6882935,7/8/2024
CalCurCEAS_021,2024-10-29T10:00:00Z,36.292415,-123.29515,Central California,60.000333,0,2,50,-3417,15.745,,,,,10/29/2024,,10/4/2024,,8/30/2024,,8/7/2024,550.6882935,7/8/2024
CalCurCEAS_021,2024-10-29T11:00:00Z,36.2912,-123.29527,Central California,60.000458,0,0,26,-3413,15.772,,,,,10/29/2024,,10/4/2024,,8/30/2024,,8/7/2024,550.6882935,7/8/2024
CalCurCEAS_021,2024-10-29T12:00:00Z,36.291865,-123.29399,Central California,60.000375,0,0,59,-3417,15.744,,,,,10/29/2024,,10/4/2024,,8/30/2024,,8/7/2024,619.940918,7/9/2024
CalCurCEAS_021,2024-10-29T13:00:00Z,36.290795,-123.290625,Central California,60.000333,0,3,20,-3408,15.765,,,,,10/29/2024,,10/4/2024,,8/30/2024,,8/7/2024,619.940918,7/9/2024
CalCurCEAS_021,2024-10-29T14:00:00Z,36.288955,-123.28864,Central California,60.000417,0,2,34,-3408,15.736,,,,,10/29/2024,,10/4/2024,,8/30/2024,,8/7/2024,618.1071777,7/9/2024
CalCurCEAS_021,2024-10-29T15:00:00Z,36.287115,-123.286655,Central California,60.000417,0,3,4,-3400,15.432,,,,,10/29/2024,501.5962524,10/5/2024,711.4655151,9/2/2024,680.7572021,8/6/2024,,7/6/2024
CalCurCEAS_021,2024-10-29T16:00:00Z,36.283235,-123.28762,Central California,59.904542,0,26,1,-3401,15.452,,,,,10/29/2024,451.7575684,10/5/2024,,9/3/2024,,8/9/2024,,7/5/2024
CalCurCEAS_021,2024-10-29T17:00:00Z,36.27967,-123.290375,Central California,60.000458,0,26,1,-3401,15.484,,,,,10/29/2024,451.7575684,10/5/2024,,9/3/2024,,8/9/2024,,7/5/2024
CalCurCEAS_021,2024-10-29T18:00:00Z,36.27684,-123.293125,Central California,60.000292,0,13,0,-3402,15.516,,,,,10/29/2024,451.7575684,10/5/2024,,9/3/2024,,8/9/2024,,7/5/2024
CalCurCEAS_021,2024-10-29T19:00:00Z,36.27637,-123.29684,Central California,60.000333,0,5,0,-3408,15.503,,,,,10/29/2024,442.8889465,10/5/2024,,9/3/2024,,8/9/2024,,7/5/2024
CalCurCEAS_021,2024-10-29T20:00:00Z,36.277585,-123.30149,Central California,60.000375,0,5,1,-3413,15.57,,,,,10/29/2024,442.8889465,10/5/2024,,9/3/2024,,8/9/2024,,7/5/2024
CalCurCEAS_021,2024-10-29T21:00:00Z,36.27942,-123.30411,Central California,60.000333,1,4,3,-3416,15.56,,,,,10/29/2024,442.8889465,10/5/2024,,9/3/2024,,8/9/2024,,7/5/2024
CalCurCEAS_021,2024-10-29T22:00:00Z,36.28111,-123.305225,Central California,60.000333,3,19,0,-3418,15.635,,,,,10/29/2024,439.3761597,10/5/2024,,9/3/2024,,8/9/2024,,7/5/2024
CalCurCEAS_021,2024-10-29T23:00:00Z,36.28374,-123.30335,Central California,60.000458,0,16,2,-3418,15.736,,,,,10/29/2024,439.3761597,10/5/2024,,9/3/2024,,8/9/2024,,7/5/2024
CalCurCEAS_021,2024-10-30T00:00:00Z,36.28536,-123.29882,Central California,60.000375,0,10,1,-3415,14.875,0.46095553,20.48152161,110.7998047,722.6624756,10/30/2024,,10/8/2024,,9/2/2024,,8/7/2024,617.380249,7/9/2024
CalCurCEAS_021,2024-10-30T01:00:00Z,36.28632,-123.29317,Central California,60.000375,0,12,3,-3409,14.882,0.46095553,20.48152161,110.7998047,722.6624756,10/30/2024,,10/8/2024,,9/2/2024,,8/7/2024,617.380249,7/9/2024
CalCurCEAS_021,2024-10-30T02:00:00Z,36.2859,-123.288575,Central California,60.000375,0,4,1,-3404,14.842,0.465747744,20.44617653,111.6000977,724.5730591,10/30/2024,,10/8/2024,,9/2/2024,,8/7/2024,616.5285034,7/9/2024
CalCurCEAS_021,2024-10-30T03:00:00Z,36.28375,-123.281055,Central California,60.000333,0,0,0,-3394,14.851,0.465747744,20.44617653,111.6000977,724.5730591,10/30/2024,,10/8/2024,,9/3/2024,,7/30/2024,379.0414734,7/3/2024
CalCurCEAS_021,2024-10-30T04:00:00Z,36.28127,-123.27754,Central California,60.000375,1,15,2,-3385,14.818,0.465747744,20.44617653,111.6000977,724.5730591,10/30/2024,,10/8/2024,,9/3/2024,,7/30/2024,379.0414734,7/3/2024
CalCurCEAS_021,2024-10-30T05:00:00Z,36.27863,-123.277015,Central California,60.000333,0,12,1,-3384,14.835,0.465747744,20.44617653,111.6000977,724.5730591,10/30/2024,,10/8/2024,,9/3/2024,,7/30/2024,379.0414734,7/3/2024
CalCurCEAS_021,2024-10-30T06:00:00Z,36.273775,-123.277575,Central California,60.00025,4,11,6,-3383,14.812,0.465747744,20.44617653,111.6000977,724.5730591,10/30/2024,,10/8/2024,,9/3/2024,,7/30/2024,555.6504517,7/3/2024
CalCurCEAS_021,2024-10-30T07:00:00Z,36.27227,-123.28008,Central California,60.000458,0,7,2,-3386,14.84,0.465747744,20.44617653,111.6000977,724.5730591,10/30/2024,,10/8/2024,,9/3/2024,,7/30/2024,555.6504517,7/3/2024
CalCurCEAS_021,2024-10-30T08:00:00Z,36.271975,-123.28495,Central California,60.000417,0,0,0,-3389,14.827,0.465747744,20.44617653,111.6000977,724.5730591,10/30/2024,,10/8/2024,,9/3/2024,,7/30/2024,555.6504517,7/3/2024
CalCurCEAS_021,2024-10-30T09:00:00Z,36.2735,-123.28963,Central California,60.000292,1,11,1,-3393,14.866,0.465747744,20.44617653,111.6000977,724.5730591,10/30/2024,,10/8/2024,,9/3/2024,,7/30/2024,555.6504517,7/3/2024
CalCurCEAS_021,2024-10-30T10:00:00Z,36.27626,-123.291525,Central California,60.000458,4,2,1,-3397,14.855,0.465747744,20.44617653,111.6000977,724.5730591,10/30/2024,,10/8/2024,,9/3/2024,,7/30/2024,555.6504517,7/3/2024
CalCurCEAS_021,2024-10-30T11:00:00Z,36.27971,-123.291535,Central California,60.000375,0,0,1,-3401,14.901,0.465747744,20.44617653,111.6000977,724.5730591,10/30/2024,,10/9/2024,,9/6/2024,,8/11/2024,,7/11/2024
CalCurCEAS_021,2024-10-30T12:00:00Z,36.28369,-123.29031,Central California,60.000417,0,4,0,-3404,14.943,0.465747744,20.44617653,111.6000977,724.5730591,10/30/2024,,10/9/2024,,9/6/2024,,8/11/2024,,7/11/2024
CalCurCEAS_021,2024-10-30T13:00:00Z,36.28623,-123.28838,Central California,60.000292,0,1,1,-3404,14.984,0.465747744,20.44617653,111.6000977,724.5730591,10/30/2024,,10/9/2024,,9/6/2024,,8/11/2024,,7/11/2024
CalCurCEAS_021,2024-10-30T14:00:00Z,36.29015,-123.284765,Central California,59.997833,0,6,2,-3404,15.035,0.465747744,20.44617653,111.6000977,724.5730591,10/30/2024,,10/9/2024,,9/6/2024,,8/11/2024,,7/11/2024
CalCurCEAS_021,2024-10-30T15:00:00Z,36.29322,-123.279335,Central California,60.000333,1,0,16,-3402,15.631,0.472698003,21.68314362,112.7998047,738.7788696,10/30/2024,,10/9/2024,,9/6/2024,,8/11/2024,,7/11/2024
CalCurCEAS_021,2024-10-30T16:00:00Z,36.29413,-123.274735,Central California,60.000292,0,2,26,-3391,15.631,0.472698003,21.68314362,112.7998047,738.7788696,10/30/2024,,10/9/2024,,9/6/2024,,8/11/2024,,7/11/2024
CalCurCEAS_021,2024-10-30T17:00:00Z,36.29385,-123.27201,Central California,60.000208,0,6,12,-3391,15.616,0.472698003,21.68314362,112.7998047,738.7788696,10/30/2024,,10/9/2024,,9/6/2024,,8/11/2024,,7/11/2024
CalCurCEAS_021,2024-10-30T18:00:00Z,36.29262,-123.27111,Central California,60.000375,1,4,2,-3391,15.452,0.472698003,21.68314362,112.7998047,738.7788696,10/30/2024,,10/9/2024,,9/6/2024,,7/30/2024,,7/4/2024
CalCurCEAS_021,2024-10-30T19:00:00Z,36.29218,-123.271495,Central California,60.000375,0,6,10,-3391,15.279,0.472698003,21.68314362,112.7998047,738.7788696,10/30/2024,,10/9/2024,,9/6/2024,,7/30/2024,,7/4/2024
CalCurCEAS_021,2024-10-30T20:00:00Z,36.292765,-123.272525,Central California,60.000458,0,0,63,-3391,15.232,0.472698003,21.68314362,112.7998047,738.7788696,10/30/2024,,10/9/2024,,9/6/2024,,7/30/2024,,7/4/2024
CalCurCEAS_021,2024-10-30T21:00:00Z,36.29371,-123.273275,Central California,60.000208,1,1,71,-3391,15.165,0.472698003,21.68314362,112.7998047,738.7788696,10/30/2024,,10/9/2024,,9/6/2024,,7/30/2024,,7/4/2024
CalCurCEAS_021,2024-10-30T22:00:00Z,36.29586,-123.27347,Central California,60.000292,1,1,54,-3394,15.104,0.472698003,21.68314362,112.7998047,738.7788696,10/30/2024,,10/9/2024,,9/6/2024,,7/30/2024,,7/4/2024
CalCurCEAS_021,2024-10-30T23:00:00Z,36.29867,-123.27249,Central California,60.000292,0,0,69,-3394,15.019,0.472698003,21.68314362,112.7998047,738.7788696,10/30/2024,,10/9/2024,,9/6/2024,,7/30/2024,,7/4/2024
CalCurCEAS_021,2024-10-31T00:00:00Z,36.30147,-123.26988,Central California,59.983625,0,0,26,-3389,16.245,0.492838502,20.25197411,116.199707,573.6893311,10/31/2024,397.4515381,9/29/2024,,9/4/2024,,7/31/2024,,7/7/2024
CalCurCEAS_021,2024-10-31T01:00:00Z,36.304865,-123.264935,Central California,60.000375,0,0,20,-3384,16.204,0.492838502,20.25197411,116.199707,573.6893311,10/31/2024,397.4515381,9/29/2024,,9/4/2024,,7/31/2024,,7/7/2024
CalCurCEAS_021,2024-10-31T02:00:00Z,36.30723,-123.2601,Central California,60.000542,1,0,58,-3378,16.204,0.492838502,20.25197411,116.199707,573.6893311,10/31/2024,397.4515381,9/29/2024,,9/4/2024,,7/31/2024,,7/7/2024
CalCurCEAS_021,2024-10-31T03:00:00Z,36.30864,-123.25451,Central California,60.000333,0,0,85,-3374,16.204,0.492838502,20.25197411,116.199707,573.6893311,10/31/2024,397.4515381,9/29/2024,,9/4/2024,,7/31/2024,499.5883789,7/8/2024
CalCurCEAS_021,2024-10-31T04:00:00Z,36.30925,-123.24999,Central California,60.000292,0,0,30,-3362,16.204,0.498987436,21.17383194,117.199707,606.1464844,10/31/2024,393.8621216,9/29/2024,,9/4/2024,,7/31/2024,499.5883789,7/8/2024
CalCurCEAS_021,2024-10-31T05:00:00Z,36.309187,-123.24784,Central California,60.000333,0,0,31,-3362,16.204,0.498987436,21.17383194,117.199707,606.1464844,10/31/2024,393.8621216,9/29/2024,,9/4/2024,,7/31/2024,475.0058899,7/8/2024
CalCurCEAS_021,2024-10-31T06:00:00Z,36.30884,-123.24517,Central California,60.000375,0,1,32,-3355,16.204,0.498987436,21.17383194,117.199707,606.1464844,10/31/2024,393.8621216,9/29/2024,,9/4/2024,,7/31/2024,475.0058899,7/8/2024
CalCurCEAS_021,2024-10-31T07:00:00Z,36.31022,-123.24508,Central California,60.000375,0,0,8,-3355,16.221,0.498987436,21.17383194,117.199707,606.1464844,10/31/2024,373.9113159,9/29/2024,,9/4/2024,,7/31/2024,483.6244507,7/8/2024
CalCurCEAS_021,2024-10-31T08:00:00Z,36.31193,-123.24605,Central California,60.000333,0,8,31,-3362,16.221,0.498987436,21.17383194,117.199707,606.1464844,10/31/2024,393.8621216,9/29/2024,,9/4/2024,,7/31/2024,472.8178406,7/8/2024
CalCurCEAS_021,2024-10-31T09:00:00Z,36.310565,-123.246505,Central California,60.000333,0,7,33,-3362,16.221,0.498987436,21.17383194,117.199707,606.1464844,10/31/2024,394.9408875,9/29/2024,,9/4/2024,,7/31/2024,472.8178406,7/8/2024
CalCurCEAS_021,2024-10-31T10:00:00Z,36.31008,-123.24793,Central California,59.996375,0,2,25,-3362,16.262,0.498987436,21.17383194,117.199707,606.1464844,10/31/2024,394.9408875,9/29/2024,,9/4/2024,,7/31/2024,482.0691223,7/8/2024
CalCurCEAS_021,2024-10-31T11:00:00Z,36.31083,-123.24807,Central California,60.00025,0,0,32,-3362,16.262,0.498987436,21.17383194,117.199707,606.1464844,10/31/2024,394.9408875,9/29/2024,,9/5/2024,,8/3/2024,938.7963257,7/7/2024
CalCurCEAS_021,2024-10-31T12:00:00Z,36.31284,-123.245795,Central California,59.994792,0,1,70,-3360,16.221,0.498987436,21.17383194,117.199707,606.1464844,10/31/2024,394.9408875,9/29/2024,,9/5/2024,,8/4/2024,,7/10/2024
CalCurCEAS_021,2024-10-31T13:00:00Z,36.31435,-123.24203,Central California,60.000417,0,0,70,-3360,16.221,0.498987436,21.17383194,117.199707,606.1464844,10/31/2024,394.9408875,9/29/2024,,9/5/2024,,8/4/2024,,7/10/2024
CalCurCEAS_021,2024-10-31T14:00:00Z,36.314945,-123.238295,Central California,60.000292,0,2,20,-3352,16.221,0.498987436,21.17383194,117.199707,606.1464844,10/31/2024,373.9113159,9/29/2024,,9/5/2024,,8/4/2024,,7/10/2024
CalCurCEAS_021,2024-10-31T15:00:00Z,36.3153,-123.233355,Central California,60.000458,0,6,10,-3341,16.221,0.498987436,21.17383194,117.199707,606.1464844,10/31/2024,373.9113159,9/29/2024,,9/5/2024,,8/4/2024,,7/10/2024
CalCurCEAS_021,2024-10-31T16:00:00Z,36.31506,-123.23023,Central California,60.000417,1,0,19,-3342,16.236,0.498987436,21.17383194,117.199707,606.1464844,10/31/2024,373.9113159,9/29/2024,,9/5/2024,,8/4/2024,,7/10/2024
CalCurCEAS_021,2024-10-31T17:00:00Z,36.31479,-123.22969,Central California,60.000375,1,3,44,-3342,16.236,0.498987436,21.17383194,117.199707,606.1464844,10/31/2024,373.9113159,9/29/2024,,9/5/2024,,8/4/2024,,7/10/2024
CalCurCEAS_021,2024-10-31T18:00:00Z,36.313935,-123.229305,Central California,60.000292,1,7,9,-3342,16.236,0.498987436,21.17383194,117.199707,606.1464844,10/31/2024,373.9113159,9/29/2024,,9/5/2024,,8/4/2024,,7/10/2024
CalCurCEAS_021,2024-10-31T19:00:00Z,36.31362,-123.228855,Central California,60.000292,0,5,15,-3352,16.276,0.498987436,21.17383194,117.199707,606.1464844,10/31/2024,373.9113159,9/29/2024,,9/5/2024,,8/4/2024,,7/10/2024
CalCurCEAS_021,2024-10-31T20:00:00Z,36.31336,-123.228075,Central California,60.0005,0,4,36,-3352,16.276,0.498987436,21.17383194,117.199707,606.1464844,10/31/2024,499.0621338,9/30/2024,,9/8/2024,,8/3/2024,893.1264648,7/8/2024
CalCurCEAS_021,2024-10-31T21:00:00Z,36.31387,-123.22769,Central California,60.000375,0,10,20,-3352,16.276,0.498987436,21.17383194,117.199707,606.1464844,10/31/2024,499.0621338,9/30/2024,,9/8/2024,,8/3/2024,893.1264648,7/8/2024
CalCurCEAS_021,2024-10-31T22:00:00Z,36.316035,-123.22709,Central California,60.000375,0,0,16,-3352,16.307,0.498987436,21.17383194,117.199707,606.1464844,10/31/2024,500.7071838,9/30/2024,,9/8/2024,,8/3/2024,893.1264648,7/8/2024
CalCurCEAS_021,2024-10-31T23:00:00Z,36.31731,-123.22502,Central California,60.0005,0,0,8,-3350,16.276,0.498987436,21.17383194,117.199707,606.1464844,10/31/2024,500.7071838,9/30/2024,,9/8/2024,,8/4/2024,520.6854248,6/30/2024
CalCurCEAS_021,2024-11-01T00:00:00Z,36.317545,-123.22239,Central California,59.995292,0,1,21,-3346,15.283,,,,,11/1/2024,615.6126709,10/3/2024,,9/7/2024,,7/31/2024,523.0180054,7/8/2024
CalCurCEAS_021,2024-11-01T01:00:00Z,36.318525,-123.218685,Central California,60.000458,0,10,21,-3353,15.283,,,,,11/1/2024,615.6126709,10/3/2024,,9/7/2024,,7/31/2024,,7/9/2024
CalCurCEAS_021,2024-11-01T02:00:00Z,36.31953,-123.21341,Central California,60.000333,1,12,4,-3359,15.277,,,,,11/1/2024,615.6126709,10/3/2024,,9/7/2024,,7/31/2024,,7/9/2024
CalCurCEAS_021,2024-11-01T03:00:00Z,36.320075,-123.209115,Central California,60.000458,2,16,3,-3367,15.277,,,,,11/1/2024,615.6126709,10/3/2024,,9/7/2024,,7/31/2024,,7/9/2024
CalCurCEAS_021,2024-11-01T04:00:00Z,36.31985,-123.20362,Central California,60.000375,0,18,0,-3378,15.273,,,,,11/1/2024,615.6126709,10/3/2024,,9/7/2024,,7/31/2024,,7/9/2024
CalCurCEAS_021,2024-11-01T05:00:00Z,36.3188,-123.201295,Central California,60.000292,0,17,15,-3378,15.273,,,,,11/1/2024,615.6126709,10/3/2024,,9/7/2024,,7/31/2024,,7/9/2024
CalCurCEAS_021,2024-11-01T06:00:00Z,36.316175,-123.198335,Central California,60.000375,0,10,14,-3369,15.273,,,,,11/1/2024,615.6126709,10/3/2024,,9/7/2024,,7/31/2024,,7/9/2024
CalCurCEAS_021,2024-11-01T07:00:00Z,36.31408,-123.198645,Central California,60.000333,1,7,18,-3369,15.272,,,,,11/1/2024,615.6126709,10/3/2024,,9/7/2024,,7/31/2024,,7/9/2024
CalCurCEAS_021,2024-11-01T08:00:00Z,36.312795,-123.200985,Central California,60.000333,0,13,0,-3366,15.272,,,,,11/1/2024,615.6126709,10/3/2024,,9/7/2024,,7/31/2024,,7/9/2024
CalCurCEAS_021,2024-11-01T09:00:00Z,36.313938,-123.202727,Central California,60.000375,0,9,2,-3366,15.272,,,,,11/1/2024,615.6126709,10/3/2024,,9/7/2024,,7/31/2024,,7/9/2024
CalCurCEAS_021,2024-11-01T10:00:00Z,36.31508,-123.20447,Central California,60.00025,0,11,8,-3362,15.272,,,,,11/1/2024,615.6126709,10/3/2024,,9/7/2024,,8/1/2024,,6/29/2024
CalCurCEAS_021,2024-11-01T11:00:00Z,36.317745,-123.20493,Central California,60.000417,0,16,12,-3373,15.272,,,,,11/1/2024,615.6126709,10/3/2024,,9/7/2024,,8/1/2024,,6/29/2024
CalCurCEAS_021,2024-11-01T12:00:00Z,36.32048,-123.20401,Central California,60.000417,2,13,8,-3378,15.272,,,,,11/1/2024,615.6126709,10/3/2024,,9/7/2024,,8/1/2024,,6/29/2024
CalCurCEAS_021,2024-11-01T13:00:00Z,36.32383,-123.201035,Central California,60.000417,0,12,4,-3390,15.27,,,,,11/1/2024,615.6126709,10/3/2024,,9/7/2024,,8/1/2024,,6/29/2024
CalCurCEAS_021,2024-11-01T14:00:00Z,36.32606,-123.19659,Central California,59.997958,12,1,6,-3409,15.272,,,,,11/1/2024,615.6126709,10/3/2024,,9/7/2024,,8/1/2024,,6/29/2024
CalCurCEAS_021,2024-11-01T15:00:00Z,36.32748,-123.19328,Central California,60.000292,4,2,5,-3405,15.272,,,,,11/1/2024,615.6126709,10/3/2024,,9/7/2024,,8/1/2024,,6/29/2024
CalCurCEAS_021,2024-11-01T16:00:00Z,36.32903,-123.19034,Central California,60.00025,0,2,32,-3397,15.277,,,,,11/1/2024,615.6126709,10/3/2024,,9/7/2024,,8/1/2024,,6/29/2024
CalCurCEAS_021,2024-11-01T17:00:00Z,36.329415,-123.188785,Central California,60.000417,0,7,15,-3389,15.277,,,,,11/1/2024,519.5353394,10/3/2024,,9/8/2024,,8/4/2024,510.7176208,6/30/2024
CalCurCEAS_021,2024-11-01T18:00:00Z,36.329815,-123.187755,Central California,60.000333,0,4,13,-3389,15.277,,,,,11/1/2024,519.5353394,10/3/2024,,9/8/2024,,8/4/2024,510.7176208,6/30/2024
CalCurCEAS_021,2024-11-01T19:00:00Z,36.33075,-123.18605,Central California,60.000417,0,3,22,-3378,15.277,,,,,11/1/2024,519.5353394,10/3/2024,,9/8/2024,,8/4/2024,510.7176208,6/30/2024
CalCurCEAS_021,2024-11-01T20:00:00Z,36.33137,-123.18489,Central California,60.000375,0,0,8,-3378,15.277,,,,,11/1/2024,,10/4/2024,,8/30/2024,,8/7/2024,618.1071777,7/9/2024
CalCurCEAS_021,2024-11-01T21:00:00Z,36.332245,-123.183145,Central California,60.000417,0,2,15,-3367,15.276,,,,,11/1/2024,,10/4/2024,,8/31/2024,,8/10/2024,859.7487793,7/8/2024
CalCurCEAS_021,2024-11-01T22:00:00Z,36.33274,-123.1809,Central California,60.000375,0,1,3,-3367,15.272,,,,,11/1/2024,,10/4/2024,,8/31/2024,,8/10/2024,859.7487793,7/8/2024
CalCurCEAS_021,2024-11-01T23:00:00Z,36.333695,-123.180305,Central California,60.000333,0,1,4,-3357,15.272,,,,,11/1/2024,,10/4/2024,,8/31/2024,,8/10/2024,920.0488892,7/8/2024
CalCurCEAS_021,2024-11-02T00:00:00Z,36.335495,-123.17771,Central California,60.000333,0,0,1,-3348,14.565,0.481112242,21.41898727,114.199707,656.1768799,11/2/2024,621.9032593,10/7/2024,679.2646484,8/30/2024,,8/7/2024,617.380249,7/9/2024
CalCurCEAS_021,2024-11-02T01:00:00Z,36.33707,-123.17504,Central California,60.000375,0,0,31,-3348,14.548,0.481112242,21.41898727,114.199707,656.1768799,11/2/2024,621.9032593,10/7/2024,679.2646484,8/30/2024,,8/7/2024,617.380249,7/9/2024
CalCurCEAS_021,2024-11-02T02:00:00Z,36.338825,-123.16969,Central California,60.00025,0,0,39,-3316,14.548,0.481112242,21.41898727,114.199707,656.1768799,11/2/2024,639.7492065,10/7/2024,679.2646484,8/30/2024,,8/7/2024,617.380249,7/9/2024
CalCurCEAS_021,2024-11-02T03:00:00Z,36.3405,-123.16642,Central California,60.000333,0,0,64,-3302,14.533,0.45507884,21.41898727,109.7998047,654.1107178,11/2/2024,639.7492065,10/7/2024,679.2646484,8/30/2024,,8/7/2024,617.380249,7/9/2024
CalCurCEAS_021,2024-11-02T04:00:00Z,36.34161,-123.1634,Central California,60.000458,0,0,63,-3302,14.533,0.45507884,21.41898727,109.7998047,654.1107178,11/2/2024,639.7492065,10/7/2024,679.2646484,8/30/2024,,8/7/2024,617.380249,7/9/2024
CalCurCEAS_021,2024-11-02T05:00:00Z,36.34278,-123.16008,Central California,60.000208,0,1,21,-3295,14.517,0.45507884,21.41898727,109.7998047,654.1107178,11/2/2024,639.7492065,10/7/2024,679.2646484,8/30/2024,,8/8/2024,,6/30/2024
CalCurCEAS_021,2024-11-02T06:00:00Z,36.343025,-123.15662,Central California,60.000375,0,0,36,-3285,14.517,0.45507884,21.41898727,109.7998047,654.1107178,11/2/2024,639.7492065,10/7/2024,679.2646484,8/30/2024,,8/8/2024,,6/30/2024
CalCurCEAS_021,2024-11-02T07:00:00Z,36.34263,-123.154545,Central California,60.000375,1,0,33,-3285,14.517,0.45507884,21.41898727,109.7998047,654.1107178,11/2/2024,639.7492065,10/7/2024,679.2646484,8/30/2024,,8/8/2024,,6/30/2024
CalCurCEAS_021,2024-11-02T08:00:00Z,36.34234,-123.15337,Central California,60.000333,0,0,23,-3275,14.517,0.45507884,21.41898727,109.7998047,654.1107178,11/2/2024,639.7492065,10/7/2024,679.2646484,8/30/2024,,8/8/2024,,6/30/2024
CalCurCEAS_021,2024-11-02T09:00:00Z,36.34213,-123.15188,Central California,60.000417,0,1,9,-3275,14.505,0.45507884,21.41898727,109.7998047,654.1107178,11/2/2024,639.7492065,10/7/2024,679.3353271,8/30/2024,,8/8/2024,,6/30/2024
CalCurCEAS_021,2024-11-02T10:00:00Z,36.34209,-123.15133,Central California,60.000292,4,0,7,-3275,14.509,0.45507884,21.41898727,109.7998047,654.1107178,11/2/2024,639.7492065,10/7/2024,679.3353271,8/30/2024,,8/8/2024,,6/30/2024
CalCurCEAS_021,2024-11-02T11:00:00Z,36.34263,-123.15114,Central California,60.000292,0,1,3,-3275,14.509,0.45507884,21.41898727,109.7998047,654.1107178,11/2/2024,639.7492065,10/7/2024,679.3353271,8/30/2024,,8/8/2024,,6/30/2024
CalCurCEAS_021,2024-11-02T12:00:00Z,36.34353,-123.150945,Central California,60.000333,0,0,1,-3275,14.509,0.45507884,21.41898727,109.7998047,654.1107178,11/2/2024,639.7492065,10/7/2024,679.3353271,8/30/2024,,8/8/2024,,6/30/2024
CalCurCEAS_021,2024-11-02T13:00:00Z,36.346615,-123.148555,Central California,60.000333,0,2,2,-3271,14.509,0.45507884,21.41898727,109.7998047,654.1107178,11/2/2024,639.7492065,10/7/2024,679.3353271,8/30/2024,,8/8/2024,,6/30/2024
CalCurCEAS_021,2024-11-02T14:00:00Z,36.34932,-123.14485,Central California,60.000458,0,0,2,-3263,14.516,0.45507884,21.41898727,109.7998047,654.1107178,11/2/2024,666.8078003,10/7/2024,,8/31/2024,,7/29/2024,,6/30/2024
CalCurCEAS_021,2024-11-02T15:00:00Z,36.35129,-123.14073,Central California,60.000292,0,1,9,-3260,14.516,0.45507884,21.41898727,109.7998047,654.1107178,11/2/2024,666.8078003,10/7/2024,,8/31/2024,,7/29/2024,,6/30/2024
CalCurCEAS_021,2024-11-02T16:00:00Z,36.352635,-123.134455,Central California,60.000417,0,1,1,-3251,14.516,0.45507884,21.41898727,109.7998047,654.1107178,11/2/2024,666.8078003,10/7/2024,,8/31/2024,,7/29/2024,,6/30/2024
CalCurCEAS_021,2024-11-02T17:00:00Z,36.350895,-123.129695,Central California,60.000292,0,11,6,-3241,14.516,0.45507884,21.41898727,109.7998047,654.1107178,11/2/2024,666.8078003,10/7/2024,,8/31/2024,,7/29/2024,,6/30/2024
CalCurCEAS_021,2024-11-02T18:00:00Z,36.345895,-123.127725,Central California,60.000458,1,14,4,-3228,14.516,0.45507884,21.41898727,109.7998047,654.1107178,11/2/2024,666.8078003,10/7/2024,,8/31/2024,,7/29/2024,,6/30/2024
CalCurCEAS_021,2024-11-02T19:00:00Z,36.34181,-123.12805,Central California,60.000417,1,11,13,-3227,14.516,0.45507884,21.41898727,109.7998047,654.1107178,11/2/2024,666.8078003,10/7/2024,,8/31/2024,,7/29/2024,,6/30/2024
CalCurCEAS_021,2024-11-02T20:00:00Z,36.337525,-123.130465,Central California,60.000458,0,0,9,-3232,14.526,0.45507884,21.41898727,109.7998047,654.1107178,11/2/2024,666.8078003,10/7/2024,,8/31/2024,,7/29/2024,,6/30/2024
CalCurCEAS_021,2024-11-02T21:00:00Z,36.33285,-123.134335,Central California,60.000417,0,1,5,-3237,14.526,0.454155684,19.71242905,109.6000977,647.2494507,11/2/2024,,10/8/2024,,9/3/2024,,7/30/2024,555.6504517,7/3/2024
CalCurCEAS_021,2024-11-02T22:00:00Z,36.33081,-123.13824,Central California,60.000417,0,0,7,-3240,14.544,0.454155684,19.71242905,109.6000977,647.2494507,11/2/2024,,10/8/2024,,9/3/2024,,7/30/2024,600.5267334,7/3/2024
CalCurCEAS_021,2024-11-02T23:00:00Z,36.329855,-123.14067,Central California,60.000458,0,0,11,-3240,14.544,0.454155684,19.71242905,109.6000977,647.2494507,11/2/2024,,10/8/2024,,9/3/2024,,7/30/2024,579.3591919,7/3/2024
CalCurCEAS_021,2024-11-03T00:00:00Z,36.32974,-123.142225,Central California,60.000417,0,0,3,-3244,16.826,0.55417949,25.09944153,126.3999023,609.3822021,11/3/2024,436.2645569,9/29/2024,,9/6/2024,,8/8/2024,,7/2/2024
CalCurCEAS_021,2024-11-03T01:00:00Z,36.332215,-123.14033,Central California,60.000333,0,0,9,-3240,16.675,0.55417949,25.09944153,126.3999023,609.3822021,11/3/2024,487.304657,9/30/2024,,9/8/2024,1071.893433,8/7/2024,,6/30/2024
CalCurCEAS_021,2024-11-03T02:00:00Z,36.33387,-123.13577,Central California,60.0005,0,0,7,-3235,16.708,0.599862814,27.45197105,133.3999023,671.4935913,11/3/2024,487.5016174,9/30/2024,,9/8/2024,1071.893433,8/7/2024,,6/30/2024
CalCurCEAS_021,2024-11-03T03:00:00Z,36.33412,-123.1318,Central California,60.000417,0,0,9,-3233,16.708,0.599862814,27.45197105,133.3999023,671.4935913,11/3/2024,490.3354187,9/30/2024,,9/8/2024,1016.077637,8/7/2024,,6/30/2024
CalCurCEAS_021,2024-11-03T04:00:00Z,36.333175,-123.127345,Central California,60.00025,0,1,12,-3234,16.721,0.55417949,25.09944153,126.3999023,609.3822021,11/3/2024,490.3354187,9/30/2024,,9/8/2024,1016.923157,8/7/2024,,6/30/2024
CalCurCEAS_021,2024-11-03T05:00:00Z,36.33099,-123.121427,Central California,60.000292,0,0,11,-3231,16.721,0.586082876,25.20391846,131.199707,609.3822021,11/3/2024,490.3354187,9/30/2024,,9/8/2024,1016.923157,8/7/2024,,6/30/2024
CalCurCEAS_021,2024-11-03T06:00:00Z,36.32748,-123.11773,Central California,60.0005,0,0,16,-3223,16.773,0.586082876,25.20391846,131.199707,609.3822021,11/3/2024,490.3354187,9/30/2024,,9/8/2024,,8/8/2024,,7/3/2024
CalCurCEAS_021,2024-11-03T07:00:00Z,36.324025,-123.115645,Central California,60.0005,0,5,1,-3218,16.773,0.586082876,25.20391846,131.199707,609.3822021,11/3/2024,490.3354187,9/30/2024,,9/8/2024,,8/8/2024,,7/3/2024
CalCurCEAS_021,2024-11-03T08:00:00Z,36.31872,-123.11642,Central California,60.0005,4,6,7,-3225,16.791,0.586082876,25.20391846,131.199707,609.3822021,11/3/2024,490.3354187,9/30/2024,,9/8/2024,,8/8/2024,,7/3/2024
CalCurCEAS_021,2024-11-03T09:00:00Z,36.31494,-123.11884,Central California,60.000417,2,3,3,-3230,16.85,0.586082876,25.20391846,131.199707,609.3822021,11/3/2024,494.5729675,9/30/2024,,9/8/2024,,8/8/2024,,7/3/2024
CalCurCEAS_021,2024-11-03T10:00:00Z,36.31177,-123.12125,Central California,60.000292,0,1,3,-3230,16.878,0.586082876,25.20391846,131.199707,609.3822021,11/3/2024,494.5729675,9/30/2024,,9/8/2024,,8/8/2024,,7/3/2024
CalCurCEAS_021,2024-11-03T11:00:00Z,36.31048,-123.12259,Central California,60.000375,0,2,2,-3230,16.878,0.586082876,25.20391846,131.199707,609.3822021,11/3/2024,494.5729675,9/30/2024,,9/8/2024,,8/8/2024,,7/3/2024
CalCurCEAS_021,2024-11-03T12:00:00Z,36.309665,-123.123285,Central California,60.000333,0,6,3,-3230,16.941,0.586082876,25.20391846,131.199707,609.3822021,11/3/2024,494.5729675,9/30/2024,,9/11/2024,,8/10/2024,,7/10/2024
CalCurCEAS_021,2024-11-03T13:00:00Z,36.30988,-123.12249,Central California,60.000375,0,1,1,-3230,16.98,0.586082876,25.20391846,131.199707,609.3822021,11/3/2024,494.5729675,9/30/2024,,9/11/2024,,8/10/2024,,7/10/2024
CalCurCEAS_021,2024-11-03T14:00:00Z,36.30926,-123.120435,Central California,60.000375,0,0,4,-3235,17.002,0.586082876,25.20391846,131.199707,609.3822021,11/3/2024,494.5729675,9/30/2024,,9/11/2024,,8/10/2024,,7/10/2024
CalCurCEAS_021,2024-11-03T15:00:00Z,36.306745,-123.1144,Central California,60.000542,0,2,2,-3250,17.029,0.586082876,25.20391846,131.199707,609.3822021,11/3/2024,509.7819519,9/30/2024,,9/11/2024,,8/10/2024,,7/10/2024
CalCurCEAS_021,2024-11-03T16:00:00Z,36.30292,-123.11082,Central California,60.000458,0,8,0,-3263,17.051,0.586082876,25.20391846,131.199707,609.3822021,11/3/2024,522.6362305,9/30/2024,,9/11/2024,,8/10/2024,,7/10/2024
CalCurCEAS_021,2024-11-03T17:00:00Z,36.297875,-123.11058,Central California,60.000417,0,5,1,-3267,17.069,0.586082876,25.20391846,131.199707,609.3822021,11/3/2024,522.6362305,9/30/2024,,9/11/2024,,8/10/2024,,7/10/2024
CalCurCEAS_021,2024-11-03T18:00:00Z,36.29227,-123.11174,Central California,60.000417,0,13,2,-3277,17.102,0.586082876,25.20391846,131.199707,609.3822021,11/3/2024,522.6362305,9/30/2024,,9/11/2024,,8/10/2024,,7/10/2024
CalCurCEAS_021,2024-11-03T19:00:00Z,36.287045,-123.115045,Central California,60.000208,0,5,2,-3298,17.102,0.527115345,25.03358459,122,594.0136719,11/3/2024,522.6362305,9/30/2024,,9/11/2024,,8/10/2024,,7/10/2024
CalCurCEAS_021,2024-11-03T20:00:00Z,36.28273,-123.121075,Central California,60.000458,0,0,6,-3297,17.1,0.527115345,25.03358459,122,594.0136719,11/3/2024,532.2857056,9/30/2024,,9/11/2024,,8/10/2024,,7/10/2024
CalCurCEAS_021,2024-11-03T21:00:00Z,36.27947,-123.12678,Central California,60.000292,0,1,0,-3290,17.079,0.526321948,24.49583817,121.7998047,581.7546387,11/3/2024,532.2857056,9/30/2024,,9/11/2024,,8/10/2024,,7/10/2024
CalCurCEAS_021,2024-11-03T22:00:00Z,36.27652,-123.13067,Central California,60.00025,7,13,13,-3289,17.079,0.526321948,24.49583817,121.7998047,581.7546387,11/3/2024,532.2857056,9/30/2024,,8/28/2024,,7/30/2024,,7/1/2024
CalCurCEAS_021,2024-11-03T23:00:00Z,36.27375,-123.13438,Central California,60.0005,1,3,7,-3283,17.055,0.526321948,24.49583817,121.7998047,581.7546387,11/3/2024,532.2857056,9/30/2024,,8/28/2024,,7/30/2024,,7/1/2024
CalCurCEAS_021,2024-11-04T00:00:00Z,36.271775,-123.135545,Central California,59.98375,6,19,0,-3283,17.176,,,,45.49342346,11/4/2024,423.1195679,10/3/2024,,8/29/2024,,8/2/2024,782.2745361,6/30/2024
CalCurCEAS_021,2024-11-04T01:00:00Z,36.26974,-123.134775,Central California,60.000333,12,23,0,-3299,17.106,,,,45.49342346,11/4/2024,,10/4/2024,,8/31/2024,,7/29/2024,,6/30/2024
CalCurCEAS_021,2024-11-04T02:00:00Z,36.267195,-123.132555,Central California,60.000333,21,5,2,-3324,17.106,,,,45.49342346,11/4/2024,,10/4/2024,683.6884766,9/1/2024,,8/1/2024,,7/10/2024
CalCurCEAS_021,2024-11-04T03:00:00Z,36.2644,-123.12897,Central California,60.000417,15,2,0,-3418,17.16,,,,45.49342346,11/4/2024,,10/4/2024,683.6884766,9/1/2024,,8/1/2024,,7/10/2024
CalCurCEAS_021,2024-11-04T04:00:00Z,36.26204,-123.124855,Central California,60.000292,11,12,6,-3525,17.16,,,,,11/4/2024,,10/4/2024,683.6884766,9/1/2024,,8/1/2024,,7/10/2024
CalCurCEAS_021,2024-11-04T05:00:00Z,36.25978,-123.12245,Central California,60.000417,0,34,5,-3525,17.16,,,,,11/4/2024,,10/4/2024,683.6884766,9/1/2024,,8/1/2024,,7/10/2024
CalCurCEAS_021,2024-11-04T06:00:00Z,36.25507,-123.12142,Central California,60.000542,6,32,7,-3551,17.216,,,,,11/4/2024,,10/4/2024,683.6884766,9/1/2024,,8/1/2024,,7/10/2024
CalCurCEAS_021,2024-11-04T07:00:00Z,36.24768,-123.12247,Central California,60.00025,0,2,10,-3562,17.265,,,,,11/4/2024,,10/4/2024,683.6884766,9/1/2024,,8/1/2024,,7/10/2024
CalCurCEAS_021,2024-11-04T08:00:00Z,36.243435,-123.12486,Central California,60.000375,0,3,32,-3568,17.304,,,,,11/4/2024,,10/4/2024,683.6884766,9/1/2024,,8/1/2024,,7/10/2024
CalCurCEAS_021,2024-11-04T09:00:00Z,36.23985,-123.131525,Central California,60.000292,0,2,41,-3568,17.304,,,,45.49342346,11/4/2024,,10/4/2024,683.6884766,9/1/2024,,8/1/2024,,7/11/2024
CalCurCEAS_021,2024-11-04T10:00:00Z,36.23904,-123.13517,Central California,60.00025,0,16,25,-3561,17.304,,,,45.49342346,11/4/2024,,10/4/2024,683.6884766,9/1/2024,,8/1/2024,,7/11/2024
CalCurCEAS_021,2024-11-04T11:00:00Z,36.236885,-123.13981,Central California,60.000292,0,15,38,-3566,17.304,,,,45.49342346,11/4/2024,,10/4/2024,683.6884766,9/1/2024,,8/1/2024,,7/11/2024
CalCurCEAS_021,2024-11-04T12:00:00Z,36.234455,-123.144455,Central California,60.000333,0,5,27,-3556,17.304,,,,45.49342346,11/4/2024,,10/4/2024,683.6884766,9/1/2024,,8/1/2024,,7/11/2024
CalCurCEAS_021,2024-11-04T13:00:00Z,36.23333,-123.1456,Central California,60.0005,2,4,28,-3581,17.301,,,,45.49342346,11/4/2024,,10/4/2024,683.6884766,9/1/2024,,8/1/2024,,7/11/2024
CalCurCEAS_021,2024-11-04T14:00:00Z,36.23252,-123.145805,Central California,60.000375,0,6,46,-3581,17.301,,,,45.49342346,11/4/2024,,10/4/2024,683.6884766,9/1/2024,,8/1/2024,,7/11/2024
CalCurCEAS_021,2024-11-04T15:00:00Z,36.23043,-123.14704,Central California,60.000417,0,3,73,-3572,17.301,,,,45.49342346,11/4/2024,,10/4/2024,683.6884766,9/1/2024,,8/1/2024,,7/11/2024
CalCurCEAS_021,2024-11-04T16:00:00Z,36.2297,-123.14659,Central California,60.00025,0,17,15,-3572,17.301,,,,45.49342346,11/4/2024,,10/4/2024,683.6884766,9/1/2024,,8/1/2024,,7/11/2024
CalCurCEAS_021,2024-11-04T17:00:00Z,36.2295,-123.144295,Central California,60.0005,2,2,8,-3581,17.321,,,,45.49342346,11/4/2024,,10/4/2024,683.6884766,9/1/2024,,8/1/2024,,7/11/2024
CalCurCEAS_021,2024-11-04T18:00:00Z,36.22787,-123.141645,Central California,60.000375,0,0,4,-3601,17.321,,,,45.49342346,11/4/2024,,10/4/2024,683.6884766,9/1/2024,,8/1/2024,,7/11/2024
CalCurCEAS_021,2024-11-04T19:00:00Z,36.224775,-123.1432,Central California,60.000208,0,5,8,-3599,17.301,,,,45.49342346,11/4/2024,,10/4/2024,683.6884766,9/1/2024,,8/1/2024,,7/11/2024
CalCurCEAS_021,2024-11-04T20:00:00Z,36.22103,-123.14674,Central California,60.000333,0,9,44,-3603,17.301,,,,45.49342346,11/4/2024,,10/4/2024,683.6884766,9/1/2024,,8/1/2024,,7/11/2024
CalCurCEAS_021,2024-11-04T21:00:00Z,36.217545,-123.151035,Central California,60.000375,0,2,104,-3596,17.301,,,,45.49342346,11/4/2024,,10/4/2024,683.6884766,9/1/2024,,8/1/2024,,7/11/2024
CalCurCEAS_021,2024-11-04T22:00:00Z,36.21478,-123.15425,Central California,60.000292,2,12,5,-3591,17.293,,,,45.49342346,11/4/2024,,10/4/2024,683.6884766,9/1/2024,,8/2/2024,,7/1/2024
CalCurCEAS_021,2024-11-04T23:00:00Z,36.211195,-123.156595,Central California,60.000333,3,9,18,-3584,17.293,,,,45.49342346,11/4/2024,,10/4/2024,683.6884766,9/1/2024,,8/2/2024,,7/1/2024
CalCurCEAS_021,2024-11-05T00:00:00Z,36.20829,-123.15749,Central California,60.000417,14,4,6,-3569,16.428,,,,,11/5/2024,378.3679504,10/7/2024,680.4207153,9/1/2024,,8/2/2024,,7/1/2024
CalCurCEAS_021,2024-11-05T01:00:00Z,36.20433,-123.15583,Central California,60.000333,12,8,22,-3569,16.867,,,,,11/5/2024,378.3679504,10/7/2024,680.4207153,9/1/2024,,8/2/2024,,7/1/2024
CalCurCEAS_021,2024-11-05T02:00:00Z,36.20065,-123.15395,Central California,60.000292,0,0,6,-3518,16.897,,,,,11/5/2024,377.6226501,10/7/2024,680.4207153,9/1/2024,,8/2/2024,,7/1/2024
CalCurCEAS_021,2024-11-05T03:00:00Z,36.1969,-123.15208,Central California,60.000458,0,4,20,-3483,16.897,,,,,11/5/2024,377.6226501,10/7/2024,680.4207153,9/1/2024,,8/2/2024,,7/1/2024
CalCurCEAS_021,2024-11-05T04:00:00Z,36.19353,-123.149335,Central California,60.000375,3,3,21,-3424,16.928,,,,,11/5/2024,376.3239136,10/7/2024,680.4207153,9/1/2024,,8/2/2024,,7/1/2024
CalCurCEAS_021,2024-11-05T05:00:00Z,36.19042,-123.1477,Central California,60.000292,0,2,4,-3411,16.928,,,,,11/5/2024,,10/8/2024,,9/4/2024,,8/3/2024,,7/6/2024
CalCurCEAS_021,2024-11-05T06:00:00Z,36.186473,-123.14682,Central California,60.000542,0,5,25,-3406,16.949,,,,,11/5/2024,,10/8/2024,,9/4/2024,,8/3/2024,,7/6/2024
CalCurCEAS_021,2024-11-05T07:00:00Z,36.181095,-123.147715,Central California,60.000458,0,7,5,-3405,16.982,,,,,11/5/2024,,10/8/2024,,9/4/2024,,8/3/2024,,7/6/2024
CalCurCEAS_021,2024-11-05T08:00:00Z,36.17713,-123.15264,Central California,60.0005,1,4,12,-3406,16.982,,,,,11/5/2024,,10/8/2024,,9/4/2024,,8/3/2024,,7/6/2024
CalCurCEAS_021,2024-11-05T09:00:00Z,36.17549,-123.15712,Central California,60.000417,2,5,9,-3409,16.999,,,,,11/5/2024,,10/8/2024,,9/4/2024,,8/3/2024,,7/6/2024
CalCurCEAS_021,2024-11-05T10:00:00Z,36.1742,-123.1644,Central California,60.000375,0,4,31,-3417,16.999,,,,,11/5/2024,,10/8/2024,,9/4/2024,,8/3/2024,,7/6/2024
CalCurCEAS_021,2024-11-05T11:00:00Z,36.172875,-123.16875,Central California,60.00025,1,6,8,-3425,16.999,,,,,11/5/2024,,10/8/2024,,9/4/2024,,8/3/2024,,7/6/2024
CalCurCEAS_021,2024-11-05T12:00:00Z,36.170755,-123.173175,Central California,60.000458,0,5,25,-3425,16.996,,,,,11/5/2024,,10/8/2024,,9/4/2024,,8/3/2024,,7/6/2024
CalCurCEAS_021,2024-11-05T13:00:00Z,36.16842,-123.17607,Central California,60.000333,0,2,32,-3444,16.997,,,,,11/5/2024,,10/8/2024,,9/4/2024,,8/3/2024,,7/6/2024
CalCurCEAS_021,2024-11-05T14:00:00Z,36.16481,-123.177505,Central California,60.000292,0,2,35,-3429,16.997,,,,,11/5/2024,,10/8/2024,,9/4/2024,,8/3/2024,,7/6/2024
CalCurCEAS_021,2024-11-05T15:00:00Z,36.162545,-123.177195,Central California,60.000375,3,9,29,-3429,16.997,,,,,11/5/2024,,10/8/2024,,9/4/2024,,8/3/2024,,7/6/2024
CalCurCEAS_021,2024-11-05T16:00:00Z,36.160895,-123.176615,Central California,60.00025,2,1,45,-3425,17.011,,,,,11/5/2024,,10/8/2024,,9/4/2024,,8/3/2024,,7/6/2024
CalCurCEAS_021,2024-11-05T17:00:00Z,36.15915,-123.17639,Central California,60.000333,2,1,17,-3425,17.028,,,,,11/5/2024,,10/8/2024,,9/4/2024,,8/3/2024,,7/6/2024
CalCurCEAS_021,2024-11-05T18:00:00Z,36.155665,-123.1771,Central California,60.000375,0,1,0,-3424,17.028,,,,,11/5/2024,,10/8/2024,,9/4/2024,,8/3/2024,,7/6/2024
CalCurCEAS_021,2024-11-05T19:00:00Z,36.15293,-123.17835,Central California,60.000417,1,8,9,-3425,17.044,,,,,11/5/2024,,10/8/2024,,9/4/2024,,8/3/2024,,7/6/2024
CalCurCEAS_021,2024-11-05T20:00:00Z,36.15074,-123.180785,Central California,60.0005,0,20,28,-3426,17.044,,,,,11/5/2024,,10/8/2024,,9/4/2024,,8/3/2024,,7/6/2024
CalCurCEAS_021,2024-11-05T21:00:00Z,36.14883,-123.18416,Central California,60.00025,1,21,30,-3430,17.05,,,,,11/5/2024,,10/8/2024,,9/4/2024,,8/3/2024,,7/6/2024
CalCurCEAS_021,2024-11-05T22:00:00Z,36.14862,-123.18814,Central California,60.000417,0,24,1,-3432,17.05,,,,,11/5/2024,,10/8/2024,,9/4/2024,,8/3/2024,,7/6/2024
CalCurCEAS_021,2024-11-05T23:00:00Z,36.148955,-123.191875,Central California,60.000375,0,16,35,-3447,17.05,,,,,11/5/2024,,10/8/2024,,9/4/2024,,8/3/2024,,7/6/2024
CalCurCEAS_021,2024-11-06T00:00:00Z,36.1483,-123.192455,Central California,60.000458,0,19,60,-3447,16.703,0.575792015,24.96144485,130,535.8036499,11/6/2024,,9/29/2024,,9/6/2024,,8/8/2024,,7/2/2024
CalCurCEAS_021,2024-11-06T01:00:00Z,36.14456,-123.19156,Central California,60.000375,0,3,9,-3433,16.703,0.575792015,24.96144485,130,535.8036499,11/6/2024,,9/29/2024,,9/6/2024,,8/8/2024,,7/2/2024
CalCurCEAS_021,2024-11-06T02:00:00Z,36.1393,-123.190225,Central California,60.000208,0,2,92,-3437,16.703,0.575792015,24.96144485,130,535.8036499,11/6/2024,,9/29/2024,,9/6/2024,,8/8/2024,,7/2/2024
CalCurCEAS_021,2024-11-06T03:00:00Z,36.132315,-123.188925,Central California,60.000417,0,0,104,-3441,16.72,0.575792015,24.96144485,130,535.8036499,11/6/2024,,9/29/2024,,9/6/2024,,8/8/2024,,7/2/2024
CalCurCEAS_021,2024-11-06T04:00:00Z,36.126485,-123.18693,Central California,60.000375,0,4,109,-3439,16.72,0.575792015,24.96144485,130,535.8036499,11/6/2024,,9/29/2024,,9/6/2024,,8/8/2024,,7/2/2024
CalCurCEAS_021,2024-11-06T05:00:00Z,36.12362,-123.18599,Central California,60.000375,0,1,54,-3446,16.72,0.583013117,25.06955719,131.199707,530.5484619,11/6/2024,,9/29/2024,,9/6/2024,,8/8/2024,,7/2/2024
CalCurCEAS_021,2024-11-06T06:00:00Z,36.12102,-123.185973,Central California,60.000292,0,14,24,-3446,16.732,0.583013117,25.06955719,131.199707,530.5484619,11/6/2024,,9/29/2024,,9/6/2024,,8/8/2024,822.7728882,7/3/2024
CalCurCEAS_021,2024-11-06T07:00:00Z,36.1178,-123.18594,Central California,60.00025,0,11,104,-3456,16.732,0.583013117,25.06955719,131.199707,530.5484619,11/6/2024,,9/29/2024,,9/6/2024,,8/8/2024,,7/3/2024
CalCurCEAS_021,2024-11-06T08:00:00Z,36.115615,-123.186875,Central California,60.000333,0,8,46,-3469,16.732,0.583013117,25.06955719,131.199707,530.5484619,11/6/2024,,9/29/2024,,9/7/2024,,7/30/2024,,7/4/2024
CalCurCEAS_021,2024-11-06T09:00:00Z,36.113315,-123.19064,Central California,60.000333,0,1,8,-3464,16.26,0.583013117,25.06955719,131.199707,530.5484619,11/6/2024,,9/29/2024,,9/7/2024,,7/30/2024,,7/4/2024
CalCurCEAS_021,2024-11-06T10:00:00Z,36.11314,-123.195965,Central California,60.000292,0,1,2,-3469,16.226,0.583013117,25.06955719,131.199707,530.5484619,11/6/2024,,9/29/2024,,9/7/2024,,7/30/2024,,7/4/2024
CalCurCEAS_021,2024-11-06T11:00:00Z,36.11476,-123.19856,Central California,60.000417,0,4,1,-3469,16.226,0.583013117,25.06955719,131.199707,530.5484619,11/6/2024,,9/29/2024,,9/7/2024,,7/30/2024,,7/4/2024
CalCurCEAS_021,2024-11-06T12:00:00Z,36.114925,-123.200805,Central California,60.000292,0,1,2,-3477,16.226,0.583013117,25.06955719,131.199707,530.5484619,11/6/2024,,9/29/2024,,9/7/2024,,7/30/2024,,7/5/2024
CalCurCEAS_021,2024-11-06T13:00:00Z,36.1143,-123.20457,Central California,60.000333,0,0,5,-3487,16.226,0.583013117,25.06955719,131.199707,530.5484619,11/6/2024,,9/29/2024,,9/7/2024,,7/30/2024,,7/5/2024
CalCurCEAS_021,2024-11-06T14:00:00Z,36.11409,-123.20555,Central California,60.000375,0,0,4,-3487,16.23,0.583013117,25.06955719,131.199707,530.5484619,11/6/2024,,9/29/2024,,9/7/2024,,7/30/2024,,7/5/2024
CalCurCEAS_021,2024-11-06T15:00:00Z,36.11275,-123.20635,Central California,60.000292,0,0,9,-3487,16.23,0.583013117,25.06955719,131.199707,530.5484619,11/6/2024,,9/29/2024,,9/7/2024,,7/30/2024,,7/5/2024
CalCurCEAS_021,2024-11-06T16:00:00Z,36.11208,-123.20751,Central California,60.00025,0,2,26,-3487,16.23,0.583013117,25.06955719,131.199707,530.5484619,11/6/2024,,9/29/2024,,9/7/2024,,7/30/2024,,7/5/2024
CalCurCEAS_021,2024-11-06T17:00:00Z,36.1101,-123.2097,Central California,60.000292,0,1,6,-3496,16.231,0.576328337,24.88647461,130.199707,533.6781616,11/6/2024,635.3811035,9/30/2024,,8/28/2024,,7/30/2024,,7/1/2024
CalCurCEAS_021,2024-11-06T18:00:00Z,36.109195,-123.211295,Central California,60.000375,0,0,1,-3496,16.231,0.576328337,24.88647461,130.199707,533.6781616,11/6/2024,635.3811035,9/30/2024,,8/28/2024,,7/30/2024,,7/1/2024
CalCurCEAS_021,2024-11-06T19:00:00Z,36.10921,-123.21496,Central California,60.000458,0,7,1,-3508,16.231,0.576328337,24.88647461,130.199707,533.6781616,11/6/2024,635.3811035,9/30/2024,,8/28/2024,,7/30/2024,,7/1/2024
CalCurCEAS_021,2024-11-06T20:00:00Z,36.110035,-123.21961,Central California,60.000167,0,1,1,-3520,16.231,0.576328337,24.88647461,130.199707,533.6781616,11/6/2024,635.3811035,9/30/2024,,8/28/2024,,7/30/2024,,7/1/2024
CalCurCEAS_021,2024-11-06T21:00:00Z,36.11322,-123.22383,Central California,60.000333,0,0,1,-3546,16.231,0.576328337,24.88647461,130.199707,533.6781616,11/6/2024,635.3811035,9/30/2024,,8/28/2024,,7/30/2024,,7/1/2024
CalCurCEAS_021,2024-11-06T22:00:00Z,36.11666,-123.22686,Central California,60.000458,0,1,4,-3573,16.233,0.576328337,24.88647461,130.199707,533.6781616,11/6/2024,635.3811035,9/30/2024,,8/28/2024,,7/30/2024,,7/1/2024
CalCurCEAS_021,2024-11-06T23:00:00Z,36.11985,-123.22962,Central California,60.000375,0,1,10,-3630,16.233,0.576328337,24.88647461,130.199707,533.6781616,11/6/2024,635.3811035,9/30/2024,,8/28/2024,,7/30/2024,,7/1/2024
CalCurCEAS_021,2024-11-07T00:00:00Z,36.12188,-123.23143,Central California,60.000333,0,1,27,-3644,16.334,,,,,11/7/2024,,10/3/2024,,8/29/2024,,8/2/2024,782.2745361,6/30/2024
CalCurCEAS_021,2024-11-07T01:00:00Z,36.12283,-123.23182,Central California,60.000375,0,0,46,-3644,16.334,,,,,11/7/2024,,10/3/2024,,8/29/2024,,8/2/2024,,7/1/2024
CalCurCEAS_021,2024-11-07T02:00:00Z,36.121925,-123.23052,Central California,60.000333,0,0,19,-3644,16.334,,,,,11/7/2024,,10/3/2024,,8/29/2024,,8/2/2024,,7/1/2024
CalCurCEAS_021,2024-11-07T03:00:00Z,36.11835,-123.23027,Central California,60.000292,0,4,50,-3630,16.334,,,,,11/7/2024,,10/3/2024,,8/29/2024,,8/2/2024,,7/1/2024
CalCurCEAS_021,2024-11-07T04:00:00Z,36.11479,-123.230555,Central California,60.000375,0,0,8,-3619,16.334,,,,,11/7/2024,,10/3/2024,,8/29/2024,,8/2/2024,,7/1/2024
CalCurCEAS_021,2024-11-07T05:00:00Z,36.11055,-123.23254,Central California,60.000417,0,0,5,-3600,16.347,,,,,11/7/2024,,10/3/2024,,8/29/2024,,8/3/2024,,7/4/2024
CalCurCEAS_021,2024-11-07T06:00:00Z,36.109475,-123.234695,Central California,60.000417,0,2,4,-3630,16.347,,,,,11/7/2024,,10/3/2024,,8/29/2024,,8/3/2024,,7/4/2024
CalCurCEAS_021,2024-11-07T07:00:00Z,36.10797,-123.24141,Central California,60.000292,0,0,29,-3638,16.347,,,,,11/7/2024,,10/3/2024,,8/29/2024,,8/3/2024,,7/4/2024
CalCurCEAS_021,2024-11-07T08:00:00Z,36.10775,-123.246925,Central California,59.859583,0,3,9,-3665,16.347,,,,,11/7/2024,,10/3/2024,,8/29/2024,,8/3/2024,,7/4/2024
CalCurCEAS_021,2024-11-07T09:00:00Z,36.109,-123.25328,Central California,60.000417,0,9,4,-3645,16.533,,,,,11/7/2024,,10/3/2024,,8/29/2024,,8/3/2024,,7/4/2024
CalCurCEAS_021,2024-11-07T10:00:00Z,36.11307,-123.258095,Central California,59.984792,0,0,9,-3602,16.547,,,,,11/7/2024,,10/3/2024,,8/29/2024,,8/3/2024,,7/4/2024
CalCurCEAS_021,2024-11-07T11:00:00Z,36.119785,-123.263105,Central California,60.000375,0,3,4,-3555,16.563,,,,,11/7/2024,518.3180542,10/3/2024,,8/29/2024,,8/3/2024,,7/4/2024
CalCurCEAS_021,2024-11-07T12:00:00Z,36.12619,-123.26615,Central California,60.000417,0,17,9,-3508,16.563,,,,,11/7/2024,518.3180542,10/3/2024,,8/29/2024,,8/3/2024,,7/4/2024
CalCurCEAS_021,2024-11-07T13:00:00Z,36.13036,-123.26904,Central California,60.000375,0,3,12,-3465,16.576,,,,,11/7/2024,,10/4/2024,683.6884766,9/1/2024,,8/2/2024,,7/1/2024
CalCurCEAS_021,2024-11-07T14:00:00Z,36.13348,-123.27085,Central California,56.000375,0,23,18,-3451,16.576,,,,,11/7/2024,,10/4/2024,674.8156128,9/2/2024,,8/5/2024,,7/2/2024
CalCurCEAS_022,2024-10-27T14:00:00Z,34.95005,-123.6134,Central California,54.00025,0,5,8,-4149,15.967,,,,,10/27/2024,,9/28/2024,,8/31/2024,,8/8/2024,,7/1/2024
CalCurCEAS_022,2024-10-27T15:00:00Z,34.943495,-123.622875,Central California,60.000292,0,7,4,-4164,15.417,,,,,10/27/2024,420.2507629,9/29/2024,,9/3/2024,,8/7/2024,,7/10/2024
CalCurCEAS_022,2024-10-27T16:00:00Z,34.93458,-123.63753,Central California,60.000458,1,14,14,-4176,15.5,,,,,10/27/2024,420.2507629,9/29/2024,,9/3/2024,,8/7/2024,,7/10/2024
CalCurCEAS_022,2024-10-27T17:00:00Z,34.924935,-123.65402,Central California,60.00025,4,0,0,-4198,15.544,,,,,10/27/2024,420.2507629,9/29/2024,,9/3/2024,,8/7/2024,,7/10/2024
CalCurCEAS_022,2024-10-27T18:00:00Z,34.91665,-123.6687,Central California,60.000417,0,3,9,-4192,15.567,,,,,10/27/2024,420.2507629,9/29/2024,,9/3/2024,,8/7/2024,,7/10/2024
CalCurCEAS_022,2024-10-27T19:00:00Z,34.9076,-123.68533,Central California,60.000333,2,13,7,-4184,15.548,,,,,10/27/2024,414.7035217,9/29/2024,,9/3/2024,,8/7/2024,,7/10/2024
CalCurCEAS_022,2024-10-27T20:00:00Z,34.89778,-123.70331,Central California,60.000333,0,15,9,-4188,15.582,,,,,10/27/2024,414.7035217,9/29/2024,,9/3/2024,,8/7/2024,,7/10/2024
CalCurCEAS_022,2024-10-27T21:00:00Z,34.88785,-123.72129,Central California,60.00025,0,16,4,-4191,15.568,,,,,10/27/2024,415.2757263,9/29/2024,,9/3/2024,,8/7/2024,,7/10/2024
CalCurCEAS_022,2024-10-27T22:00:00Z,34.880765,-123.738735,Central California,60.000542,0,18,0,-4194,15.515,,,,,10/27/2024,415.2757263,9/29/2024,,9/3/2024,,8/7/2024,,7/10/2024
CalCurCEAS_022,2024-10-27T23:00:00Z,34.875745,-123.7562,Central California,60.000333,0,4,4,-4194,15.45,,,,,10/27/2024,415.2757263,9/29/2024,,9/3/2024,,8/7/2024,,7/10/2024
CalCurCEAS_022,2024-10-28T00:00:00Z,34.872255,-123.77547,Central California,60.000417,2,13,4,-4195,15.659,,,,,10/28/2024,,10/1/2024,,8/29/2024,,8/1/2024,,7/10/2024
CalCurCEAS_022,2024-10-28T01:00:00Z,34.870625,-123.791605,Central California,60.0005,1,46,0,-4190,15.676,,,,,10/28/2024,,10/1/2024,,8/29/2024,,8/1/2024,,7/10/2024
CalCurCEAS_022,2024-10-28T02:00:00Z,34.86841,-123.8068,Central California,59.995208,0,9,2,-4179,15.667,,,,,10/28/2024,,10/1/2024,,8/29/2024,,8/2/2024,806.0298462,6/30/2024
CalCurCEAS_022,2024-10-28T03:00:00Z,34.86567,-123.82173,Central California,60.000375,4,4,3,-4237,15.667,,,,,10/28/2024,,10/1/2024,,8/29/2024,,8/2/2024,806.0298462,6/30/2024
CalCurCEAS_022,2024-10-28T04:00:00Z,34.86352,-123.83487,Central California,60.000333,8,7,6,-4233,15.691,,,,,10/28/2024,,10/1/2024,,8/29/2024,,8/2/2024,806.0298462,6/30/2024
CalCurCEAS_022,2024-10-28T05:00:00Z,34.86254,-123.844675,Central California,60.000333,3,8,1,-4233,15.718,,,,,10/28/2024,,10/1/2024,,8/29/2024,,8/2/2024,806.0298462,6/30/2024
CalCurCEAS_022,2024-10-28T06:00:00Z,34.85967,-123.868475,Central California,60.000417,2,0,2,-4226,15.711,,,,,10/28/2024,,10/1/2024,,8/29/2024,,8/2/2024,806.0298462,6/30/2024
CalCurCEAS_022,2024-10-28T07:00:00Z,34.85864,-123.88186,Central California,60.000458,0,0,0,-4224,15.711,,,,,10/28/2024,,10/1/2024,,8/29/2024,,8/2/2024,806.0298462,6/30/2024
CalCurCEAS_022,2024-10-28T08:00:00Z,34.8556,-123.893325,Central California,60.000417,0,5,3,-4216,15.745,,,,,10/28/2024,,10/1/2024,,8/29/2024,,8/2/2024,806.0298462,6/30/2024
CalCurCEAS_022,2024-10-28T09:00:00Z,34.85102,-123.907145,Central California,60.000292,1,11,0,-4214,15.783,,,,,10/28/2024,,10/1/2024,,8/29/2024,,8/2/2024,806.0298462,6/30/2024
CalCurCEAS_022,2024-10-28T10:00:00Z,34.84751,-123.91761,Central California,59.983833,0,5,18,-4216,15.783,,,,,10/28/2024,,10/1/2024,,8/29/2024,,8/2/2024,806.0298462,6/30/2024
CalCurCEAS_022,2024-10-28T11:00:00Z,34.84215,-123.934695,Central California,60.000208,0,4,11,-4235,15.781,,,,,10/28/2024,,10/1/2024,609.4988403,8/30/2024,,8/5/2024,,7/1/2024
CalCurCEAS_022,2024-10-28T12:00:00Z,34.83816,-123.9526,Central California,60.000292,1,4,3,-4237,15.781,,,,,10/28/2024,,10/1/2024,609.4988403,8/30/2024,,8/5/2024,,7/1/2024
CalCurCEAS_022,2024-10-28T13:00:00Z,34.837205,-123.96814,Central California,60.000375,0,4,5,-4243,15.781,,,,,10/28/2024,,10/1/2024,625.0946655,8/30/2024,,8/5/2024,,7/1/2024
CalCurCEAS_022,2024-10-28T14:00:00Z,34.837595,-123.98894,Central California,60.000458,0,10,1,-4250,15.787,,,,,10/28/2024,,10/1/2024,625.0946655,8/30/2024,,8/5/2024,,7/1/2024
CalCurCEAS_022,2024-10-28T15:00:00Z,34.83886,-124.00009,Central California,60.000208,0,3,11,-4244,15.606,,,,,10/28/2024,338.021698,10/2/2024,602.612793,9/2/2024,,8/4/2024,,7/9/2024
CalCurCEAS_022,2024-10-28T16:00:00Z,34.839925,-124.014945,Central California,60.000458,0,6,0,-4235,15.608,,,,,10/28/2024,338.021698,10/2/2024,602.612793,9/2/2024,,8/4/2024,,7/9/2024
CalCurCEAS_022,2024-10-28T17:00:00Z,34.841175,-124.0353,Central California,60.000292,0,6,0,-4236,15.65,,,,,10/28/2024,341.2193909,10/2/2024,602.612793,9/2/2024,,8/4/2024,,7/9/2024
CalCurCEAS_022,2024-10-28T18:00:00Z,34.84188,-124.04813,Central California,60.000375,0,22,1,-4242,15.679,,,,,10/28/2024,336.5498047,10/2/2024,602.612793,9/2/2024,,8/4/2024,,7/9/2024
CalCurCEAS_022,2024-10-28T19:00:00Z,34.843195,-124.06166,Central California,60.000417,0,11,0,-4241,15.7,,,,,10/28/2024,336.5498047,10/2/2024,602.612793,9/2/2024,,8/4/2024,,7/9/2024
CalCurCEAS_022,2024-10-28T20:00:00Z,34.844585,-124.077055,Central California,60.0005,0,3,0,-4230,15.7,,,,,10/28/2024,336.5498047,10/2/2024,602.612793,9/2/2024,,8/4/2024,,7/9/2024
CalCurCEAS_022,2024-10-28T21:00:00Z,34.84651,-124.09181,Central California,59.981,0,3,0,-4206,15.728,,,,,10/28/2024,336.5498047,10/2/2024,602.612793,9/2/2024,,8/4/2024,,7/9/2024
CalCurCEAS_022,2024-10-28T22:00:00Z,34.848705,-124.10642,Central California,60.0005,0,2,0,-4214,15.753,,,,,10/28/2024,349.8711548,10/2/2024,602.612793,9/2/2024,,8/4/2024,,7/9/2024
CalCurCEAS_022,2024-10-28T23:00:00Z,34.851435,-124.12187,Central California,60.000458,0,20,0,-4196,15.753,,,,,10/28/2024,349.8711548,10/2/2024,602.612793,9/2/2024,,8/4/2024,,7/9/2024
CalCurCEAS_022,2024-10-29T00:00:00Z,34.85425,-124.13227,Central California,60.000375,0,3,1,-4183,15.728,,,,,10/29/2024,439.3761597,10/5/2024,,9/3/2024,,8/9/2024,,7/5/2024
CalCurCEAS_022,2024-10-29T01:00:00Z,34.85727,-124.14249,Central California,60.000417,0,7,0,-4165,15.83,,,,,10/29/2024,440.4773254,10/5/2024,,9/3/2024,,8/9/2024,,7/5/2024
CalCurCEAS_022,2024-10-29T02:00:00Z,34.86199,-124.1535,Central California,59.975958,0,7,0,-4134,15.924,,,,,10/29/2024,440.4773254,10/5/2024,,9/3/2024,,8/9/2024,,7/6/2024
CalCurCEAS_022,2024-10-29T03:00:00Z,34.86531,-124.16057,Central California,60.000292,0,9,0,-4118,16.037,,,,,10/29/2024,440.4773254,10/5/2024,,9/3/2024,,8/9/2024,,7/6/2024
CalCurCEAS_022,2024-10-29T04:00:00Z,34.868785,-124.16924,Central California,60.0005,0,16,0,-4117,16.082,0.239357874,23.92337608,70.79980469,520.0286865,10/29/2024,436.5742493,10/5/2024,,9/3/2024,713.3989258,7/29/2024,,6/30/2024
CalCurCEAS_022,2024-10-29T05:00:00Z,34.870795,-124.17453,Central California,60.00025,0,18,0,-4115,16.235,0.239357874,23.92337608,70.79980469,520.0286865,10/29/2024,436.5742493,10/5/2024,,9/3/2024,713.3989258,7/29/2024,,7/1/2024
CalCurCEAS_022,2024-10-29T06:00:00Z,34.872595,-124.187145,Central California,60.000333,0,13,0,-4096,16.548,0.239357874,23.92337608,70.79980469,520.0286865,10/29/2024,436.5742493,10/5/2024,,9/3/2024,,7/29/2024,,7/1/2024
CalCurCEAS_022,2024-10-29T07:00:00Z,34.87065,-124.19724,Central California,60.000375,0,2,0,-4104,16.729,0.239357874,23.92337608,70.79980469,520.0286865,10/29/2024,436.5742493,10/5/2024,,9/3/2024,,7/29/2024,,7/1/2024
CalCurCEAS_022,2024-10-29T08:00:00Z,34.867425,-124.207285,Central California,60.000292,0,5,0,-4123,16.887,0.239357874,23.92337608,70.79980469,520.0286865,10/29/2024,456.1799622,10/5/2024,,9/3/2024,,7/29/2024,,7/1/2024
CalCurCEAS_022,2024-10-29T09:00:00Z,34.86281,-124.2187,Central California,60.000375,0,15,0,-4203,16.887,0.237176299,24.50971603,70.59985352,519.0718994,10/29/2024,456.1799622,10/5/2024,,9/3/2024,,7/29/2024,,7/1/2024
CalCurCEAS_022,2024-10-29T10:00:00Z,34.860445,-124.23061,Central California,60.000375,0,0,0,-4280,17,0.237176299,24.50971603,70.59985352,519.0718994,10/29/2024,456.1799622,10/5/2024,,9/3/2024,,7/29/2024,,7/1/2024
CalCurCEAS_022,2024-10-29T11:00:00Z,34.85873,-124.247935,Central California,60.000458,0,7,0,-4271,17.1,0.237176299,24.50971603,70.59985352,519.0718994,10/29/2024,456.1799622,10/5/2024,,9/3/2024,,7/29/2024,,7/1/2024
CalCurCEAS_022,2024-10-29T12:00:00Z,34.85897,-124.263085,Central California,60.000417,0,1,2,-4295,17.069,0.234994709,25.09605598,70.39990234,518.1150513,10/29/2024,456.1799622,10/5/2024,,9/3/2024,,7/29/2024,,7/1/2024
CalCurCEAS_022,2024-10-29T13:00:00Z,34.86146,-124.27734,Central California,60.000292,0,4,0,-4297,17.108,0.234994709,25.09605598,70.39990234,518.1150513,10/29/2024,456.1799622,10/5/2024,,9/3/2024,,7/29/2024,,7/1/2024
CalCurCEAS_022,2024-10-29T14:00:00Z,34.86439,-124.28872,Central California,60.000375,0,15,0,-4289,17.108,0.234994709,25.09605598,70.39990234,518.1150513,10/29/2024,487.6944275,10/5/2024,,9/3/2024,,7/30/2024,379.0414734,7/3/2024
CalCurCEAS_022,2024-10-29T15:00:00Z,34.8695,-124.30573,Central California,60.000375,0,22,0,-4284,15.266,0.232405677,25.49720764,70.39990234,515.899353,10/29/2024,481.3062439,10/6/2024,,9/6/2024,,8/10/2024,,7/9/2024
CalCurCEAS_022,2024-10-29T16:00:00Z,34.87573,-124.318345,Central California,60.000417,0,23,0,-4286,15.275,,,,,10/29/2024,481.3062439,10/6/2024,,9/6/2024,,8/10/2024,,7/9/2024
CalCurCEAS_022,2024-10-29T17:00:00Z,34.88323,-124.33135,Central California,60.000333,0,33,0,-4296,15.244,,,,,10/29/2024,541.8903809,10/6/2024,,9/6/2024,,8/10/2024,,7/9/2024
CalCurCEAS_022,2024-10-29T18:00:00Z,34.890065,-124.341605,Central California,60.000375,0,14,0,-4298,15.216,,,,,10/29/2024,541.8903809,10/6/2024,,9/6/2024,,8/10/2024,,7/9/2024
CalCurCEAS_022,2024-10-29T19:00:00Z,34.896615,-124.349305,Central California,60.0005,0,28,0,-4291,15.22,,,,,10/29/2024,557.1771851,10/6/2024,,9/6/2024,,8/10/2024,,7/10/2024
CalCurCEAS_022,2024-10-29T20:00:00Z,34.9017,-124.35521,Central California,60.000583,0,18,0,-4289,15.226,,,,,10/29/2024,566.5691528,10/6/2024,,9/7/2024,,8/1/2024,,6/29/2024
CalCurCEAS_022,2024-10-29T21:00:00Z,34.90475,-124.359805,Central California,60.000375,0,5,0,-4289,15.277,,,,,10/29/2024,566.5691528,10/6/2024,,9/7/2024,,8/1/2024,,6/29/2024
CalCurCEAS_022,2024-10-29T22:00:00Z,34.90878,-124.36448,Central California,60.000333,0,10,0,-4292,15.283,,,,,10/29/2024,569.6613159,10/6/2024,,9/7/2024,,8/1/2024,,6/29/2024
CalCurCEAS_022,2024-10-29T23:00:00Z,34.91133,-124.36874,Central California,60.000417,0,1,0,-4293,15.284,,,,,10/29/2024,569.6613159,10/6/2024,,9/7/2024,,8/1/2024,,6/29/2024
CalCurCEAS_022,2024-10-30T00:00:00Z,34.913435,-124.37415,Central California,60.000333,0,29,1,-4298,15.008,0.218060285,19.13925362,62.69995117,540.8733521,10/30/2024,,10/9/2024,,9/6/2024,,7/30/2024,,7/4/2024
CalCurCEAS_022,2024-10-30T01:00:00Z,34.91605,-124.37841,Central California,60.000292,0,34,1,-4296,14.999,0.21669659,19.66774368,62.79980469,539.211792,10/30/2024,,10/9/2024,,9/6/2024,,7/30/2024,,7/4/2024
CalCurCEAS_022,2024-10-30T02:00:00Z,34.9178,-124.38183,Central California,60.000417,0,22,0,-4298,14.984,0.216847807,18.81617737,61.80004883,545.0270386,10/30/2024,,10/9/2024,,9/6/2024,,7/30/2024,,7/4/2024
CalCurCEAS_022,2024-10-30T03:00:00Z,34.92068,-124.386845,Central California,59.977333,0,23,2,-4299,14.97,0.216847807,18.81617737,61.80004883,545.0270386,10/30/2024,,10/9/2024,,9/6/2024,,7/30/2024,,7/4/2024
CalCurCEAS_022,2024-10-30T04:00:00Z,34.92446,-124.39176,Central California,60.00025,0,27,0,-4299,14.958,0.216847807,18.81617737,61.80004883,545.0270386,10/30/2024,,10/9/2024,,9/6/2024,,7/30/2024,,7/4/2024
CalCurCEAS_022,2024-10-30T05:00:00Z,34.927403,-124.39541,Central California,60.000417,0,27,0,-4298,14.958,0.216847807,18.81617737,61.80004883,545.0270386,10/30/2024,,10/9/2024,,9/7/2024,,8/2/2024,733.5574341,7/3/2024
CalCurCEAS_022,2024-10-30T06:00:00Z,34.930505,-124.40327,Central California,60.0005,0,4,0,-4295,14.997,0.216847807,18.81617737,61.80004883,545.0270386,10/30/2024,,10/9/2024,,9/7/2024,,8/2/2024,733.5574341,7/3/2024
CalCurCEAS_022,2024-10-30T07:00:00Z,34.933725,-124.412195,Central California,60.000375,0,4,0,-4291,15.047,0.216847807,18.81617737,61.80004883,545.0270386,10/30/2024,,10/9/2024,,9/7/2024,,8/2/2024,733.5574341,7/3/2024
CalCurCEAS_022,2024-10-30T08:00:00Z,34.93608,-124.41922,Central California,60.000333,0,9,0,-4297,15.136,0.213319212,21.58588409,63.69995117,551.3569336,10/30/2024,,10/9/2024,,9/7/2024,,8/2/2024,733.5574341,7/3/2024
CalCurCEAS_022,2024-10-30T09:00:00Z,34.938885,-124.425015,Central California,60.00025,0,8,0,-4294,15.126,0.213319212,21.58588409,63.69995117,551.3569336,10/30/2024,,10/9/2024,,9/7/2024,,8/2/2024,733.5574341,7/3/2024
CalCurCEAS_022,2024-10-30T10:00:00Z,34.94378,-124.4342,Central California,60.000417,0,0,1,-4291,15.204,0.213319212,21.58588409,63.69995117,551.3569336,10/30/2024,,10/9/2024,,9/7/2024,,8/2/2024,733.5574341,7/3/2024
CalCurCEAS_022,2024-10-30T11:00:00Z,34.94808,-124.43999,Central California,60.000375,0,5,0,-4288,15.287,0.213319212,21.58588409,63.69995117,551.3569336,10/30/2024,,10/10/2024,,9/8/2024,,8/9/2024,,7/7/2024
CalCurCEAS_022,2024-10-30T12:00:00Z,34.952415,-124.44583,Central California,60.000292,0,1,0,-4286,15.39,0.213319212,21.58588409,63.69995117,551.3569336,10/30/2024,,10/10/2024,,9/8/2024,,8/9/2024,,7/7/2024
CalCurCEAS_022,2024-10-30T13:00:00Z,34.95773,-124.45237,Central California,60.00025,0,1,7,-4283,15.378,0.213319212,21.58588409,63.69995117,551.3569336,10/30/2024,,10/10/2024,,9/8/2024,,8/9/2024,,7/7/2024
CalCurCEAS_022,2024-10-30T14:00:00Z,34.962295,-124.45729,Central California,60.000417,0,0,0,-4284,15.421,,,,535.1329956,10/30/2024,,10/10/2024,,9/8/2024,,8/9/2024,,7/7/2024
CalCurCEAS_022,2024-10-30T15:00:00Z,34.969975,-124.462085,Central California,59.996542,0,2,1,-4290,16.543,,,,,10/30/2024,,10/10/2024,,9/8/2024,,8/9/2024,,7/7/2024
CalCurCEAS_022,2024-10-30T16:00:00Z,34.980965,-124.46485,Central California,60.000333,0,1,0,-4300,16.591,,,,,10/30/2024,,10/10/2024,,9/8/2024,,8/9/2024,,7/7/2024
CalCurCEAS_022,2024-10-30T17:00:00Z,34.98656,-124.46628,Central California,60.000333,0,2,0,-4301,16.568,,,,,10/30/2024,,10/10/2024,,9/8/2024,,8/9/2024,817.9816895,7/8/2024
CalCurCEAS_022,2024-10-30T18:00:00Z,34.99374,-124.468267,Central California,60.000333,0,1,0,-4297,16.537,,,,,10/30/2024,,10/10/2024,,9/8/2024,,8/9/2024,817.9816895,7/8/2024
CalCurCEAS_022,2024-10-30T19:00:00Z,35.00092,-124.470255,Central California,60.000458,0,2,0,-4286,16.549,,,,,10/30/2024,,10/10/2024,,9/8/2024,,8/9/2024,817.9816895,7/8/2024
CalCurCEAS_022,2024-10-30T20:00:00Z,35.008855,-124.471365,Central California,60.000542,0,6,4,-4289,16.441,,,,,10/30/2024,,10/10/2024,,9/8/2024,,8/9/2024,817.9816895,7/8/2024
CalCurCEAS_022,2024-10-30T21:00:00Z,35.01441,-124.47121,Central California,60.000417,0,5,1,-4292,16.517,,,,,10/30/2024,549.184021,9/27/2024,,8/29/2024,,7/31/2024,,7/5/2024
CalCurCEAS_022,2024-10-30T22:00:00Z,35.01784,-124.47085,Central California,60.000417,0,8,1,-4295,16.331,,,,,10/30/2024,549.184021,9/27/2024,,8/29/2024,,7/31/2024,,7/5/2024
CalCurCEAS_022,2024-10-30T23:00:00Z,35.02201,-124.46838,Central California,60.000333,0,0,25,-4293,16.11,,,,,10/30/2024,549.184021,9/27/2024,,8/29/2024,,7/31/2024,,7/5/2024
CalCurCEAS_022,2024-10-31T00:00:00Z,35.02357,-124.46686,Central California,60.000333,0,2,1,-4293,15.535,0.242343947,17.46485329,66,478.4590454,10/31/2024,500.7071838,9/30/2024,,9/8/2024,,8/4/2024,520.6854248,6/30/2024
CalCurCEAS_022,2024-10-31T01:00:00Z,35.024687,-124.46464,Central California,60.000292,0,8,8,-4290,15.513,0.242343947,17.46485329,66,478.4590454,10/31/2024,500.7071838,9/30/2024,,9/8/2024,,8/4/2024,520.6854248,6/30/2024
CalCurCEAS_022,2024-10-31T02:00:00Z,35.02549,-124.46563,Central California,60.000333,0,4,4,-4292,15.513,0.242343947,17.46485329,66,478.4590454,10/31/2024,500.7071838,9/30/2024,,9/8/2024,,8/4/2024,520.6854248,6/30/2024
CalCurCEAS_022,2024-10-31T03:00:00Z,35.02787,-124.468385,Central California,60.000375,0,0,2,-4294,15.497,0.242343947,17.46485329,66,478.4590454,10/31/2024,500.7071838,9/30/2024,,9/8/2024,,8/4/2024,520.6854248,6/30/2024
CalCurCEAS_022,2024-10-31T04:00:00Z,35.032265,-124.47088,Central California,60.000458,0,28,0,-4294,15.497,0.242343947,17.46485329,66,478.4590454,10/31/2024,500.7071838,9/30/2024,,9/8/2024,,8/4/2024,511.9177246,6/30/2024
CalCurCEAS_022,2024-10-31T05:00:00Z,35.036063,-124.47218,Central California,59.972417,0,27,0,-4291,15.497,0.242343947,17.46485329,66,478.4590454,10/31/2024,500.7071838,9/30/2024,,9/8/2024,,8/4/2024,511.9177246,6/30/2024
CalCurCEAS_022,2024-10-31T06:00:00Z,35.041785,-124.474055,Central California,60.000375,0,11,1,-4285,15.504,0.257361233,17.61817169,70.39990234,515.4660645,10/31/2024,500.7071838,9/30/2024,,9/8/2024,,8/4/2024,511.9177246,6/30/2024
CalCurCEAS_022,2024-10-31T07:00:00Z,35.0465,-124.47544,Central California,60.000458,0,9,0,-4281,15.504,0.257361233,17.61817169,70.39990234,515.4660645,10/31/2024,500.7071838,9/30/2024,,9/8/2024,1071.410767,8/7/2024,,7/12/2024
CalCurCEAS_022,2024-10-31T08:00:00Z,35.05195,-124.47628,Central California,60.000458,0,16,0,-4279,15.504,0.257361233,17.61817169,70.39990234,515.4660645,10/31/2024,500.7071838,9/30/2024,,9/8/2024,1084.272949,8/7/2024,,7/12/2024
CalCurCEAS_022,2024-10-31T09:00:00Z,35.05629,-124.47591,Central California,60.000417,0,26,0,-4279,15.521,0.257361233,17.61817169,70.39990234,515.4660645,10/31/2024,500.7071838,9/30/2024,,9/8/2024,1084.272949,8/7/2024,,7/12/2024
CalCurCEAS_022,2024-10-31T10:00:00Z,35.05804,-124.47566,Central California,60.000333,0,15,2,-4279,15.518,0.257361233,17.61817169,70.39990234,515.4660645,10/31/2024,500.7071838,9/30/2024,,9/8/2024,1084.272949,8/7/2024,,7/12/2024
CalCurCEAS_022,2024-10-31T11:00:00Z,35.059115,-124.475625,Central California,60.000417,0,9,2,-4281,15.518,0.257361233,17.61817169,70.39990234,515.4660645,10/31/2024,499.0621338,9/30/2024,,9/8/2024,1084.272949,8/7/2024,,7/12/2024
CalCurCEAS_022,2024-10-31T12:00:00Z,35.05963,-124.47617,Central California,60.000292,0,22,9,-4281,15.518,0.257361233,17.61817169,70.39990234,515.4660645,10/31/2024,499.0621338,9/30/2024,,9/8/2024,1071.893433,8/7/2024,,7/12/2024
CalCurCEAS_022,2024-10-31T13:00:00Z,35.06042,-124.47847,Central California,60.000292,0,18,20,-4281,15.513,0.257361233,17.61817169,70.39990234,515.4660645,10/31/2024,499.0621338,9/30/2024,,9/8/2024,1071.893433,8/7/2024,,7/12/2024
CalCurCEAS_022,2024-10-31T14:00:00Z,35.06297,-124.480645,Central California,60.000375,0,18,8,-4282,15.489,0.257361233,17.61817169,70.39990234,515.4660645,10/31/2024,499.0621338,9/30/2024,,9/8/2024,1071.893433,8/7/2024,,6/30/2024
CalCurCEAS_022,2024-10-31T15:00:00Z,35.06669,-124.48246,Central California,60.000458,1,9,0,-4284,15.489,0.257361233,17.61817169,70.39990234,515.4660645,10/31/2024,499.0621338,9/30/2024,,9/8/2024,1071.893433,8/7/2024,,6/30/2024
CalCurCEAS_022,2024-10-31T16:00:00Z,35.07051,-124.484305,Central California,60.000292,0,0,1,-4283,15.463,0.257361233,17.61817169,70.39990234,515.4660645,10/31/2024,499.0621338,9/30/2024,,9/8/2024,1071.893433,8/7/2024,,6/30/2024
CalCurCEAS_022,2024-10-31T17:00:00Z,35.07582,-124.4854,Central California,60.000333,0,2,2,-4288,15.463,0.257361233,17.61817169,70.39990234,515.4660645,10/31/2024,499.0621338,9/30/2024,,9/8/2024,1071.893433,8/7/2024,,6/30/2024
CalCurCEAS_022,2024-10-31T18:00:00Z,35.082395,-124.48631,Central California,60.000375,0,0,0,-4291,15.463,0.257361233,17.61817169,70.39990234,515.4660645,10/31/2024,499.0621338,9/30/2024,,9/8/2024,1071.893433,8/7/2024,,6/30/2024
CalCurCEAS_022,2024-10-31T19:00:00Z,35.090575,-124.486795,Central California,60.000417,0,6,0,-4298,15.463,0.263791978,17.2281971,72.19970703,531.7814941,10/31/2024,499.0621338,9/30/2024,,9/8/2024,1071.893433,8/7/2024,,6/30/2024
CalCurCEAS_022,2024-10-31T20:00:00Z,35.0967,-124.48647,Central California,60.000333,0,12,1,-4305,15.463,0.263791978,17.2281971,72.19970703,531.7814941,10/31/2024,,10/1/2024,625.0946655,8/30/2024,,8/5/2024,,7/1/2024
CalCurCEAS_022,2024-10-31T21:00:00Z,35.102575,-124.48413,Central California,60.000375,0,1,0,-4307,15.463,0.263791978,17.2281971,72.19970703,531.7814941,10/31/2024,,10/1/2024,625.0946655,8/30/2024,,8/5/2024,,7/1/2024
CalCurCEAS_022,2024-10-31T22:00:00Z,35.10546,-124.48143,Central California,60.000583,0,16,0,-4318,15.451,0.263791978,17.2281971,72.19970703,531.7814941,10/31/2024,,10/1/2024,625.0946655,8/30/2024,,8/5/2024,,7/1/2024
CalCurCEAS_022,2024-10-31T23:00:00Z,35.10933,-124.47649,Central California,60.000292,0,11,1,-4331,15.451,0.263791978,17.2281971,72.19970703,531.7814941,10/31/2024,,10/1/2024,625.0946655,8/30/2024,,8/5/2024,,7/1/2024
CalCurCEAS_022,2024-11-01T00:00:00Z,35.1123,-124.472885,Central California,60.000292,0,13,5,-4345,15.283,,,,,11/1/2024,,10/4/2024,,8/31/2024,,8/10/2024,911.1525879,7/8/2024
CalCurCEAS_022,2024-11-01T01:00:00Z,35.114185,-124.46999,Central California,60.000333,0,12,0,-4359,15.283,,,,,11/1/2024,,10/4/2024,,8/31/2024,,8/10/2024,911.1525879,7/8/2024
CalCurCEAS_022,2024-11-01T02:00:00Z,35.11473,-124.46821,Central California,60.000292,0,5,10,-4359,15.283,,,,,11/1/2024,,10/4/2024,,8/31/2024,,8/10/2024,,7/9/2024
CalCurCEAS_022,2024-11-01T03:00:00Z,35.115675,-124.466355,Central California,60.000375,0,2,2,-4374,15.283,,,,,11/1/2024,,10/4/2024,,8/31/2024,,8/10/2024,,7/9/2024
CalCurCEAS_022,2024-11-01T04:00:00Z,35.11739,-124.46405,Central California,60.000417,0,3,0,-4365,15.283,,,,,11/1/2024,,10/4/2024,,8/31/2024,,8/10/2024,,7/9/2024
CalCurCEAS_022,2024-11-01T05:00:00Z,35.120373,-124.462473,Central California,60.000417,0,1,1,-4374,15.288,,,,,11/1/2024,,10/4/2024,,8/31/2024,,8/10/2024,,7/9/2024
CalCurCEAS_022,2024-11-01T06:00:00Z,35.12533,-124.461215,Central California,60.000292,0,1,0,-4347,15.288,,,,,11/1/2024,,10/4/2024,,8/31/2024,,8/10/2024,,7/9/2024
CalCurCEAS_022,2024-11-01T07:00:00Z,35.12854,-124.46023,Central California,60.000417,0,4,0,-4347,15.267,,,,,11/1/2024,,10/4/2024,,8/31/2024,,8/10/2024,,7/9/2024
CalCurCEAS_022,2024-11-01T08:00:00Z,35.132195,-124.45882,Central California,60.00025,0,13,1,-4334,15.267,,,,,11/1/2024,,10/4/2024,,8/31/2024,,8/11/2024,,7/11/2024
CalCurCEAS_022,2024-11-01T09:00:00Z,35.13582,-124.45714,Central California,60.000375,0,23,3,-4324,15.243,,,,,11/1/2024,,10/4/2024,,8/31/2024,,8/11/2024,,7/11/2024
CalCurCEAS_022,2024-11-01T10:00:00Z,35.138965,-124.456355,Central California,60.0005,0,2,1,-4317,15.243,,,,,11/1/2024,,10/4/2024,,8/31/2024,,8/11/2024,,7/11/2024
CalCurCEAS_022,2024-11-01T11:00:00Z,35.141335,-124.45573,Central California,60.000458,0,1,0,-4317,15.243,,,,,11/1/2024,,10/4/2024,,8/31/2024,,8/11/2024,,7/11/2024
CalCurCEAS_022,2024-11-01T12:00:00Z,35.14357,-124.45529,Central California,60.000375,0,5,0,-4313,15.243,,,,,11/1/2024,,10/4/2024,,8/31/2024,,8/11/2024,,7/11/2024
CalCurCEAS_022,2024-11-01T13:00:00Z,35.14592,-124.455225,Central California,60.0005,0,0,0,-4313,15.243,,,,,11/1/2024,,10/4/2024,,8/31/2024,,8/11/2024,,7/11/2024
CalCurCEAS_022,2024-11-01T14:00:00Z,35.15183,-124.45528,Central California,60.000417,0,0,2,-4315,15.243,,,,,11/1/2024,,10/4/2024,,8/31/2024,,8/11/2024,,7/11/2024
CalCurCEAS_022,2024-11-01T15:00:00Z,35.158375,-124.454745,Central California,60.0005,0,0,0,-4321,15.254,,,,,11/1/2024,,10/4/2024,,8/31/2024,,8/11/2024,,7/11/2024
CalCurCEAS_022,2024-11-01T16:00:00Z,35.165645,-124.452695,Central California,60.000458,0,7,0,-4324,15.243,,,,,11/1/2024,,10/4/2024,,8/31/2024,,8/11/2024,,7/11/2024
CalCurCEAS_022,2024-11-01T17:00:00Z,35.173875,-124.448225,Central California,59.983667,0,7,0,-4326,15.243,,,,,11/1/2024,,10/4/2024,,8/31/2024,,8/11/2024,,7/11/2024
CalCurCEAS_022,2024-11-01T18:00:00Z,35.18006,-124.44392,Central California,60.000375,0,3,0,-4331,15.238,,,,,11/1/2024,,10/4/2024,,8/31/2024,,7/29/2024,,6/30/2024
CalCurCEAS_022,2024-11-01T19:00:00Z,35.1876,-124.43776,Central California,60.000417,0,3,0,-4319,15.224,,,,,11/1/2024,,10/4/2024,,8/31/2024,,7/29/2024,,6/30/2024
CalCurCEAS_022,2024-11-01T20:00:00Z,35.193365,-124.429295,Central California,60.0005,0,0,1,-4301,15.228,,,,,11/1/2024,611.5316772,10/5/2024,,9/3/2024,,7/30/2024,379.0414734,7/3/2024
CalCurCEAS_022,2024-11-01T21:00:00Z,35.196625,-124.42378,Central California,60.000458,0,10,0,-4291,15.218,,,,,11/1/2024,611.5316772,10/5/2024,,9/4/2024,,8/1/2024,,6/29/2024
CalCurCEAS_022,2024-11-01T22:00:00Z,35.19758,-124.41891,Central California,60.000333,0,2,0,-4288,15.218,,,,,11/1/2024,611.5316772,10/5/2024,,9/4/2024,,8/2/2024,898.5310669,7/2/2024
CalCurCEAS_022,2024-11-01T23:00:00Z,35.19677,-124.41476,Central California,60.00025,0,1,1,-4285,15.228,,,,,11/1/2024,611.5316772,10/5/2024,,9/4/2024,,8/2/2024,898.5310669,7/2/2024
CalCurCEAS_022,2024-11-02T00:00:00Z,35.19734,-124.412365,Central California,60.000417,0,8,0,-4281,14.615,0.244651765,18.58452415,68,535.7359619,11/2/2024,,10/8/2024,,9/3/2024,,7/30/2024,579.3591919,7/3/2024
CalCurCEAS_022,2024-11-02T01:00:00Z,35.19864,-124.40824,Central California,60.000292,0,0,0,-4278,14.615,0.244651765,18.58452415,68,535.7359619,11/2/2024,,10/8/2024,,9/3/2024,,7/30/2024,579.3591919,7/3/2024
CalCurCEAS_022,2024-11-02T02:00:00Z,35.200915,-124.40459,Central California,60.000458,0,2,0,-4277,14.615,0.244651765,18.58452415,68,535.7359619,11/2/2024,,10/8/2024,,9/3/2024,,7/30/2024,,7/4/2024
CalCurCEAS_022,2024-11-02T03:00:00Z,35.20469,-124.401305,Central California,60.000292,0,3,0,-4270,14.615,0.244651765,18.58452415,68,535.7359619,11/2/2024,,10/8/2024,,9/3/2024,,7/30/2024,,7/4/2024
CalCurCEAS_022,2024-11-02T04:00:00Z,35.209935,-124.397785,Central California,60.000375,0,0,0,-4265,14.623,0.246530369,19.0039959,70.19970703,557.1870117,11/2/2024,,10/8/2024,,9/3/2024,,7/30/2024,,7/4/2024
CalCurCEAS_022,2024-11-02T05:00:00Z,35.214127,-124.394053,Central California,60.000458,0,0,0,-4261,14.623,0.246530369,19.0039959,70.19970703,557.1870117,11/2/2024,,10/8/2024,,9/3/2024,,7/30/2024,,7/4/2024
CalCurCEAS_022,2024-11-02T06:00:00Z,35.22052,-124.38761,Central California,60.000333,0,5,2,-4256,14.623,0.246530369,19.0039959,70.19970703,557.1870117,11/2/2024,,10/8/2024,,9/3/2024,,7/30/2024,,7/4/2024
CalCurCEAS_022,2024-11-02T07:00:00Z,35.22372,-124.38395,Central California,60.000375,0,8,0,-4252,14.64,0.246530369,19.0039959,70.19970703,557.1870117,11/2/2024,,10/8/2024,,9/3/2024,,7/30/2024,,7/4/2024
CalCurCEAS_022,2024-11-02T08:00:00Z,35.22932,-124.37541,Central California,60.000333,0,5,0,-4245,14.659,0.246530369,19.0039959,70.19970703,557.1870117,11/2/2024,,10/8/2024,,9/3/2024,,7/30/2024,,7/4/2024
CalCurCEAS_022,2024-11-02T09:00:00Z,35.231615,-124.370255,Central California,60.000458,0,2,0,-4243,14.659,0.245101973,19.0039959,69.60009766,562.2460327,11/2/2024,,10/8/2024,,9/3/2024,,7/30/2024,,7/4/2024
CalCurCEAS_022,2024-11-02T10:00:00Z,35.23392,-124.36339,Central California,60.000333,0,2,0,-4238,14.678,0.245101973,19.0039959,69.60009766,562.2460327,11/2/2024,,10/8/2024,,9/4/2024,,8/2/2024,676.2800903,7/3/2024
CalCurCEAS_022,2024-11-02T11:00:00Z,35.235005,-124.356415,Central California,60.000417,0,6,0,-4237,14.661,0.245101973,19.0039959,69.60009766,562.2460327,11/2/2024,,10/8/2024,,9/4/2024,,8/3/2024,,7/6/2024
CalCurCEAS_022,2024-11-02T12:00:00Z,35.23476,-124.34971,Central California,60.000583,0,7,0,-4237,14.665,0.245101973,19.0039959,69.60009766,562.2460327,11/2/2024,,9/27/2024,,8/29/2024,,8/1/2024,,7/9/2024
CalCurCEAS_022,2024-11-02T13:00:00Z,35.23391,-124.34513,Central California,60.000417,0,2,0,-4238,14.665,0.245101973,19.0039959,69.60009766,562.2460327,11/2/2024,,9/27/2024,,8/30/2024,,8/4/2024,861.6461182,7/8/2024
CalCurCEAS_022,2024-11-02T14:00:00Z,35.233635,-124.340535,Central California,60.000333,0,23,1,-4240,14.665,0.245101973,19.0039959,69.60009766,562.2460327,11/2/2024,,9/27/2024,,8/30/2024,,8/4/2024,861.6461182,7/8/2024
CalCurCEAS_022,2024-11-02T15:00:00Z,35.234825,-124.337255,Central California,60.000375,0,4,3,-4237,17.091,0.245101973,19.0039959,69.60009766,562.2460327,11/2/2024,,9/27/2024,,8/30/2024,,8/4/2024,893.1264648,7/8/2024
CalCurCEAS_022,2024-11-02T16:00:00Z,35.238675,-124.33598,Central California,60.000333,0,11,9,-4232,17.04,0.245101973,19.0039959,69.60009766,562.2460327,11/2/2024,,9/27/2024,,8/30/2024,,8/4/2024,893.1264648,7/8/2024
CalCurCEAS_022,2024-11-02T17:00:00Z,35.24267,-124.335,Central California,60.000375,0,7,0,-4233,17.01,0.245101973,19.0039959,69.60009766,562.2460327,11/2/2024,,9/27/2024,,8/30/2024,,8/4/2024,893.1264648,7/8/2024
CalCurCEAS_022,2024-11-02T18:00:00Z,35.246415,-124.332755,Central California,60.000375,0,24,0,-4211,16.982,0.208054423,18.8876915,59.39990234,496.3178711,11/2/2024,,9/27/2024,,8/30/2024,,8/4/2024,893.1264648,7/8/2024
CalCurCEAS_022,2024-11-02T19:00:00Z,35.25049,-124.32853,Central California,60.0005,0,9,2,-4194,17.009,0.221598327,17.81106758,62.79980469,513.1226196,11/2/2024,,9/27/2024,,8/30/2024,,8/4/2024,893.1264648,7/8/2024
CalCurCEAS_022,2024-11-02T20:00:00Z,35.253715,-124.325685,Central California,60.000333,0,7,0,-4194,16.983,0.221598327,17.81106758,62.79980469,513.1226196,11/2/2024,,9/27/2024,,8/30/2024,,8/4/2024,893.1264648,7/8/2024
CalCurCEAS_022,2024-11-02T21:00:00Z,35.2563,-124.32429,Central California,60.000458,0,15,0,-4184,16.952,0.221598327,17.81106758,62.79980469,513.1226196,11/2/2024,,9/27/2024,,8/30/2024,,8/4/2024,893.1264648,7/8/2024
CalCurCEAS_022,2024-11-02T22:00:00Z,35.25727,-124.322425,Central California,60.000292,1,31,0,-4184,16.896,0.221598327,17.81106758,62.79980469,513.1226196,11/2/2024,,9/28/2024,461.516571,9/1/2024,,7/30/2024,,7/2/2024
CalCurCEAS_022,2024-11-02T23:00:00Z,35.25725,-124.318485,Central California,60.000375,0,29,0,-4186,16.803,0.221598327,17.81106758,62.79980469,513.1226196,11/2/2024,,9/28/2024,461.516571,9/1/2024,,7/30/2024,,7/2/2024
CalCurCEAS_022,2024-11-03T00:00:00Z,35.25667,-124.31489,Central California,60.000542,0,1,3,-4190,17.055,0.249322876,19.70897865,71.19970703,439.3363037,11/3/2024,532.2857056,9/30/2024,,8/28/2024,,7/30/2024,,7/1/2024
CalCurCEAS_022,2024-11-03T01:00:00Z,35.257025,-124.31015,Central California,60.000333,0,17,1,-4196,16.782,0.249322876,19.70897865,71.19970703,439.3363037,11/3/2024,,10/1/2024,,8/31/2024,,8/9/2024,,7/5/2024
CalCurCEAS_022,2024-11-03T02:00:00Z,35.257375,-124.303735,Central California,60.000542,0,26,0,-4197,16.753,0.249322876,19.70897865,71.19970703,439.3363037,11/3/2024,,10/1/2024,,8/31/2024,,8/9/2024,,7/5/2024
CalCurCEAS_022,2024-11-03T03:00:00Z,35.25811,-124.29975,Central California,60.00025,0,31,0,-4199,16.777,0.249322876,19.70897865,71.19970703,439.3363037,11/3/2024,,10/1/2024,,8/31/2024,,8/9/2024,,7/5/2024
CalCurCEAS_022,2024-11-03T04:00:00Z,35.2595,-124.295645,Central California,60.000417,0,1,2,-4198,16.777,0.249322876,19.70897865,71.19970703,439.3363037,11/3/2024,,10/1/2024,,8/31/2024,,8/9/2024,,7/5/2024
CalCurCEAS_022,2024-11-03T05:00:00Z,35.260703,-124.28984,Central California,60.000417,0,15,0,-4198,16.777,0.241970286,19.40318871,68.79980469,436.5058594,11/3/2024,,10/1/2024,,8/31/2024,,8/9/2024,,7/5/2024
CalCurCEAS_022,2024-11-03T06:00:00Z,35.260045,-124.28167,Central California,60.000333,0,5,2,-4192,16.768,0.241970286,19.40318871,68.79980469,436.5058594,11/3/2024,,10/1/2024,,8/31/2024,,8/9/2024,,7/5/2024
CalCurCEAS_022,2024-11-03T07:00:00Z,35.257695,-124.27432,Central California,60.000292,0,11,0,-4189,16.768,0.241970286,19.40318871,68.79980469,436.5058594,11/3/2024,,10/1/2024,,8/31/2024,,8/9/2024,,7/5/2024
CalCurCEAS_022,2024-11-03T08:00:00Z,35.2556,-124.27082,Central California,60.000417,0,16,1,-4189,16.804,0.241970286,19.40318871,68.79980469,436.5058594,11/3/2024,,10/1/2024,,8/31/2024,,8/10/2024,817.9816895,7/8/2024
CalCurCEAS_022,2024-11-03T09:00:00Z,35.25299,-124.26817,Central California,60.000375,0,14,0,-4195,16.804,0.241970286,19.40318871,68.79980469,436.5058594,11/3/2024,,10/1/2024,,8/31/2024,,8/10/2024,852.6535645,7/8/2024
CalCurCEAS_022,2024-11-03T10:00:00Z,35.25026,-124.26704,Central California,60.000417,0,5,0,-4195,16.804,0.241970286,19.40318871,68.79980469,436.5058594,11/3/2024,,10/1/2024,,8/31/2024,,8/10/2024,852.6535645,7/8/2024
CalCurCEAS_022,2024-11-03T11:00:00Z,35.2475,-124.26686,Central California,60.000292,0,14,0,-4204,16.804,0.251718044,20.03223228,71.19970703,436.4893188,11/3/2024,,10/1/2024,,8/31/2024,,8/10/2024,852.6535645,7/8/2024
CalCurCEAS_022,2024-11-03T12:00:00Z,35.243475,-124.26722,Central California,60.000333,0,12,0,-4200,16.804,0.251718044,20.03223228,71.19970703,436.4893188,11/3/2024,,10/1/2024,620.4140625,8/31/2024,,8/10/2024,852.6535645,7/8/2024
CalCurCEAS_022,2024-11-03T13:00:00Z,35.24105,-124.26697,Central California,60.000542,0,16,0,-4193,16.804,0.251718044,20.03223228,71.19970703,436.4893188,11/3/2024,,10/1/2024,620.4140625,8/31/2024,,8/10/2024,859.7487793,7/8/2024
CalCurCEAS_022,2024-11-03T14:00:00Z,35.2389,-124.26653,Central California,60.000292,0,21,2,-4193,16.804,0.251718044,20.03223228,71.19970703,436.4893188,11/3/2024,,10/1/2024,620.4140625,8/31/2024,,8/10/2024,859.7487793,7/8/2024
CalCurCEAS_022,2024-11-03T15:00:00Z,35.238375,-124.26597,Central California,60.000292,0,10,0,-4193,16.804,0.251718044,20.03223228,71.19970703,436.4893188,11/3/2024,,10/1/2024,620.4140625,8/31/2024,,8/10/2024,859.7487793,7/8/2024
CalCurCEAS_022,2024-11-03T16:00:00Z,35.23808,-124.26392,Central California,60.000458,0,11,0,-4193,16.816,0.251718044,20.03223228,71.19970703,436.4893188,11/3/2024,,10/1/2024,620.4140625,8/31/2024,,8/10/2024,859.7487793,7/8/2024
CalCurCEAS_022,2024-11-03T17:00:00Z,35.23731,-124.26194,Central California,60.000375,0,24,0,-4196,16.816,0.251718044,20.03223228,71.19970703,436.4893188,11/3/2024,,10/1/2024,620.4140625,8/31/2024,,8/10/2024,859.7487793,7/8/2024
CalCurCEAS_022,2024-11-03T18:00:00Z,35.23428,-124.25868,Central California,60.000458,0,6,0,-4196,16.899,0.251718044,20.03223228,71.19970703,436.4893188,11/3/2024,,10/1/2024,620.4140625,8/31/2024,,8/10/2024,859.7487793,7/8/2024
CalCurCEAS_022,2024-11-03T19:00:00Z,35.23256,-124.25696,Central California,60.000375,0,8,0,-4188,16.899,0.251718044,20.03223228,71.19970703,436.4893188,11/3/2024,,10/1/2024,620.4140625,8/31/2024,,8/10/2024,859.7487793,7/8/2024
CalCurCEAS_022,2024-11-03T20:00:00Z,35.229115,-124.25548,Central California,60.000458,0,0,0,-4187,16.934,0.251718044,20.03223228,71.19970703,436.4893188,11/3/2024,,10/1/2024,620.4140625,8/31/2024,,8/10/2024,859.7487793,7/8/2024
CalCurCEAS_022,2024-11-03T21:00:00Z,35.22465,-124.25669,Central California,60.000417,0,7,0,-4189,16.973,0.251718044,20.03223228,71.19970703,436.4893188,11/3/2024,,10/1/2024,591.9838867,9/1/2024,,7/31/2024,,7/6/2024
CalCurCEAS_022,2024-11-03T22:00:00Z,35.22048,-124.25767,Central California,60.000333,0,15,1,-4195,16.912,0.251718044,20.03223228,71.19970703,436.4893188,11/3/2024,,10/1/2024,591.9838867,9/1/2024,,7/31/2024,,7/6/2024
CalCurCEAS_022,2024-11-03T23:00:00Z,35.21459,-124.25956,Central California,60.000333,0,7,0,-4205,16.952,0.251718044,20.03223228,71.19970703,436.4893188,11/3/2024,,10/1/2024,591.9838867,9/1/2024,,7/31/2024,,7/6/2024
CalCurCEAS_022,2024-11-04T00:00:00Z,35.210325,-124.260555,Central California,60.00025,0,11,0,-4199,17.289,0.246031776,20.1354866,70.79980469,496.1203918,11/4/2024,,10/4/2024,683.6884766,9/1/2024,,8/2/2024,,7/1/2024
CalCurCEAS_022,2024-11-04T01:00:00Z,35.20543,-124.26222,Central California,60.0005,0,3,0,-4196,17.16,0.246031776,19.96867371,70.79980469,487.4599915,11/4/2024,394.5985107,10/5/2024,,9/4/2024,,8/2/2024,676.2800903,7/3/2024
CalCurCEAS_022,2024-11-04T02:00:00Z,35.20312,-124.26357,Central California,60.000333,0,2,0,-4202,17.16,0.246031776,19.96867371,70.79980469,487.4599915,11/4/2024,393.3207703,10/5/2024,,9/5/2024,,8/5/2024,603.1925659,7/3/2024
CalCurCEAS_022,2024-11-04T03:00:00Z,35.20359,-124.26391,Central California,60.000458,0,5,0,-4202,17.166,0.246031776,19.96867371,70.79980469,487.4599915,11/4/2024,393.3207703,10/5/2024,,9/5/2024,649.3312378,8/6/2024,,7/6/2024
CalCurCEAS_022,2024-11-04T04:00:00Z,35.20559,-124.26255,Central California,60.000375,0,13,0,-4206,17.166,0.246031776,19.96867371,70.79980469,487.4599915,11/4/2024,393.3207703,10/5/2024,,9/5/2024,578.0977173,8/6/2024,,7/7/2024
CalCurCEAS_022,2024-11-04T05:00:00Z,35.20714,-124.26001,Central California,60.000417,0,5,0,-4196,17.16,0.246031776,19.96867371,70.79980469,487.4599915,11/4/2024,393.3207703,10/5/2024,,9/5/2024,578.0977173,8/6/2024,,7/7/2024
CalCurCEAS_022,2024-11-04T06:00:00Z,35.207275,-124.256895,Central California,60.000375,0,3,1,-4187,17.16,0.246031776,19.96867371,70.79980469,487.4599915,11/4/2024,393.3207703,10/5/2024,,9/5/2024,578.0977173,8/6/2024,,7/7/2024
CalCurCEAS_022,2024-11-04T07:00:00Z,35.207725,-124.250155,Central California,60.000375,0,1,0,-4185,17.16,0.246031776,19.96867371,70.79980469,487.4599915,11/4/2024,393.3207703,10/5/2024,,9/5/2024,578.0977173,8/6/2024,,7/7/2024
CalCurCEAS_022,2024-11-04T08:00:00Z,35.20795,-124.24629,Central California,60.000542,1,2,0,-4181,17.173,0.244808227,19.38920975,69.19970703,486.1214294,11/4/2024,393.3207703,10/5/2024,,9/5/2024,578.0977173,8/6/2024,,7/7/2024
CalCurCEAS_022,2024-11-04T09:00:00Z,35.20787,-124.243125,Central California,60.000375,2,0,0,-4178,17.173,0.244808227,19.38920975,69.19970703,486.1214294,11/4/2024,380.4924927,10/5/2024,,9/5/2024,578.0977173,8/6/2024,,7/7/2024
CalCurCEAS_022,2024-11-04T10:00:00Z,35.20657,-124.23885,Central California,60.000333,0,1,0,-4178,17.185,0.244808227,19.38920975,69.19970703,486.1214294,11/4/2024,380.4924927,10/5/2024,,9/5/2024,578.0977173,8/6/2024,,7/7/2024
CalCurCEAS_022,2024-11-04T11:00:00Z,35.20529,-124.234985,Central California,60.000542,0,0,0,-4175,17.185,0.244808227,19.38920975,69.19970703,486.1214294,11/4/2024,380.4924927,10/5/2024,,9/5/2024,578.0977173,8/6/2024,,7/7/2024
CalCurCEAS_022,2024-11-04T12:00:00Z,35.201975,-124.227615,Central California,60.0005,0,0,0,-4169,17.195,0.244808227,19.38920975,69.19970703,486.1214294,11/4/2024,380.4924927,10/5/2024,,9/5/2024,578.0977173,8/6/2024,,7/7/2024
CalCurCEAS_022,2024-11-04T13:00:00Z,35.19829,-124.22213,Central California,60.000292,0,0,0,-4168,17.202,0.244808227,19.38920975,69.19970703,486.1214294,11/4/2024,380.4924927,10/5/2024,,9/5/2024,578.0977173,8/6/2024,,7/7/2024
CalCurCEAS_022,2024-11-04T14:00:00Z,35.194665,-124.217465,Central California,60.000375,0,1,0,-4167,17.207,0.244808227,19.38920975,69.19970703,486.1214294,11/4/2024,380.4924927,10/5/2024,,9/5/2024,578.0977173,8/6/2024,,7/7/2024
CalCurCEAS_022,2024-11-04T15:00:00Z,35.19051,-124.214255,Central California,60.000208,0,0,0,-4167,17.21,0.244808227,19.38920975,69.19970703,486.1214294,11/4/2024,380.4924927,10/5/2024,,9/5/2024,578.0977173,8/6/2024,,7/7/2024
CalCurCEAS_022,2024-11-04T16:00:00Z,35.18828,-124.210365,Central California,60.000417,0,1,0,-4166,17.215,0.244808227,19.38920975,69.19970703,486.1214294,11/4/2024,380.4924927,10/5/2024,,9/5/2024,578.0977173,8/6/2024,,7/7/2024
CalCurCEAS_022,2024-11-04T17:00:00Z,35.1859,-124.20634,Central California,60.000375,0,3,0,-4164,17.215,0.241720527,18.15963745,67.79980469,472.7008667,11/4/2024,380.4924927,10/5/2024,,9/5/2024,578.0977173,8/6/2024,,7/7/2024
CalCurCEAS_022,2024-11-04T18:00:00Z,35.18397,-124.20336,Central California,60.000375,2,16,0,-4163,17.215,0.241720527,18.15963745,67.79980469,472.7008667,11/4/2024,377.7576599,10/5/2024,,9/5/2024,578.0977173,8/6/2024,,7/7/2024
CalCurCEAS_022,2024-11-04T19:00:00Z,35.181645,-124.20134,Central California,60.0005,0,15,2,-4165,17.225,0.241720527,18.15963745,67.79980469,472.7008667,11/4/2024,377.7576599,10/5/2024,,9/5/2024,578.0977173,8/6/2024,,7/7/2024
CalCurCEAS_022,2024-11-04T20:00:00Z,35.18034,-124.20087,Central California,60.00025,0,2,2,-4165,17.225,0.241720527,18.15963745,67.79980469,472.7008667,11/4/2024,377.7576599,10/5/2024,,9/5/2024,592.0376587,8/6/2024,,7/7/2024
CalCurCEAS_022,2024-11-04T21:00:00Z,35.17926,-124.20101,Central California,60.000292,0,0,0,-4165,17.225,0.241720527,18.15963745,67.79980469,472.7008667,11/4/2024,377.7576599,10/5/2024,,9/5/2024,592.0376587,8/6/2024,,7/7/2024
CalCurCEAS_022,2024-11-04T22:00:00Z,35.179485,-124.200585,Central California,60.000458,0,16,0,-4165,17.225,0.241720527,18.15963745,67.79980469,472.7008667,11/4/2024,377.7576599,10/5/2024,,9/5/2024,592.0376587,8/6/2024,,7/7/2024
CalCurCEAS_022,2024-11-04T23:00:00Z,35.17921,-124.19857,Central California,60.0005,0,4,0,-4165,17.225,0.241720527,18.15963745,67.79980469,472.7008667,11/4/2024,377.7576599,10/5/2024,,9/5/2024,592.0376587,8/6/2024,,7/7/2024
CalCurCEAS_022,2024-11-05T00:00:00Z,35.17691,-124.1943,Central California,60.000458,0,4,1,-4165,17.049,,,,,11/5/2024,,10/8/2024,714.9987793,9/4/2024,,8/3/2024,938.7963257,7/7/2024
CalCurCEAS_022,2024-11-05T01:00:00Z,35.173275,-124.18887,Central California,60.000208,0,2,0,-4156,17.022,,,,,11/5/2024,,10/8/2024,714.9987793,9/4/2024,,8/3/2024,938.7963257,7/7/2024
CalCurCEAS_022,2024-11-05T02:00:00Z,35.17017,-124.1831,Central California,60.000542,0,1,0,-4153,17.022,,,,,11/5/2024,,10/8/2024,714.9987793,9/4/2024,,8/3/2024,938.7963257,7/7/2024
CalCurCEAS_022,2024-11-05T03:00:00Z,35.167315,-124.17634,Central California,60.000333,0,34,0,-4155,17.047,,,,,11/5/2024,,10/8/2024,,9/5/2024,592.0376587,8/6/2024,,7/7/2024
CalCurCEAS_022,2024-11-05T04:00:00Z,35.1635,-124.166265,Central California,60.000458,0,18,0,-4134,17.075,,,,,11/5/2024,,10/8/2024,,9/5/2024,,8/7/2024,,7/10/2024
CalCurCEAS_022,2024-11-05T05:00:00Z,35.16061,-124.16012,Central California,60.000333,0,26,0,-4134,17.097,,,,,11/5/2024,,10/9/2024,,9/7/2024,,8/2/2024,733.5574341,7/3/2024
CalCurCEAS_022,2024-11-05T06:00:00Z,35.15688,-124.154087,Central California,60.000458,0,22,0,-4163,17.114,,,,,11/5/2024,,10/9/2024,,9/7/2024,,8/2/2024,733.5574341,7/3/2024
CalCurCEAS_022,2024-11-05T07:00:00Z,35.149765,-124.14649,Central California,60.000375,0,32,0,-4172,17.106,,,,,11/5/2024,,10/9/2024,,9/7/2024,,8/2/2024,733.5574341,7/3/2024
CalCurCEAS_022,2024-11-05T08:00:00Z,35.1438,-124.142535,Central California,60.0005,0,8,0,-4164,17.118,,,,,11/5/2024,,10/9/2024,,9/7/2024,,8/2/2024,733.5574341,7/3/2024
CalCurCEAS_022,2024-11-05T09:00:00Z,35.13802,-124.14006,Central California,60.000333,0,1,0,-4163,17.129,,,,,11/5/2024,,10/9/2024,,9/7/2024,,8/2/2024,733.5574341,7/3/2024
CalCurCEAS_022,2024-11-05T10:00:00Z,35.133,-124.13887,Central California,60.000375,0,8,0,-4163,17.143,,,,,11/5/2024,,10/9/2024,,9/7/2024,,8/2/2024,733.5574341,7/3/2024
CalCurCEAS_022,2024-11-05T11:00:00Z,35.12719,-124.13893,Central California,60.000417,0,0,0,-4161,17.139,,,,,11/5/2024,,10/9/2024,,9/7/2024,,8/2/2024,733.5574341,7/3/2024
CalCurCEAS_022,2024-11-05T12:00:00Z,35.12318,-124.13986,Central California,60.000375,0,0,0,-4163,17.138,,,,,11/5/2024,,10/9/2024,,9/7/2024,,8/2/2024,,7/4/2024
CalCurCEAS_022,2024-11-05T13:00:00Z,35.12024,-124.140745,Central California,60.00025,0,0,0,-4164,17.138,,,,,11/5/2024,,10/9/2024,,9/7/2024,,8/2/2024,,7/4/2024
CalCurCEAS_022,2024-11-05T14:00:00Z,35.11885,-124.13853,Central California,60.000375,0,0,0,-4164,17.123,,,,,11/5/2024,,10/9/2024,,9/7/2024,,8/2/2024,,7/4/2024
CalCurCEAS_022,2024-11-05T15:00:00Z,35.11729,-124.13586,Central California,60.000375,0,1,0,-4165,17.123,,,,,11/5/2024,,10/9/2024,,9/7/2024,,8/2/2024,,7/4/2024
CalCurCEAS_022,2024-11-05T16:00:00Z,35.11523,-124.13233,Central California,60.000333,0,0,1,-4171,17.123,,,,,11/5/2024,,10/9/2024,,9/7/2024,,8/3/2024,956.5016479,7/7/2024
CalCurCEAS_022,2024-11-05T17:00:00Z,35.113485,-124.129375,Central California,60.000333,0,5,0,-4171,17.123,,,,,11/5/2024,,10/9/2024,,9/7/2024,,8/3/2024,956.5016479,7/7/2024
CalCurCEAS_022,2024-11-05T18:00:00Z,35.112,-124.126,Central California,60.000458,0,11,0,-4176,17.145,,,,,11/5/2024,,10/9/2024,,9/7/2024,,8/3/2024,956.5016479,7/7/2024
CalCurCEAS_022,2024-11-05T19:00:00Z,35.110735,-124.12247,Central California,60.000417,0,35,0,-4173,17.167,,,,,11/5/2024,,10/9/2024,,9/7/2024,,8/3/2024,966.0050049,7/7/2024
CalCurCEAS_022,2024-11-05T20:00:00Z,35.1096,-124.12057,Central California,60.000417,0,12,0,-4172,17.19,,,,,11/5/2024,,10/9/2024,,9/7/2024,,8/3/2024,966.0050049,7/7/2024
CalCurCEAS_022,2024-11-05T21:00:00Z,35.10676,-124.11828,Central California,60.000417,0,21,0,-4177,17.19,,,,,11/5/2024,,10/9/2024,,9/7/2024,,8/3/2024,945.1740723,7/7/2024
CalCurCEAS_022,2024-11-05T22:00:00Z,35.102145,-124.116295,Central California,59.983667,0,1,0,-4179,17.175,,,,,11/5/2024,,10/9/2024,,9/7/2024,,8/3/2024,945.1740723,7/7/2024
CalCurCEAS_022,2024-11-05T23:00:00Z,35.095925,-124.11549,Central California,60.000375,0,2,0,-4184,17.144,,,,,11/5/2024,,10/9/2024,,9/8/2024,,8/6/2024,510.7702026,7/8/2024
CalCurCEAS_022,2024-11-06T00:00:00Z,35.09151,-124.115135,Central California,60.00025,0,10,0,-4190,16.233,0.228349984,15.62730217,61.19970703,417.0763245,11/6/2024,635.3811035,9/30/2024,,8/28/2024,,7/30/2024,,7/1/2024
CalCurCEAS_022,2024-11-06T01:00:00Z,35.08652,-124.11341,Central California,60.000625,0,13,0,-4195,16.233,0.228349984,15.62730217,61.19970703,417.0763245,11/6/2024,635.3811035,9/30/2024,,8/28/2024,,7/30/2024,,7/1/2024
CalCurCEAS_022,2024-11-06T02:00:00Z,35.08062,-124.1101,Central California,60.000625,0,4,0,-4199,16.236,0.22341086,15.75473595,59,407.5959167,11/6/2024,635.3811035,9/30/2024,,8/28/2024,,7/30/2024,,7/1/2024
CalCurCEAS_022,2024-11-06T03:00:00Z,35.073615,-124.105185,Central California,60.000375,0,3,0,-4176,16.236,0.22341086,15.75473595,59,407.5959167,11/6/2024,635.3811035,9/30/2024,,8/28/2024,,7/30/2024,,7/1/2024
CalCurCEAS_022,2024-11-06T04:00:00Z,35.06695,-124.09974,Central California,60.000417,0,17,0,-4177,16.236,0.22341086,15.75473595,59,407.5959167,11/6/2024,639.8184814,9/30/2024,,8/28/2024,,7/30/2024,,7/1/2024
CalCurCEAS_022,2024-11-06T05:00:00Z,35.06123,-124.0955,Central California,60.000333,0,22,0,-4178,16.241,0.22341086,15.75473595,59,407.5959167,11/6/2024,639.8184814,9/30/2024,,8/28/2024,,7/30/2024,,7/2/2024
CalCurCEAS_022,2024-11-06T06:00:00Z,35.054597,-124.091087,Central California,60.0005,0,6,0,-4186,16.241,0.22341086,15.75473595,59,407.5959167,11/6/2024,639.8184814,9/30/2024,,8/28/2024,,7/30/2024,,7/2/2024
CalCurCEAS_022,2024-11-06T07:00:00Z,35.04641,-124.08831,Central California,60.000417,0,2,0,-4188,16.218,0.22341086,15.75473595,59,407.5959167,11/6/2024,639.8184814,9/30/2024,,8/28/2024,,7/30/2024,,7/2/2024
CalCurCEAS_022,2024-11-06T08:00:00Z,35.04082,-124.08807,Central California,60.00025,0,3,0,-4193,16.234,0.222877353,14.78425789,58.79980469,407.5959167,11/6/2024,639.8184814,9/30/2024,,8/28/2024,,7/30/2024,,7/2/2024
CalCurCEAS_022,2024-11-06T09:00:00Z,35.03452,-124.089645,Central California,60.00025,0,1,0,-4196,16.139,0.222877353,14.78425789,58.79980469,407.5959167,11/6/2024,639.8184814,9/30/2024,,8/28/2024,,7/30/2024,,7/2/2024
CalCurCEAS_022,2024-11-06T10:00:00Z,35.02848,-124.093555,Central California,60.000375,0,0,0,-4205,16.139,0.222877353,14.78425789,58.79980469,407.5959167,11/6/2024,639.8184814,9/30/2024,,8/28/2024,,7/30/2024,,7/2/2024
CalCurCEAS_022,2024-11-06T11:00:00Z,35.02528,-124.09624,Central California,60.000417,0,0,0,-4206,16.137,0.222877353,14.78425789,58.79980469,407.5959167,11/6/2024,639.8184814,9/30/2024,,8/28/2024,,7/30/2024,,7/2/2024
CalCurCEAS_022,2024-11-06T12:00:00Z,35.021675,-124.100105,Central California,60.000458,0,0,0,-4213,16.137,0.222877353,14.78425789,58.79980469,407.5959167,11/6/2024,639.8184814,9/30/2024,,8/28/2024,,7/30/2024,,7/2/2024
CalCurCEAS_022,2024-11-06T13:00:00Z,35.018435,-124.102785,Central California,60.000417,0,6,0,-4219,16.137,0.222877353,14.78425789,58.79980469,407.5959167,11/6/2024,639.8184814,9/30/2024,,8/29/2024,,8/1/2024,,7/9/2024
CalCurCEAS_022,2024-11-06T14:00:00Z,35.01651,-124.10319,Central California,60.000375,0,4,1,-4223,16.153,0.222877353,14.78425789,58.79980469,407.5959167,11/6/2024,639.8184814,9/30/2024,,8/29/2024,,8/1/2024,,7/9/2024
CalCurCEAS_022,2024-11-06T15:00:00Z,35.01424,-124.10254,Central California,60.000333,0,1,0,-4223,16.153,0.222877353,14.78425789,58.79980469,407.5959167,11/6/2024,639.8184814,9/30/2024,,8/29/2024,,8/1/2024,,7/10/2024
CalCurCEAS_022,2024-11-06T16:00:00Z,35.01206,-124.100155,Central California,60.000458,0,5,0,-4225,16.153,0.222877353,14.78425789,58.79980469,407.5959167,11/6/2024,639.8184814,9/30/2024,,8/29/2024,,8/1/2024,,7/10/2024
CalCurCEAS_022,2024-11-06T17:00:00Z,35.00974,-124.09781,Central California,60.000333,0,2,1,-4225,16.153,0.222877353,14.78425789,58.79980469,407.5959167,11/6/2024,,10/1/2024,603.6627197,9/1/2024,,7/31/2024,,7/6/2024
CalCurCEAS_022,2024-11-06T18:00:00Z,35.00827,-124.09637,Central California,60.000458,0,2,1,-4226,16.153,0.222877353,14.78425789,58.79980469,407.5959167,11/6/2024,,10/1/2024,603.6627197,9/1/2024,,7/31/2024,,7/6/2024
CalCurCEAS_022,2024-11-06T19:00:00Z,35.005315,-124.09401,Central California,60.000333,0,13,1,-4225,16.161,0.222877353,14.78425789,58.79980469,407.5959167,11/6/2024,,10/1/2024,603.6627197,9/1/2024,,7/31/2024,,7/6/2024
CalCurCEAS_022,2024-11-06T20:00:00Z,35.00295,-124.0909,Central California,60.000292,0,3,0,-4222,16.161,0.222877353,14.78425789,58.79980469,407.5959167,11/6/2024,,10/1/2024,603.6627197,9/1/2024,,7/31/2024,,7/6/2024
CalCurCEAS_022,2024-11-06T21:00:00Z,34.999265,-124.086965,Central California,60.000458,0,0,0,-4217,16.161,0.222877353,14.87330914,58.60009766,409.7025757,11/6/2024,,10/1/2024,603.6627197,9/1/2024,,7/31/2024,,7/6/2024
CalCurCEAS_022,2024-11-06T22:00:00Z,34.992955,-124.083925,Central California,60.000417,0,0,1,-4214,16.183,0.222877353,14.87330914,58.60009766,409.7025757,11/6/2024,,10/1/2024,603.6627197,9/1/2024,,7/31/2024,,7/6/2024
CalCurCEAS_022,2024-11-06T23:00:00Z,34.98709,-124.08238,Central California,60.000458,0,2,0,-4206,16.177,0.209697083,14.37887859,56,408.7168274,11/6/2024,,10/1/2024,603.6627197,9/1/2024,,7/31/2024,,7/6/2024
CalCurCEAS_022,2024-11-07T00:00:00Z,34.98116,-124.08165,Central California,60.000417,0,1,0,-4201,16.576,,,,,11/7/2024,,10/4/2024,674.8156128,9/2/2024,,8/5/2024,,7/2/2024
CalCurCEAS_022,2024-11-07T01:00:00Z,34.97484,-124.08019,Central California,60.000375,0,0,0,-4192,16.576,,,,,11/7/2024,,10/4/2024,674.8156128,9/2/2024,,8/5/2024,,7/2/2024
CalCurCEAS_022,2024-11-07T02:00:00Z,34.966485,-124.079975,Central California,60.000417,0,1,1,-4188,16.576,,,,,11/7/2024,,10/4/2024,674.8156128,9/2/2024,,8/5/2024,,7/2/2024
CalCurCEAS_022,2024-11-07T03:00:00Z,34.96153,-124.08038,Central California,60.0005,0,0,0,-4187,16.576,,,,,11/7/2024,,10/4/2024,674.8156128,9/2/2024,,8/5/2024,,7/2/2024
CalCurCEAS_022,2024-11-07T04:00:00Z,34.95552,-124.078965,Central California,60.000333,0,0,0,-4187,16.581,,,,,11/7/2024,,10/4/2024,674.8156128,9/2/2024,,8/5/2024,,7/2/2024
CalCurCEAS_022,2024-11-07T05:00:00Z,34.94902,-124.07611,Central California,60.000333,0,1,0,-4188,16.58,,,,,11/7/2024,,10/4/2024,685.3088379,9/2/2024,,8/5/2024,,7/2/2024
CalCurCEAS_022,2024-11-07T06:00:00Z,34.944823,-124.071737,Central California,60.000333,0,0,0,-4191,16.58,,,,,11/7/2024,,10/4/2024,685.3088379,9/2/2024,,8/5/2024,,7/2/2024
CalCurCEAS_022,2024-11-07T07:00:00Z,34.938765,-124.06693,Central California,60.000542,0,0,0,-4196,16.56,,,,,11/7/2024,,10/4/2024,685.3088379,9/2/2024,,8/5/2024,,7/2/2024
CalCurCEAS_022,2024-11-07T08:00:00Z,34.932765,-124.064055,Central California,60.000417,0,1,0,-4202,16.56,,,,,11/7/2024,,10/4/2024,685.3088379,9/2/2024,,8/5/2024,,7/2/2024
CalCurCEAS_022,2024-11-07T09:00:00Z,34.92899,-124.06247,Central California,60.000458,0,1,4,-4206,16.557,,,,,11/7/2024,,10/4/2024,685.3088379,9/2/2024,,8/5/2024,,7/2/2024
CalCurCEAS_022,2024-11-07T10:00:00Z,34.92507,-124.062405,Central California,60.000458,0,1,1,-4206,16.557,,,,,11/7/2024,,10/4/2024,685.3088379,9/2/2024,,8/5/2024,,7/2/2024
CalCurCEAS_022,2024-11-07T11:00:00Z,34.91938,-124.063205,Central California,60.000458,0,0,0,-4204,16.557,,,,,11/7/2024,,10/4/2024,685.3088379,9/2/2024,,8/5/2024,,7/2/2024
CalCurCEAS_022,2024-11-07T12:00:00Z,34.91424,-124.06338,Central California,60.000417,0,0,0,-4203,16.574,,,,,11/7/2024,,10/4/2024,685.3088379,9/2/2024,,8/5/2024,,7/2/2024
CalCurCEAS_022,2024-11-07T13:00:00Z,34.90985,-124.0642,Central California,60.000417,0,0,2,-4203,16.546,,,,,11/7/2024,,10/4/2024,685.3088379,9/2/2024,,8/5/2024,,7/2/2024
CalCurCEAS_022,2024-11-07T14:00:00Z,34.90552,-124.06457,Central California,60.000417,0,2,0,-4203,16.546,,,,,11/7/2024,,10/4/2024,685.3088379,9/2/2024,,8/5/2024,,7/2/2024
CalCurCEAS_022,2024-11-07T15:00:00Z,34.899675,-124.06415,Central California,60.000375,0,0,0,-4203,16.546,,,,,11/7/2024,,10/4/2024,685.3088379,9/2/2024,,8/5/2024,,7/2/2024
CalCurCEAS_022,2024-11-07T16:00:00Z,34.89262,-124.063635,Central California,60.000375,0,1,5,-4202,16.481,,,,,11/7/2024,,10/4/2024,712.7155151,9/2/2024,,8/5/2024,,7/2/2024
CalCurCEAS_022,2024-11-07T17:00:00Z,34.88752,-124.06375,Central California,60.000333,0,8,0,-4203,16.45,,,,,11/7/2024,,10/4/2024,712.7155151,9/2/2024,,8/5/2024,,7/2/2024
CalCurCEAS_022,2024-11-07T18:00:00Z,34.88293,-124.063265,Central California,53.89675,0,8,0,-4203,16.601,,,,,11/7/2024,,10/4/2024,712.7155151,9/2/2024,,8/5/2024,,7/2/2024
CalCurCEAS_022,2024-11-07T19:00:00Z,34.8797,-124.06152,Central California,60.000583,0,1,0,-4205,16.556,,,,,11/7/2024,,10/4/2024,712.7155151,9/2/2024,680.7572021,8/6/2024,,7/5/2024
CalCurCEAS_022,2024-11-07T20:00:00Z,34.87202,-124.05777,Central California,60.000417,0,2,0,-4211,16.516,,,,,11/7/2024,,10/4/2024,712.7155151,9/2/2024,680.7572021,8/6/2024,,7/6/2024
CalCurCEAS_022,2024-11-07T21:00:00Z,34.86616,-124.056245,Central California,60.000375,0,1,3,-4217,16.516,,,,,11/7/2024,,10/4/2024,712.7155151,9/2/2024,680.7572021,8/6/2024,,7/6/2024
CalCurCEAS_022,2024-11-07T22:00:00Z,34.85969,-124.05601,Central California,60.000458,0,1,0,-4220,16.516,,,,,11/7/2024,,10/5/2024,,9/5/2024,592.0376587,8/6/2024,,7/7/2024
CalCurCEAS_022,2024-11-07T23:00:00Z,34.853015,-124.056975,Central California,60.00025,0,0,0,-4230,16.516,,,,,11/7/2024,,10/5/2024,,9/6/2024,,8/9/2024,,7/6/2024
CalCurCEAS_022,2024-11-08T00:00:00Z,34.84404,-124.05944,Central California,60.000375,0,0,0,-4241,16.209,0.235716507,14.92639446,62.39990234,429.6271973,11/8/2024,526.4877319,10/7/2024,680.5970459,9/1/2024,,8/2/2024,,7/1/2024
CalCurCEAS_022,2024-11-08T01:00:00Z,34.83654,-124.06124,Central California,60.000458,0,1,0,-4261,16.201,0.235716507,14.92639446,62.39990234,429.6271973,11/8/2024,526.4877319,10/7/2024,680.5970459,9/1/2024,,8/2/2024,,7/1/2024
CalCurCEAS_022,2024-11-08T02:00:00Z,34.82955,-124.06279,Central California,60.000292,0,0,0,-4266,16.201,0.231642947,14.92639446,61.60009766,429.6271973,11/8/2024,526.4877319,10/7/2024,685.1824951,9/1/2024,,8/2/2024,,7/1/2024
CalCurCEAS_022,2024-11-08T03:00:00Z,34.820255,-124.06343,Central California,60.000333,0,0,0,-4266,16.188,0.231642947,14.92639446,61.60009766,429.6271973,11/8/2024,526.4877319,10/7/2024,685.1824951,9/1/2024,,8/2/2024,844.5674438,7/2/2024
CalCurCEAS_022,2024-11-08T04:00:00Z,34.81184,-124.06367,Central California,60.000458,0,0,1,-4267,16.188,0.231642947,14.92639446,61.60009766,429.6271973,11/8/2024,526.4877319,10/7/2024,685.1824951,9/1/2024,,8/2/2024,844.5674438,7/2/2024
CalCurCEAS_022,2024-11-08T05:00:00Z,34.803975,-124.064525,Central California,60.000208,0,0,0,-4269,16.17,0.231642947,14.92639446,61.60009766,429.6271973,11/8/2024,526.4877319,10/7/2024,685.1824951,9/1/2024,,8/2/2024,898.5310669,7/2/2024
CalCurCEAS_022,2024-11-08T06:00:00Z,34.79667,-124.065283,Central California,60.000417,0,0,4,-4268,16.17,0.231642947,14.92639446,61.60009766,429.6271973,11/8/2024,526.4877319,10/7/2024,685.1824951,9/1/2024,,8/2/2024,898.5310669,7/2/2024
CalCurCEAS_022,2024-11-08T07:00:00Z,34.78678,-124.06635,Central California,60.000417,0,0,1,-4270,16.148,0.227375686,14.9423914,61.19970703,427.7148438,11/8/2024,526.4877319,10/7/2024,685.1824951,9/1/2024,,8/3/2024,,7/5/2024
CalCurCEAS_022,2024-11-08T08:00:00Z,34.78049,-124.068445,Central California,60.000417,0,0,0,-4273,16.148,0.227375686,14.9423914,61.19970703,427.7148438,11/8/2024,535.4562988,10/7/2024,685.1824951,9/1/2024,,8/3/2024,,7/5/2024
CalCurCEAS_022,2024-11-08T09:00:00Z,34.770575,-124.072245,Central California,60.000208,0,0,0,-4278,16.148,0.227375686,14.9423914,61.19970703,427.7148438,11/8/2024,535.4562988,10/7/2024,685.1824951,9/1/2024,,8/3/2024,,7/5/2024
CalCurCEAS_022,2024-11-08T10:00:00Z,34.7608,-124.076155,Central California,60.000542,0,0,0,-4281,16.123,0.227375686,14.9423914,61.19970703,427.7148438,11/8/2024,535.4562988,10/7/2024,685.1824951,9/1/2024,,8/3/2024,,7/5/2024
CalCurCEAS_022,2024-11-08T11:00:00Z,34.75466,-124.07847,Central California,60.000333,0,0,0,-4281,16.114,0.227375686,14.9423914,61.19970703,427.7148438,11/8/2024,535.4562988,10/7/2024,,9/2/2024,703.4562378,8/6/2024,,7/6/2024
CalCurCEAS_022,2024-11-08T12:00:00Z,34.748185,-124.08155,Central California,60.000333,0,0,0,-4284,16.097,0.219223797,14.49279976,59,412.9218445,11/8/2024,535.4562988,10/7/2024,,9/2/2024,703.4562378,8/6/2024,,7/6/2024
CalCurCEAS_022,2024-11-08T13:00:00Z,34.739733,-124.08667,Central California,60.00025,0,0,0,-4283,16.089,0.211985394,14.50926208,58,412.9218445,11/8/2024,535.4562988,10/7/2024,,9/2/2024,703.4562378,8/6/2024,,7/6/2024
CalCurCEAS_022,2024-11-08T14:00:00Z,34.73291,-124.0909,Central California,60.000458,0,0,0,-4281,16.089,0.211985394,14.50926208,58,412.9218445,11/8/2024,535.4562988,10/7/2024,,9/2/2024,725.8797607,8/6/2024,,7/6/2024
CalCurCEAS_022,2024-11-08T15:00:00Z,34.72747,-124.09362,Central California,60.000417,0,0,0,-4280,16.08,0.211985394,14.50926208,58,412.9218445,11/8/2024,535.4562988,10/7/2024,,9/2/2024,725.8797607,8/6/2024,,7/6/2024
CalCurCEAS_022,2024-11-08T16:00:00Z,34.71957,-124.095725,Central California,60.000375,0,2,1,-4281,16.08,0.211985394,14.50926208,58,412.9218445,11/8/2024,551.9642334,10/7/2024,,9/2/2024,690.6339722,8/6/2024,,7/6/2024
CalCurCEAS_022,2024-11-08T17:00:00Z,34.71028,-124.09742,Central California,60.000333,0,3,0,-4294,16.072,0.211985394,14.50926208,58,412.9218445,11/8/2024,551.9642334,10/7/2024,,9/2/2024,690.6339722,8/6/2024,,7/6/2024
CalCurCEAS_022,2024-11-08T18:00:00Z,34.70091,-124.09867,Central California,60.00025,0,4,0,-4284,16.188,0.200260565,13.43194866,53.79980469,392.1755066,11/8/2024,573.7880859,10/8/2024,,9/5/2024,,8/7/2024,,7/10/2024
CalCurCEAS_022,2024-11-08T19:00:00Z,34.693315,-124.09774,Central California,60.000625,0,1,0,-4270,16.196,0.200260565,13.43194866,53.79980469,392.1755066,11/8/2024,573.7880859,10/8/2024,,9/5/2024,,8/7/2024,,7/10/2024
CalCurCEAS_022,2024-11-08T20:00:00Z,34.68183,-124.099985,Central California,60.000208,0,0,1,-4262,16.209,0.200260565,13.43194866,53.79980469,392.1755066,11/8/2024,573.7880859,10/8/2024,,9/5/2024,,8/7/2024,,7/10/2024
CalCurCEAS_022,2024-11-08T21:00:00Z,34.669875,-124.103545,Central California,60.000375,0,0,3,-4300,16.218,0.200260565,13.43194866,53.79980469,392.1755066,11/8/2024,573.7880859,10/8/2024,,9/5/2024,,8/7/2024,,7/10/2024
CalCurCEAS_022,2024-11-08T22:00:00Z,34.65875,-124.10866,Central California,60.000458,0,0,5,-4320,16.224,0.200155556,13.43194866,53.79980469,392.1755066,11/8/2024,557.5032349,10/8/2024,,9/5/2024,,8/7/2024,,7/11/2024
CalCurCEAS_022,2024-11-08T23:00:00Z,34.65019,-124.11403,Central California,60.000333,0,0,5,-4323,16.224,0.200155556,13.43194866,53.79980469,392.1755066,11/8/2024,557.5032349,10/8/2024,,9/5/2024,,8/7/2024,,7/11/2024
CalCurCEAS_022,2024-11-09T00:00:00Z,34.63746,-124.124555,Central California,60.000375,0,0,10,-4327,16.245,0.228935406,16.34501266,61.99975586,437.4222412,11/9/2024,,10/9/2024,,9/8/2024,1071.410767,8/7/2024,,7/11/2024
CalCurCEAS_022,2024-11-09T01:00:00Z,34.623615,-124.134765,Central California,60.000375,0,1,1,-4324,16.245,0.249111235,18.21060562,68.19995117,490.0973816,11/9/2024,,10/9/2024,,9/8/2024,1071.410767,8/7/2024,,7/12/2024
CalCurCEAS_022,2024-11-09T02:00:00Z,34.61323,-124.14081,Central California,60.000292,0,0,3,-4328,16.242,0.249111235,18.21060562,68.19995117,490.0973816,11/9/2024,,10/9/2024,,9/8/2024,,8/9/2024,,7/7/2024
CalCurCEAS_022,2024-11-09T03:00:00Z,34.60417,-124.14609,Central California,60.000458,0,0,3,-4327,16.241,0.249111235,18.21060562,68.19995117,490.0973816,11/9/2024,,10/9/2024,,9/8/2024,,8/9/2024,,7/7/2024
CalCurCEAS_022,2024-11-09T04:00:00Z,34.59399,-124.152535,Central California,60.000333,0,0,1,-4330,16.257,0.249111235,18.21060562,68.19995117,490.0973816,11/9/2024,,10/9/2024,,9/8/2024,,8/9/2024,,7/7/2024
CalCurCEAS_022,2024-11-09T05:00:00Z,34.583565,-124.1594,Central California,60.000333,0,0,0,-4335,16.257,0.249111235,18.21060562,68.19995117,490.0973816,11/9/2024,,10/9/2024,,9/8/2024,,8/9/2024,,7/7/2024
CalCurCEAS_022,2024-11-09T06:00:00Z,34.57472,-124.166327,Central California,60.0005,0,0,1,-4341,16.273,0.259887218,17.79335022,72,493.2726135,11/9/2024,,10/9/2024,,9/8/2024,,8/9/2024,,7/7/2024
CalCurCEAS_022,2024-11-09T07:00:00Z,34.5672,-124.17154,Central California,40.00025,0,0,0,-4344,16.266,0.245509624,18.53964996,67.5,493.2726135,11/9/2024,,10/9/2024,,9/8/2024,,8/9/2024,,7/7/2024
CalCurCEAS_023,2024-10-28T00:00:00Z,34.61254,-122.444995,Central California,60.000417,0,10,2,-3783,15.779,,,,,10/28/2024,349.8711548,10/2/2024,602.612793,9/2/2024,,8/4/2024,,7/9/2024
CalCurCEAS_023,2024-10-28T01:00:00Z,34.613765,-122.44091,Central California,60.000333,0,13,9,-3766,15.759,,,,,10/28/2024,355.4212036,10/2/2024,602.612793,9/2/2024,,8/4/2024,,7/9/2024
CalCurCEAS_023,2024-10-28T02:00:00Z,34.614155,-122.435985,Central California,60.000417,0,3,12,-3752,15.779,,,,,10/28/2024,355.4212036,10/2/2024,602.612793,9/2/2024,,8/4/2024,,7/9/2024
CalCurCEAS_023,2024-10-28T03:00:00Z,34.61374,-122.43304,Central California,60.000417,0,5,10,-3749,15.822,,,,,10/28/2024,355.4212036,10/2/2024,602.612793,9/2/2024,,8/4/2024,,7/9/2024
CalCurCEAS_023,2024-10-28T04:00:00Z,34.612355,-122.429935,Central California,59.983667,4,4,5,-3750,15.789,,,,,10/28/2024,355.4212036,10/2/2024,602.612793,9/2/2024,,8/4/2024,,7/10/2024
CalCurCEAS_023,2024-10-28T05:00:00Z,34.6104,-122.42681,Central California,60.000417,1,2,0,-3758,15.759,,,,,10/28/2024,371.0127563,10/2/2024,602.612793,9/2/2024,,8/4/2024,,7/10/2024
CalCurCEAS_023,2024-10-28T06:00:00Z,34.60685,-122.42307,Central California,60.000458,0,1,4,-3796,15.756,,,,,10/28/2024,381.6702576,10/2/2024,602.612793,9/2/2024,,8/4/2024,,7/10/2024
CalCurCEAS_023,2024-10-28T07:00:00Z,34.601505,-122.41916,Central California,60.000417,2,15,15,-3823,15.73,,,,,10/28/2024,381.6702576,10/2/2024,602.612793,9/2/2024,,8/5/2024,,7/1/2024
CalCurCEAS_023,2024-10-28T08:00:00Z,34.59717,-122.41663,Central California,60.000417,0,2,7,-3836,15.708,,,,,10/28/2024,381.6702576,10/2/2024,602.612793,9/2/2024,,8/5/2024,,7/2/2024
CalCurCEAS_023,2024-10-28T09:00:00Z,34.593075,-122.41422,Central California,60.0005,0,4,12,-3837,15.7,,,,,10/28/2024,381.6702576,10/2/2024,602.612793,9/2/2024,,8/5/2024,,7/2/2024
CalCurCEAS_023,2024-10-28T10:00:00Z,34.59015,-122.41366,Central California,60.000583,0,1,10,-3839,15.688,,,,,10/28/2024,393.1356201,10/2/2024,594.0877075,9/2/2024,,8/5/2024,,7/2/2024
CalCurCEAS_023,2024-10-28T11:00:00Z,34.588345,-122.41382,Central California,60.000375,0,1,9,-3839,15.7,,,,,10/28/2024,393.1356201,10/2/2024,,9/3/2024,,8/8/2024,,7/1/2024
CalCurCEAS_023,2024-10-28T12:00:00Z,34.58623,-122.413755,Central California,60.000417,2,0,13,-3843,15.7,,,,,10/28/2024,393.1356201,10/2/2024,,9/3/2024,,8/8/2024,,7/1/2024
CalCurCEAS_023,2024-10-28T13:00:00Z,34.58426,-122.41483,Central California,60.000208,4,4,1,-3843,15.741,,,,,10/28/2024,427.1181335,10/2/2024,,9/3/2024,,8/8/2024,,7/1/2024
CalCurCEAS_023,2024-10-28T14:00:00Z,34.5839,-122.4154,Central California,60.000417,0,9,7,-3843,15.821,,,,,10/28/2024,427.1181335,10/2/2024,,9/3/2024,,8/8/2024,,7/1/2024
CalCurCEAS_023,2024-10-28T15:00:00Z,34.58434,-122.41484,Central California,60.000375,1,1,2,-3843,15.665,,,,,10/28/2024,634.7121582,10/3/2024,,9/6/2024,,8/8/2024,,7/3/2024
CalCurCEAS_023,2024-10-28T16:00:00Z,34.58481,-122.41387,Central California,60.000417,3,5,3,-3843,15.715,,,,,10/28/2024,634.7121582,10/3/2024,,9/6/2024,,8/8/2024,,7/3/2024
CalCurCEAS_023,2024-10-28T17:00:00Z,34.585315,-122.41174,Central California,60.000375,0,5,5,-3845,15.703,,,,,10/28/2024,634.7121582,10/3/2024,,9/6/2024,,8/9/2024,,7/6/2024
CalCurCEAS_023,2024-10-28T18:00:00Z,34.58524,-122.40763,Central California,60.000333,0,4,1,-3836,15.696,,,,,10/28/2024,634.7121582,10/3/2024,,9/6/2024,,8/9/2024,,7/6/2024
CalCurCEAS_023,2024-10-28T19:00:00Z,34.5845,-122.404195,Central California,60.000375,0,17,2,-3836,15.769,,,,,10/28/2024,643.7578125,10/3/2024,,9/6/2024,,8/9/2024,,7/6/2024
CalCurCEAS_023,2024-10-28T20:00:00Z,34.582565,-122.399295,Central California,59.974917,0,2,0,-3782,15.764,,,,,10/28/2024,643.7578125,10/3/2024,,9/6/2024,,8/9/2024,,7/6/2024
CalCurCEAS_023,2024-10-28T21:00:00Z,34.58056,-122.39568,Central California,59.98375,0,3,1,-3762,15.76,,,,,10/28/2024,643.7578125,10/3/2024,,9/6/2024,,8/9/2024,,7/6/2024
CalCurCEAS_023,2024-10-28T22:00:00Z,34.579525,-122.394895,Central California,60.000375,0,1,1,-3762,15.845,,,,,10/28/2024,615.6658936,10/3/2024,,9/6/2024,,8/9/2024,,7/6/2024
CalCurCEAS_023,2024-10-28T23:00:00Z,34.57843,-122.39351,Central California,60.0005,1,1,0,-3763,15.839,,,,,10/28/2024,615.6658936,10/3/2024,,9/6/2024,,8/9/2024,,7/6/2024
CalCurCEAS_023,2024-10-29T00:00:00Z,34.57794,-122.390743,Central California,60.0005,0,0,4,-3784,15.363,,,,,10/29/2024,569.6613159,10/6/2024,,9/7/2024,,8/1/2024,,6/29/2024
CalCurCEAS_023,2024-10-29T01:00:00Z,34.57733,-122.38739,Central California,60.000375,0,3,0,-3809,15.354,,,,,10/29/2024,578.4574585,10/6/2024,,9/7/2024,,8/1/2024,,6/29/2024
CalCurCEAS_023,2024-10-29T02:00:00Z,34.57673,-122.384895,Central California,60.000375,1,8,1,-3809,15.383,,,,,10/29/2024,586.0228271,10/6/2024,,9/7/2024,,8/1/2024,,6/29/2024
CalCurCEAS_023,2024-10-29T03:00:00Z,34.57539,-122.3822,Central California,59.9955,0,0,4,-3841,15.362,,,,,10/29/2024,586.0228271,10/6/2024,,9/7/2024,,8/1/2024,,6/29/2024
CalCurCEAS_023,2024-10-29T04:00:00Z,34.573835,-122.380615,Central California,60.000375,0,0,2,-3860,15.386,,,,,10/29/2024,586.0228271,10/6/2024,,9/7/2024,,8/1/2024,,6/29/2024
CalCurCEAS_023,2024-10-29T05:00:00Z,34.571117,-122.3782,Central California,60.000333,0,3,3,-3884,15.41,,,,,10/29/2024,586.0228271,10/6/2024,,9/7/2024,,8/1/2024,,6/29/2024
CalCurCEAS_023,2024-10-29T06:00:00Z,34.567785,-122.375955,Central California,60.000333,0,6,3,-3889,15.372,,,,,10/29/2024,586.0228271,10/6/2024,,9/7/2024,,8/1/2024,,6/29/2024
CalCurCEAS_023,2024-10-29T07:00:00Z,34.563535,-122.374155,Central California,60.000292,0,3,5,-3891,15.393,,,,,10/29/2024,586.0228271,10/6/2024,,9/7/2024,,8/1/2024,,6/29/2024
CalCurCEAS_023,2024-10-29T08:00:00Z,34.56178,-122.37267,Central California,60.000458,0,3,1,-3890,15.414,,,,,10/29/2024,586.0228271,10/6/2024,,9/7/2024,,8/1/2024,,6/29/2024
CalCurCEAS_023,2024-10-29T09:00:00Z,34.55892,-122.37129,Central California,60.000458,0,0,0,-3890,15.433,,,,,10/29/2024,586.0228271,10/6/2024,,9/7/2024,,8/1/2024,806.0298462,6/30/2024
CalCurCEAS_023,2024-10-29T10:00:00Z,34.55471,-122.37115,Central California,60.000458,0,0,0,-3891,15.36,,,,,10/29/2024,585.204895,10/6/2024,,9/7/2024,,8/1/2024,806.0298462,6/30/2024
CalCurCEAS_023,2024-10-29T11:00:00Z,34.55155,-122.37044,Central California,60.000333,0,1,2,-3888,15.277,,,,,10/29/2024,585.204895,10/6/2024,,9/7/2024,,8/1/2024,806.0298462,6/30/2024
CalCurCEAS_023,2024-10-29T12:00:00Z,34.54939,-122.37145,Central California,60.000333,0,5,0,-3888,15.277,,,,,10/29/2024,586.0228271,10/6/2024,,9/7/2024,,8/1/2024,806.0298462,6/30/2024
CalCurCEAS_023,2024-10-29T13:00:00Z,34.54829,-122.37142,Central California,60.000333,0,5,0,-3888,15.193,,,,,10/29/2024,586.0228271,10/6/2024,,9/7/2024,,8/2/2024,733.5574341,7/3/2024
CalCurCEAS_023,2024-10-29T14:00:00Z,34.5475,-122.37107,Central California,60.000417,0,8,0,-3888,15.183,,,,,10/29/2024,570.9710693,10/6/2024,,9/7/2024,,8/2/2024,733.5574341,7/3/2024
CalCurCEAS_023,2024-10-29T15:00:00Z,34.54687,-122.37104,Central California,60.000375,0,0,0,-3888,15.684,,,,,10/29/2024,612.3518066,10/7/2024,,8/29/2024,,8/3/2024,,7/5/2024
CalCurCEAS_023,2024-10-29T16:00:00Z,34.5479,-122.37051,Central California,60.000458,0,0,0,-3885,15.702,,,,,10/29/2024,612.3518066,10/7/2024,,8/29/2024,,8/3/2024,,7/5/2024
CalCurCEAS_023,2024-10-29T17:00:00Z,34.5474,-122.37062,Central California,60.000458,0,0,4,-3885,15.694,,,,,10/29/2024,598.5488281,10/7/2024,,8/29/2024,,8/3/2024,,7/5/2024
CalCurCEAS_023,2024-10-29T18:00:00Z,34.54491,-122.36997,Central California,60.000333,0,4,2,-3880,15.709,,,,,10/29/2024,598.5488281,10/7/2024,,8/29/2024,,8/3/2024,,7/5/2024
CalCurCEAS_023,2024-10-29T19:00:00Z,34.540995,-122.36815,Central California,60.000417,0,9,2,-3878,15.677,,,,,10/29/2024,598.5488281,10/7/2024,,8/29/2024,,8/4/2024,893.1264648,7/8/2024
CalCurCEAS_023,2024-10-29T20:00:00Z,34.53583,-122.366365,Central California,60.000375,1,5,1,-3877,15.677,,,,,10/29/2024,583.5074463,10/7/2024,,8/29/2024,,8/4/2024,893.1264648,7/8/2024
CalCurCEAS_023,2024-10-29T21:00:00Z,34.531305,-122.3667,Central California,60.000333,0,2,0,-3878,15.674,,,,,10/29/2024,583.5074463,10/7/2024,,8/29/2024,,8/4/2024,893.1264648,7/8/2024
CalCurCEAS_023,2024-10-29T22:00:00Z,34.52816,-122.36807,Central California,60.000458,0,4,0,-3879,15.684,,,,,10/29/2024,583.5074463,10/7/2024,,8/29/2024,,8/4/2024,893.1264648,7/8/2024
CalCurCEAS_023,2024-10-29T23:00:00Z,34.52615,-122.36714,Central California,60.000375,0,3,5,-3879,15.655,,,,,10/29/2024,546.480835,10/7/2024,,8/29/2024,,8/4/2024,893.1264648,7/8/2024
CalCurCEAS_023,2024-10-30T00:00:00Z,34.52503,-122.36656,Central California,60.000417,0,3,4,-3874,15.893,0.502194226,20.93194199,117.7998047,735.1655273,10/30/2024,549.184021,9/27/2024,,8/29/2024,,7/31/2024,,7/5/2024
CalCurCEAS_023,2024-10-30T01:00:00Z,34.52381,-122.36435,Central California,60.000417,3,2,0,-3871,16.19,0.502194226,20.93194199,117.7998047,735.1655273,10/30/2024,549.184021,9/27/2024,,8/29/2024,,7/31/2024,,7/5/2024
CalCurCEAS_023,2024-10-30T02:00:00Z,34.52178,-122.362515,Central California,59.998875,4,2,0,-3871,16.197,0.502194226,20.93194199,117.7998047,735.1655273,10/30/2024,549.184021,9/27/2024,,8/29/2024,,7/31/2024,,7/5/2024
CalCurCEAS_023,2024-10-30T03:00:00Z,34.51884,-122.3601,Central California,60.000375,1,2,0,-3867,16.197,0.502194226,20.93194199,117.7998047,735.1655273,10/30/2024,549.184021,9/27/2024,,8/29/2024,,7/31/2024,,7/6/2024
CalCurCEAS_023,2024-10-30T04:00:00Z,34.51569,-122.35772,Central California,60.000417,4,6,0,-3863,16.197,0.502194226,20.93194199,117.7998047,735.1655273,10/30/2024,549.184021,9/27/2024,,8/29/2024,,7/31/2024,,7/6/2024
CalCurCEAS_023,2024-10-30T05:00:00Z,34.51397,-122.357365,Central California,60.000458,0,4,1,-3863,16.197,0.502194226,20.93194199,117.7998047,735.1655273,10/30/2024,549.184021,9/27/2024,,8/29/2024,,7/31/2024,,7/6/2024
CalCurCEAS_023,2024-10-30T06:00:00Z,34.510385,-122.357255,Central California,60.000542,0,3,1,-3854,16.197,0.502194226,20.93194199,117.7998047,735.1655273,10/30/2024,549.184021,9/27/2024,,8/29/2024,,7/31/2024,,7/6/2024
CalCurCEAS_023,2024-10-30T07:00:00Z,34.50638,-122.357075,Central California,60.000458,2,2,0,-3857,16.19,0.502194226,20.93194199,117.7998047,735.1655273,10/30/2024,549.184021,9/27/2024,,8/29/2024,,7/31/2024,,7/6/2024
CalCurCEAS_023,2024-10-30T08:00:00Z,34.50373,-122.35716,Central California,60.00025,0,9,1,-3867,16.19,0.502194226,20.93194199,117.7998047,735.1655273,10/30/2024,478.2572937,9/27/2024,,8/29/2024,,7/31/2024,,7/6/2024
CalCurCEAS_023,2024-10-30T09:00:00Z,34.50249,-122.357685,Central California,60.000583,0,2,3,-3867,16.19,0.502194226,20.93194199,117.7998047,735.1655273,10/30/2024,478.2572937,9/27/2024,,8/29/2024,,7/31/2024,,7/6/2024
CalCurCEAS_023,2024-10-30T10:00:00Z,34.50083,-122.35838,Central California,60.000542,0,6,1,-3861,16.21,0.502194226,20.93194199,117.7998047,735.1655273,10/30/2024,478.2572937,9/27/2024,,8/29/2024,,7/31/2024,,7/6/2024
CalCurCEAS_023,2024-10-30T11:00:00Z,34.49808,-122.359125,Southern California,60.000292,0,1,1,-3861,16.228,0.442088008,21.45196915,107.6000977,716.2805786,10/30/2024,478.2572937,9/27/2024,,8/29/2024,,7/31/2024,,7/6/2024
CalCurCEAS_023,2024-10-30T12:00:00Z,34.49531,-122.36195,Southern California,60.000542,0,16,6,-3863,16.228,0.442088008,21.45196915,107.6000977,716.2805786,10/30/2024,478.2572937,9/27/2024,,8/29/2024,,8/1/2024,,7/9/2024
CalCurCEAS_023,2024-10-30T13:00:00Z,34.49419,-122.36246,Southern California,60.00025,0,14,6,-3863,16.228,0.442088008,21.45196915,107.6000977,716.2805786,10/30/2024,478.2572937,9/27/2024,,8/29/2024,,8/1/2024,,7/9/2024
CalCurCEAS_023,2024-10-30T14:00:00Z,34.491855,-122.36274,Southern California,60.000292,7,4,16,-3859,16.229,0.442088008,21.45196915,107.6000977,716.2805786,10/30/2024,478.2572937,9/27/2024,,8/29/2024,,8/1/2024,,7/9/2024
CalCurCEAS_023,2024-10-30T15:00:00Z,34.48913,-122.36162,Southern California,60.000417,0,0,25,-3867,16.229,0.442088008,21.45196915,107.6000977,716.2805786,10/30/2024,478.2572937,9/27/2024,,8/29/2024,,8/1/2024,,7/9/2024
CalCurCEAS_023,2024-10-30T16:00:00Z,34.48664,-122.36077,Southern California,60.000375,0,2,5,-3869,16.229,0.442088008,21.45196915,107.6000977,716.2805786,10/30/2024,478.2572937,9/27/2024,,8/29/2024,,8/1/2024,,7/9/2024
CalCurCEAS_023,2024-10-30T17:00:00Z,34.48366,-122.359835,Southern California,60.000458,0,7,22,-3869,16.229,0.442088008,21.45196915,107.6000977,716.2805786,10/30/2024,478.2572937,9/27/2024,,8/29/2024,,8/1/2024,,7/9/2024
CalCurCEAS_023,2024-10-30T18:00:00Z,34.479775,-122.359305,Southern California,60.000417,2,4,4,-3871,16.229,0.442088008,21.45196915,107.6000977,716.2805786,10/30/2024,478.2572937,9/27/2024,,8/29/2024,,8/1/2024,,7/9/2024
CalCurCEAS_023,2024-10-30T19:00:00Z,34.47592,-122.358485,Southern California,60.000333,4,0,6,-3880,16.229,0.442088008,21.45196915,107.6000977,716.2805786,10/30/2024,528.8070679,9/27/2024,,8/29/2024,,8/1/2024,,7/9/2024
CalCurCEAS_023,2024-10-30T20:00:00Z,34.47301,-122.35718,Southern California,60.000542,0,4,12,-3893,16.232,0.442088008,21.45196915,107.6000977,716.2805786,10/30/2024,,9/28/2024,,8/31/2024,,8/8/2024,,7/1/2024
CalCurCEAS_023,2024-10-30T21:00:00Z,34.46895,-122.35551,Southern California,60.000375,1,1,2,-3899,16.232,0.442088008,21.45196915,107.6000977,716.2805786,10/30/2024,,9/28/2024,,8/31/2024,,8/8/2024,,7/1/2024
CalCurCEAS_023,2024-10-30T22:00:00Z,34.46724,-122.35422,Southern California,60.000417,0,4,19,-3899,16.229,0.442088008,21.45196915,107.6000977,716.2805786,10/30/2024,,9/28/2024,,8/31/2024,,8/9/2024,,7/4/2024
CalCurCEAS_023,2024-10-30T23:00:00Z,34.46432,-122.35188,Southern California,60.000375,0,3,23,-3897,16.229,0.442088008,21.45196915,107.6000977,716.2805786,10/30/2024,,9/28/2024,,8/31/2024,,8/9/2024,,7/4/2024
CalCurCEAS_023,2024-10-31T00:00:00Z,34.460925,-122.349825,Southern California,60.000458,0,2,6,-3901,15.571,0.49155733,22.20285988,116,689.7133789,10/31/2024,,10/1/2024,609.4988403,8/30/2024,,8/5/2024,,7/1/2024
CalCurCEAS_023,2024-10-31T01:00:00Z,34.45772,-122.3464,Southern California,60.0005,0,3,0,-3914,15.558,0.475222588,22.64617348,113.199707,689.7133789,10/31/2024,,10/1/2024,609.4988403,8/30/2024,,8/5/2024,,7/1/2024
CalCurCEAS_023,2024-10-31T02:00:00Z,34.454445,-122.342605,Southern California,60.000417,0,3,5,-3915,15.57,0.475222588,22.64617348,113.199707,689.7133789,10/31/2024,,10/1/2024,609.4988403,8/30/2024,,8/5/2024,,7/1/2024
CalCurCEAS_023,2024-10-31T03:00:00Z,34.45112,-122.34085,Southern California,60.000458,0,2,10,-3911,15.551,0.475222588,22.64617348,113.199707,689.7133789,10/31/2024,,10/1/2024,653.6606445,8/30/2024,,8/5/2024,,7/1/2024
CalCurCEAS_023,2024-10-31T04:00:00Z,34.4471,-122.34081,Southern California,60.000292,1,3,13,-3938,15.551,0.475222588,22.64617348,113.199707,689.7133789,10/31/2024,,10/1/2024,609.4988403,8/30/2024,,8/5/2024,,7/1/2024
CalCurCEAS_023,2024-10-31T05:00:00Z,34.444875,-122.341305,Southern California,60.000458,1,0,13,-3966,15.551,0.475222588,22.64617348,113.199707,689.7133789,10/31/2024,,10/1/2024,668.7172852,8/30/2024,,8/5/2024,,7/1/2024
CalCurCEAS_023,2024-10-31T06:00:00Z,34.44153,-122.341565,Southern California,60.000333,0,5,9,-3981,15.551,0.475222588,22.64617348,113.199707,689.7133789,10/31/2024,,10/1/2024,668.7172852,8/30/2024,,8/5/2024,,7/1/2024
CalCurCEAS_023,2024-10-31T07:00:00Z,34.43911,-122.339695,Southern California,60.000417,0,8,3,-3981,15.551,0.475222588,22.64617348,113.199707,689.7133789,10/31/2024,,10/1/2024,668.7172852,8/30/2024,641.4815063,8/6/2024,,7/4/2024
CalCurCEAS_023,2024-10-31T08:00:00Z,34.43792,-122.33751,Southern California,60.00025,0,0,0,-3981,15.551,0.475222588,22.64617348,113.199707,689.7133789,10/31/2024,,10/1/2024,668.7172852,8/30/2024,678.7924194,8/6/2024,,7/5/2024
CalCurCEAS_023,2024-10-31T09:00:00Z,34.436045,-122.33534,Southern California,60.000333,0,0,1,-3975,15.551,0.475222588,22.64617348,113.199707,689.7133789,10/31/2024,,10/1/2024,668.7172852,8/30/2024,678.7924194,8/6/2024,,7/5/2024
CalCurCEAS_023,2024-10-31T10:00:00Z,34.43271,-122.33437,Southern California,60.00025,0,0,2,-3974,15.551,0.475222588,22.64617348,113.199707,689.7133789,10/31/2024,,10/1/2024,653.6606445,8/30/2024,678.7924194,8/6/2024,,7/5/2024
CalCurCEAS_023,2024-10-31T11:00:00Z,34.430045,-122.333835,Southern California,60.000333,3,2,10,-3974,15.551,0.475222588,22.64617348,113.199707,689.7133789,10/31/2024,,10/1/2024,653.6606445,8/30/2024,699.5326538,8/6/2024,,7/5/2024
CalCurCEAS_023,2024-10-31T12:00:00Z,34.42616,-122.33326,Southern California,60.000583,1,1,14,-3975,15.551,0.466593921,22.76874733,111.6000977,690.9558716,10/31/2024,,10/1/2024,653.6606445,8/30/2024,699.5326538,8/6/2024,,7/5/2024
CalCurCEAS_023,2024-10-31T13:00:00Z,34.42167,-122.328815,Southern California,60.000292,0,2,1,-3970,15.537,0.466593921,22.76874733,111.6000977,690.9558716,10/31/2024,,10/1/2024,653.6606445,8/30/2024,699.5326538,8/6/2024,,7/5/2024
CalCurCEAS_023,2024-10-31T14:00:00Z,34.419605,-122.324805,Southern California,59.970667,0,1,8,-3989,15.537,0.466593921,22.76874733,111.6000977,690.9558716,10/31/2024,,10/1/2024,653.6606445,8/30/2024,704.5187378,8/6/2024,,7/5/2024
CalCurCEAS_023,2024-10-31T15:00:00Z,34.4157,-122.32208,Southern California,60.0005,0,1,19,-4006,15.509,0.410930336,22.64617348,102.199707,638.3114624,10/31/2024,,10/1/2024,653.6606445,8/30/2024,704.5187378,8/6/2024,,7/5/2024
CalCurCEAS_023,2024-10-31T16:00:00Z,34.41232,-122.32126,Southern California,59.97975,0,1,13,-4018,15.509,0.410930336,22.64617348,102.199707,638.3114624,10/31/2024,,10/1/2024,,8/31/2024,,8/9/2024,,7/4/2024
CalCurCEAS_023,2024-10-31T17:00:00Z,34.40669,-122.32017,Southern California,60.000292,0,12,0,-4018,15.522,0.410930336,22.64617348,102.199707,638.3114624,10/31/2024,,10/1/2024,,8/31/2024,,8/9/2024,,7/4/2024
CalCurCEAS_023,2024-10-31T18:00:00Z,34.40508,-122.31905,Southern California,60.000458,6,21,0,-4018,15.522,0.410930336,22.64617348,102.199707,638.3114624,10/31/2024,,10/1/2024,,8/31/2024,,8/9/2024,,7/4/2024
CalCurCEAS_023,2024-10-31T19:00:00Z,34.40145,-122.31764,Southern California,60.000417,0,4,1,-4035,15.522,0.410930336,22.64617348,102.199707,638.3114624,10/31/2024,,10/1/2024,,8/31/2024,,8/9/2024,,7/5/2024
CalCurCEAS_023,2024-10-31T20:00:00Z,34.398485,-122.31786,Southern California,60.000458,1,4,5,-4042,15.522,0.410930336,22.64617348,102.199707,638.3114624,10/31/2024,441.2016602,10/2/2024,,9/3/2024,,8/8/2024,,7/1/2024
CalCurCEAS_023,2024-10-31T21:00:00Z,34.39427,-122.31618,Southern California,59.98375,1,2,2,-4050,15.522,0.410930336,22.64617348,102.199707,638.3114624,10/31/2024,441.2016602,10/2/2024,,9/3/2024,,8/8/2024,,7/1/2024
CalCurCEAS_023,2024-10-31T22:00:00Z,34.39182,-122.31184,Southern California,60.000375,0,1,0,-4043,15.509,0.410930336,22.64617348,102.199707,638.3114624,10/31/2024,441.2016602,10/2/2024,,9/3/2024,,8/8/2024,,7/1/2024
CalCurCEAS_023,2024-10-31T23:00:00Z,34.3897,-122.30877,Southern California,60.000375,3,5,2,-4052,15.509,0.410930336,22.64617348,102.199707,638.3114624,10/31/2024,441.2016602,10/2/2024,,9/3/2024,,8/8/2024,,7/1/2024
CalCurCEAS_023,2024-11-01T00:00:00Z,34.38815,-122.30502,Southern California,60.000375,2,3,2,-4048,15.324,,,,,11/1/2024,618.5944824,10/5/2024,,9/4/2024,,8/2/2024,898.5310669,7/2/2024
CalCurCEAS_023,2024-11-01T01:00:00Z,34.384815,-122.298335,Southern California,60.0005,0,8,20,-4043,15.337,,,,,11/1/2024,618.5944824,10/5/2024,,9/4/2024,,8/2/2024,898.5310669,7/2/2024
CalCurCEAS_023,2024-11-01T02:00:00Z,34.38137,-122.29298,Southern California,60.000375,0,5,11,-4040,15.337,,,,,11/1/2024,618.5944824,10/5/2024,,9/4/2024,,8/2/2024,898.5310669,7/2/2024
CalCurCEAS_023,2024-11-01T03:00:00Z,34.377325,-122.291695,Southern California,60.000458,0,6,3,-4038,15.354,,,,,11/1/2024,609.9071655,10/5/2024,,9/4/2024,,8/2/2024,898.5310669,7/2/2024
CalCurCEAS_023,2024-11-01T04:00:00Z,34.37328,-122.29041,Southern California,60.000375,0,13,1,-4020,15.354,,,,,11/1/2024,609.9071655,10/5/2024,,9/4/2024,,8/2/2024,898.5310669,7/2/2024
CalCurCEAS_023,2024-11-01T05:00:00Z,34.369783,-122.290363,Southern California,60.0005,0,7,1,-4014,15.354,,,,,11/1/2024,611.5316772,10/5/2024,,9/4/2024,,8/2/2024,898.5310669,7/2/2024
CalCurCEAS_023,2024-11-01T06:00:00Z,34.36674,-122.29221,Southern California,60.00025,0,5,1,-4030,15.354,,,,,11/1/2024,611.5316772,10/5/2024,,9/4/2024,,8/2/2024,898.5310669,7/2/2024
CalCurCEAS_023,2024-11-01T07:00:00Z,34.36545,-122.29399,Southern California,60.0005,0,14,0,-4015,15.368,,,,,11/1/2024,611.5316772,10/5/2024,,9/4/2024,,8/2/2024,898.5310669,7/2/2024
CalCurCEAS_023,2024-11-01T08:00:00Z,34.364515,-122.294945,Southern California,60.000292,0,9,4,-4015,15.382,,,,,11/1/2024,611.5316772,10/5/2024,,9/4/2024,,8/2/2024,898.5310669,7/2/2024
CalCurCEAS_023,2024-11-01T09:00:00Z,34.36496,-122.29431,Southern California,60.000583,0,1,7,-4015,15.382,,,,,11/1/2024,611.5316772,10/5/2024,,9/4/2024,,8/2/2024,844.5674438,7/2/2024
CalCurCEAS_023,2024-11-01T10:00:00Z,34.36629,-122.29239,Southern California,60.000417,0,0,4,-4015,15.38,,,,,11/1/2024,611.5316772,10/5/2024,,9/4/2024,,8/2/2024,844.5674438,7/2/2024
CalCurCEAS_023,2024-11-01T11:00:00Z,34.36663,-122.29002,Southern California,60.00025,0,4,4,-4003,15.38,,,,,11/1/2024,611.5316772,10/5/2024,,9/4/2024,,8/2/2024,844.5674438,7/2/2024
CalCurCEAS_023,2024-11-01T12:00:00Z,34.36576,-122.28693,Southern California,60.000375,0,2,1,-3997,15.383,,,,,11/1/2024,611.5316772,10/5/2024,,9/4/2024,,8/2/2024,844.5674438,7/2/2024
CalCurCEAS_023,2024-11-01T13:00:00Z,34.363605,-122.283905,Southern California,60.000333,0,0,4,-3997,15.383,,,,,11/1/2024,611.5316772,10/5/2024,,9/4/2024,,8/2/2024,844.5674438,7/2/2024
CalCurCEAS_023,2024-11-01T14:00:00Z,34.361485,-122.282395,Southern California,60.0005,0,7,7,-3998,15.383,,,,,11/1/2024,611.5316772,10/5/2024,,9/4/2024,,8/2/2024,844.5674438,7/2/2024
CalCurCEAS_023,2024-11-01T15:00:00Z,34.35906,-122.280785,Southern California,60.000375,0,5,0,-3998,15.383,,,,,11/1/2024,611.5316772,10/5/2024,,9/4/2024,,8/2/2024,844.5674438,7/2/2024
CalCurCEAS_023,2024-11-01T16:00:00Z,34.35686,-122.28024,Southern California,60.000333,0,3,2,-3992,15.383,,,,,11/1/2024,611.5316772,10/5/2024,,9/4/2024,,8/2/2024,844.5674438,7/2/2024
CalCurCEAS_023,2024-11-01T17:00:00Z,34.355295,-122.2819,Southern California,60.00025,0,0,3,-3992,15.383,,,,,11/1/2024,611.5316772,10/5/2024,,9/4/2024,,8/2/2024,844.5674438,7/2/2024
CalCurCEAS_023,2024-11-01T18:00:00Z,34.35362,-122.283515,Southern California,60.000417,0,5,3,-3982,15.383,,,,,11/1/2024,611.5316772,10/5/2024,,9/4/2024,,8/2/2024,676.2800903,7/3/2024
CalCurCEAS_023,2024-11-01T19:00:00Z,34.35243,-122.28405,Southern California,60.00025,0,9,1,-3982,15.383,,,,,11/1/2024,611.5316772,10/5/2024,,9/4/2024,,8/2/2024,676.2800903,7/3/2024
CalCurCEAS_023,2024-11-01T20:00:00Z,34.351745,-122.284515,Southern California,60.00025,0,2,2,-3982,15.383,,,,,11/1/2024,571.4509888,10/6/2024,,9/7/2024,,8/2/2024,733.5574341,7/3/2024
CalCurCEAS_023,2024-11-01T21:00:00Z,34.3511,-122.28343,Southern California,60.000375,0,5,5,-3982,15.383,,,,,11/1/2024,571.4509888,10/6/2024,,9/7/2024,,8/2/2024,733.5574341,7/3/2024
CalCurCEAS_023,2024-11-01T22:00:00Z,34.34956,-122.28138,Southern California,60.000458,0,0,11,-3980,15.372,,,,,11/1/2024,571.4509888,10/6/2024,,9/7/2024,,8/2/2024,733.5574341,7/3/2024
CalCurCEAS_023,2024-11-02T03:00:00Z,34.33603,-122.26975,Southern California,60.000333,0,0,0,-3980,17.195,0.382989287,19.21257591,97.19995117,662.9855957,11/2/2024,,9/28/2024,461.516571,9/1/2024,,7/30/2024,184.3979492,7/3/2024
CalCurCEAS_023,2024-11-02T04:00:00Z,34.33474,-122.26976,Southern California,60.000292,0,0,1,-3980,17.181,0.382989287,19.21257591,97.19995117,662.9855957,11/2/2024,,9/28/2024,461.516571,9/1/2024,,7/30/2024,184.3979492,7/3/2024
CalCurCEAS_023,2024-11-02T05:00:00Z,34.334805,-122.269675,Southern California,60.000333,0,0,3,-3980,17.125,0.382989287,19.21257591,97.19995117,662.9855957,11/2/2024,,9/28/2024,461.516571,9/1/2024,,7/30/2024,184.3979492,7/3/2024
CalCurCEAS_023,2024-11-02T06:00:00Z,34.335975,-122.26897,Southern California,60.000375,0,0,0,-3980,17.099,0.382989287,19.21257591,97.19995117,662.9855957,11/2/2024,,9/28/2024,466.7042236,9/1/2024,,7/30/2024,184.3979492,7/3/2024
CalCurCEAS_023,2024-11-02T07:00:00Z,34.33842,-122.268795,Southern California,60.000375,0,1,0,-3985,16.987,0.382989287,19.21257591,97.19995117,662.9855957,11/2/2024,,9/28/2024,466.7042236,9/1/2024,,7/30/2024,184.3979492,7/3/2024
CalCurCEAS_023,2024-11-02T08:00:00Z,34.34047,-122.26841,Southern California,60.000333,1,0,1,-3985,16.954,0.382989287,19.21257591,97.19995117,662.9855957,11/2/2024,,9/28/2024,466.7042236,9/1/2024,,7/30/2024,184.3979492,7/3/2024
CalCurCEAS_023,2024-11-02T09:00:00Z,34.341755,-122.2669,Southern California,60.000417,0,0,1,-4000,16.924,0.382989287,19.21257591,97.19995117,662.9855957,11/2/2024,,9/28/2024,466.7042236,9/1/2024,,7/30/2024,184.3979492,7/3/2024
CalCurCEAS_023,2024-11-02T10:00:00Z,34.34261,-122.26466,Southern California,60.000417,0,10,0,-4009,16.87,0.382989287,19.21257591,97.19995117,662.9855957,11/2/2024,,9/28/2024,466.7042236,9/1/2024,,7/30/2024,184.3979492,7/3/2024
CalCurCEAS_023,2024-11-02T11:00:00Z,34.3425,-122.26088,Southern California,60.000458,0,1,3,-4016,16.852,0.382989287,19.21257591,97.19995117,662.9855957,11/2/2024,,9/28/2024,466.7042236,9/1/2024,,7/30/2024,184.3979492,7/3/2024
CalCurCEAS_023,2024-11-02T12:00:00Z,34.34108,-122.25707,Southern California,60.000333,0,4,3,-4005,16.829,0.382989287,19.21257591,97.19995117,662.9855957,11/2/2024,,9/28/2024,469.0612183,9/1/2024,,7/31/2024,,7/6/2024
CalCurCEAS_023,2024-11-02T13:00:00Z,34.339465,-122.253975,Southern California,60.000458,0,2,1,-4009,16.807,0.382989287,19.21257591,97.19995117,662.9855957,11/2/2024,,9/28/2024,469.0699463,9/1/2024,,7/31/2024,,7/6/2024
CalCurCEAS_023,2024-11-02T14:00:00Z,34.33797,-122.25142,Southern California,60.000292,0,2,9,-4009,16.784,0.382989287,19.21257591,97.19995117,662.9855957,11/2/2024,,9/28/2024,469.0699463,9/1/2024,,7/31/2024,,7/6/2024
CalCurCEAS_023,2024-11-02T15:00:00Z,34.33582,-122.25017,Southern California,60.000458,0,6,3,-4013,16.767,0.382989287,19.21257591,97.19995117,662.9855957,11/2/2024,,9/28/2024,469.0699463,9/1/2024,,7/31/2024,,7/6/2024
CalCurCEAS_023,2024-11-02T16:00:00Z,34.33525,-122.25114,Southern California,60.000417,0,8,5,-4013,16.759,0.382989287,19.21257591,97.19995117,662.9855957,11/2/2024,,9/28/2024,482.1890869,9/2/2024,,8/3/2024,,7/5/2024
CalCurCEAS_023,2024-11-02T17:00:00Z,34.33549,-122.25174,Southern California,60.000375,0,6,6,-4013,16.753,0.382989287,19.21257591,97.19995117,662.9855957,11/2/2024,,9/28/2024,482.1890869,9/2/2024,,8/3/2024,,7/5/2024
CalCurCEAS_023,2024-11-02T18:00:00Z,34.33559,-122.25269,Southern California,60.000458,0,5,4,-4013,16.74,0.382989287,19.21257591,97.19995117,662.9855957,11/2/2024,,9/28/2024,486.2877808,9/2/2024,,8/3/2024,,7/5/2024
CalCurCEAS_023,2024-11-02T19:00:00Z,34.33591,-122.25275,Southern California,60.0005,0,0,6,-4013,16.736,0.382989287,19.21257591,97.19995117,662.9855957,11/2/2024,,9/28/2024,482.2296143,9/2/2024,,8/3/2024,,7/5/2024
CalCurCEAS_023,2024-11-02T20:00:00Z,34.334495,-122.25232,Southern California,60.00025,0,3,36,-4013,16.733,0.382989287,19.21257591,97.19995117,662.9855957,11/2/2024,,9/28/2024,482.2296143,9/2/2024,,8/3/2024,,7/5/2024
CalCurCEAS_023,2024-11-02T21:00:00Z,34.33334,-122.251135,Southern California,60.0005,0,5,17,-4013,16.729,0.382989287,19.21257591,97.19995117,662.9855957,11/2/2024,,9/28/2024,482.2296143,9/2/2024,,8/3/2024,,7/5/2024
CalCurCEAS_023,2024-11-02T22:00:00Z,34.33148,-122.24989,Southern California,60.0005,1,2,7,-4012,16.749,0.304992944,24.06505966,86.09985352,661.8270874,11/2/2024,,9/28/2024,482.2296143,9/2/2024,,8/3/2024,,7/5/2024
CalCurCEAS_023,2024-11-02T23:00:00Z,34.32878,-122.24776,Southern California,60.000458,9,5,0,-3973,16.75,0.304992944,24.06505966,86.09985352,661.8270874,11/2/2024,,9/28/2024,487.0817261,9/2/2024,,8/3/2024,,7/5/2024
CalCurCEAS_023,2024-11-03T00:00:00Z,34.3254,-122.24432,Southern California,60.000333,1,4,2,-3978,16.952,0.393856794,28.23990631,100.7998047,668.9337769,11/3/2024,,10/1/2024,591.9838867,9/1/2024,,7/31/2024,,7/6/2024
CalCurCEAS_023,2024-11-03T01:00:00Z,34.31647,-122.23854,Southern California,60.000333,0,8,1,-3984,16.554,0.393856794,28.23990631,100.7998047,668.9337769,11/3/2024,381.9498291,10/2/2024,,9/4/2024,,8/1/2024,,7/11/2024
CalCurCEAS_023,2024-11-03T02:00:00Z,34.31018,-122.23719,Southern California,60.000375,0,1,15,-3990,16.554,0.393856794,28.23990631,100.7998047,668.9337769,11/3/2024,381.9498291,10/2/2024,,9/4/2024,,8/1/2024,,7/11/2024
CalCurCEAS_023,2024-11-03T03:00:00Z,34.306355,-122.238125,Southern California,60.000417,0,1,15,-3992,16.554,0.393856794,28.23990631,100.7998047,668.9337769,11/3/2024,381.9498291,10/2/2024,,9/4/2024,,8/1/2024,,7/11/2024
CalCurCEAS_023,2024-11-03T04:00:00Z,34.30158,-122.241085,Southern California,60.000417,0,0,2,-3992,16.559,0.393856794,28.23990631,100.7998047,668.9337769,11/3/2024,381.9498291,10/2/2024,,9/4/2024,,8/1/2024,,7/11/2024
CalCurCEAS_023,2024-11-03T05:00:00Z,34.299637,-122.242483,Southern California,60.0005,0,1,4,-3992,16.554,0.393856794,28.23990631,100.7998047,668.9337769,11/3/2024,381.9498291,10/2/2024,,9/4/2024,,8/1/2024,,7/11/2024
CalCurCEAS_023,2024-11-03T06:00:00Z,34.29817,-122.24234,Southern California,60.000292,0,0,8,-3992,16.554,0.393856794,28.23990631,100.7998047,668.9337769,11/3/2024,381.9498291,10/2/2024,,9/4/2024,,8/1/2024,,7/11/2024
CalCurCEAS_023,2024-11-03T07:00:00Z,34.297765,-122.2418,Southern California,60.0005,0,0,2,-3992,16.559,0.393856794,28.23990631,100.7998047,668.9337769,11/3/2024,396.7532349,10/2/2024,,9/4/2024,,8/1/2024,,7/11/2024
CalCurCEAS_023,2024-11-03T08:00:00Z,34.29738,-122.24026,Southern California,60.000333,0,0,0,-3993,16.559,0.393856794,28.23990631,100.7998047,668.9337769,11/3/2024,396.7532349,10/2/2024,,9/4/2024,,8/1/2024,,7/11/2024
CalCurCEAS_023,2024-11-03T09:00:00Z,34.29688,-122.23829,Southern California,60.0005,0,0,3,-3993,16.559,0.393856794,28.23990631,100.7998047,668.9337769,11/3/2024,396.7532349,10/2/2024,,9/4/2024,,8/1/2024,,7/12/2024
CalCurCEAS_023,2024-11-03T10:00:00Z,34.294135,-122.23616,Southern California,60.000375,0,5,1,-3988,16.57,0.393856794,28.23990631,100.7998047,668.9337769,11/3/2024,375.274353,10/2/2024,,9/4/2024,,8/1/2024,,7/12/2024
CalCurCEAS_023,2024-11-03T11:00:00Z,34.28909,-122.23247,Southern California,60.0005,0,2,3,-3989,16.57,0.386594176,28.27517319,100.199707,668.9337769,11/3/2024,375.274353,10/2/2024,,9/4/2024,,8/1/2024,,7/12/2024
CalCurCEAS_023,2024-11-03T12:00:00Z,34.282063,-122.2282,Southern California,60.000417,0,10,3,-3967,16.57,0.386594176,28.27517319,100.199707,668.9337769,11/3/2024,375.274353,10/2/2024,,9/4/2024,,8/1/2024,,7/12/2024
CalCurCEAS_023,2024-11-03T13:00:00Z,34.27245,-122.22477,Southern California,60.000292,0,5,1,-3950,16.57,0.386594176,28.27517319,100.199707,668.9337769,11/3/2024,375.274353,10/2/2024,,9/4/2024,,8/1/2024,,7/12/2024
CalCurCEAS_023,2024-11-03T14:00:00Z,34.267035,-122.224695,Southern California,60.000417,0,4,1,-3942,16.585,0.386594176,28.27517319,100.199707,668.9337769,11/3/2024,375.274353,10/2/2024,,9/4/2024,,8/1/2024,,7/12/2024
CalCurCEAS_023,2024-11-03T15:00:00Z,34.261145,-122.22588,Southern California,60.000333,0,6,1,-3925,16.585,0.386594176,28.27517319,100.199707,668.9337769,11/3/2024,375.274353,10/2/2024,,9/4/2024,,8/1/2024,,7/12/2024
CalCurCEAS_023,2024-11-03T16:00:00Z,34.2591,-122.229585,Southern California,60.000458,0,1,1,-3931,16.601,0.386594176,28.27517319,100.199707,668.9337769,11/3/2024,375.274353,10/2/2024,,9/4/2024,,8/1/2024,,7/12/2024
CalCurCEAS_023,2024-11-03T17:00:00Z,34.25859,-122.23251,Southern California,60.000375,0,1,0,-3931,16.629,0.386594176,28.27517319,100.199707,668.9337769,11/3/2024,375.274353,10/2/2024,,9/4/2024,,8/1/2024,,7/12/2024
CalCurCEAS_023,2024-11-03T18:00:00Z,34.257615,-122.235245,Southern California,60.000458,0,1,1,-3936,16.629,0.386594176,28.27517319,100.199707,668.9337769,11/3/2024,381.9498291,10/2/2024,,9/4/2024,,8/1/2024,,7/12/2024
CalCurCEAS_023,2024-11-03T19:00:00Z,34.25483,-122.23779,Southern California,60.000333,0,9,0,-3944,16.672,0.386594176,28.27517319,100.199707,668.9337769,11/3/2024,381.9498291,10/2/2024,,9/4/2024,,8/1/2024,,6/29/2024
CalCurCEAS_023,2024-11-03T20:00:00Z,34.25264,-122.23753,Southern California,60.0005,0,1,1,-3942,16.715,0.386594176,28.27517319,100.199707,668.9337769,11/3/2024,381.9498291,10/2/2024,,9/4/2024,,8/1/2024,,6/29/2024
CalCurCEAS_023,2024-11-03T21:00:00Z,34.248975,-122.236815,Southern California,60.000417,0,0,1,-3927,16.736,0.390428752,29.17391777,100.6000977,673.572876,11/3/2024,381.9498291,10/2/2024,,9/5/2024,,8/4/2024,516.5792847,6/30/2024
CalCurCEAS_023,2024-11-03T22:00:00Z,34.24258,-122.236055,Southern California,60.0005,1,1,0,-3910,16.806,0.390428752,29.17391777,100.6000977,673.572876,11/3/2024,381.9498291,10/2/2024,,9/5/2024,,8/5/2024,,7/2/2024
CalCurCEAS_023,2024-11-03T23:00:00Z,34.23647,-122.23423,Southern California,60.000292,0,4,6,-3899,16.806,0.390428752,29.17391777,100.6000977,673.572876,11/3/2024,381.9498291,10/2/2024,,9/5/2024,,8/5/2024,603.7695313,7/3/2024
CalCurCEAS_023,2024-11-04T00:00:00Z,34.229125,-122.231635,Southern California,60.000333,0,7,3,-3842,17.225,,,,,11/4/2024,377.7576599,10/5/2024,,9/5/2024,592.0376587,8/6/2024,,7/7/2024
CalCurCEAS_023,2024-11-04T01:00:00Z,34.22137,-122.228365,Southern California,60.000375,0,2,1,-3824,16.78,,,,,11/4/2024,410.2165527,10/6/2024,,9/8/2024,,8/5/2024,,7/4/2024
CalCurCEAS_023,2024-11-04T02:00:00Z,34.214965,-122.228283,Southern California,60.000417,0,2,2,-3818,16.758,,,,,11/4/2024,410.2165527,10/6/2024,,9/8/2024,,8/5/2024,,7/4/2024
CalCurCEAS_023,2024-11-04T03:00:00Z,34.20856,-122.2282,Southern California,60.000333,0,2,5,-3810,16.766,,,,,11/4/2024,410.2165527,10/6/2024,,9/8/2024,,8/5/2024,,7/4/2024
CalCurCEAS_023,2024-11-04T04:00:00Z,34.206035,-122.230915,Southern California,60.000458,0,0,0,-3824,16.766,,,,,11/4/2024,410.2165527,10/6/2024,,9/8/2024,,8/6/2024,,7/7/2024
CalCurCEAS_023,2024-11-04T05:00:00Z,34.20571,-122.23382,Southern California,60.000417,1,4,0,-3848,16.748,,,,,11/4/2024,395.7232056,10/6/2024,,9/8/2024,,8/6/2024,510.7702026,7/8/2024
CalCurCEAS_023,2024-11-04T06:00:00Z,34.207625,-122.234615,Southern California,60.000542,0,3,0,-3848,16.76,,,,,11/4/2024,395.7232056,10/6/2024,,9/8/2024,,8/8/2024,,7/3/2024
CalCurCEAS_023,2024-11-04T07:00:00Z,34.211905,-122.23335,Southern California,60.000458,0,6,1,-3846,16.777,,,,,11/4/2024,395.7232056,10/6/2024,,9/8/2024,,8/8/2024,,7/3/2024
CalCurCEAS_023,2024-11-04T08:00:00Z,34.21236,-122.23022,Southern California,60.000375,0,5,3,-3822,16.749,,,,,11/4/2024,395.7232056,10/6/2024,,9/8/2024,,8/8/2024,,7/3/2024
CalCurCEAS_023,2024-11-04T09:00:00Z,34.21128,-122.226835,Southern California,60.000417,0,13,0,-3810,16.741,,,,,11/4/2024,395.7232056,10/6/2024,,9/8/2024,,8/8/2024,,7/3/2024
CalCurCEAS_023,2024-11-04T10:00:00Z,34.20752,-122.219885,Southern California,60.000458,0,5,1,-3798,16.741,,,,,11/4/2024,395.7232056,10/6/2024,,9/8/2024,,8/8/2024,,7/3/2024
CalCurCEAS_023,2024-11-04T11:00:00Z,34.20251,-122.21451,Southern California,60.000417,0,13,1,-3744,16.721,,,,,11/4/2024,395.7232056,10/6/2024,,9/8/2024,,8/8/2024,,7/3/2024
CalCurCEAS_023,2024-11-04T12:00:00Z,34.196,-122.210005,Southern California,60.000333,0,5,3,-3741,16.721,,,,,11/4/2024,395.7232056,10/6/2024,,9/8/2024,,8/8/2024,,7/3/2024
CalCurCEAS_023,2024-11-04T13:00:00Z,34.19036,-122.205415,Southern California,60.000333,0,16,0,-3759,16.706,,,,,11/4/2024,391.061615,10/6/2024,,9/8/2024,,8/8/2024,,7/3/2024
CalCurCEAS_023,2024-11-04T14:00:00Z,34.18593,-122.202515,Southern California,60.000417,0,10,2,-3772,16.706,,,,,11/4/2024,391.061615,10/6/2024,,9/8/2024,,8/8/2024,,7/3/2024
CalCurCEAS_023,2024-11-04T15:00:00Z,34.18234,-122.20142,Southern California,60.000417,1,17,1,-3776,16.706,,,,,11/4/2024,391.061615,10/6/2024,,9/8/2024,,8/8/2024,,7/3/2024
CalCurCEAS_023,2024-11-04T16:00:00Z,34.18083,-122.201385,Southern California,59.983833,0,12,0,-3776,16.706,,,,,11/4/2024,391.061615,10/6/2024,,9/8/2024,,8/8/2024,,7/3/2024
CalCurCEAS_023,2024-11-04T21:00:00Z,34.17905,-122.1945,Southern California,60.000417,0,2,10,-3788,16.708,,,,,11/4/2024,391.061615,10/6/2024,,9/8/2024,,8/8/2024,,7/4/2024
CalCurCEAS_023,2024-11-04T22:00:00Z,34.17428,-122.1902,Southern California,60.000375,0,9,13,-3795,16.708,,,,,11/4/2024,391.061615,10/6/2024,,9/8/2024,,8/8/2024,,7/4/2024
CalCurCEAS_023,2024-11-04T23:00:00Z,34.169085,-122.18596,Southern California,60.000375,0,7,4,-3770,16.685,,,,,11/4/2024,391.061615,10/6/2024,,9/8/2024,,8/8/2024,,7/4/2024
CalCurCEAS_023,2024-11-05T00:00:00Z,34.161315,-122.181325,Southern California,60.000542,0,15,1,-3838,17.124,,,,,11/5/2024,,10/9/2024,,9/8/2024,,8/6/2024,510.7702026,7/8/2024
CalCurCEAS_023,2024-11-05T01:00:00Z,34.1567,-122.1799,Southern California,60.000333,0,6,0,-3837,16.893,,,,,11/5/2024,,10/9/2024,,9/8/2024,,8/6/2024,510.7702026,7/8/2024
CalCurCEAS_023,2024-11-05T02:00:00Z,34.151355,-122.17885,Southern California,60.000458,0,3,3,-3834,16.898,,,,,11/5/2024,,10/9/2024,,9/8/2024,,8/6/2024,534.9320068,7/8/2024
CalCurCEAS_023,2024-11-05T03:00:00Z,34.146425,-122.17723,Southern California,60.000458,0,6,7,-3835,16.943,,,,,11/5/2024,,10/9/2024,,9/8/2024,,8/6/2024,534.9320068,7/8/2024
CalCurCEAS_023,2024-11-05T04:00:00Z,34.14499,-122.17462,Southern California,60.000417,0,11,0,-3829,16.994,,,,,11/5/2024,,10/9/2024,,9/8/2024,,8/6/2024,534.9320068,7/8/2024
CalCurCEAS_023,2024-11-05T05:00:00Z,34.14394,-122.172625,Southern California,60.000375,0,12,2,-3829,17.001,,,,,11/5/2024,,10/10/2024,,9/8/2024,,8/9/2024,817.9816895,7/8/2024
CalCurCEAS_023,2024-11-05T06:00:00Z,34.14321,-122.170393,Southern California,60.000458,1,25,0,-3826,17.016,,,,,11/5/2024,,10/10/2024,,9/8/2024,,8/9/2024,817.9816895,7/8/2024
CalCurCEAS_023,2024-11-05T07:00:00Z,34.14154,-122.165265,Southern California,60.000292,1,14,8,-3820,17.041,,,,,11/5/2024,,10/10/2024,,9/8/2024,,8/10/2024,,7/10/2024
CalCurCEAS_023,2024-11-05T08:00:00Z,34.13944,-122.16228,Southern California,60.0005,0,6,0,-3816,17.041,,,,,11/5/2024,,10/10/2024,,9/8/2024,,8/10/2024,,7/10/2024
CalCurCEAS_023,2024-11-05T09:00:00Z,34.13366,-122.1573,Southern California,60.0005,0,0,0,-3802,16.839,,,,,11/5/2024,,10/10/2024,,9/8/2024,,8/10/2024,,7/10/2024
CalCurCEAS_023,2024-11-05T10:00:00Z,34.12871,-122.1536,Southern California,60.000375,0,2,1,-3798,16.839,,,,,11/5/2024,,10/10/2024,,9/8/2024,,8/10/2024,,7/10/2024
CalCurCEAS_023,2024-11-05T11:00:00Z,34.12192,-122.14924,Southern California,60.0005,0,6,0,-3798,16.839,,,,,11/5/2024,,10/10/2024,,9/8/2024,,8/10/2024,,7/10/2024
CalCurCEAS_023,2024-11-05T12:00:00Z,34.116405,-122.147275,Southern California,60.000333,0,15,0,-3798,16.808,,,,,11/5/2024,,10/10/2024,,9/8/2024,,8/10/2024,,7/10/2024
CalCurCEAS_023,2024-11-05T13:00:00Z,34.11099,-122.14665,Southern California,60.000333,0,26,1,-3802,16.808,,,,,11/5/2024,,9/28/2024,487.0817261,9/2/2024,,8/3/2024,,7/5/2024
CalCurCEAS_023,2024-11-05T14:00:00Z,34.106955,-122.14654,Southern California,60.000458,3,8,0,-3802,16.808,,,,,11/5/2024,,9/28/2024,487.8114624,9/2/2024,,8/3/2024,,7/5/2024
CalCurCEAS_023,2024-11-05T15:00:00Z,34.10391,-122.14677,Southern California,60.000458,1,3,0,-3800,16.785,,,,,11/5/2024,,9/28/2024,487.8114624,9/2/2024,,8/3/2024,,7/5/2024
CalCurCEAS_023,2024-11-05T16:00:00Z,34.1004,-122.145835,Southern California,60.000375,0,1,6,-3800,16.808,,,,,11/5/2024,,9/28/2024,487.8114624,9/2/2024,,8/3/2024,,7/5/2024
CalCurCEAS_023,2024-11-05T17:00:00Z,34.096955,-122.143655,Southern California,60.000333,0,2,2,-3800,16.808,,,,,11/5/2024,,9/28/2024,487.8114624,9/2/2024,,8/3/2024,,7/5/2024
CalCurCEAS_023,2024-11-05T18:00:00Z,34.09499,-122.14095,Southern California,60.000375,0,0,5,-3808,16.789,,,,,11/5/2024,,9/28/2024,503.457489,9/2/2024,,8/3/2024,,7/5/2024
CalCurCEAS_023,2024-11-05T19:00:00Z,34.093695,-122.137255,Southern California,60.000375,0,3,3,-3808,16.789,,,,,11/5/2024,,9/28/2024,501.6764832,9/2/2024,,8/3/2024,,7/5/2024
CalCurCEAS_023,2024-11-05T20:00:00Z,34.08996,-122.12961,Southern California,60.000333,0,2,1,-3815,16.789,,,,,11/5/2024,,9/28/2024,501.6764832,9/2/2024,,8/3/2024,,7/6/2024
CalCurCEAS_023,2024-11-05T21:00:00Z,34.08533,-122.12486,Southern California,60.000375,0,2,0,-3826,16.789,,,,,11/5/2024,,9/28/2024,501.6764832,9/2/2024,,8/3/2024,,7/6/2024
CalCurCEAS_023,2024-11-05T22:00:00Z,34.08038,-122.119355,Southern California,60.000292,0,4,0,-3830,16.801,,,,,11/5/2024,,9/28/2024,501.6764832,9/2/2024,,8/3/2024,,7/6/2024
CalCurCEAS_023,2024-11-05T23:00:00Z,34.07521,-122.11426,Southern California,60.000292,0,4,0,-3839,16.842,,,,,11/5/2024,,9/28/2024,496.4503784,9/2/2024,,8/3/2024,,7/6/2024
CalCurCEAS_023,2024-11-06T00:00:00Z,34.069895,-122.10997,Southern California,60.000417,0,5,3,-3836,16.177,0.386045188,22.37541199,98.39990234,566.3355103,11/6/2024,,10/1/2024,603.6627197,9/1/2024,,7/31/2024,937.8518677,7/7/2024
CalCurCEAS_023,2024-11-06T01:00:00Z,34.06343,-122.10475,Southern California,60.000375,0,2,2,-3839,16.202,0.386045188,22.37541199,98.39990234,566.3355103,11/6/2024,,10/1/2024,603.6627197,9/1/2024,,7/31/2024,,7/7/2024
CalCurCEAS_023,2024-11-06T02:00:00Z,34.056625,-122.100515,Southern California,60.000542,0,0,0,-3835,16.202,0.386045188,22.37541199,98.39990234,566.3355103,11/6/2024,,10/1/2024,603.6627197,9/1/2024,,7/31/2024,,7/7/2024
CalCurCEAS_023,2024-11-06T03:00:00Z,34.05069,-122.09544,Southern California,60.0005,0,1,4,-3834,16.202,0.386045188,22.37541199,98.39990234,566.3355103,11/6/2024,,10/1/2024,603.6627197,9/1/2024,,7/31/2024,,7/7/2024
CalCurCEAS_023,2024-11-06T04:00:00Z,34.045525,-122.09072,Southern California,60.000375,0,5,0,-3841,16.233,0.386045188,22.37541199,98.39990234,566.3355103,11/6/2024,,10/1/2024,603.6627197,9/1/2024,,7/31/2024,,7/7/2024
CalCurCEAS_023,2024-11-06T05:00:00Z,34.04039,-122.083845,Southern California,60.000417,0,8,0,-3843,16.233,0.392167211,21.85853958,99.39990234,549.1445923,11/6/2024,,10/1/2024,603.6627197,9/1/2024,,7/31/2024,,7/7/2024
CalCurCEAS_023,2024-11-06T06:00:00Z,34.035883,-122.07704,Southern California,60.000375,0,8,1,-3847,16.263,0.396933198,21.39183807,99.60009766,540.1470947,11/6/2024,,10/1/2024,603.6627197,9/1/2024,,7/31/2024,,7/7/2024
CalCurCEAS_023,2024-11-06T07:00:00Z,34.03091,-122.06965,Southern California,60.0005,0,8,1,-3834,16.269,0.396933198,21.39183807,99.60009766,540.1470947,11/6/2024,,10/1/2024,603.6627197,9/1/2024,,7/31/2024,,7/7/2024
CalCurCEAS_023,2024-11-06T08:00:00Z,34.026625,-122.06505,Southern California,60.000375,1,6,0,-3818,16.269,0.396933198,21.39183807,99.60009766,540.1470947,11/6/2024,,10/1/2024,603.6627197,9/1/2024,,7/31/2024,,7/7/2024
CalCurCEAS_023,2024-11-06T09:00:00Z,34.021645,-122.06155,Southern California,60.000417,0,12,0,-3803,16.188,0.396933198,21.39183807,99.60009766,540.1470947,11/6/2024,,10/1/2024,603.6627197,9/1/2024,,8/1/2024,,7/10/2024
CalCurCEAS_023,2024-11-06T10:00:00Z,34.01743,-122.05787,Southern California,60.000333,0,6,0,-3804,16.191,0.396933198,21.39183807,99.60009766,540.1470947,11/6/2024,,10/1/2024,603.6627197,9/1/2024,,8/1/2024,,7/10/2024
CalCurCEAS_023,2024-11-06T11:00:00Z,34.01354,-122.05446,Southern California,60.000458,0,8,0,-3808,16.201,0.396933198,21.39183807,99.60009766,540.1470947,11/6/2024,,10/1/2024,603.6627197,9/1/2024,,8/1/2024,,7/10/2024
CalCurCEAS_023,2024-11-06T12:00:00Z,34.009775,-122.050495,Southern California,60.000458,0,7,0,-3803,16.201,0.396933198,21.39183807,99.60009766,540.1470947,11/6/2024,,10/1/2024,603.6627197,9/1/2024,,8/1/2024,,7/10/2024
CalCurCEAS_023,2024-11-06T13:00:00Z,34.00357,-122.044375,Southern California,60.000375,0,4,0,-3772,16.212,0.396933198,21.39183807,99.60009766,540.1470947,11/6/2024,,10/1/2024,594.1421509,9/2/2024,,8/4/2024,,7/9/2024
CalCurCEAS_023,2024-11-06T14:00:00Z,33.99958,-122.03957,Southern California,60.000542,0,12,0,-3770,16.212,0.41096577,21.42176437,101.7998047,528.7518921,11/6/2024,,10/1/2024,594.1421509,9/2/2024,,8/4/2024,,7/9/2024
CalCurCEAS_023,2024-11-06T15:00:00Z,33.995105,-122.035115,Southern California,60.000542,0,6,1,-3774,16.212,0.41096577,21.42176437,101.7998047,528.7518921,11/6/2024,,10/1/2024,594.1421509,9/2/2024,,8/4/2024,,7/9/2024
CalCurCEAS_023,2024-11-06T16:00:00Z,33.990475,-122.030295,Southern California,60.000458,0,4,0,-3785,16.212,0.41096577,21.42176437,101.7998047,528.7518921,11/6/2024,,10/1/2024,594.1421509,9/2/2024,,8/4/2024,,7/9/2024
CalCurCEAS_023,2024-11-06T17:00:00Z,33.987375,-122.024965,Southern California,60.000375,0,18,6,-3786,16.237,0.41096577,21.42176437,101.7998047,528.7518921,11/6/2024,527.8882446,10/2/2024,,9/5/2024,,8/5/2024,603.7695313,7/3/2024
CalCurCEAS_023,2024-11-06T18:00:00Z,33.98483,-122.016845,Southern California,60.0005,0,15,5,-3784,16.237,0.41096577,21.42176437,101.7998047,528.7518921,11/6/2024,527.8882446,10/2/2024,,9/5/2024,,8/5/2024,603.7695313,7/3/2024
CalCurCEAS_023,2024-11-06T19:00:00Z,33.98319,-122.01176,Southern California,60.000458,0,12,5,-3783,16.212,0.41096577,21.42176437,101.7998047,528.7518921,11/6/2024,527.8882446,10/2/2024,,9/5/2024,,8/5/2024,603.7695313,7/3/2024
CalCurCEAS_023,2024-11-06T20:00:00Z,33.98161,-122.00777,Southern California,60.0005,0,26,2,-3784,16.212,0.41096577,21.42176437,101.7998047,528.7518921,11/6/2024,527.8882446,10/2/2024,,9/5/2024,,8/5/2024,603.7695313,7/3/2024
CalCurCEAS_023,2024-11-06T21:00:00Z,33.98049,-122.00388,Southern California,60.000417,0,39,15,-3784,16.212,0.41096577,21.42176437,101.7998047,528.7518921,11/6/2024,493.2564392,10/2/2024,,9/5/2024,,8/5/2024,607.0196533,7/3/2024
CalCurCEAS_023,2024-11-06T22:00:00Z,33.97838,-121.998935,Southern California,60.000292,0,17,8,-3783,16.237,0.41096577,21.42176437,101.7998047,522.842041,11/6/2024,493.2564392,10/2/2024,,9/5/2024,,8/5/2024,607.0196533,7/3/2024
CalCurCEAS_023,2024-11-06T23:00:00Z,33.97643,-121.99444,Southern California,60.000375,0,27,2,-3779,16.237,0.41096577,21.42176437,101.7998047,522.842041,11/6/2024,493.2564392,10/2/2024,,9/5/2024,,8/5/2024,607.0196533,7/3/2024
CalCurCEAS_023,2024-11-07T00:00:00Z,33.97257,-121.98684,Southern California,60.000375,1,10,1,-3771,16.516,,,,,11/7/2024,,10/5/2024,,9/6/2024,,8/9/2024,,7/6/2024
CalCurCEAS_023,2024-11-07T01:00:00Z,33.97021,-121.98266,Southern California,60.000458,0,16,0,-3771,16.516,,,,,11/7/2024,,10/5/2024,,9/6/2024,,8/9/2024,,7/6/2024
CalCurCEAS_023,2024-11-07T02:00:00Z,33.96364,-121.97296,Southern California,60.0005,0,2,0,-3769,16.516,,,,,11/7/2024,,10/5/2024,,9/6/2024,,8/9/2024,,7/7/2024
CalCurCEAS_023,2024-11-07T03:00:00Z,33.958405,-121.9641,Southern California,60.000292,9,3,0,-3771,16.516,,,,,11/7/2024,,10/5/2024,,9/6/2024,,8/9/2024,,7/7/2024
CalCurCEAS_023,2024-11-07T04:00:00Z,33.95127,-121.95451,Southern California,60.000333,11,4,0,-3768,16.494,,,,,11/7/2024,,10/5/2024,,9/6/2024,,8/10/2024,,7/9/2024
CalCurCEAS_023,2024-11-07T05:00:00Z,33.94798,-121.950495,Southern California,60.0005,1,1,2,-3764,16.482,,,,,11/7/2024,,10/5/2024,,9/6/2024,,8/10/2024,,7/9/2024
CalCurCEAS_023,2024-11-07T06:00:00Z,33.94583,-121.947395,Southern California,60.000417,0,6,0,-3758,16.482,,,,,11/7/2024,,10/5/2024,,9/6/2024,,8/10/2024,,7/9/2024
CalCurCEAS_023,2024-11-07T07:00:00Z,33.943695,-121.94087,Southern California,60.000292,0,13,1,-3753,16.493,,,,,11/7/2024,,10/5/2024,,9/6/2024,,8/10/2024,,7/9/2024
CalCurCEAS_023,2024-11-07T08:00:00Z,33.94311,-121.93732,Southern California,60.000417,0,7,0,-3750,16.499,,,,,11/7/2024,,10/5/2024,,9/6/2024,,8/10/2024,,7/9/2024
CalCurCEAS_023,2024-11-07T09:00:00Z,33.94144,-121.932335,Southern California,60.000375,0,3,0,-3743,16.528,,,,,11/7/2024,,10/5/2024,,9/6/2024,,8/10/2024,,7/9/2024
CalCurCEAS_023,2024-11-07T10:00:00Z,33.938545,-121.927075,Southern California,60.000417,0,2,0,-3739,16.528,,,,,11/7/2024,,10/5/2024,,9/6/2024,,8/10/2024,,7/9/2024
CalCurCEAS_023,2024-11-07T11:00:00Z,33.93474,-121.920905,Southern California,60.000375,0,1,2,-3734,16.528,,,,,11/7/2024,,10/5/2024,,9/6/2024,,8/10/2024,,7/9/2024
CalCurCEAS_023,2024-11-07T12:00:00Z,33.93149,-121.91556,Southern California,60.000375,0,0,5,-3731,16.528,,,,,11/7/2024,,10/5/2024,,9/6/2024,,8/10/2024,,7/9/2024
CalCurCEAS_023,2024-11-07T13:00:00Z,33.92752,-121.910455,Southern California,60.000458,0,0,0,-3726,16.528,,,,,11/7/2024,,10/5/2024,,9/6/2024,,8/10/2024,,7/9/2024
CalCurCEAS_023,2024-11-07T14:00:00Z,33.921935,-121.903725,Southern California,60.000292,9,11,0,-3709,16.528,,,,,11/7/2024,,10/5/2024,,9/6/2024,,8/10/2024,,7/9/2024
CalCurCEAS_023,2024-11-07T15:00:00Z,33.91896,-121.89837,Southern California,60.000417,0,0,1,-3708,16.528,,,,,11/7/2024,,10/5/2024,,9/6/2024,,8/10/2024,,7/9/2024
CalCurCEAS_023,2024-11-07T16:00:00Z,33.91705,-121.895415,Southern California,60.000583,0,1,2,-3699,16.552,,,,,11/7/2024,,10/5/2024,,9/6/2024,,8/10/2024,,7/9/2024
CalCurCEAS_023,2024-11-07T17:00:00Z,33.91603,-121.890555,Southern California,60.0005,0,7,0,-3691,16.552,,,,,11/7/2024,,10/5/2024,,9/6/2024,,8/10/2024,,7/9/2024
CalCurCEAS_023,2024-11-07T18:00:00Z,33.915915,-121.886155,Southern California,60.000542,0,22,1,-3680,16.329,,,,,11/7/2024,460.4370422,10/6/2024,,9/8/2024,,8/9/2024,,7/7/2024
CalCurCEAS_023,2024-11-07T19:00:00Z,33.91624,-121.88237,Southern California,60.00025,0,17,2,-3668,16.329,,,,,11/7/2024,460.4370422,10/6/2024,,9/8/2024,,8/9/2024,,7/7/2024
CalCurCEAS_023,2024-11-07T20:00:00Z,33.91631,-121.87815,Southern California,60.000292,0,30,5,-3658,16.33,,,,,11/7/2024,460.4370422,10/6/2024,,9/8/2024,,8/9/2024,,7/7/2024
CalCurCEAS_023,2024-11-07T21:00:00Z,33.91611,-121.87285,Southern California,60.000583,1,10,3,-3650,16.33,,,,,11/7/2024,460.4370422,10/6/2024,,9/8/2024,,8/9/2024,,7/7/2024
CalCurCEAS_023,2024-11-07T22:00:00Z,33.915375,-121.865605,Southern California,59.876042,0,5,0,-3635,16.343,,,,,11/7/2024,460.4370422,10/6/2024,,9/8/2024,,8/9/2024,,7/7/2024
CalCurCEAS_023,2024-11-07T23:00:00Z,33.9142,-121.85836,Southern California,60.0005,0,3,2,-3629,16.343,,,,,11/7/2024,460.4370422,10/6/2024,,9/11/2024,,8/10/2024,,7/10/2024
CalCurCEAS_023,2024-11-08T00:00:00Z,33.91078,-121.84838,Southern California,60.000375,1,8,3,-3609,16.224,0.404733777,15.20300198,100.7998047,354.1639404,11/8/2024,557.5032349,10/8/2024,,9/5/2024,,8/7/2024,,7/11/2024
CalCurCEAS_023,2024-11-08T01:00:00Z,33.90696,-121.840185,Southern California,60.0005,1,6,1,-3598,16.224,0.404733777,15.20300198,100.7998047,354.1639404,11/8/2024,557.5032349,10/8/2024,,9/5/2024,,8/7/2024,,7/11/2024
CalCurCEAS_023,2024-11-08T02:00:00Z,33.90213,-121.83252,Southern California,59.983625,0,4,2,-3597,16.224,0.405519992,14.80241394,100.7998047,310.8160095,11/8/2024,557.5032349,10/8/2024,,9/5/2024,,8/7/2024,,7/11/2024
CalCurCEAS_023,2024-11-08T03:00:00Z,33.89427,-121.82096,Southern California,60.0005,2,2,0,-3598,16.223,0.405519992,14.80241394,100.7998047,310.8160095,11/8/2024,557.5032349,10/8/2024,,9/5/2024,,8/7/2024,,7/11/2024
CalCurCEAS_023,2024-11-08T04:00:00Z,33.890375,-121.815505,Southern California,60.000333,0,1,1,-3589,16.223,0.405519992,14.80241394,100.7998047,310.8160095,11/8/2024,557.5032349,10/8/2024,,9/5/2024,,8/7/2024,,7/11/2024
CalCurCEAS_023,2024-11-08T05:00:00Z,33.88804,-121.81012,Southern California,60.000333,0,4,1,-3585,16.219,0.405519992,14.80241394,100.7998047,310.8160095,11/8/2024,557.5032349,10/8/2024,,9/5/2024,,8/7/2024,,7/11/2024
CalCurCEAS_023,2024-11-08T06:00:00Z,33.885933,-121.805377,Southern California,60.000333,0,2,4,-3582,16.219,0.405519992,14.80241394,100.7998047,310.8160095,11/8/2024,554.1184082,10/8/2024,,9/5/2024,,8/7/2024,,7/11/2024
CalCurCEAS_023,2024-11-08T07:00:00Z,33.881395,-121.79791,Southern California,60.000458,0,7,12,-3579,16.218,0.405519992,14.80241394,100.7998047,310.8160095,11/8/2024,554.1184082,10/8/2024,,9/5/2024,,8/7/2024,,7/11/2024
CalCurCEAS_023,2024-11-08T08:00:00Z,33.87766,-121.79207,Southern California,60.000375,0,9,11,-3578,16.216,0.405519992,14.80241394,100.7998047,310.8160095,11/8/2024,554.1184082,10/8/2024,,9/5/2024,,8/7/2024,,7/11/2024
CalCurCEAS_023,2024-11-08T09:00:00Z,33.87363,-121.786635,Southern California,60.000375,0,8,0,-3575,16.216,0.404129714,15.30690765,100.6000977,340.100769,11/8/2024,554.1184082,10/8/2024,,9/5/2024,,8/7/2024,,7/11/2024
CalCurCEAS_023,2024-11-08T10:00:00Z,33.87036,-121.78137,Southern California,60.000333,0,12,1,-3576,16.216,0.404129714,15.30690765,100.6000977,340.100769,11/8/2024,554.1184082,10/8/2024,,9/5/2024,,8/7/2024,,7/11/2024
CalCurCEAS_023,2024-11-08T11:00:00Z,33.86595,-121.77407,Southern California,60.000542,0,6,0,-3576,16.213,0.404129714,15.30690765,100.6000977,340.100769,11/8/2024,569.9748535,10/8/2024,,9/5/2024,,8/7/2024,,7/11/2024
CalCurCEAS_023,2024-11-08T12:00:00Z,33.86224,-121.76965,Southern California,60.000417,0,4,2,-3576,16.213,0.404129714,15.30690765,100.6000977,340.100769,11/8/2024,569.9748535,10/8/2024,,9/6/2024,,8/10/2024,,7/10/2024
CalCurCEAS_023,2024-11-08T13:00:00Z,33.85837,-121.76557,Southern California,60.000292,0,14,1,-3577,16.209,0.404129714,15.30690765,100.6000977,340.100769,11/8/2024,569.9748535,10/8/2024,,9/6/2024,,8/10/2024,,7/10/2024
CalCurCEAS_023,2024-11-08T14:00:00Z,33.854225,-121.76187,Southern California,60.0005,0,13,0,-3576,16.209,0.404129714,15.30690765,100.6000977,340.100769,11/8/2024,569.9748535,10/8/2024,,9/6/2024,,8/10/2024,,7/10/2024
CalCurCEAS_023,2024-11-08T15:00:00Z,33.851505,-121.757225,Southern California,60.000417,3,8,6,-3574,16.204,0.404129714,15.30690765,100.6000977,340.100769,11/8/2024,569.9748535,10/8/2024,,9/6/2024,,8/10/2024,,7/10/2024
CalCurCEAS_023,2024-11-08T16:00:00Z,33.84954,-121.750735,Southern California,60.000292,0,18,8,-3573,16.204,0.404129714,15.30690765,100.6000977,340.100769,11/8/2024,569.9748535,10/8/2024,,9/6/2024,,8/10/2024,,7/10/2024
CalCurCEAS_023,2024-11-08T17:00:00Z,33.8488,-121.74532,Southern California,60.0005,0,21,1,-3570,16.2,0.405519992,15.07412624,100.7998047,324.7374573,11/8/2024,569.9748535,10/8/2024,,9/6/2024,,8/11/2024,,7/11/2024
CalCurCEAS_023,2024-11-08T18:00:00Z,33.84769,-121.73536,Southern California,60.0005,1,19,11,-3569,16.275,0.405519992,15.07412624,100.7998047,324.7374573,11/8/2024,,10/9/2024,,9/8/2024,,8/6/2024,534.9320068,7/8/2024
CalCurCEAS_023,2024-11-08T19:00:00Z,33.845265,-121.72878,Southern California,60.000375,0,16,0,-3569,16.275,0.405519992,15.07412624,100.7998047,324.7374573,11/8/2024,,10/9/2024,,9/8/2024,,8/6/2024,534.9320068,7/8/2024
CalCurCEAS_023,2024-11-08T20:00:00Z,33.84195,-121.72362,Southern California,60.000333,0,17,12,-3566,16.287,0.405519992,15.07412624,100.7998047,324.7374573,11/8/2024,,10/9/2024,,9/8/2024,,8/6/2024,534.9320068,7/8/2024
CalCurCEAS_023,2024-11-08T21:00:00Z,33.83774,-121.71872,Southern California,60.000458,0,5,9,-3566,16.289,0.405519992,15.07412624,100.7998047,324.7374573,11/8/2024,,10/9/2024,,9/8/2024,,8/6/2024,534.9320068,7/8/2024
CalCurCEAS_023,2024-11-08T22:00:00Z,33.831855,-121.71213,Southern California,60.000417,3,8,0,-3564,16.289,0.405082673,15.12385368,100.7998047,328.7200623,11/8/2024,,10/9/2024,,9/8/2024,,8/6/2024,534.9320068,7/8/2024
CalCurCEAS_023,2024-11-08T23:00:00Z,33.82586,-121.70347,Southern California,60.000292,0,6,3,-3560,16.287,0.411224931,15.38428307,101.7998047,324.7374573,11/8/2024,,10/9/2024,,9/8/2024,,8/6/2024,543.7597046,7/8/2024
CalCurCEAS_023,2024-11-09T00:00:00Z,33.821525,-121.697895,Southern California,60.000375,1,2,9,-3563,16.588,0.390981078,20.68803024,98.79980469,612.0193481,11/9/2024,677.6898193,10/10/2024,847.5523071,9/11/2024,,8/11/2024,,7/12/2024
CalCurCEAS_023,2024-11-09T01:00:00Z,33.816005,-121.69131,Southern California,60.000417,1,3,3,-3564,16.594,0.390981078,20.68803024,98.79980469,612.0193481,11/9/2024,677.6898193,10/10/2024,847.5523071,9/11/2024,,8/11/2024,,7/12/2024
CalCurCEAS_023,2024-11-09T02:00:00Z,33.81177,-121.68609,Southern California,60.000375,0,1,2,-3562,16.604,0.390981078,20.68803024,98.79980469,612.0193481,11/9/2024,677.6898193,10/10/2024,847.5523071,9/11/2024,,8/11/2024,,7/12/2024
CalCurCEAS_023,2024-11-09T03:00:00Z,33.80618,-121.67828,Southern California,60.000292,0,0,1,-3561,16.604,0.390981078,20.68803024,98.79980469,612.0193481,11/9/2024,677.6898193,10/10/2024,847.5523071,9/11/2024,,8/11/2024,,7/12/2024
CalCurCEAS_023,2024-11-09T04:00:00Z,33.802235,-121.67338,Southern California,60.0005,0,8,4,-3564,16.606,0.390981078,20.68803024,98.79980469,612.0193481,11/9/2024,677.6898193,10/10/2024,847.5523071,9/11/2024,,8/11/2024,,7/12/2024
CalCurCEAS_023,2024-11-09T05:00:00Z,33.797545,-121.66631,Southern California,60.000417,3,2,4,-3565,16.606,0.398513168,21.20153236,100,620.3624878,11/9/2024,706.9462891,10/10/2024,891.5633545,9/11/2024,,8/11/2024,,7/12/2024
CalCurCEAS_023,2024-11-09T06:00:00Z,33.795165,-121.661665,Southern California,60.000375,0,6,9,-3568,16.601,0.398513168,21.20153236,100,620.3624878,11/9/2024,706.9462891,10/10/2024,891.5633545,9/11/2024,,8/11/2024,,7/12/2024
CalCurCEAS_023,2024-11-09T07:00:00Z,33.790825,-121.6531,Southern California,60.000375,1,5,1,-3573,16.599,0.404297292,21.8912735,101.199707,624.2747192,11/9/2024,751.1256104,10/10/2024,908.7372437,9/11/2024,,8/11/2024,,7/12/2024
CalCurCEAS_023,2024-11-09T08:00:00Z,33.7837,-121.64408,Southern California,60.000417,2,7,5,-3565,16.596,0.404297292,21.8912735,101.199707,624.2747192,11/9/2024,751.1256104,10/10/2024,908.7372437,9/11/2024,,8/11/2024,,7/12/2024
CalCurCEAS_023,2024-11-09T09:00:00Z,33.77694,-121.63897,Southern California,60.000458,0,12,4,-3557,16.596,0.404297292,21.8912735,101.199707,624.2747192,11/9/2024,751.1256104,10/10/2024,908.7372437,9/11/2024,,8/11/2024,,7/12/2024
CalCurCEAS_023,2024-11-09T10:00:00Z,33.771115,-121.63603,Southern California,60.000375,0,7,12,-3552,16.597,0.404297292,21.8912735,101.199707,624.2747192,11/9/2024,751.1256104,10/10/2024,908.7372437,9/11/2024,,8/11/2024,,7/12/2024
CalCurCEAS_023,2024-11-09T11:00:00Z,33.76633,-121.633395,Southern California,60.000458,0,5,20,-3553,16.591,0.404297292,21.8912735,101.199707,624.2747192,11/9/2024,751.1256104,10/10/2024,908.7372437,9/11/2024,,8/11/2024,,7/12/2024
CalCurCEAS_023,2024-11-09T15:00:00Z,33.75713,-121.60978,Southern California,60.000417,8,4,3,-3541,16.588,0.405550927,21.79107094,101.3999023,624.767395,11/9/2024,769.9890747,10/10/2024,906.402832,9/11/2024,,8/11/2024,,7/12/2024
CalCurCEAS_023,2024-11-09T16:00:00Z,33.753685,-121.60214,Southern California,60.000458,1,6,0,-3540,16.593,0.405550927,21.79107094,101.3999023,624.767395,11/9/2024,769.9890747,10/10/2024,906.402832,9/11/2024,,8/11/2024,,7/12/2024
CalCurCEAS_023,2024-11-09T17:00:00Z,33.749225,-121.59329,Southern California,60.000292,0,6,2,-3542,16.593,0.405550927,21.79107094,101.199707,624.585083,11/9/2024,722.7380981,10/10/2024,923.7832642,9/11/2024,,8/11/2024,,7/12/2024
CalCurCEAS_023,2024-11-09T18:00:00Z,33.74645,-121.58692,Southern California,60.0005,2,6,0,-3536,16.593,0.405550927,21.79107094,101.199707,624.585083,11/9/2024,722.7380981,10/10/2024,923.7832642,9/11/2024,,8/11/2024,,7/12/2024
CalCurCEAS_023,2024-11-09T19:00:00Z,33.739845,-121.577135,Southern California,60.000292,4,4,1,-3532,16.592,0.407700926,21.54575729,101.7998047,625.0126953,11/9/2024,710.2296143,10/10/2024,917.0119629,9/11/2024,,8/11/2024,,7/12/2024
CalCurCEAS_023,2024-11-09T20:00:00Z,33.731455,-121.56932,Southern California,60.000458,0,13,0,-3530,16.587,0.407700926,21.54575729,101.7998047,625.0126953,11/9/2024,710.2296143,10/10/2024,917.0119629,9/11/2024,,8/11/2024,,7/12/2024
CalCurCEAS_023,2024-11-09T21:00:00Z,33.72468,-121.56426,Southern California,60.000458,0,11,1,-3531,16.571,0.407700926,21.54575729,101.7998047,625.0126953,11/9/2024,710.2296143,10/10/2024,917.0119629,9/11/2024,,8/11/2024,,7/12/2024
CalCurCEAS_023,2024-11-09T22:00:00Z,33.717505,-121.56041,Southern California,60.000583,0,22,1,-3532,16.571,0.407700926,21.54575729,101.7998047,625.0126953,11/9/2024,710.2296143,10/10/2024,917.0119629,9/11/2024,,8/11/2024,,7/12/2024
CalCurCEAS_023,2024-11-09T23:00:00Z,33.71166,-121.5581,Southern California,60.000292,3,6,1,-3534,16.56,0.407700926,21.54575729,101.7998047,625.0126953,11/9/2024,710.2296143,10/10/2024,917.0119629,9/11/2024,,8/11/2024,,7/12/2024
CalCurCEAS_023,2024-11-10T00:00:00Z,33.70399,-121.555045,Southern California,60.000333,5,5,5,-3538,16.355,,,,,11/10/2024,,10/11/2024,917.0993652,9/11/2024,,8/12/2024,,7/13/2024
CalCurCEAS_023,2024-11-10T01:00:00Z,33.69993,-121.55155,Southern California,60.000375,0,6,0,-3540,16.356,,,,,11/10/2024,,10/11/2024,917.0993652,9/11/2024,,8/12/2024,,7/13/2024
CalCurCEAS_023,2024-11-10T02:00:00Z,33.698025,-121.54588,Southern California,60.000333,0,0,4,-3540,16.356,,,,,11/10/2024,,10/11/2024,917.0993652,9/11/2024,,8/12/2024,,7/13/2024
CalCurCEAS_023,2024-11-10T03:00:00Z,33.694775,-121.538055,Southern California,59.997792,0,0,0,-3541,16.337,,,,,11/10/2024,,10/11/2024,915.9748535,9/11/2024,,8/12/2024,,7/13/2024
CalCurCEAS_023,2024-11-10T04:00:00Z,33.689545,-121.529015,Southern California,60.000292,0,0,6,-3540,16.337,,,,,11/10/2024,,10/11/2024,915.9748535,9/11/2024,,8/12/2024,,7/13/2024
CalCurCEAS_023,2024-11-10T05:00:00Z,33.68405,-121.521215,Southern California,60.000458,0,0,1,-3542,16.329,,,,,11/10/2024,,10/11/2024,915.9748535,9/11/2024,,8/12/2024,,7/13/2024
CalCurCEAS_023,2024-11-10T06:00:00Z,33.678043,-121.51331,Southern California,60.000333,0,0,1,-3549,16.329,,,,,11/10/2024,,10/11/2024,915.9748535,9/11/2024,,8/12/2024,,7/13/2024
CalCurCEAS_023,2024-11-10T07:00:00Z,33.67078,-121.50589,Southern California,60.000542,0,0,0,-3554,16.329,,,,,11/10/2024,,10/11/2024,915.9748535,9/11/2024,,8/12/2024,,7/13/2024
CalCurCEAS_023,2024-11-10T08:00:00Z,33.66475,-121.500435,Southern California,60.000333,0,0,0,-3552,16.331,,,,,11/10/2024,,10/11/2024,914.9377441,9/11/2024,,8/12/2024,,7/13/2024
CalCurCEAS_023,2024-11-10T09:00:00Z,33.658115,-121.49673,Southern California,60.000458,0,0,0,-3549,16.331,,,,,11/10/2024,,10/11/2024,940.8624878,9/11/2024,,8/12/2024,,7/13/2024
CalCurCEAS_023,2024-11-10T10:00:00Z,33.651545,-121.494155,Southern California,60.000417,0,2,1,-3542,16.332,,,,,11/10/2024,,10/11/2024,940.8624878,9/11/2024,,8/12/2024,,7/13/2024
CalCurCEAS_023,2024-11-10T11:00:00Z,33.64681,-121.4925,Southern California,60.000542,0,0,6,-3544,16.332,,,,,11/10/2024,,10/11/2024,940.8624878,9/11/2024,,8/12/2024,,7/13/2024
CalCurCEAS_023,2024-11-10T12:00:00Z,33.64365,-121.488985,Southern California,60.000417,0,1,5,-3544,16.333,,,,,11/10/2024,,10/11/2024,940.8624878,9/11/2024,,8/12/2024,,7/13/2024
CalCurCEAS_023,2024-11-10T13:00:00Z,33.64115,-121.481195,Southern California,60.000458,0,13,1,-3545,16.332,,,,,11/10/2024,,10/11/2024,940.8624878,9/11/2024,,8/12/2024,,7/13/2024
CalCurCEAS_023,2024-11-10T14:00:00Z,33.63905,-121.47559,Southern California,60.000375,0,0,0,-3545,16.332,,,,,11/10/2024,,10/11/2024,940.8624878,9/11/2024,,8/12/2024,,7/13/2024
CalCurCEAS_023,2024-11-10T15:00:00Z,33.635585,-121.469275,Southern California,60.000375,0,1,1,-3576,16.33,,,,,11/10/2024,,10/11/2024,940.8624878,9/11/2024,,8/12/2024,,7/13/2024
CalCurCEAS_023,2024-11-10T16:00:00Z,33.63175,-121.46321,Southern California,60.000458,0,1,0,-3592,16.33,,,,,11/10/2024,,10/11/2024,940.8624878,9/11/2024,,8/12/2024,,7/13/2024
CalCurCEAS_023,2024-11-10T17:00:00Z,33.62729,-121.456915,Southern California,60.000458,0,0,3,-3600,16.33,,,,,11/10/2024,,10/11/2024,971.7350464,9/11/2024,,8/12/2024,,7/13/2024
CalCurCEAS_023,2024-11-10T18:00:00Z,33.62173,-121.4496,Southern California,60.000417,0,10,7,-3604,16.33,,,,,11/10/2024,,10/11/2024,982.8988037,9/11/2024,,8/12/2024,,7/13/2024
CalCurCEAS_023,2024-11-10T19:00:00Z,33.61726,-121.44394,Southern California,60.000542,0,6,4,-3602,16.322,,,,,11/10/2024,,10/11/2024,982.8988037,9/11/2024,,8/12/2024,,7/13/2024
CalCurCEAS_023,2024-11-10T20:00:00Z,33.61245,-121.43829,Southern California,60.00025,0,22,2,-3610,16.321,,,,,11/10/2024,,10/11/2024,982.8988037,9/11/2024,,8/12/2024,,7/13/2024
CalCurCEAS_023,2024-11-10T21:00:00Z,33.605595,-121.431125,Southern California,60.000458,0,24,0,-3555,16.313,,,,,11/10/2024,,10/11/2024,982.8988037,9/11/2024,,8/12/2024,,7/13/2024
CalCurCEAS_023,2024-11-10T22:00:00Z,33.60101,-121.42727,Southern California,60.000458,0,23,2,-3555,16.311,,,,,11/10/2024,,10/11/2024,982.8988037,9/11/2024,,8/12/2024,,7/13/2024
CalCurCEAS_023,2024-11-10T23:00:00Z,33.59535,-121.423225,Southern California,60.00025,0,13,0,-3559,16.305,,,,,11/10/2024,,10/11/2024,982.8988037,9/11/2024,,8/12/2024,,7/13/2024
CalCurCEAS_023,2024-11-11T00:00:00Z,33.59014,-121.41935,Southern California,60.000375,0,19,0,-3560,16.204,,,,,11/11/2024,,10/12/2024,,9/12/2024,,8/13/2024,,7/14/2024
CalCurCEAS_023,2024-11-11T01:00:00Z,33.58493,-121.414695,Southern California,60.000333,0,6,0,-3559,16.219,,,,,11/11/2024,,10/12/2024,,9/12/2024,,8/13/2024,,7/14/2024
CalCurCEAS_023,2024-11-11T02:00:00Z,33.58153,-121.41043,Southern California,60.000292,0,0,2,-3561,16.219,,,,,11/11/2024,,10/12/2024,,9/12/2024,,8/13/2024,,7/14/2024
CalCurCEAS_023,2024-11-11T03:00:00Z,33.57592,-121.40317,Southern California,60.000458,0,0,5,-3558,16.217,,,,,11/11/2024,,10/12/2024,,9/12/2024,,8/13/2024,,7/14/2024
CalCurCEAS_023,2024-11-11T04:00:00Z,33.57296,-121.3985,Southern California,60.000333,0,1,5,-3556,16.231,,,,,11/11/2024,,10/12/2024,,9/12/2024,,8/13/2024,,7/14/2024
CalCurCEAS_023,2024-11-11T05:00:00Z,33.569315,-121.394065,Southern California,60.000417,1,19,5,-3556,16.229,,,,,11/11/2024,,10/12/2024,,9/12/2024,,8/13/2024,,7/14/2024
CalCurCEAS_023,2024-11-11T06:00:00Z,33.56781,-121.39255,Southern California,27.000167,0,2,2,-3556,16.229,,,,,11/11/2024,,10/12/2024,,9/12/2024,,8/13/2024,,7/14/2024
CalCurCEAS_024,2024-11-11T02:00:00Z,34.27711,-121.315445,Southern California,60.000417,0,0,129,-2149,15.411,,,,,11/11/2024,,10/12/2024,,9/12/2024,,8/13/2024,,7/14/2024
CalCurCEAS_024,2024-11-11T03:00:00Z,34.277445,-121.320805,Southern California,60.000333,0,0,78,-2148,15.411,,,,,11/11/2024,,10/12/2024,,9/12/2024,,8/13/2024,,7/14/2024
CalCurCEAS_024,2024-11-11T04:00:00Z,34.27717,-121.324145,Southern California,60.000292,0,1,25,-2148,15.411,,,,,11/11/2024,,10/12/2024,,9/12/2024,,8/13/2024,,7/14/2024
CalCurCEAS_024,2024-11-11T05:00:00Z,34.27637,-121.32629,Southern California,60.000333,0,1,35,-2150,15.416,,,,,11/11/2024,,10/12/2024,,9/12/2024,,8/13/2024,,7/14/2024
CalCurCEAS_024,2024-11-11T06:00:00Z,34.27456,-121.328207,Southern California,60.000333,5,10,36,-2152,15.401,,,,,11/11/2024,,10/12/2024,,9/12/2024,,8/13/2024,,7/14/2024
CalCurCEAS_024,2024-11-11T07:00:00Z,34.271225,-121.33197,Southern California,60.000375,3,12,29,-2152,15.401,,,,,11/11/2024,,10/12/2024,,9/12/2024,,8/13/2024,,7/14/2024
CalCurCEAS_024,2024-11-11T08:00:00Z,34.26852,-121.335755,Southern California,60.00025,6,10,52,-2161,15.408,,,,,11/11/2024,,10/12/2024,,9/12/2024,,8/13/2024,,7/14/2024
CalCurCEAS_024,2024-11-11T09:00:00Z,34.2672,-121.33857,Southern California,60.000375,0,0,9,-2167,15.408,,,,,11/11/2024,,10/12/2024,,9/12/2024,,8/13/2024,,7/14/2024
CalCurCEAS_024,2024-11-11T10:00:00Z,34.266855,-121.343025,Southern California,60.000333,0,0,31,-2192,15.408,,,,,11/11/2024,,10/12/2024,,9/12/2024,,8/13/2024,,7/14/2024
CalCurCEAS_024,2024-11-11T11:00:00Z,34.26824,-121.350185,Southern California,60.000458,0,6,26,-2237,15.415,,,,,11/11/2024,,10/12/2024,,9/12/2024,,8/13/2024,,7/14/2024
CalCurCEAS_024,2024-11-11T12:00:00Z,34.270465,-121.35716,Southern California,60.000417,4,7,17,-2253,15.425,,,,,11/11/2024,,10/12/2024,,9/12/2024,,8/13/2024,,7/14/2024
CalCurCEAS_024,2024-11-11T13:00:00Z,34.27331,-121.36333,Southern California,60.00025,13,2,29,-2265,15.425,,,,,11/11/2024,,10/12/2024,,9/12/2024,,8/13/2024,,7/14/2024
CalCurCEAS_024,2024-11-11T14:00:00Z,34.27636,-121.36865,Southern California,60.000333,7,10,30,-2273,15.438,,,,,11/11/2024,,10/12/2024,,9/12/2024,,8/13/2024,,7/14/2024
CalCurCEAS_024,2024-11-11T15:00:00Z,34.27825,-121.370945,Southern California,60.000292,0,3,27,-2246,15.438,,,,,11/11/2024,,10/12/2024,,9/12/2024,,8/13/2024,,7/14/2024
CalCurCEAS_024,2024-11-11T16:00:00Z,34.28061,-121.37449,Southern California,60.000333,0,0,39,-2276,15.438,,,,,11/11/2024,,10/12/2024,,9/12/2024,,8/13/2024,,7/14/2024
CalCurCEAS_024,2024-11-11T17:00:00Z,34.281525,-121.37681,Southern California,60.000333,0,2,61,-2250,15.447,,,,,11/11/2024,,10/12/2024,,9/12/2024,,8/13/2024,,7/14/2024
CalCurCEAS_024,2024-11-11T18:00:00Z,34.281575,-121.379185,Southern California,60.000333,0,0,98,-2223,15.447,,,,,11/11/2024,,10/12/2024,,9/12/2024,,8/13/2024,,7/14/2024
CalCurCEAS_024,2024-11-11T19:00:00Z,34.2808,-121.381545,Southern California,60.000458,0,0,128,-2223,15.447,,,,,11/11/2024,,10/12/2024,,9/12/2024,,8/13/2024,,7/14/2024
CalCurCEAS_024,2024-11-11T20:00:00Z,34.28053,-121.38311,Southern California,60.000333,0,0,45,-2223,15.447,,,,,11/11/2024,,10/12/2024,,9/12/2024,,8/13/2024,,7/14/2024
CalCurCEAS_024,2024-11-11T21:00:00Z,34.28093,-121.38572,Southern California,60.000333,1,2,100,-2202,15.453,,,,,11/11/2024,,10/12/2024,,9/12/2024,,8/13/2024,,7/14/2024
CalCurCEAS_024,2024-11-11T22:00:00Z,34.2799,-121.38957,Southern California,60.000417,0,4,72,-2182,15.453,,,,,11/11/2024,,10/12/2024,,9/12/2024,,8/13/2024,,7/14/2024
CalCurCEAS_024,2024-11-11T23:00:00Z,34.27758,-121.39397,Southern California,60.000417,0,0,65,-2149,15.453,,,,,11/11/2024,,10/12/2024,,9/12/2024,,8/13/2024,,7/14/2024
CalCurCEAS_024,2024-11-12T00:00:00Z,34.275765,-121.399375,Southern California,60.000458,0,1,48,-2133,15.341,0.567983508,21.54524994,128.6000977,531.3897095,11/12/2024,,10/13/2024,,9/13/2024,,8/14/2024,632.4233398,7/15/2024
CalCurCEAS_024,2024-11-12T01:00:00Z,34.275895,-121.40582,Southern California,59.983833,0,2,67,-2056,15.349,0.567983508,21.54524994,128.6000977,531.3897095,11/12/2024,,10/13/2024,,9/13/2024,,8/14/2024,632.4233398,7/15/2024
CalCurCEAS_024,2024-11-12T02:00:00Z,34.27724,-121.4118,Southern California,60.0005,0,4,48,-1983,15.349,0.567983508,21.54524994,128.6000977,531.3897095,11/12/2024,,10/13/2024,,9/13/2024,,8/14/2024,632.4233398,7/15/2024
CalCurCEAS_024,2024-11-12T03:00:00Z,34.27869,-121.41617,Southern California,60.00025,0,0,41,-1908,15.358,0.567983508,21.54524994,128.6000977,531.3897095,11/12/2024,,10/13/2024,,9/13/2024,,8/14/2024,632.4233398,7/15/2024
CalCurCEAS_024,2024-11-12T04:00:00Z,34.278965,-121.420735,Southern California,60.000417,0,1,5,-1868,15.358,0.558006942,21.15146637,127.199707,527.6204224,11/12/2024,,10/13/2024,,9/13/2024,,8/14/2024,641.7391357,7/15/2024
CalCurCEAS_024,2024-11-12T05:00:00Z,34.27773,-121.42287,Southern California,60.000333,0,1,6,-1828,15.358,0.558006942,21.15146637,127.199707,527.6204224,11/12/2024,,10/13/2024,,9/13/2024,,8/14/2024,641.7391357,7/15/2024
CalCurCEAS_024,2024-11-12T06:00:00Z,34.27582,-121.42508,Southern California,60.000375,0,0,5,-1823,15.368,0.558006942,21.15146637,127.199707,527.6204224,11/12/2024,,10/13/2024,,9/13/2024,,8/14/2024,641.7391357,7/15/2024
CalCurCEAS_024,2024-11-12T07:00:00Z,34.273,-121.42768,Southern California,60.000417,0,0,37,-1801,15.358,0.558006942,21.15146637,127.199707,527.6204224,11/12/2024,,10/13/2024,,9/13/2024,,8/14/2024,641.7391357,7/15/2024
CalCurCEAS_024,2024-11-12T08:00:00Z,34.27037,-121.430115,Southern California,60.000417,0,0,6,-1865,15.358,0.558006942,21.15146637,127.199707,527.6204224,11/12/2024,,10/13/2024,,9/13/2024,,8/14/2024,641.7391357,7/15/2024
CalCurCEAS_024,2024-11-12T09:00:00Z,34.266675,-121.437305,Southern California,60.000375,0,0,7,-1959,15.368,0.558006942,21.15146637,127.199707,527.6204224,11/12/2024,,10/13/2024,,9/13/2024,,8/14/2024,641.7391357,7/15/2024
CalCurCEAS_024,2024-11-12T10:00:00Z,34.2645,-121.44324,Southern California,60.000375,0,0,1,-2165,15.358,0.558006942,21.15146637,127.199707,527.6204224,11/12/2024,,10/13/2024,,9/13/2024,,8/14/2024,641.7391357,7/15/2024
CalCurCEAS_024,2024-11-12T11:00:00Z,34.263565,-121.45182,Southern California,60.00025,0,0,10,-2338,15.371,0.558006942,21.15146637,127.199707,527.6204224,11/12/2024,,10/13/2024,,9/13/2024,,8/14/2024,641.7391357,7/15/2024
CalCurCEAS_024,2024-11-12T12:00:00Z,34.26415,-121.46193,Southern California,60.000417,0,0,0,-2527,15.382,0.534422338,20.73320007,123.199707,525.6517944,11/12/2024,,10/13/2024,,9/13/2024,,8/14/2024,661.5723267,7/15/2024
CalCurCEAS_024,2024-11-12T13:00:00Z,34.26586,-121.47141,Southern California,60.000333,0,0,26,-2886,15.389,0.534422338,20.73320007,123.199707,525.6517944,11/12/2024,,10/13/2024,,9/13/2024,,8/14/2024,661.5723267,7/15/2024
CalCurCEAS_024,2024-11-12T14:00:00Z,34.26851,-121.48128,Southern California,60.000375,0,0,11,-2992,15.39,0.534422338,20.73320007,123.199707,525.6517944,11/12/2024,,10/13/2024,,9/13/2024,,8/14/2024,661.5723267,7/15/2024
CalCurCEAS_024,2024-11-12T15:00:00Z,34.2717,-121.48823,Southern California,60.000292,0,2,31,-3214,15.394,0.534422338,20.73320007,123.199707,525.6517944,11/12/2024,,10/13/2024,,9/13/2024,,8/14/2024,661.5723267,7/15/2024
CalCurCEAS_024,2024-11-12T16:00:00Z,34.27616,-121.495965,Southern California,60.000375,0,8,4,-3383,15.386,0.534422338,20.73320007,123.199707,525.6517944,11/12/2024,,10/13/2024,,9/13/2024,,8/14/2024,661.5723267,7/15/2024
CalCurCEAS_024,2024-11-12T17:00:00Z,34.27946,-121.50101,Southern California,60.00025,0,9,38,-3408,15.386,0.532816529,21.45003891,123,574.2073975,11/12/2024,,10/13/2024,,9/13/2024,,8/14/2024,674.2318726,7/15/2024
CalCurCEAS_024,2024-11-12T18:00:00Z,34.28171,-121.50531,Southern California,60.000375,0,9,15,-3435,15.386,0.532816529,21.45003891,123,574.2073975,11/12/2024,,10/13/2024,,9/13/2024,,8/14/2024,674.2318726,7/15/2024
CalCurCEAS_024,2024-11-12T19:00:00Z,34.282805,-121.5101,Southern California,60.000417,0,8,51,-3474,15.386,0.532816529,21.45003891,123,574.2073975,11/12/2024,,10/13/2024,,9/13/2024,,8/14/2024,674.2318726,7/15/2024
CalCurCEAS_024,2024-11-12T20:00:00Z,34.28273,-121.51402,Southern California,60.0005,0,0,37,-3512,15.386,0.532816529,21.45003891,123,574.2073975,11/12/2024,,10/13/2024,,9/13/2024,,8/14/2024,674.2318726,7/15/2024
CalCurCEAS_024,2024-11-12T21:00:00Z,34.281855,-121.5193,Southern California,60.000375,0,7,26,-3529,15.386,0.532816529,21.45003891,123,574.2073975,11/12/2024,,10/13/2024,,9/13/2024,,8/14/2024,674.2318726,7/15/2024
CalCurCEAS_024,2024-11-12T22:00:00Z,34.28048,-121.52526,Southern California,60.000333,0,0,37,-3551,15.39,0.532816529,21.45003891,123,574.2073975,11/12/2024,,10/13/2024,,9/13/2024,,8/14/2024,674.2318726,7/15/2024
CalCurCEAS_024,2024-11-12T23:00:00Z,34.27993,-121.530495,Southern California,60.000417,0,0,17,-3558,15.39,0.532816529,21.45003891,123,574.2073975,11/12/2024,,10/13/2024,,9/13/2024,,8/14/2024,674.2318726,7/15/2024
CalCurCEAS_024,2024-11-13T00:00:00Z,34.27972,-121.53529,Southern California,60.00025,0,0,15,-3566,15.324,0.503973067,19.95284462,118.199707,579.1367798,11/13/2024,,10/14/2024,,9/14/2024,1061.244995,8/15/2024,,7/16/2024
CalCurCEAS_024,2024-11-13T01:00:00Z,34.28057,-121.53866,Southern California,60.0005,0,0,8,-3574,15.324,0.503973067,19.95284462,118.199707,579.1367798,11/13/2024,,10/14/2024,,9/14/2024,1061.244995,8/15/2024,,7/16/2024
CalCurCEAS_024,2024-11-13T02:00:00Z,34.28085,-121.54063,Southern California,60.000458,0,0,18,-3574,15.324,0.503973067,19.95284462,118.199707,579.1367798,11/13/2024,,10/14/2024,,9/14/2024,1061.244995,8/15/2024,,7/16/2024
CalCurCEAS_024,2024-11-13T03:00:00Z,34.28131,-121.54501,Southern California,60.000458,0,0,5,-3576,15.329,0.485111177,19.94903946,115,579.1367798,11/13/2024,,10/14/2024,,9/14/2024,970.3358765,8/15/2024,,7/16/2024
CalCurCEAS_024,2024-11-13T04:00:00Z,34.28222,-121.550395,Southern California,60.000417,0,0,22,-3580,15.329,0.485111177,19.94903946,115,579.1367798,11/13/2024,,10/14/2024,,9/14/2024,970.3358765,8/15/2024,,7/16/2024
CalCurCEAS_024,2024-11-13T05:00:00Z,34.282995,-121.555695,Southern California,60.00025,0,0,47,-3582,15.337,0.485111177,19.94903946,115,579.1367798,11/13/2024,,10/14/2024,,9/14/2024,970.3358765,8/15/2024,,7/16/2024
CalCurCEAS_024,2024-11-13T06:00:00Z,34.282995,-121.559075,Southern California,60.000375,0,2,6,-3582,15.337,0.485111177,19.94903946,115,579.1367798,11/13/2024,,10/14/2024,,9/14/2024,970.3358765,8/15/2024,,7/16/2024
CalCurCEAS_024,2024-11-13T07:00:00Z,34.28299,-121.566675,Southern California,60.000208,0,15,39,-3583,15.345,0.485111177,19.94903946,115,579.1367798,11/13/2024,,10/14/2024,,9/14/2024,970.3358765,8/15/2024,,7/16/2024
CalCurCEAS_024,2024-11-13T08:00:00Z,34.283645,-121.57462,Southern California,60.0005,0,0,30,-3585,15.345,0.485111177,19.94903946,115,579.1367798,11/13/2024,,10/14/2024,,9/14/2024,970.3358765,8/15/2024,,7/16/2024
CalCurCEAS_024,2024-11-13T09:00:00Z,34.28456,-121.58121,Southern California,60.000292,0,0,5,-3589,15.352,0.485111177,19.94903946,115,579.1367798,11/13/2024,,10/14/2024,,9/14/2024,970.3358765,8/15/2024,,7/16/2024
CalCurCEAS_024,2024-11-13T10:00:00Z,34.2851,-121.586035,Southern California,60.000458,0,5,9,-3592,15.343,0.468445271,19.46927834,112,563.6156616,11/13/2024,,10/14/2024,,9/14/2024,919.1954956,8/15/2024,,7/16/2024
CalCurCEAS_024,2024-11-13T11:00:00Z,34.285265,-121.592635,Southern California,60.000458,0,4,18,-3598,15.343,0.468445271,19.46927834,112,563.6156616,11/13/2024,,10/14/2024,,9/14/2024,919.1954956,8/15/2024,,7/16/2024
CalCurCEAS_024,2024-11-13T12:00:00Z,34.28624,-121.599305,Southern California,60.000333,0,1,19,-3602,15.347,0.468445271,19.46927834,112,563.6156616,11/13/2024,,10/14/2024,,9/14/2024,919.1954956,8/15/2024,,7/16/2024
CalCurCEAS_024,2024-11-13T13:00:00Z,34.28747,-121.6037,Southern California,60.000333,0,0,19,-3603,15.347,0.468445271,19.46927834,112,563.6156616,11/13/2024,,10/14/2024,,9/14/2024,919.1954956,8/15/2024,,7/16/2024
CalCurCEAS_024,2024-11-13T14:00:00Z,34.290105,-121.60594,Southern California,60.000375,0,1,12,-3608,15.354,0.468445271,19.46927834,112,563.6156616,11/13/2024,,10/14/2024,,9/14/2024,919.1954956,8/15/2024,,7/16/2024
CalCurCEAS_024,2024-11-13T15:00:00Z,34.295185,-121.608795,Southern California,60.000375,0,4,5,-3613,15.344,0.461365998,18.41982269,110.7998047,522.3612061,11/13/2024,,10/14/2024,,9/14/2024,928.8259888,8/15/2024,,7/16/2024
CalCurCEAS_024,2024-11-13T16:00:00Z,34.29852,-121.61099,Southern California,60.000458,0,0,2,-3614,15.344,0.461365998,18.41982269,110.7998047,522.3612061,11/13/2024,,10/14/2024,,9/14/2024,928.8259888,8/15/2024,,7/16/2024
CalCurCEAS_024,2024-11-13T17:00:00Z,34.301035,-121.613375,Southern California,60.000292,1,0,5,-3612,15.344,0.461365998,18.41982269,110.7998047,522.3612061,11/13/2024,,10/14/2024,,9/14/2024,928.8259888,8/15/2024,,7/16/2024
CalCurCEAS_024,2024-11-13T18:00:00Z,34.30301,-121.61498,Southern California,60.000333,4,3,4,-3612,15.344,0.461365998,18.41982269,110.7998047,522.3612061,11/13/2024,,10/14/2024,,9/14/2024,928.8259888,8/15/2024,,7/16/2024
CalCurCEAS_024,2024-11-13T19:00:00Z,34.302995,-121.61719,Southern California,60.000542,0,13,10,-3616,15.353,0.461365998,18.41982269,110.7998047,522.3612061,11/13/2024,,10/14/2024,,9/14/2024,928.8259888,8/15/2024,,7/16/2024
CalCurCEAS_024,2024-11-13T20:00:00Z,34.30175,-121.62022,Southern California,60.000417,0,7,1,-3616,15.353,0.461365998,18.41982269,110.7998047,522.3612061,11/13/2024,,10/14/2024,,9/14/2024,928.8259888,8/15/2024,,7/16/2024
CalCurCEAS_024,2024-11-13T21:00:00Z,34.298375,-121.623535,Southern California,60.000333,0,1,1,-3618,15.353,0.461365998,18.41982269,110.7998047,522.3612061,11/13/2024,,10/14/2024,,9/14/2024,928.8259888,8/15/2024,,7/16/2024
CalCurCEAS_024,2024-11-13T22:00:00Z,34.29633,-121.62513,Southern California,60.00025,0,6,1,-3622,15.363,0.45714739,18.74923325,110,518.5180664,11/13/2024,,10/14/2024,,9/14/2024,911.2879639,8/15/2024,,7/16/2024
CalCurCEAS_024,2024-11-13T23:00:00Z,34.293135,-121.628705,Southern California,60.000417,14,15,6,-3620,15.373,0.45714739,18.74923325,110,518.5180664,11/13/2024,,10/14/2024,,9/14/2024,911.2879639,8/15/2024,,7/16/2024
CalCurCEAS_024,2024-11-14T00:00:00Z,34.28996,-121.63484,Southern California,60.000375,9,8,2,-3623,15.016,0.448176533,19.0485363,108.3999023,455.993866,11/14/2024,,10/15/2024,,9/15/2024,,8/16/2024,,7/17/2024
CalCurCEAS_024,2024-11-14T01:00:00Z,34.28825,-121.64173,Southern California,60.000333,0,3,8,-3631,15.034,0.448176533,19.0485363,108.3999023,455.993866,11/14/2024,,10/15/2024,,9/15/2024,,8/16/2024,,7/17/2024
CalCurCEAS_024,2024-11-14T02:00:00Z,34.28816,-121.64749,Southern California,60.000292,0,5,5,-3635,15.051,0.448176533,19.0485363,108.3999023,455.993866,11/14/2024,,10/15/2024,,9/15/2024,,8/16/2024,,7/17/2024
CalCurCEAS_024,2024-11-14T03:00:00Z,34.2889,-121.65071,Southern California,60.0005,0,6,4,-3639,15.051,0.448176533,19.0485363,108.3999023,455.993866,11/14/2024,,10/15/2024,,9/15/2024,,8/16/2024,,7/17/2024
CalCurCEAS_024,2024-11-14T04:00:00Z,34.291375,-121.65581,Southern California,60.000458,0,5,11,-3642,15.069,0.448176533,19.0485363,108.3999023,455.993866,11/14/2024,,10/15/2024,,9/15/2024,,8/16/2024,,7/17/2024
CalCurCEAS_024,2024-11-14T05:00:00Z,34.29427,-121.66116,Southern California,60.000292,2,6,5,-3644,15.069,0.448946208,19.39560699,108.6000977,452.1691284,11/14/2024,,10/15/2024,,9/15/2024,,8/16/2024,,7/17/2024
CalCurCEAS_024,2024-11-14T06:00:00Z,34.297607,-121.665525,Southern California,60.000542,1,1,2,-3651,15.08,0.448946208,19.39560699,108.6000977,452.1691284,11/14/2024,,10/15/2024,,9/15/2024,,8/16/2024,,7/17/2024
CalCurCEAS_024,2024-11-14T07:00:00Z,34.30222,-121.6706,Southern California,60.000458,0,0,2,-3650,15.08,0.432017177,19.00544357,105.6000977,452.1691284,11/14/2024,,10/15/2024,,9/15/2024,,8/16/2024,,7/17/2024
CalCurCEAS_024,2024-11-14T08:00:00Z,34.30491,-121.673305,Southern California,60.000333,0,0,0,-3657,15.08,0.432017177,19.00544357,105.6000977,452.1691284,11/14/2024,,10/15/2024,,9/15/2024,,8/16/2024,,7/17/2024
CalCurCEAS_024,2024-11-14T09:00:00Z,34.30729,-121.67528,Southern California,60.000417,0,0,33,-3658,15.109,0.432017177,19.00544357,105.6000977,452.1691284,11/14/2024,,10/15/2024,,9/15/2024,,8/16/2024,,7/17/2024
CalCurCEAS_024,2024-11-14T10:00:00Z,34.3086,-121.67678,Southern California,60.000208,0,0,19,-3663,15.109,0.432017177,19.00544357,105.6000977,452.1691284,11/14/2024,,10/15/2024,,9/15/2024,,8/16/2024,,7/17/2024
CalCurCEAS_024,2024-11-14T11:00:00Z,34.309145,-121.677705,Southern California,60.0005,0,0,3,-3663,15.109,0.432017177,19.00544357,105.6000977,452.1691284,11/14/2024,,10/15/2024,,9/15/2024,,8/16/2024,,7/17/2024
CalCurCEAS_024,2024-11-14T12:00:00Z,34.30937,-121.67858,Southern California,60.00025,0,0,9,-3663,15.109,0.432017177,19.00544357,105.6000977,452.1691284,11/14/2024,,10/15/2024,,9/15/2024,,8/16/2024,,7/17/2024
CalCurCEAS_024,2024-11-14T13:00:00Z,34.30965,-121.67944,Southern California,60.000583,0,0,0,-3667,15.109,0.432017177,19.00544357,105.6000977,452.1691284,11/14/2024,,10/15/2024,,9/15/2024,,8/16/2024,,7/17/2024
CalCurCEAS_024,2024-11-14T14:00:00Z,34.30995,-121.6823,Southern California,60.000292,0,0,1,-3667,15.109,0.432017177,19.00544357,105.6000977,452.1691284,11/14/2024,,10/15/2024,,9/15/2024,,8/16/2024,,7/17/2024
CalCurCEAS_024,2024-11-14T15:00:00Z,34.311,-121.685385,Southern California,60.000292,0,0,9,-3672,15.15,0.432017177,19.00544357,105.6000977,452.1691284,11/14/2024,,10/15/2024,,9/15/2024,,8/16/2024,,7/17/2024
CalCurCEAS_024,2024-11-14T16:00:00Z,34.31263,-121.688025,Southern California,60.000333,0,0,2,-3680,15.15,0.432017177,19.00544357,105.6000977,452.1691284,11/14/2024,,10/15/2024,,9/15/2024,,8/16/2024,,7/17/2024
CalCurCEAS_024,2024-11-14T17:00:00Z,34.31454,-121.69002,Southern California,60.000292,0,0,0,-3680,15.15,0.432017177,19.00544357,105.6000977,452.1691284,11/14/2024,,10/15/2024,,9/15/2024,,8/16/2024,,7/17/2024
CalCurCEAS_024,2024-11-14T18:00:00Z,34.31569,-121.69199,Southern California,60.00025,0,0,0,-3681,15.158,0.432017177,19.00544357,105.6000977,452.1691284,11/14/2024,,10/15/2024,,9/15/2024,,8/16/2024,,7/17/2024
CalCurCEAS_024,2024-11-14T19:00:00Z,34.31648,-121.69411,Southern California,60.0005,0,0,0,-3681,15.158,0.432017177,19.00544357,105.6000977,452.1691284,11/14/2024,,10/15/2024,,9/15/2024,,8/16/2024,,7/17/2024
CalCurCEAS_024,2024-11-14T20:00:00Z,34.31491,-121.69725,Southern California,60.000458,0,1,1,-3682,15.198,0.432017177,19.00544357,105.6000977,452.1691284,11/14/2024,,10/15/2024,,9/15/2024,,8/16/2024,,7/17/2024
CalCurCEAS_024,2024-11-14T21:00:00Z,34.312605,-121.69942,Southern California,60.000292,0,1,0,-3682,15.198,0.432017177,19.00544357,105.6000977,452.1691284,11/14/2024,,10/15/2024,,9/15/2024,,8/16/2024,,7/17/2024
CalCurCEAS_024,2024-11-14T22:00:00Z,34.31179,-121.70144,Southern California,60.000375,0,1,8,-3679,15.198,0.432017177,19.00544357,105.6000977,452.1691284,11/14/2024,,10/15/2024,,9/15/2024,,8/16/2024,,7/17/2024
CalCurCEAS_024,2024-11-14T23:00:00Z,34.311975,-121.702585,Southern California,60.0005,0,3,3,-3679,15.198,0.432017177,19.00544357,105.6000977,452.1691284,11/14/2024,,10/15/2024,,9/15/2024,,8/16/2024,,7/17/2024
CalCurCEAS_024,2024-11-15T00:00:00Z,34.31251,-121.70411,Southern California,60.000417,1,0,5,-3683,14.843,0.340572417,33.51442337,95.39990234,706.2484131,11/15/2024,,10/16/2024,791.7227173,9/16/2024,,8/17/2024,,7/18/2024
CalCurCEAS_024,2024-11-15T01:00:00Z,34.3119,-121.70599,Southern California,60.000458,0,1,6,-3683,14.867,0.340572417,33.51442337,95.39990234,706.2484131,11/15/2024,,10/16/2024,791.7227173,9/16/2024,,8/17/2024,,7/18/2024
CalCurCEAS_024,2024-11-15T02:00:00Z,34.311335,-121.708175,Southern California,60.000333,0,0,13,-3683,14.867,0.340572417,33.51442337,95.39990234,706.2484131,11/15/2024,,10/16/2024,791.7227173,9/16/2024,,8/17/2024,,7/18/2024
CalCurCEAS_024,2024-11-15T03:00:00Z,34.31187,-121.70928,Southern California,60.000333,0,6,27,-3692,14.867,0.339512736,31.11968803,92.79980469,719.2283325,11/15/2024,,10/16/2024,822.557373,9/16/2024,,8/17/2024,,7/18/2024
CalCurCEAS_024,2024-11-15T04:00:00Z,34.31342,-121.7112,Southern California,60.000292,0,0,5,-3694,14.867,0.339512736,31.11968803,92.79980469,719.2283325,11/15/2024,,10/16/2024,822.557373,9/16/2024,,8/17/2024,,7/18/2024
CalCurCEAS_024,2024-11-15T05:00:00Z,34.316275,-121.71179,Southern California,60.000333,0,4,8,-3694,14.886,0.339512736,31.11968803,92.79980469,719.2283325,11/15/2024,,10/16/2024,822.557373,9/16/2024,,8/17/2024,,7/18/2024
CalCurCEAS_024,2024-11-15T06:00:00Z,34.31994,-121.7115,Southern California,60.000375,0,3,4,-3698,14.886,0.339512736,31.11968803,92.79980469,719.2283325,11/15/2024,,10/16/2024,822.557373,9/16/2024,,8/17/2024,,7/18/2024
CalCurCEAS_024,2024-11-15T07:00:00Z,34.32466,-121.71053,Southern California,60.0005,0,6,10,-3706,14.886,0.339512736,31.11968803,92.79980469,719.2283325,11/15/2024,,10/16/2024,822.557373,9/16/2024,,8/17/2024,,7/18/2024
CalCurCEAS_024,2024-11-15T08:00:00Z,34.32557,-121.7099,Southern California,60.000375,0,0,8,-3715,14.901,0.339512736,31.11968803,92.79980469,719.2283325,11/15/2024,,10/16/2024,822.557373,9/16/2024,,8/17/2024,,7/18/2024
CalCurCEAS_024,2024-11-15T09:00:00Z,34.325745,-121.709235,Southern California,60.00025,0,2,13,-3715,14.901,0.339512736,31.11968803,92.79980469,719.2283325,11/15/2024,,10/16/2024,822.557373,9/16/2024,,8/17/2024,,7/18/2024
CalCurCEAS_024,2024-11-15T10:00:00Z,34.325565,-121.70933,Southern California,60.000208,0,7,14,-3715,14.901,0.339512736,31.11968803,92.79980469,719.2283325,11/15/2024,,10/16/2024,822.557373,9/16/2024,,8/17/2024,,7/18/2024
CalCurCEAS_024,2024-11-15T11:00:00Z,34.32558,-121.709105,Southern California,60.000375,0,1,18,-3715,14.901,0.339512736,31.11968803,92.79980469,719.2283325,11/15/2024,,10/16/2024,822.557373,9/16/2024,,8/17/2024,,7/18/2024
CalCurCEAS_024,2024-11-15T12:00:00Z,34.32523,-121.70877,Southern California,59.977542,0,0,27,-3715,14.901,0.339512736,31.11968803,92.79980469,719.2283325,11/15/2024,,10/16/2024,822.557373,9/16/2024,,8/17/2024,,7/18/2024
CalCurCEAS_024,2024-11-15T13:00:00Z,34.32462,-121.709665,Southern California,60.000208,0,0,1,-3706,14.886,0.339512736,31.11968803,92.79980469,719.2283325,11/15/2024,,10/16/2024,822.557373,9/16/2024,,8/17/2024,,7/18/2024
CalCurCEAS_024,2024-11-15T14:00:00Z,34.32443,-121.71139,Southern California,60.000417,0,0,0,-3706,14.886,0.339512736,31.11968803,92.79980469,719.2283325,11/15/2024,,10/16/2024,822.557373,9/16/2024,,8/17/2024,,7/18/2024
CalCurCEAS_024,2024-11-15T15:00:00Z,34.324687,-121.71379,Southern California,60.000417,0,0,3,-3713,14.886,0.339512736,31.11968803,92.79980469,719.2283325,11/15/2024,,10/16/2024,822.557373,9/16/2024,,8/17/2024,,7/18/2024
CalCurCEAS_024,2024-11-15T16:00:00Z,34.32541,-121.71561,Southern California,60.000417,0,3,2,-3722,14.937,0.339512736,31.11968803,92.79980469,719.2283325,11/15/2024,,10/16/2024,822.557373,9/16/2024,,8/17/2024,,7/18/2024
CalCurCEAS_024,2024-11-15T17:00:00Z,34.32562,-121.71714,Southern California,60.000375,0,0,7,-3726,14.937,0.339512736,31.11968803,92.79980469,719.2283325,11/15/2024,,10/16/2024,822.557373,9/16/2024,,8/17/2024,,7/18/2024
CalCurCEAS_024,2024-11-15T18:00:00Z,34.32661,-121.71903,Southern California,60.000417,1,0,59,-3726,14.937,0.339512736,31.11968803,92.79980469,719.2283325,11/15/2024,,10/16/2024,822.557373,9/16/2024,,8/17/2024,,7/18/2024
CalCurCEAS_024,2024-11-15T19:00:00Z,34.32984,-121.720685,Southern California,60.000417,0,0,13,-3730,14.937,0.339512736,31.11968803,92.79980469,719.2283325,11/15/2024,,10/16/2024,822.557373,9/16/2024,,8/17/2024,,7/18/2024
CalCurCEAS_024,2024-11-15T20:00:00Z,34.33212,-121.71928,Southern California,60.000458,0,8,62,-3730,14.937,0.339512736,31.11968803,92.79980469,719.2283325,11/15/2024,,10/16/2024,822.557373,9/16/2024,,8/17/2024,,7/18/2024
CalCurCEAS_024,2024-11-15T21:00:00Z,34.332395,-121.718345,Southern California,60.000375,0,0,11,-3730,14.937,0.339512736,31.11968803,92.79980469,719.2283325,11/15/2024,,10/16/2024,822.557373,9/16/2024,,8/17/2024,,7/18/2024
CalCurCEAS_024,2024-11-15T22:00:00Z,34.33192,-121.71825,Southern California,60.000458,0,2,2,-3730,14.937,0.339512736,31.11968803,92.79980469,719.2283325,11/15/2024,,10/16/2024,822.557373,9/16/2024,,8/17/2024,,7/18/2024
CalCurCEAS_024,2024-11-15T23:00:00Z,34.33133,-121.71764,Southern California,60.000292,0,10,1,-3730,14.937,0.339512736,31.11968803,92.79980469,719.2283325,11/15/2024,,10/16/2024,822.557373,9/16/2024,,8/17/2024,,7/18/2024
CalCurCEAS_024,2024-11-16T00:00:00Z,34.329365,-121.716295,Southern California,60.000333,0,18,1,-3723,14.644,0.41435799,17.98305893,103,549.3463745,11/16/2024,,10/16/2024,976.0021973,9/17/2024,,8/18/2024,996.5338135,7/19/2024
CalCurCEAS_024,2024-11-16T01:00:00Z,34.32742,-121.71528,Southern California,60.000375,1,0,6,-3722,14.644,0.41435799,17.98305893,103,549.3463745,11/16/2024,,10/16/2024,976.0021973,9/17/2024,,8/18/2024,996.5338135,7/19/2024
CalCurCEAS_024,2024-11-16T02:00:00Z,34.32472,-121.713523,Southern California,60.000208,7,2,17,-3713,14.61,0.41435799,17.98305893,103,549.3463745,11/16/2024,,10/16/2024,976.0021973,9/17/2024,,8/18/2024,996.5338135,7/19/2024
CalCurCEAS_024,2024-11-16T03:00:00Z,34.32185,-121.712915,Southern California,60.0005,2,7,6,-3713,14.61,0.41435799,17.98305893,103,549.3463745,11/16/2024,,10/16/2024,976.0021973,9/17/2024,,8/18/2024,996.5338135,7/19/2024
CalCurCEAS_024,2024-11-16T04:00:00Z,34.32018,-121.71309,Southern California,60.000292,0,6,2,-3704,14.61,0.41435799,17.98305893,103,549.3463745,11/16/2024,,10/16/2024,976.0021973,9/17/2024,,8/18/2024,996.5338135,7/19/2024
CalCurCEAS_024,2024-11-16T05:00:00Z,34.32007,-121.71264,Southern California,60.000417,0,1,9,-3704,14.61,0.41435799,17.98305893,103,549.3463745,11/16/2024,,10/16/2024,976.0021973,9/17/2024,,8/18/2024,996.5338135,7/19/2024
CalCurCEAS_024,2024-11-16T06:00:00Z,34.32052,-121.713045,Southern California,60.0005,0,0,11,-3704,14.61,0.41435799,17.98305893,103,549.3463745,11/16/2024,,10/16/2024,976.0021973,9/17/2024,,8/18/2024,996.5338135,7/19/2024
CalCurCEAS_024,2024-11-16T07:00:00Z,34.321235,-121.713655,Southern California,60.0005,0,6,1,-3713,14.61,0.41435799,17.98305893,103,549.3463745,11/16/2024,,10/16/2024,976.0021973,9/17/2024,,8/18/2024,996.5338135,7/19/2024
CalCurCEAS_024,2024-11-16T08:00:00Z,34.321675,-121.713465,Southern California,60.000208,0,12,10,-3713,14.61,0.41435799,17.98305893,103,549.3463745,11/16/2024,,10/16/2024,976.0021973,9/17/2024,,8/18/2024,996.5338135,7/19/2024
CalCurCEAS_024,2024-11-16T09:00:00Z,34.32081,-121.714365,Southern California,60.000417,0,20,6,-3704,14.61,0.41435799,17.98305893,103,549.3463745,11/16/2024,,10/16/2024,976.0021973,9/17/2024,,8/18/2024,996.5338135,7/19/2024
CalCurCEAS_024,2024-11-16T10:00:00Z,34.31949,-121.71665,Southern California,60.000333,0,17,3,-3704,14.627,0.41435799,17.98305893,103,549.3463745,11/16/2024,,10/16/2024,976.0021973,9/17/2024,,8/18/2024,996.5338135,7/19/2024
CalCurCEAS_024,2024-11-16T11:00:00Z,34.31941,-121.71976,Southern California,59.983792,1,15,9,-3707,14.627,0.41435799,17.98305893,103,549.3463745,11/16/2024,,10/16/2024,976.0021973,9/17/2024,,8/18/2024,996.5338135,7/19/2024
CalCurCEAS_024,2024-11-16T12:00:00Z,34.31996,-121.72075,Southern California,60.000375,0,28,3,-3707,14.627,0.41435799,17.98305893,103,549.3463745,11/16/2024,,10/16/2024,976.0021973,9/17/2024,,8/18/2024,996.5338135,7/19/2024
CalCurCEAS_024,2024-11-16T13:00:00Z,34.320285,-121.721155,Southern California,60.000292,0,25,13,-3710,14.627,0.41435799,17.98305893,103,549.3463745,11/16/2024,,10/16/2024,976.0021973,9/17/2024,,8/18/2024,996.5338135,7/19/2024
CalCurCEAS_024,2024-11-16T14:00:00Z,34.319955,-121.722365,Southern California,60.0005,0,18,12,-3710,14.627,0.41435799,17.98305893,103,549.3463745,11/16/2024,,10/16/2024,976.0021973,9/17/2024,,8/18/2024,996.5338135,7/19/2024
CalCurCEAS_024,2024-11-16T15:00:00Z,34.3195,-121.72422,Southern California,60.000375,0,13,16,-3710,14.627,0.41435799,17.98305893,103,549.3463745,11/16/2024,,10/16/2024,976.0021973,9/17/2024,,8/18/2024,996.5338135,7/19/2024
CalCurCEAS_024,2024-11-16T16:00:00Z,34.320135,-121.72723,Southern California,60.000417,0,16,2,-3715,14.649,0.41435799,17.98305893,103,549.3463745,11/16/2024,,10/16/2024,976.0021973,9/17/2024,,8/18/2024,996.5338135,7/19/2024
CalCurCEAS_024,2024-11-16T17:00:00Z,34.322055,-121.72992,Southern California,60.000417,0,8,3,-3728,14.649,0.41435799,17.98305893,103,549.3463745,11/16/2024,,10/16/2024,976.0021973,9/17/2024,,8/18/2024,996.5338135,7/19/2024
CalCurCEAS_024,2024-11-16T18:00:00Z,34.32405,-121.73036,Southern California,60.000125,0,11,4,-3728,14.649,0.41435799,17.98305893,103,549.3463745,11/16/2024,,10/16/2024,976.0021973,9/17/2024,,8/18/2024,996.5338135,7/19/2024
CalCurCEAS_024,2024-11-16T19:00:00Z,34.326825,-121.72885,Southern California,60.000292,0,25,4,-3735,14.666,0.41435799,17.98305893,103,549.3463745,11/16/2024,,10/16/2024,976.0021973,9/17/2024,,8/18/2024,996.5338135,7/19/2024
CalCurCEAS_024,2024-11-16T20:00:00Z,34.32954,-121.724875,Southern California,60.000417,0,11,3,-3736,14.644,0.41435799,17.98305893,103,549.3463745,11/16/2024,,10/16/2024,976.0021973,9/17/2024,,8/18/2024,996.5338135,7/19/2024
CalCurCEAS_024,2024-11-16T21:00:00Z,34.33022,-121.72089,Southern California,60.000417,1,17,15,-3736,14.644,0.41435799,17.98305893,103,549.3463745,11/16/2024,,10/16/2024,976.0021973,9/17/2024,,8/18/2024,996.5338135,7/19/2024
CalCurCEAS_024,2024-11-16T22:00:00Z,34.3291,-121.71854,Southern California,60.000417,0,18,11,-3726,14.644,0.41435799,17.98305893,103,549.3463745,11/16/2024,,10/16/2024,976.0021973,9/17/2024,,8/18/2024,996.5338135,7/19/2024
CalCurCEAS_024,2024-11-16T23:00:00Z,34.327415,-121.71606,Southern California,60.000375,0,16,1,-3722,14.644,0.41435799,17.98305893,103,549.3463745,11/16/2024,,10/16/2024,976.0021973,9/17/2024,,8/18/2024,996.5338135,7/19/2024
CalCurCEAS_024,2024-11-17T00:00:00Z,34.324675,-121.713745,Southern California,60.000333,0,17,4,-3713,14.746,0.381121397,16.05556488,96.39990234,470.6891785,11/17/2024,,10/18/2024,,9/18/2024,,8/19/2024,,7/20/2024
CalCurCEAS_024,2024-11-17T01:00:00Z,34.32141,-121.71266,Southern California,60.000375,0,38,7,-3713,14.746,0.381121397,16.05556488,96.39990234,470.6891785,11/17/2024,,10/18/2024,,9/18/2024,,8/19/2024,,7/20/2024
CalCurCEAS_024,2024-11-17T02:00:00Z,34.31862,-121.71066,Southern California,60.0005,2,10,2,-3698,14.746,0.381121397,16.05556488,96.39990234,470.6891785,11/17/2024,,10/18/2024,,9/18/2024,,8/19/2024,,7/20/2024
CalCurCEAS_024,2024-11-17T03:00:00Z,34.316505,-121.708495,Southern California,60.000333,2,10,2,-3694,14.746,0.381121397,16.05556488,96.39990234,470.6891785,11/17/2024,,10/18/2024,,9/18/2024,,8/19/2024,,7/20/2024
CalCurCEAS_024,2024-11-17T04:00:00Z,34.31375,-121.706025,Southern California,60.000458,0,15,12,-3686,14.734,0.387193263,16.59675598,97.60009766,460.8912048,11/17/2024,,10/18/2024,,9/18/2024,,8/19/2024,,7/20/2024
CalCurCEAS_024,2024-11-17T05:00:00Z,34.3117,-121.70583,Southern California,60.000333,0,32,4,-3683,14.734,0.387193263,16.59675598,97.60009766,460.8912048,11/17/2024,,10/18/2024,,9/18/2024,,8/19/2024,,7/20/2024
CalCurCEAS_024,2024-11-17T06:00:00Z,34.310807,-121.706033,Southern California,60.000458,0,27,9,-3683,14.734,0.387193263,16.59675598,97.60009766,460.8912048,11/17/2024,,10/18/2024,,9/18/2024,,8/19/2024,,7/20/2024
CalCurCEAS_024,2024-11-17T07:00:00Z,34.311435,-121.70769,Southern California,60.000417,0,16,2,-3683,14.734,0.387193263,16.59675598,97.60009766,460.8912048,11/17/2024,,10/18/2024,,9/18/2024,,8/19/2024,,7/20/2024
CalCurCEAS_024,2024-11-17T08:00:00Z,34.31303,-121.70912,Southern California,60.000167,0,18,0,-3694,14.734,0.381121397,16.05556488,96.39990234,470.6891785,11/17/2024,,10/18/2024,,9/18/2024,,8/19/2024,,7/20/2024
CalCurCEAS_024,2024-11-17T09:00:00Z,34.31522,-121.709995,Southern California,60.000458,0,6,1,-3694,14.746,0.381121397,16.05556488,96.39990234,470.6891785,11/17/2024,,10/18/2024,,9/18/2024,,8/19/2024,,7/20/2024
CalCurCEAS_024,2024-11-17T10:00:00Z,34.31648,-121.71102,Southern California,60.000458,0,1,7,-3694,14.746,0.381121397,16.05556488,96.39990234,470.6891785,11/17/2024,,10/18/2024,,9/18/2024,,8/19/2024,,7/20/2024
CalCurCEAS_024,2024-11-17T11:00:00Z,34.31761,-121.711625,Southern California,60.00025,0,2,21,-3698,14.746,0.381121397,16.05556488,96.39990234,470.6891785,11/17/2024,,10/18/2024,,9/18/2024,,8/19/2024,,7/20/2024
CalCurCEAS_024,2024-11-17T12:00:00Z,34.31856,-121.71134,Southern California,60.000417,0,5,14,-3698,14.746,0.381121397,16.05556488,96.39990234,470.6891785,11/17/2024,,10/18/2024,,9/18/2024,,8/19/2024,,7/20/2024
CalCurCEAS_024,2024-11-17T13:00:00Z,34.31881,-121.71124,Southern California,60.000417,0,18,10,-3698,14.746,0.381121397,16.05556488,96.39990234,470.6891785,11/17/2024,,10/18/2024,,9/18/2024,,8/19/2024,,7/20/2024
CalCurCEAS_024,2024-11-17T14:00:00Z,34.318365,-121.710815,Southern California,60.000417,0,17,6,-3698,14.746,0.381121397,16.05556488,96.39990234,470.6891785,11/17/2024,,10/18/2024,,9/18/2024,,8/19/2024,,7/20/2024
CalCurCEAS_024,2024-11-17T15:00:00Z,34.31818,-121.71083,Southern California,60.000333,0,5,19,-3698,14.746,0.381121397,16.05556488,96.39990234,470.6891785,11/17/2024,,10/18/2024,,9/18/2024,,8/19/2024,,7/20/2024
CalCurCEAS_024,2024-11-17T16:00:00Z,34.318065,-121.71033,Southern California,60.00025,0,3,11,-3698,14.746,0.381121397,16.05556488,96.39990234,470.6891785,11/17/2024,,10/18/2024,,9/18/2024,,8/19/2024,,7/20/2024
CalCurCEAS_024,2024-11-17T17:00:00Z,34.318685,-121.70985,Southern California,60.00025,0,1,24,-3698,14.746,0.381121397,16.05556488,96.39990234,470.6891785,11/17/2024,,10/18/2024,,9/18/2024,,8/19/2024,,7/20/2024
CalCurCEAS_024,2024-11-17T18:00:00Z,34.32068,-121.70978,Southern California,60.000417,0,0,14,-3698,14.746,0.381121397,16.05556488,96.39990234,470.6891785,11/17/2024,,10/18/2024,,9/18/2024,,8/19/2024,,7/20/2024
CalCurCEAS_024,2024-11-17T19:00:00Z,34.32315,-121.70862,Southern California,60.000458,0,0,59,-3706,14.746,0.381121397,16.05556488,96.39990234,470.6891785,11/17/2024,,10/18/2024,,9/18/2024,,8/19/2024,,7/20/2024
CalCurCEAS_024,2024-11-17T20:00:00Z,34.32509,-121.706725,Southern California,60.000375,0,0,51,-3707,14.759,0.387193263,16.59675598,97.60009766,460.8912048,11/17/2024,,10/18/2024,,9/18/2024,,8/19/2024,,7/20/2024
CalCurCEAS_024,2024-11-17T21:00:00Z,34.32931,-121.702255,Southern California,60.000208,0,2,17,-3709,14.759,0.387193263,16.59675598,97.60009766,460.8912048,11/17/2024,,10/18/2024,,9/18/2024,,8/19/2024,,7/20/2024
CalCurCEAS_024,2024-11-17T22:00:00Z,34.3314,-121.69863,Southern California,60.000458,0,3,42,-3700,14.759,0.387193263,16.59675598,97.60009766,460.8912048,11/17/2024,,10/18/2024,,9/18/2024,,8/19/2024,,7/20/2024
CalCurCEAS_024,2024-11-17T23:00:00Z,34.331445,-121.69529,Southern California,60.00025,0,11,119,-3695,14.759,0.387193263,16.59675598,97.60009766,460.8912048,11/17/2024,,10/18/2024,,9/18/2024,,8/19/2024,,7/20/2024
CalCurCEAS_024,2024-11-18T00:00:00Z,34.33003,-121.69275,Southern California,60.000333,0,4,109,-3695,14.916,0.537619591,18.07842255,123.7998047,,11/18/2024,606.2317505,10/19/2024,,9/19/2024,1025.522705,8/20/2024,,7/21/2024
CalCurCEAS_024,2024-11-18T01:00:00Z,34.327645,-121.68946,Southern California,60.000542,4,14,96,-3691,14.916,0.537619591,18.07842255,123.7998047,,11/18/2024,606.2317505,10/19/2024,,9/19/2024,1025.522705,8/20/2024,,7/21/2024
CalCurCEAS_024,2024-11-18T02:00:00Z,34.32272,-121.6858,Southern California,60.000375,0,2,142,-3682,14.913,0.537619591,18.07842255,123.7998047,,11/18/2024,606.2317505,10/19/2024,,9/19/2024,1025.522705,8/20/2024,,7/21/2024
CalCurCEAS_024,2024-11-18T03:00:00Z,34.31923,-121.68433,Southern California,60.0005,2,2,106,-3679,14.931,0.537619591,18.07842255,123.7998047,,11/18/2024,606.2317505,10/19/2024,,9/19/2024,1025.522705,8/20/2024,,7/21/2024
CalCurCEAS_024,2024-11-18T04:00:00Z,34.31559,-121.6831,Southern California,60.000208,0,5,51,-3671,14.931,0.537619591,18.07842255,123.7998047,,11/18/2024,606.2317505,10/19/2024,,9/19/2024,1025.522705,8/20/2024,,7/21/2024
CalCurCEAS_024,2024-11-18T05:00:00Z,34.3111,-121.68133,Southern California,60.000208,0,23,45,-3667,14.93,0.537619591,18.07842255,123.7998047,,11/18/2024,606.2317505,10/19/2024,,9/19/2024,1025.522705,8/20/2024,,7/21/2024
CalCurCEAS_024,2024-11-18T06:00:00Z,34.309103,-121.680587,Southern California,60.000417,0,11,56,-3667,14.93,0.537619591,18.07842255,123.7998047,,11/18/2024,606.2317505,10/19/2024,,9/19/2024,1025.522705,8/20/2024,,7/21/2024
CalCurCEAS_024,2024-11-18T07:00:00Z,34.30733,-121.6809,Southern California,60.000292,0,5,29,-3660,14.93,0.537619591,18.07842255,123.7998047,,11/18/2024,606.2317505,10/19/2024,,9/19/2024,1025.522705,8/20/2024,,7/21/2024
CalCurCEAS_024,2024-11-18T08:00:00Z,34.306995,-121.681805,Southern California,60.000417,0,14,37,-3660,14.93,0.537619591,18.07842255,123.7998047,,11/18/2024,606.2317505,10/19/2024,,9/19/2024,1025.522705,8/20/2024,,7/21/2024
CalCurCEAS_024,2024-11-18T09:00:00Z,34.30643,-121.6837,Southern California,60.000417,0,11,24,-3663,14.93,0.537619591,18.07842255,123.7998047,,11/18/2024,606.2317505,10/19/2024,,9/19/2024,1025.522705,8/20/2024,,7/21/2024
CalCurCEAS_024,2024-11-18T10:00:00Z,34.30507,-121.6859,Southern California,60.000333,0,3,29,-3663,14.913,0.537619591,18.07842255,123.7998047,,11/18/2024,606.2317505,10/19/2024,,9/19/2024,1025.522705,8/20/2024,,7/21/2024
CalCurCEAS_024,2024-11-18T11:00:00Z,34.30336,-121.68779,Southern California,60.000417,0,8,4,-3663,14.915,0.537619591,18.07842255,123.7998047,,11/18/2024,606.2317505,10/19/2024,,9/19/2024,1025.522705,8/20/2024,,7/21/2024
CalCurCEAS_024,2024-11-18T12:00:00Z,34.301365,-121.68912,Southern California,60.000333,0,5,2,-3663,14.915,0.537619591,18.07842255,123.7998047,,11/18/2024,606.2317505,10/19/2024,,9/19/2024,1025.522705,8/20/2024,,7/21/2024
CalCurCEAS_024,2024-11-18T13:00:00Z,34.29814,-121.69026,Southern California,60.000333,0,1,15,-3658,14.915,0.537619591,18.07842255,123.7998047,,11/18/2024,606.2317505,10/19/2024,,9/19/2024,1025.522705,8/20/2024,,7/21/2024
CalCurCEAS_024,2024-11-18T14:00:00Z,34.294155,-121.69114,Southern California,60.000417,0,5,4,-3657,14.915,0.537619591,18.07842255,123.7998047,,11/18/2024,606.2317505,10/19/2024,,9/19/2024,1025.522705,8/20/2024,,7/21/2024
CalCurCEAS_024,2024-11-18T15:00:00Z,34.28919,-121.69247,Southern California,60.000333,0,16,23,-3653,14.915,0.555037498,18.31743813,126.6999512,,11/18/2024,659.7327881,10/19/2024,,9/19/2024,976.0809326,8/20/2024,,7/21/2024
CalCurCEAS_024,2024-11-18T16:00:00Z,34.28539,-121.69374,Southern California,60.000458,0,17,7,-3648,14.915,0.555037498,18.31743813,126.6999512,,11/18/2024,659.7327881,10/19/2024,,9/19/2024,976.0809326,8/20/2024,,7/21/2024
CalCurCEAS_024,2024-11-18T17:00:00Z,34.277965,-121.69707,Southern California,60.000375,0,38,21,-3644,14.897,0.555037498,18.31743813,126.6999512,,11/18/2024,659.7327881,10/19/2024,,9/19/2024,976.0809326,8/20/2024,,7/21/2024
CalCurCEAS_024,2024-11-18T18:00:00Z,34.2741,-121.70023,Southern California,60.000375,0,29,18,-3639,14.889,0.555037498,18.31743813,126.6999512,,11/18/2024,659.7327881,10/19/2024,,9/19/2024,976.0809326,8/20/2024,,7/21/2024
CalCurCEAS_024,2024-11-18T19:00:00Z,34.27148,-121.703035,Southern California,60.00025,0,31,28,-3639,14.889,0.555037498,18.31743813,126.6999512,,11/18/2024,659.7327881,10/19/2024,,9/19/2024,976.0809326,8/20/2024,,7/21/2024
CalCurCEAS_024,2024-11-18T20:00:00Z,34.269745,-121.705065,Southern California,60.000417,0,5,7,-3631,14.872,0.555037498,18.31743813,126.6999512,,11/18/2024,659.7327881,10/19/2024,,9/19/2024,976.0809326,8/20/2024,,7/21/2024
CalCurCEAS_024,2024-11-18T21:00:00Z,34.267545,-121.7074,Southern California,60.000417,0,6,9,-3631,14.872,0.555037498,18.31743813,126.6999512,,11/18/2024,659.7327881,10/19/2024,,9/19/2024,976.0809326,8/20/2024,,7/21/2024
CalCurCEAS_024,2024-11-18T22:00:00Z,34.2642,-121.70871,Southern California,60.000458,0,10,29,-3625,14.86,0.537619591,18.91532707,123.7998047,222.8983917,11/18/2024,634.1714478,10/19/2024,,9/19/2024,971.2540283,8/20/2024,,7/21/2024
CalCurCEAS_024,2024-11-18T23:00:00Z,34.26057,-121.70925,Southern California,60.000292,0,2,11,-3629,14.86,0.537619591,18.91532707,123.7998047,222.8983917,11/18/2024,634.1714478,10/19/2024,,9/19/2024,971.2540283,8/20/2024,,7/21/2024
CalCurCEAS_024,2024-11-19T00:00:00Z,34.25454,-121.71038,Southern California,60.000375,0,1,48,-3627,14.817,0.391070455,14.41318607,98.39990234,346.7565613,11/19/2024,704.7776489,10/20/2024,,9/20/2024,1219.641235,8/21/2024,,7/22/2024
CalCurCEAS_024,2024-11-19T01:00:00Z,34.24777,-121.711555,Southern California,60.000458,0,6,75,-3619,14.817,0.39933151,15.0035305,99.79980469,348.7865295,11/19/2024,662.9018555,10/20/2024,,9/20/2024,1156.716064,8/21/2024,,7/22/2024
CalCurCEAS_024,2024-11-19T02:00:00Z,34.238955,-121.71279,Southern California,60.000333,0,5,19,-3612,14.801,0.39933151,15.0035305,99.79980469,348.7865295,11/19/2024,662.9018555,10/20/2024,,9/20/2024,1156.716064,8/21/2024,,7/22/2024
CalCurCEAS_024,2024-11-19T03:00:00Z,34.229725,-121.7146,Southern California,60.000417,0,14,9,-3608,14.785,0.39933151,15.0035305,99.79980469,348.7865295,11/19/2024,662.9018555,10/20/2024,,9/20/2024,1156.716064,8/21/2024,,7/22/2024
CalCurCEAS_024,2024-11-19T04:00:00Z,34.22369,-121.71646,Southern California,60.000417,0,2,6,-3599,14.766,0.39933151,15.0035305,99.79980469,348.7865295,11/19/2024,662.9018555,10/20/2024,,9/20/2024,1156.716064,8/21/2024,,7/22/2024
CalCurCEAS_024,2024-11-19T05:00:00Z,34.21699,-121.720245,Southern California,60.000375,0,4,4,-3581,14.766,0.39933151,15.0035305,99.79980469,348.7865295,11/19/2024,662.9018555,10/20/2024,,9/20/2024,1156.716064,8/21/2024,,7/22/2024
CalCurCEAS_024,2024-11-19T06:00:00Z,34.213737,-121.725363,Southern California,60.000333,0,0,0,-3575,14.746,0.39933151,15.0035305,99.79980469,348.7865295,11/19/2024,662.9018555,10/20/2024,,9/20/2024,1156.716064,8/21/2024,,7/22/2024
CalCurCEAS_024,2024-11-19T07:00:00Z,34.2138,-121.73085,Southern California,60.000333,1,6,0,-3582,14.746,0.39933151,15.0035305,99.79980469,348.7865295,11/19/2024,662.9018555,10/20/2024,,9/20/2024,1156.716064,8/21/2024,,7/22/2024
CalCurCEAS_024,2024-11-19T08:00:00Z,34.21568,-121.733785,Southern California,60.000375,0,0,1,-3584,14.761,0.39933151,15.0035305,99.79980469,348.7865295,11/19/2024,662.9018555,10/20/2024,,9/20/2024,1156.716064,8/21/2024,,7/22/2024
CalCurCEAS_024,2024-11-19T09:00:00Z,34.218285,-121.73582,Southern California,60.00025,0,8,1,-3584,14.757,0.39933151,15.0035305,99.79980469,348.7865295,11/19/2024,662.9018555,10/20/2024,,9/20/2024,1156.716064,8/21/2024,,7/22/2024
CalCurCEAS_024,2024-11-19T10:00:00Z,34.21946,-121.736,Southern California,60.000375,5,1,7,-3584,14.757,0.39933151,15.0035305,99.79980469,348.7865295,11/19/2024,662.9018555,10/20/2024,,9/20/2024,1156.716064,8/21/2024,,7/22/2024
CalCurCEAS_024,2024-11-19T11:00:00Z,34.219545,-121.7349,Southern California,60.000458,0,0,4,-3584,14.761,0.39933151,15.0035305,99.79980469,348.7865295,11/19/2024,662.9018555,10/20/2024,,9/20/2024,1156.716064,8/21/2024,,7/22/2024
CalCurCEAS_024,2024-11-19T12:00:00Z,34.21693,-121.73455,Southern California,60.000417,0,1,17,-3584,14.761,0.39933151,15.0035305,99.79980469,348.7865295,11/19/2024,662.9018555,10/20/2024,,9/20/2024,1156.716064,8/21/2024,,7/22/2024
CalCurCEAS_024,2024-11-19T13:00:00Z,34.213395,-121.73315,Southern California,60.000333,0,10,0,-3582,14.746,0.39933151,15.0035305,99.79980469,348.7865295,11/19/2024,662.9018555,10/20/2024,,9/20/2024,1156.716064,8/21/2024,,7/22/2024
CalCurCEAS_024,2024-11-19T14:00:00Z,34.21007,-121.73165,Southern California,60.000292,0,1,0,-3574,14.746,0.39933151,15.0035305,99.79980469,348.7865295,11/19/2024,662.9018555,10/20/2024,,9/20/2024,1156.716064,8/21/2024,,7/22/2024
CalCurCEAS_024,2024-11-19T15:00:00Z,34.206425,-121.73052,Southern California,60.000292,0,8,3,-3566,14.746,0.418030053,15.0035305,103,333.3826294,11/19/2024,612.3735352,10/20/2024,,9/20/2024,1108.235474,8/21/2024,,7/22/2024
CalCurCEAS_024,2024-11-19T16:00:00Z,34.200485,-121.72858,Southern California,60.000333,0,8,15,-3558,14.725,0.418030053,15.0035305,103,333.3826294,11/19/2024,612.3735352,10/20/2024,,9/20/2024,1108.235474,8/21/2024,,7/22/2024
CalCurCEAS_024,2024-11-19T17:00:00Z,34.19604,-121.72802,Southern California,60.000458,0,0,5,-3557,14.725,0.418030053,15.0035305,103,333.3826294,11/19/2024,612.3735352,10/20/2024,,9/20/2024,1108.235474,8/21/2024,,7/22/2024
CalCurCEAS_024,2024-11-19T18:00:00Z,34.19219,-121.72853,Southern California,60.000542,0,3,6,-3555,14.697,0.418030053,15.0035305,103,333.3826294,11/19/2024,612.3735352,10/20/2024,,9/20/2024,1108.235474,8/21/2024,,7/22/2024
CalCurCEAS_024,2024-11-19T19:00:00Z,34.19065,-121.73171,Southern California,60.000458,0,6,7,-3554,14.697,0.418030053,15.0035305,103,333.3826294,11/19/2024,612.3735352,10/20/2024,,9/20/2024,1108.235474,8/21/2024,,7/22/2024
CalCurCEAS_024,2024-11-19T20:00:00Z,34.190285,-121.73564,Southern California,60.000333,0,0,0,-3562,14.703,0.418030053,15.0035305,103,333.3826294,11/19/2024,612.3735352,10/20/2024,,9/20/2024,1108.235474,8/21/2024,,7/22/2024
CalCurCEAS_024,2024-11-19T21:00:00Z,34.19106,-121.73985,Southern California,60.000333,0,0,3,-3569,14.703,0.418030053,15.0035305,103,333.3826294,11/19/2024,612.3735352,10/20/2024,,9/20/2024,1108.235474,8/21/2024,,7/22/2024
CalCurCEAS_024,2024-11-19T22:00:00Z,34.19167,-121.742625,Southern California,60.000458,0,1,4,-3570,14.703,0.418030053,15.0035305,103,333.3826294,11/19/2024,612.3735352,10/20/2024,,9/20/2024,1108.235474,8/21/2024,,7/22/2024
CalCurCEAS_024,2024-11-19T23:00:00Z,34.19115,-121.74364,Southern California,60.000292,0,2,9,-3571,14.703,0.418030053,15.0035305,103,333.3826294,11/19/2024,612.3735352,10/20/2024,,9/20/2024,1108.235474,8/21/2024,,7/22/2024
CalCurCEAS_024,2024-11-20T00:00:00Z,34.1892,-121.74331,Southern California,60.000292,0,13,7,-3571,14.761,0.36119619,16.00828362,93.19970703,450.4572144,11/20/2024,,10/21/2024,,9/21/2024,1079.592285,8/22/2024,,7/23/2024
CalCurCEAS_024,2024-11-20T01:00:00Z,34.18604,-121.74164,Southern California,60.000417,0,17,16,-3570,14.761,0.36119619,16.00828362,93.19970703,450.4572144,11/20/2024,,10/21/2024,,9/21/2024,1079.592285,8/22/2024,,7/23/2024
CalCurCEAS_024,2024-11-20T02:00:00Z,34.1836,-121.73942,Southern California,60.000333,0,7,16,-3570,14.737,0.36119619,16.00828362,93.19970703,450.4572144,11/20/2024,,10/21/2024,,9/21/2024,1079.592285,8/22/2024,,7/23/2024
CalCurCEAS_024,2024-11-20T03:00:00Z,34.180255,-121.736585,Southern California,60.000375,0,0,25,-3560,14.737,0.36119619,16.00828362,93.19970703,450.4572144,11/20/2024,,10/21/2024,,9/21/2024,1079.592285,8/22/2024,,7/23/2024
CalCurCEAS_024,2024-11-20T04:00:00Z,34.175825,-121.73346,Southern California,60.000375,0,0,5,-3556,14.725,0.36119619,16.00828362,93.19970703,450.4572144,11/20/2024,,10/21/2024,,9/21/2024,1079.592285,8/22/2024,,7/23/2024
CalCurCEAS_024,2024-11-20T05:00:00Z,34.17277,-121.731915,Southern California,60.000458,0,1,0,-3534,14.694,0.36119619,16.00828362,93.19970703,450.4572144,11/20/2024,,10/21/2024,,9/21/2024,1079.592285,8/22/2024,,7/23/2024
CalCurCEAS_024,2024-11-20T06:00:00Z,34.17165,-121.732075,Southern California,60.000458,0,0,2,-3534,14.694,0.36119619,16.00828362,93.19970703,450.4572144,11/20/2024,,10/21/2024,,9/21/2024,1079.592285,8/22/2024,,7/23/2024
CalCurCEAS_024,2024-11-20T07:00:00Z,34.17189,-121.73336,Southern California,60.000292,0,0,21,-3547,14.694,0.36119619,16.00828362,93.19970703,450.4572144,11/20/2024,,10/21/2024,,9/21/2024,1079.592285,8/22/2024,,7/23/2024
CalCurCEAS_024,2024-11-20T08:00:00Z,34.17222,-121.73345,Southern California,60.000375,0,7,16,-3547,14.694,0.36119619,16.00828362,93.19970703,450.4572144,11/20/2024,,10/21/2024,,9/21/2024,1079.592285,8/22/2024,,7/23/2024
CalCurCEAS_024,2024-11-20T09:00:00Z,34.173395,-121.73417,Southern California,60.000333,0,0,2,-3547,14.694,0.36119619,16.00828362,93.19970703,450.4572144,11/20/2024,,10/21/2024,,9/21/2024,1079.592285,8/22/2024,,7/23/2024
CalCurCEAS_024,2024-11-20T10:00:00Z,34.17542,-121.73375,Southern California,60.00025,0,0,0,-3556,14.725,0.36119619,16.00828362,93.19970703,450.4572144,11/20/2024,,10/21/2024,,9/21/2024,1079.592285,8/22/2024,,7/23/2024
CalCurCEAS_024,2024-11-20T11:00:00Z,34.17701,-121.73246,Southern California,60.000458,0,0,2,-3543,14.725,0.36119619,16.00828362,93.19970703,450.4572144,11/20/2024,,10/21/2024,,9/21/2024,1079.592285,8/22/2024,,7/23/2024
CalCurCEAS_024,2024-11-20T12:00:00Z,34.17751,-121.729975,Southern California,60.000458,0,1,5,-3543,14.725,0.36119619,16.00828362,93.19970703,450.4572144,11/20/2024,,10/21/2024,,9/21/2024,1079.592285,8/22/2024,,7/23/2024
CalCurCEAS_024,2024-11-20T13:00:00Z,34.177,-121.72811,Southern California,60.000375,0,5,0,-3548,14.725,0.36119619,16.00828362,93.19970703,450.4572144,11/20/2024,,10/21/2024,,9/21/2024,1079.592285,8/22/2024,,7/23/2024
CalCurCEAS_024,2024-11-20T14:00:00Z,34.17543,-121.725995,Southern California,60.000375,0,3,6,-3548,14.725,0.36119619,16.00828362,93.19970703,450.4572144,11/20/2024,,10/21/2024,,9/21/2024,1079.592285,8/22/2024,,7/23/2024
CalCurCEAS_024,2024-11-20T15:00:00Z,34.173635,-121.72387,Southern California,60.000292,0,9,2,-3554,14.694,0.36119619,16.00828362,93.19970703,450.4572144,11/20/2024,,10/21/2024,,9/21/2024,1079.592285,8/22/2024,,7/23/2024
CalCurCEAS_024,2024-11-20T16:00:00Z,34.17217,-121.72214,Southern California,60.000458,0,3,4,-3554,14.694,0.36119619,16.00828362,93.19970703,450.4572144,11/20/2024,,10/21/2024,,9/21/2024,1079.592285,8/22/2024,,7/23/2024
CalCurCEAS_024,2024-11-20T17:00:00Z,34.170475,-121.72079,Southern California,59.983667,0,7,1,-3563,14.694,0.36119619,16.00828362,93.19970703,450.4572144,11/20/2024,,10/21/2024,,9/21/2024,1079.592285,8/22/2024,,7/23/2024
CalCurCEAS_024,2024-11-20T18:00:00Z,34.168625,-121.71904,Southern California,60.000333,0,18,7,-3563,14.694,0.36119619,16.00828362,93.19970703,450.4572144,11/20/2024,,10/21/2024,,9/21/2024,1079.592285,8/22/2024,,7/23/2024
CalCurCEAS_024,2024-11-20T19:00:00Z,34.16744,-121.71922,Southern California,60.000125,0,2,18,-3563,14.694,0.36119619,16.00828362,93.19970703,450.4572144,11/20/2024,,10/21/2024,,9/21/2024,1079.592285,8/22/2024,,7/23/2024
CalCurCEAS_024,2024-11-20T20:00:00Z,34.16758,-121.719395,Southern California,60.000375,0,0,67,-3563,14.694,0.36119619,16.00828362,93.19970703,450.4572144,11/20/2024,,10/21/2024,,9/21/2024,1079.592285,8/22/2024,,7/23/2024
CalCurCEAS_024,2024-11-20T21:00:00Z,34.17003,-121.71813,Southern California,60.000458,0,0,97,-3563,14.694,0.36119619,16.00828362,93.19970703,450.4572144,11/20/2024,,10/21/2024,,9/21/2024,1079.592285,8/22/2024,,7/23/2024
CalCurCEAS_024,2024-11-20T22:00:00Z,34.17249,-121.71549,Southern California,60.000333,0,1,25,-3569,14.694,0.36119619,16.00828362,93.19970703,450.4572144,11/20/2024,,10/21/2024,,9/21/2024,1079.592285,8/22/2024,,7/23/2024
CalCurCEAS_024,2024-11-20T23:00:00Z,34.173715,-121.71267,Southern California,60.000417,0,0,19,-3569,14.694,0.36119619,16.00828362,93.19970703,450.4572144,11/20/2024,,10/21/2024,,9/21/2024,1079.592285,8/22/2024,,7/23/2024
CalCurCEAS_024,2024-11-21T00:00:00Z,34.17232,-121.70809,Southern California,60.000375,0,13,2,-3567,14.832,,,,,11/21/2024,496.3655396,10/22/2024,,9/22/2024,887.4510498,8/24/2024,,7/26/2024
CalCurCEAS_024,2024-11-21T01:00:00Z,34.167155,-121.702915,Southern California,60.00025,0,7,4,-3568,14.817,,,,,11/21/2024,496.3655396,10/22/2024,,9/22/2024,848.1687012,8/24/2024,,7/26/2024
CalCurCEAS_024,2024-11-21T02:00:00Z,34.15955,-121.69944,Southern California,60.000208,0,0,5,-3566,14.817,,,,,11/21/2024,496.3655396,10/22/2024,,9/22/2024,848.1687012,8/24/2024,,7/26/2024
CalCurCEAS_024,2024-11-21T03:00:00Z,34.15348,-121.698025,Southern California,60.000417,0,2,16,-3564,14.817,,,,,11/21/2024,496.3655396,10/22/2024,,9/22/2024,848.1687012,8/24/2024,,7/26/2024
CalCurCEAS_024,2024-11-21T04:00:00Z,34.146625,-121.696305,Southern California,60.000292,0,1,9,-3568,14.804,,,,,11/21/2024,496.3655396,10/22/2024,,9/22/2024,848.1687012,8/24/2024,,7/26/2024
CalCurCEAS_024,2024-11-21T05:00:00Z,34.14321,-121.69584,Southern California,60.000208,0,3,10,-3566,14.804,,,,,11/21/2024,496.3655396,10/22/2024,,9/22/2024,848.1687012,8/24/2024,,7/26/2024
CalCurCEAS_024,2024-11-21T06:00:00Z,34.140293,-121.695843,Southern California,60.000375,0,14,19,-3562,14.785,,,,,11/21/2024,496.3655396,10/22/2024,,9/22/2024,848.1687012,8/24/2024,,7/26/2024
CalCurCEAS_024,2024-11-21T07:00:00Z,34.136935,-121.69726,Southern California,60.000417,0,5,29,-3559,14.773,,,,,11/21/2024,496.3655396,10/22/2024,,9/22/2024,848.1687012,8/24/2024,,7/26/2024
CalCurCEAS_024,2024-11-21T08:00:00Z,34.13549,-121.69798,Southern California,60.000375,0,0,1,-3559,14.755,,,,,11/21/2024,496.3655396,10/22/2024,,9/23/2024,822.3898315,8/25/2024,,7/25/2024
CalCurCEAS_024,2024-11-21T09:00:00Z,34.13417,-121.69768,Southern California,60.000458,0,0,2,-3559,14.738,,,,,11/21/2024,496.3655396,10/22/2024,,9/23/2024,822.3898315,8/25/2024,,7/25/2024
CalCurCEAS_024,2024-11-21T10:00:00Z,34.13368,-121.69682,Southern California,60.000333,0,0,2,-3559,14.738,,,,,11/21/2024,496.3655396,10/22/2024,,9/23/2024,822.3898315,8/25/2024,,7/25/2024
CalCurCEAS_024,2024-11-21T11:00:00Z,34.13385,-121.695115,Southern California,60.000375,0,0,7,-3560,14.75,,,,,11/21/2024,496.3655396,10/22/2024,,9/23/2024,766.3547974,8/25/2024,,7/25/2024
CalCurCEAS_024,2024-11-21T12:00:00Z,34.132335,-121.692165,Southern California,60.000458,0,0,3,-3562,14.75,,,,,11/21/2024,496.3655396,10/22/2024,,9/23/2024,766.3547974,8/25/2024,,7/25/2024
CalCurCEAS_024,2024-11-21T13:00:00Z,34.128375,-121.688275,Southern California,60.000458,0,1,29,-3564,14.75,,,,,11/21/2024,496.3655396,10/22/2024,,9/23/2024,766.3547974,8/25/2024,,7/25/2024
CalCurCEAS_024,2024-11-21T14:00:00Z,34.12395,-121.68517,Southern California,60.000292,0,1,1,-3558,14.75,,,,,11/21/2024,496.3655396,10/22/2024,,9/23/2024,766.3547974,8/25/2024,,7/25/2024
CalCurCEAS_024,2024-11-21T15:00:00Z,34.117815,-121.683315,Southern California,60.000375,1,3,3,-3556,14.75,,,,,11/21/2024,496.3655396,10/22/2024,,9/23/2024,766.3547974,8/25/2024,,7/25/2024
CalCurCEAS_024,2024-11-21T16:00:00Z,34.110265,-121.68281,Southern California,60.000375,1,2,13,-3558,15.119,,,,,11/21/2024,579.757019,10/23/2024,,9/24/2024,683.9672241,8/24/2024,,7/27/2024
CalCurCEAS_024,2024-11-21T17:00:00Z,34.10422,-121.68327,Southern California,60.0005,0,0,113,-3557,15.131,,,,,11/21/2024,631.72052,10/23/2024,,9/24/2024,683.9672241,8/24/2024,,7/27/2024
CalCurCEAS_024,2024-11-21T18:00:00Z,34.09909,-121.68348,Southern California,60.000375,0,0,58,-3557,15.116,,,,,11/21/2024,631.72052,10/23/2024,,9/24/2024,683.9672241,8/24/2024,,7/27/2024
CalCurCEAS_024,2024-11-21T19:00:00Z,34.0942,-121.685415,Southern California,60.000417,1,0,61,-3558,15.116,,,,,11/21/2024,631.72052,10/23/2024,,9/24/2024,683.9672241,8/24/2024,,7/27/2024
CalCurCEAS_024,2024-11-21T20:00:00Z,34.09074,-121.689615,Southern California,60.000458,0,0,47,-3561,15.126,,,,,11/21/2024,631.72052,10/23/2024,,9/24/2024,683.9672241,8/24/2024,,7/27/2024
CalCurCEAS_024,2024-11-21T21:00:00Z,34.08942,-121.692495,Southern California,60.000333,0,0,36,-3564,15.126,,,,,11/21/2024,631.72052,10/23/2024,,9/24/2024,676.9625854,8/24/2024,,7/27/2024
CalCurCEAS_024,2024-11-21T22:00:00Z,34.08824,-121.69373,Southern California,60.00025,0,0,8,-3564,15.126,,,,,11/21/2024,631.72052,10/23/2024,,9/24/2024,676.9625854,8/24/2024,,7/23/2024
CalCurCEAS_024,2024-11-21T23:00:00Z,34.087185,-121.69213,Southern California,60.000333,0,0,18,-3564,15.112,,,,,11/21/2024,572.7576904,10/23/2024,,9/24/2024,676.9625854,8/24/2024,,7/23/2024
CalCurCEAS_024,2024-11-22T00:00:00Z,34.08516,-121.69013,Southern California,60.000375,0,0,12,-3561,14.876,,,,,11/22/2024,499.2240295,10/24/2024,,9/23/2024,,8/26/2024,,7/28/2024
CalCurCEAS_024,2024-11-22T01:00:00Z,34.081085,-121.68678,Southern California,60.000333,0,0,31,-3558,14.825,,,,,11/22/2024,499.2240295,10/24/2024,,9/23/2024,,8/26/2024,,7/28/2024
CalCurCEAS_024,2024-11-22T02:00:00Z,34.074845,-121.68336,Southern California,60.000375,0,0,23,-3555,14.847,,,,,11/22/2024,499.2240295,10/24/2024,,9/23/2024,,8/26/2024,,7/28/2024
CalCurCEAS_024,2024-11-22T03:00:00Z,34.06897,-121.68054,Southern California,60.000292,0,0,39,-3551,14.812,,,,,11/22/2024,499.9405823,10/24/2024,,9/23/2024,,8/26/2024,,7/28/2024
CalCurCEAS_024,2024-11-22T04:00:00Z,34.06164,-121.6778,Southern California,60.000333,0,0,15,-3552,14.863,,,,,11/22/2024,499.9405823,10/24/2024,,9/23/2024,,8/26/2024,,7/28/2024
CalCurCEAS_024,2024-11-22T05:00:00Z,34.05195,-121.676395,Southern California,60.000375,0,2,8,-3560,14.926,,,,,11/22/2024,499.9405823,10/24/2024,,9/23/2024,,8/26/2024,,7/28/2024
CalCurCEAS_024,2024-11-22T06:00:00Z,34.04771,-121.676705,Southern California,60.000333,0,1,2,-3560,14.973,,,,,11/22/2024,499.9405823,10/24/2024,,9/23/2024,762.0717163,8/22/2024,,7/24/2024
CalCurCEAS_024,2024-11-22T07:00:00Z,34.04072,-121.677715,Southern California,60.000375,0,2,2,-3559,15.018,,,,,11/22/2024,499.9405823,10/24/2024,,9/23/2024,762.0717163,8/22/2024,,7/24/2024
CalCurCEAS_024,2024-11-22T08:00:00Z,34.03636,-121.6809,Southern California,60.000458,0,1,8,-3564,15.02,,,,,11/22/2024,491.9118958,10/24/2024,,9/23/2024,762.0717163,8/22/2024,,7/24/2024
CalCurCEAS_024,2024-11-22T09:00:00Z,34.03453,-121.68352,Southern California,60.00025,0,3,0,-3569,15.036,,,,,11/22/2024,491.9118958,10/24/2024,,9/23/2024,762.0717163,8/22/2024,,7/24/2024
CalCurCEAS_024,2024-11-22T10:00:00Z,34.03364,-121.68543,Southern California,59.881708,0,8,1,-3569,15.051,,,,,11/22/2024,491.9118958,10/24/2024,,9/23/2024,762.0717163,8/22/2024,,7/24/2024
CalCurCEAS_024,2024-11-22T11:00:00Z,34.031555,-121.685495,Southern California,60.000583,0,7,4,-3570,15.054,,,,,11/22/2024,491.9118958,10/24/2024,,9/23/2024,762.0717163,8/22/2024,,7/24/2024
CalCurCEAS_024,2024-11-22T12:00:00Z,34.0285,-121.68393,Southern California,60.0005,0,2,6,-3572,15.072,,,,,11/22/2024,487.509552,10/24/2024,,9/23/2024,762.0717163,8/22/2024,,7/24/2024
CalCurCEAS_024,2024-11-22T13:00:00Z,34.02492,-121.682305,Southern California,60.000333,1,0,2,-3573,15.092,,,,,11/22/2024,486.0192871,10/24/2024,,9/23/2024,762.0717163,8/22/2024,,7/24/2024
CalCurCEAS_024,2024-11-22T14:00:00Z,34.018255,-121.681,Southern California,60.000458,0,1,3,-3573,15.108,,,,,11/22/2024,486.0192871,10/24/2024,,9/23/2024,229.6026001,8/23/2024,,7/25/2024
CalCurCEAS_024,2024-11-22T15:00:00Z,34.01304,-121.67981,Southern California,60.000417,0,0,0,-3566,15.117,,,,,11/22/2024,486.0192871,10/24/2024,,9/23/2024,229.6026001,8/23/2024,,7/25/2024
CalCurCEAS_024,2024-11-22T16:00:00Z,34.00882,-121.67839,Southern California,60.000375,0,0,5,-3556,15.143,,,,,11/22/2024,497.7258301,10/25/2024,,9/25/2024,,8/28/2024,,8/4/2024
CalCurCEAS_024,2024-11-22T17:00:00Z,34.00262,-121.676623,Southern California,60.000333,0,0,0,-3544,15.146,,,,,11/22/2024,497.7258301,10/25/2024,,9/26/2024,,8/30/2024,,7/30/2024
CalCurCEAS_024,2024-11-22T18:00:00Z,33.996475,-121.67559,Southern California,60.000375,0,0,60,-3539,15.146,,,,,11/22/2024,497.7258301,10/25/2024,,9/26/2024,,8/30/2024,,7/30/2024
CalCurCEAS_024,2024-11-22T19:00:00Z,33.9931,-121.67545,Southern California,60.000333,0,0,4,-3537,15.143,,,,,11/22/2024,497.7258301,10/25/2024,,9/26/2024,,8/30/2024,,7/30/2024
CalCurCEAS_024,2024-11-22T20:00:00Z,33.990115,-121.675125,Southern California,59.98375,0,0,5,-3535,15.143,,,,,11/22/2024,497.7258301,10/25/2024,,9/26/2024,,8/30/2024,,7/30/2024
CalCurCEAS_024,2024-11-22T21:00:00Z,33.986075,-121.674335,Southern California,60.0005,0,0,7,-3532,15.139,,,,,11/22/2024,496.2203369,10/25/2024,,9/26/2024,,8/30/2024,,7/30/2024
CalCurCEAS_024,2024-11-22T22:00:00Z,33.981815,-121.673285,Southern California,60.00025,0,6,0,-3531,15.104,,,,,11/22/2024,496.2203369,10/25/2024,,9/26/2024,,8/31/2024,,8/1/2024
CalCurCEAS_024,2024-11-22T23:00:00Z,33.97975,-121.67296,Southern California,60.0005,0,2,1,-3531,15.104,,,,,11/22/2024,496.2203369,10/25/2024,,9/26/2024,,8/31/2024,,8/1/2024
CalCurCEAS_024,2024-11-23T00:00:00Z,33.977215,-121.671865,Southern California,60.000333,0,0,0,-3531,15.458,0.273066491,22.53131866,77.79980469,534.8165283,11/23/2024,558.0619507,10/22/2024,,9/24/2024,235.5523224,8/23/2024,,7/26/2024
CalCurCEAS_024,2024-11-23T01:00:00Z,33.972645,-121.66782,Southern California,60.0005,0,0,0,-3529,15.458,0.273066491,22.53131866,77.79980469,534.8165283,11/23/2024,558.0619507,10/22/2024,,9/24/2024,235.5523224,8/23/2024,,7/26/2024
CalCurCEAS_024,2024-11-23T02:00:00Z,33.96642,-121.663295,Southern California,60.000375,0,0,6,-3525,15.479,0.307783544,22.47405624,84.89990234,555.8898315,11/23/2024,558.0619507,10/22/2024,,9/24/2024,297.2700195,8/23/2024,,7/26/2024
CalCurCEAS_024,2024-11-23T03:00:00Z,33.96066,-121.65882,Southern California,60.000292,0,0,12,-3521,15.484,0.307783544,22.47405624,84.89990234,555.8898315,11/23/2024,558.0619507,10/22/2024,,9/24/2024,297.2700195,8/23/2024,,7/26/2024
CalCurCEAS_024,2024-11-23T04:00:00Z,33.953585,-121.65318,Southern California,60.000417,0,1,7,-3516,15.484,0.277163863,22.23844528,78.19970703,534.8165283,11/23/2024,626.7758789,10/22/2024,,9/24/2024,683.9672241,8/24/2024,,7/27/2024
CalCurCEAS_024,2024-11-23T05:00:00Z,33.94606,-121.64741,Southern California,60.000333,0,8,0,-3511,15.513,0.277163863,22.23844528,78.19970703,534.8165283,11/23/2024,626.7758789,10/22/2024,,9/24/2024,683.9672241,8/24/2024,,7/27/2024
CalCurCEAS_024,2024-11-23T06:00:00Z,33.942523,-121.64511,Southern California,59.989125,0,5,6,-3505,15.595,0.277163863,22.23844528,78.19970703,534.8165283,11/23/2024,776.2855225,10/23/2024,,9/25/2024,,8/27/2024,,8/1/2024
CalCurCEAS_024,2024-11-23T07:00:00Z,33.93541,-121.639285,Southern California,60.000417,0,2,14,-3499,15.62,0.277163863,22.23844528,78.19970703,534.8165283,11/23/2024,776.2855225,10/23/2024,,9/25/2024,,8/27/2024,,8/1/2024
CalCurCEAS_024,2024-11-23T08:00:00Z,33.93087,-121.63535,Southern California,60.00025,0,3,6,-3493,15.567,0.277163863,22.23844528,78.19970703,534.8165283,11/23/2024,776.2855225,10/23/2024,,9/25/2024,,8/27/2024,,8/1/2024
CalCurCEAS_024,2024-11-23T09:00:00Z,33.925725,-121.631745,Southern California,60.000208,0,4,2,-3490,15.567,0.277163863,22.23844528,78.19970703,534.8165283,11/23/2024,776.2855225,10/23/2024,,9/25/2024,,8/27/2024,,8/1/2024
CalCurCEAS_024,2024-11-23T10:00:00Z,33.9206,-121.627645,Southern California,60.00025,0,1,1,-3489,15.545,0.277163863,22.23844528,78.19970703,534.8165283,11/23/2024,776.2855225,10/23/2024,,9/25/2024,,8/27/2024,,8/1/2024
CalCurCEAS_024,2024-11-23T11:00:00Z,33.91526,-121.62331,Southern California,60.000375,0,2,3,-3489,15.545,0.312838435,21.5329361,85.19970703,559.8688965,11/23/2024,776.2855225,10/23/2024,,9/25/2024,,8/27/2024,,8/1/2024
CalCurCEAS_024,2024-11-23T12:00:00Z,33.90877,-121.61814,Southern California,60.000333,0,5,1,-3489,15.545,0.312838435,21.5329361,85.19970703,559.8688965,11/23/2024,776.2855225,10/23/2024,,9/25/2024,,8/27/2024,,8/1/2024
CalCurCEAS_024,2024-11-23T13:00:00Z,33.89968,-121.61155,Southern California,60.000292,0,8,2,-3487,15.545,0.312838435,21.5329361,85.19970703,559.8688965,11/23/2024,754.7426758,10/23/2024,,9/25/2024,,8/27/2024,,8/1/2024
CalCurCEAS_024,2024-11-23T14:00:00Z,33.89018,-121.60696,Southern California,60.000333,0,8,2,-3486,15.545,0.312838435,21.5329361,85.19970703,559.8688965,11/23/2024,754.7426758,10/23/2024,,9/21/2024,979.6236572,8/23/2024,,7/24/2024
CalCurCEAS_024,2024-11-23T15:00:00Z,33.88104,-121.602,Southern California,59.994083,0,3,0,-3490,15.531,0.312838435,21.5329361,85.19970703,559.8688965,11/23/2024,754.7426758,10/23/2024,,9/21/2024,979.6236572,8/23/2024,,7/24/2024
CalCurCEAS_024,2024-11-23T16:00:00Z,33.86903,-121.596445,Southern California,60.000417,0,0,1,-3497,15.531,0.322668046,20.84329605,87.39990234,568.27771,11/23/2024,754.7426758,10/23/2024,,9/21/2024,979.9468384,8/23/2024,,7/24/2024
CalCurCEAS_024,2024-11-23T17:00:00Z,33.85864,-121.59172,Southern California,60.000333,0,1,1,-3502,15.571,0.322668046,20.84329605,87.39990234,568.27771,11/23/2024,754.7426758,10/23/2024,,9/21/2024,979.9468384,8/23/2024,,7/24/2024
CalCurCEAS_024,2024-11-23T18:00:00Z,33.85096,-121.58923,Southern California,60.000417,0,1,5,-3508,15.571,0.322668046,20.84329605,87.39990234,568.27771,11/23/2024,754.7426758,10/23/2024,,9/21/2024,979.9468384,8/23/2024,,7/24/2024
CalCurCEAS_024,2024-11-23T19:00:00Z,33.840525,-121.58709,Southern California,60.000417,0,3,1,-3517,15.571,0.322668046,20.84329605,87.39990234,568.27771,11/23/2024,754.7426758,10/23/2024,,9/21/2024,979.9468384,8/23/2024,,7/24/2024
CalCurCEAS_024,2024-11-23T20:00:00Z,33.829875,-121.58485,Southern California,60.000292,0,0,0,-3509,15.586,0.326748043,20.50204086,88.39990234,569.3650513,11/23/2024,754.7426758,10/23/2024,,9/21/2024,979.9468384,8/23/2024,,7/24/2024
CalCurCEAS_024,2024-11-23T21:00:00Z,33.82145,-121.58179,Southern California,60.000417,0,0,8,-3512,15.586,0.333866984,20.91833878,89.79980469,573.9741211,11/23/2024,754.7426758,10/23/2024,,9/21/2024,979.9468384,8/23/2024,,7/24/2024
CalCurCEAS_024,2024-11-23T22:00:00Z,33.8126,-121.57948,Southern California,60.000333,0,0,3,-3513,15.586,0.333866984,20.91833878,89.79980469,573.9741211,11/23/2024,754.7426758,10/23/2024,,9/22/2024,848.1687012,8/24/2024,,7/26/2024
CalCurCEAS_024,2024-11-23T23:00:00Z,33.800715,-121.578355,Southern California,60.000417,0,0,4,-3502,15.586,0.333866984,20.91833878,89.79980469,573.9741211,11/23/2024,754.7426758,10/23/2024,,9/22/2024,848.1687012,8/24/2024,,7/26/2024
CalCurCEAS_024,2024-11-24T00:00:00Z,33.78859,-121.579505,Southern California,60.000375,0,1,0,-3507,15.387,,,,,11/24/2024,553.2999878,10/25/2024,,9/27/2024,,9/3/2024,,8/1/2024
CalCurCEAS_024,2024-11-24T01:00:00Z,33.778705,-121.580175,Southern California,60.000333,0,0,8,-3518,15.387,,,,,11/24/2024,,10/26/2024,,9/29/2024,,8/29/2024,,7/28/2024
CalCurCEAS_024,2024-11-24T02:00:00Z,33.77147,-121.57986,Southern California,60.000333,0,4,5,-3522,15.382,,,,,11/24/2024,,10/26/2024,,9/29/2024,,8/29/2024,,7/28/2024
CalCurCEAS_024,2024-11-24T03:00:00Z,33.76312,-121.57933,Southern California,60.000292,0,2,6,-3528,15.382,,,,,11/24/2024,,10/26/2024,,9/29/2024,,8/29/2024,,7/28/2024
CalCurCEAS_024,2024-11-24T04:00:00Z,33.75561,-121.57873,Southern California,60.000542,0,3,0,-3528,15.382,,,,,11/24/2024,,10/26/2024,,9/29/2024,,8/29/2024,,7/28/2024
CalCurCEAS_024,2024-11-24T05:00:00Z,33.749165,-121.5768,Southern California,60.000333,0,3,2,-3530,15.338,,,,,11/24/2024,,10/26/2024,,9/29/2024,,8/29/2024,,7/28/2024
CalCurCEAS_024,2024-11-24T06:00:00Z,33.743683,-121.574643,Southern California,60.000458,0,1,0,-3531,15.338,,,,,11/24/2024,,10/26/2024,,9/30/2024,,8/31/2024,,8/3/2024
CalCurCEAS_024,2024-11-24T07:00:00Z,33.73612,-121.57091,Southern California,60.000292,0,1,3,-3532,15.338,,,,,11/24/2024,,10/26/2024,,9/30/2024,,8/31/2024,,8/3/2024
CalCurCEAS_024,2024-11-24T08:00:00Z,33.729235,-121.56435,Southern California,60.000375,0,0,9,-3528,15.338,,,,,11/24/2024,,10/26/2024,,9/30/2024,,8/31/2024,,8/3/2024
CalCurCEAS_024,2024-11-24T09:00:00Z,33.72353,-121.56024,Southern California,60.000375,0,5,2,-3529,15.323,,,,,11/24/2024,,10/26/2024,,9/30/2024,,8/31/2024,,8/3/2024
CalCurCEAS_024,2024-11-24T10:00:00Z,33.716575,-121.557065,Southern California,60.000292,0,4,11,-3532,15.323,,,,,11/24/2024,,10/26/2024,,9/30/2024,,8/31/2024,,8/3/2024
CalCurCEAS_024,2024-11-24T11:00:00Z,33.70748,-121.552285,Southern California,60.000458,0,6,3,-3536,15.354,,,,,11/24/2024,,10/26/2024,,9/30/2024,,8/31/2024,,8/3/2024
CalCurCEAS_024,2024-11-24T12:00:00Z,33.69824,-121.54673,Southern California,60.000375,0,0,2,-3540,15.343,,,,,11/24/2024,,10/26/2024,,9/30/2024,,8/31/2024,,8/3/2024
CalCurCEAS_024,2024-11-24T13:00:00Z,33.691715,-121.54287,Southern California,60.000333,0,5,9,-3541,15.343,,,,,11/24/2024,,10/26/2024,,9/30/2024,,8/31/2024,,8/3/2024
CalCurCEAS_024,2024-11-24T14:00:00Z,33.683465,-121.53896,Southern California,60.00025,0,6,15,-3547,15.371,,,,,11/24/2024,,10/26/2024,,9/30/2024,,9/1/2024,,7/27/2024
CalCurCEAS_024,2024-11-24T15:00:00Z,33.679314,-121.538003,Southern California,16.000083,0,1,1,-3550,15.338,,,,,11/24/2024,,10/26/2024,,9/30/2024,,9/1/2024,,7/27/2024
CalCurCEAS_025,2024-11-20T16:00:00Z,32.6905,-120.4281,Southern California,17.983333,0,0,1,-3689,14.88,0.368110001,20.69981384,94.60009766,478.5682373,11/20/2024,458.7764893,10/22/2024,,9/22/2024,979.9468384,8/23/2024,,7/25/2024
CalCurCEAS_025,2024-11-20T17:00:00Z,32.690435,-120.4295,Southern California,60.0005,0,0,4,-3691,14.873,0.368110001,20.69981384,94.60009766,478.5682373,11/20/2024,458.7764893,10/22/2024,,9/22/2024,979.9468384,8/23/2024,,7/25/2024
CalCurCEAS_025,2024-11-20T18:00:00Z,32.690955,-120.432365,Southern California,60.0005,0,2,6,-3691,14.862,0.368110001,20.69981384,94.60009766,478.5682373,11/20/2024,496.3655396,10/22/2024,,9/22/2024,979.9468384,8/23/2024,,7/25/2024
CalCurCEAS_025,2024-11-20T19:00:00Z,32.691565,-120.435615,Southern California,60.000208,0,9,17,-3694,14.848,0.368110001,20.69981384,94.60009766,478.5682373,11/20/2024,496.3655396,10/22/2024,,9/22/2024,979.9468384,8/23/2024,,7/25/2024
CalCurCEAS_025,2024-11-20T20:00:00Z,32.69288,-120.43784,Southern California,60.000458,0,1,52,-3692,14.848,0.368110001,20.69981384,94.60009766,478.5682373,11/20/2024,496.3655396,10/22/2024,,9/22/2024,979.9468384,8/23/2024,,7/25/2024
CalCurCEAS_025,2024-11-20T21:00:00Z,32.694885,-120.440615,Southern California,60.000375,0,0,88,-3692,14.832,0.368110001,20.69981384,94.60009766,478.5682373,11/20/2024,496.3655396,10/22/2024,,9/22/2024,979.9468384,8/23/2024,,7/25/2024
CalCurCEAS_025,2024-11-20T22:00:00Z,32.697045,-120.441605,Southern California,60.000333,0,1,39,-3695,14.832,0.368110001,20.69981384,94.60009766,478.5682373,11/20/2024,496.3655396,10/22/2024,,9/22/2024,979.9468384,8/23/2024,,7/25/2024
CalCurCEAS_025,2024-11-20T23:00:00Z,32.698645,-120.440275,Southern California,60.000458,0,0,8,-3695,14.832,0.368110001,20.69981384,94.60009766,478.5682373,11/20/2024,496.3655396,10/22/2024,,9/22/2024,979.9468384,8/23/2024,,7/25/2024
CalCurCEAS_025,2024-11-21T00:00:00Z,32.699075,-120.438425,Southern California,60.000417,0,0,34,-3695,15.112,,,,,11/21/2024,572.7576904,10/23/2024,,9/24/2024,676.9625854,8/24/2024,,7/23/2024
CalCurCEAS_025,2024-11-21T01:00:00Z,32.698055,-120.436465,Southern California,60.000292,0,0,15,-3689,15.083,,,,,11/21/2024,572.7576904,10/23/2024,,9/24/2024,676.9625854,8/24/2024,,7/23/2024
CalCurCEAS_025,2024-11-21T02:00:00Z,32.6967,-120.43518,Southern California,60.000458,0,0,1,-3689,15.112,,,,,11/21/2024,572.7576904,10/23/2024,,9/24/2024,676.9625854,8/24/2024,,7/23/2024
CalCurCEAS_025,2024-11-21T03:00:00Z,32.69481,-120.43361,Southern California,60.000375,1,2,24,-3688,15.112,,,,,11/21/2024,572.7576904,10/23/2024,,9/24/2024,676.9625854,8/24/2024,,7/23/2024
CalCurCEAS_025,2024-11-21T04:00:00Z,32.69174,-120.432475,Southern California,60.000417,3,3,71,-3685,15.083,,,,,11/21/2024,572.7576904,10/23/2024,,9/24/2024,676.9625854,8/24/2024,,7/23/2024
CalCurCEAS_025,2024-11-21T05:00:00Z,32.68916,-120.433705,Southern California,60.0005,3,0,23,-3694,15.055,,,,,11/21/2024,572.7576904,10/23/2024,,9/24/2024,676.9625854,8/24/2024,,7/23/2024
CalCurCEAS_025,2024-11-21T06:00:00Z,32.68907,-120.43543,Southern California,60.000375,10,7,18,-3694,15.055,,,,,11/21/2024,572.7576904,10/23/2024,,9/24/2024,676.9625854,8/24/2024,,7/24/2024
CalCurCEAS_025,2024-11-21T07:00:00Z,32.68962,-120.43927,Southern California,60.000458,9,5,19,-3697,15.024,,,,,11/21/2024,572.7576904,10/23/2024,,9/24/2024,676.9625854,8/24/2024,,7/24/2024
CalCurCEAS_025,2024-11-21T08:00:00Z,32.691875,-120.444285,Southern California,60.00025,6,7,1,-3697,15.024,,,,,11/21/2024,572.7576904,10/23/2024,,9/25/2024,,8/26/2024,,7/29/2024
CalCurCEAS_025,2024-11-21T09:00:00Z,32.696005,-120.449295,Southern California,60.000417,8,13,8,-3706,14.989,,,,,11/21/2024,572.7576904,10/23/2024,,9/25/2024,,8/27/2024,,7/31/2024
CalCurCEAS_025,2024-11-21T10:00:00Z,32.70071,-120.452825,Southern California,60.000417,6,6,3,-3711,14.989,,,,,11/21/2024,461.7819214,10/23/2024,,9/25/2024,,8/27/2024,,7/31/2024
CalCurCEAS_025,2024-11-21T11:00:00Z,32.70502,-120.45676,Southern California,60.000333,2,10,16,-3711,14.973,,,,,11/21/2024,461.7819214,10/23/2024,,9/25/2024,,8/27/2024,,7/31/2024
CalCurCEAS_025,2024-11-21T12:00:00Z,32.710165,-120.459625,Southern California,60.000458,2,5,7,-3711,14.973,,,,,11/21/2024,461.7819214,10/23/2024,,9/25/2024,,8/27/2024,,7/31/2024
CalCurCEAS_025,2024-11-21T13:00:00Z,32.716725,-120.46046,Southern California,60.000375,9,1,0,-3687,14.954,,,,,11/21/2024,461.7819214,10/23/2024,,9/25/2024,,8/27/2024,,7/31/2024
CalCurCEAS_025,2024-11-21T14:00:00Z,32.72066,-120.45831,Southern California,60.000458,0,0,0,-3687,14.935,,,,,11/21/2024,461.7819214,10/23/2024,,9/25/2024,,8/27/2024,,8/1/2024
CalCurCEAS_025,2024-11-21T15:00:00Z,32.72181,-120.45491,Southern California,60.000417,0,0,4,-3671,14.935,,,,,11/21/2024,461.7819214,10/23/2024,,9/25/2024,,8/27/2024,,8/1/2024
CalCurCEAS_025,2024-11-21T16:00:00Z,32.72101,-120.45028,Southern California,60.000375,1,1,13,-3672,15.027,,,,,11/21/2024,499.2240295,10/24/2024,,9/22/2024,810.855896,8/25/2024,,7/24/2024
CalCurCEAS_025,2024-11-21T17:00:00Z,32.719035,-120.44804,Southern California,60.000375,2,4,2,-3690,14.993,,,,,11/21/2024,499.2240295,10/24/2024,,9/22/2024,810.855896,8/25/2024,,7/24/2024
CalCurCEAS_025,2024-11-21T18:00:00Z,32.71686,-120.446845,Southern California,60.000375,9,11,56,-3690,14.956,,,,,11/21/2024,599.4088745,10/24/2024,,9/22/2024,822.3898315,8/25/2024,,7/24/2024
CalCurCEAS_025,2024-11-21T19:00:00Z,32.71502,-120.44719,Southern California,60.000417,3,7,6,-3696,14.956,,,,,11/21/2024,599.4088745,10/24/2024,,9/22/2024,822.3898315,8/25/2024,,7/24/2024
CalCurCEAS_025,2024-11-21T20:00:00Z,32.71471,-120.45118,Southern California,59.983792,17,4,59,-3698,14.93,,,,,11/21/2024,499.2240295,10/24/2024,,9/22/2024,822.3898315,8/25/2024,,7/25/2024
CalCurCEAS_025,2024-11-21T21:00:00Z,32.715685,-120.4566,Southern California,60.000208,12,17,38,-3700,14.93,,,,,11/21/2024,499.2240295,10/24/2024,,9/22/2024,822.3898315,8/25/2024,,7/25/2024
CalCurCEAS_025,2024-11-21T22:00:00Z,32.71838,-120.464445,Southern California,60.0005,1,22,46,-3698,14.93,,,,,11/21/2024,499.2240295,10/24/2024,,9/23/2024,,8/26/2024,,7/28/2024
CalCurCEAS_025,2024-11-21T23:00:00Z,32.721765,-120.46949,Southern California,60.000417,5,11,47,-3687,14.877,,,,,11/21/2024,499.2240295,10/24/2024,,9/23/2024,,8/26/2024,,7/28/2024
CalCurCEAS_025,2024-11-22T00:00:00Z,32.726055,-120.473835,Southern California,60.000375,21,22,32,-3636,15.069,0.363122553,17.91335487,94,616.0620117,11/22/2024,496.2203369,10/25/2024,,9/26/2024,,8/31/2024,,8/1/2024
CalCurCEAS_025,2024-11-22T01:00:00Z,32.73153,-120.47513,Southern California,60.000417,19,6,7,-3606,15.069,0.363122553,17.91335487,94,616.0620117,11/22/2024,496.2203369,10/25/2024,,9/26/2024,,8/31/2024,,8/1/2024
CalCurCEAS_025,2024-11-22T02:00:00Z,32.73904,-120.47429,Southern California,60.000417,20,3,23,-3590,15.069,0.363122553,17.91335487,94,616.0620117,11/22/2024,496.2203369,10/25/2024,,9/26/2024,,8/31/2024,,8/1/2024
CalCurCEAS_025,2024-11-22T03:00:00Z,32.74295,-120.473445,Southern California,60.000375,3,4,1,-3579,15.053,0.363122553,17.91335487,94,616.0620117,11/22/2024,484.7829285,10/25/2024,,9/26/2024,,8/31/2024,,8/1/2024
CalCurCEAS_025,2024-11-22T04:00:00Z,32.74556,-120.4732,Southern California,60.0005,11,16,7,-3579,15.071,0.363122553,17.91335487,94,616.0620117,11/22/2024,484.7829285,10/25/2024,,9/26/2024,,8/31/2024,,8/1/2024
CalCurCEAS_025,2024-11-22T05:00:00Z,32.747675,-120.47235,Southern California,60.00025,16,13,1,-3571,15.094,0.363122553,17.91335487,94,616.0620117,11/22/2024,484.7829285,10/25/2024,,9/26/2024,,8/31/2024,,8/1/2024
CalCurCEAS_025,2024-11-22T06:00:00Z,32.749533,-120.47073,Southern California,60.000417,16,9,4,-3571,15.152,0.363122553,17.91335487,94,616.0620117,11/22/2024,493.1234436,10/25/2024,,9/26/2024,,8/31/2024,,8/2/2024
CalCurCEAS_025,2024-11-22T07:00:00Z,32.75064,-120.46951,Southern California,60.000375,5,7,0,-3563,15.152,0.363122553,18.12174797,94,620.6834717,11/22/2024,493.1234436,10/25/2024,,9/26/2024,,8/31/2024,,8/2/2024
CalCurCEAS_025,2024-11-22T08:00:00Z,32.752715,-120.4704,Southern California,60.0005,3,6,2,-3563,15.418,0.363122553,18.12174797,94,620.6834717,11/22/2024,787.8201904,10/21/2024,,9/22/2024,979.9468384,8/23/2024,,7/24/2024
CalCurCEAS_025,2024-11-22T09:00:00Z,32.7558,-120.47161,Southern California,60.00025,9,4,11,-3559,15.418,0.363122553,18.12174797,94,620.6834717,11/22/2024,787.8201904,10/21/2024,,9/22/2024,979.9468384,8/23/2024,,7/24/2024
CalCurCEAS_025,2024-11-22T10:00:00Z,32.760015,-120.474345,Southern California,60.0005,3,1,3,-3552,15.418,0.363122553,18.12174797,94,620.6834717,11/22/2024,787.8201904,10/21/2024,,9/22/2024,979.9468384,8/23/2024,,7/24/2024
CalCurCEAS_025,2024-11-22T11:00:00Z,32.7654,-120.47736,Southern California,60.000417,0,5,6,-3549,15.454,0.363122553,18.12174797,94,620.6834717,11/22/2024,787.8201904,10/21/2024,,9/22/2024,979.9468384,8/23/2024,,7/24/2024
CalCurCEAS_025,2024-11-22T12:00:00Z,32.77036,-120.47837,Southern California,60.000458,0,18,0,-3551,15.454,0.363122553,18.12174797,94,620.6834717,11/22/2024,787.8201904,10/21/2024,,9/22/2024,979.9468384,8/23/2024,,7/24/2024
CalCurCEAS_025,2024-11-22T13:00:00Z,32.774685,-120.477725,Southern California,60.000417,1,21,6,-3553,15.454,0.363122553,18.12174797,94,620.6834717,11/22/2024,787.8201904,10/21/2024,,9/22/2024,979.9468384,8/23/2024,,7/24/2024
CalCurCEAS_025,2024-11-22T14:00:00Z,32.777535,-120.47659,Southern California,60.0005,5,11,2,-3559,15.418,0.363122553,18.12174797,94,620.6834717,11/22/2024,787.8201904,10/21/2024,,9/22/2024,979.9468384,8/23/2024,,7/24/2024
CalCurCEAS_025,2024-11-22T15:00:00Z,32.77886,-120.47582,Southern California,60.000333,4,16,1,-3559,15.418,0.363122553,18.12174797,94,620.6834717,11/22/2024,787.8201904,10/21/2024,,9/22/2024,979.9468384,8/23/2024,,7/24/2024
CalCurCEAS_025,2024-11-22T16:00:00Z,32.779965,-120.475795,Southern California,60.000375,9,32,3,-3568,15.477,0.363122553,18.12174797,94,620.6834717,11/22/2024,587.7636108,10/22/2024,,9/23/2024,766.3547974,8/25/2024,,7/25/2024
CalCurCEAS_025,2024-11-22T17:00:00Z,32.78118,-120.47777,Southern California,60.000375,4,20,27,-3568,15.477,0.363122553,18.12174797,94,620.6834717,11/22/2024,587.7636108,10/22/2024,,9/23/2024,766.3547974,8/25/2024,,7/25/2024
CalCurCEAS_025,2024-11-22T18:00:00Z,32.78196,-120.48004,Southern California,60.000333,2,19,72,-3576,15.477,0.363122553,18.12174797,94,620.6834717,11/22/2024,587.7636108,10/22/2024,,9/23/2024,766.3547974,8/25/2024,,7/25/2024
CalCurCEAS_025,2024-11-22T19:00:00Z,32.783475,-120.48232,Southern California,60.000458,0,23,27,-3577,15.477,0.363122553,18.12174797,94,620.6834717,11/22/2024,587.7636108,10/22/2024,,9/23/2024,766.3547974,8/25/2024,,7/25/2024
CalCurCEAS_025,2024-11-22T20:00:00Z,32.785675,-120.484635,Southern California,60.000375,0,27,21,-3591,15.477,0.363122553,18.12174797,94,620.6834717,11/22/2024,587.7636108,10/22/2024,,9/23/2024,803.9329224,8/25/2024,,7/25/2024
CalCurCEAS_025,2024-11-22T21:00:00Z,32.78861,-120.48724,Southern California,60.000417,0,26,19,-3603,15.477,0.363122553,18.12174797,94,620.6834717,11/22/2024,587.7636108,10/22/2024,,9/23/2024,757.6488647,8/25/2024,,7/25/2024
CalCurCEAS_025,2024-11-22T22:00:00Z,32.79119,-120.48961,Southern California,60.000458,0,30,13,-3606,15.507,0.363122553,18.12174797,94,620.6834717,11/22/2024,587.7636108,10/22/2024,,9/23/2024,757.6488647,8/25/2024,,7/25/2024
CalCurCEAS_025,2024-11-22T23:00:00Z,32.794705,-120.492145,Southern California,60.000542,0,30,6,-3621,15.507,0.363122553,17.91335487,94,620.6834717,11/22/2024,587.7636108,10/22/2024,,9/23/2024,757.6488647,8/25/2024,,7/25/2024
CalCurCEAS_025,2024-11-23T00:00:00Z,32.79791,-120.49423,Southern California,60.000417,0,20,18,-3637,15.586,,,,,11/23/2024,754.7426758,10/23/2024,,9/22/2024,848.1687012,8/24/2024,,7/26/2024
CalCurCEAS_025,2024-11-23T01:00:00Z,32.80234,-120.495115,Southern California,59.995292,0,21,22,-3664,15.586,,,,,11/23/2024,754.7426758,10/23/2024,,9/22/2024,848.1687012,8/24/2024,,7/26/2024
CalCurCEAS_025,2024-11-23T02:00:00Z,32.808465,-120.493355,Southern California,60.000542,5,7,7,-3704,15.604,,,,,11/23/2024,754.7426758,10/23/2024,,9/22/2024,848.1687012,8/24/2024,,7/26/2024
CalCurCEAS_025,2024-11-23T03:00:00Z,32.81289,-120.4894,Southern California,60.000292,0,27,13,-3707,15.652,,,,,11/23/2024,754.7426758,10/23/2024,,9/22/2024,848.1687012,8/24/2024,,7/26/2024
CalCurCEAS_025,2024-11-23T04:00:00Z,32.815355,-120.484195,Southern California,60.000375,0,12,10,-3697,15.652,,,,,11/23/2024,754.7426758,10/23/2024,,9/22/2024,848.1687012,8/24/2024,,7/26/2024
CalCurCEAS_025,2024-11-23T05:00:00Z,32.81754,-120.47749,Southern California,59.99525,0,16,1,-3660,15.652,,,,,11/23/2024,675.0200806,10/23/2024,,9/22/2024,848.1687012,8/24/2024,,7/26/2024
CalCurCEAS_025,2024-11-23T06:00:00Z,32.81762,-120.47599,Southern California,60.00025,1,21,7,-3660,15.661,,,,,11/23/2024,706.376709,10/24/2024,,9/23/2024,229.6026001,8/23/2024,,7/25/2024
CalCurCEAS_025,2024-11-23T07:00:00Z,32.817905,-120.47305,Southern California,60.000458,0,3,8,-3644,15.694,,,,,11/23/2024,706.376709,10/24/2024,,9/23/2024,229.6026001,8/23/2024,,7/25/2024
CalCurCEAS_025,2024-11-23T08:00:00Z,32.817845,-120.472545,Southern California,60.000375,2,19,2,-3644,15.665,,,,,11/23/2024,706.376709,10/24/2024,,9/23/2024,229.6026001,8/23/2024,,7/25/2024
CalCurCEAS_025,2024-11-23T09:00:00Z,32.81866,-120.47262,Southern California,60.000375,0,0,20,-3644,15.665,,,,,11/23/2024,706.376709,10/24/2024,,9/23/2024,229.6026001,8/23/2024,,7/25/2024
CalCurCEAS_025,2024-11-23T10:00:00Z,32.819905,-120.473715,Southern California,60.000417,0,0,7,-3644,15.642,,,,,11/23/2024,706.376709,10/24/2024,,9/23/2024,229.6026001,8/23/2024,,7/25/2024
CalCurCEAS_025,2024-11-23T11:00:00Z,32.8221,-120.475245,Southern California,60.000458,0,0,27,-3646,15.642,,,,,11/23/2024,706.376709,10/24/2024,,9/23/2024,229.6026001,8/23/2024,,7/25/2024
CalCurCEAS_025,2024-11-23T12:00:00Z,32.824835,-120.477115,Southern California,60.000208,0,2,11,-3646,15.642,,,,,11/23/2024,706.376709,10/24/2024,,9/24/2024,676.9625854,8/24/2024,,7/24/2024
CalCurCEAS_025,2024-11-23T13:00:00Z,32.82827,-120.47961,Southern California,60.000333,0,2,19,-3676,15.614,,,,,11/23/2024,706.376709,10/24/2024,,9/24/2024,676.9625854,8/24/2024,,7/24/2024
CalCurCEAS_025,2024-11-23T14:00:00Z,32.831925,-120.483115,Southern California,60.000417,0,0,23,-3693,15.614,,,,,11/23/2024,706.376709,10/24/2024,,9/24/2024,676.9625854,8/24/2024,,7/24/2024
CalCurCEAS_025,2024-11-23T15:00:00Z,32.83609,-120.48642,Southern California,60.000333,0,0,15,-3743,15.614,,,,,11/23/2024,706.376709,10/24/2024,,9/24/2024,676.9625854,8/24/2024,,7/24/2024
CalCurCEAS_025,2024-11-23T16:00:00Z,32.84029,-120.488065,Southern California,60.000542,0,1,10,-3796,15.614,,,,,11/23/2024,706.376709,10/24/2024,,9/24/2024,676.9625854,8/24/2024,,7/24/2024
CalCurCEAS_025,2024-11-23T17:00:00Z,32.84469,-120.489185,Southern California,60.000208,0,0,3,-3814,15.642,,,,,11/23/2024,706.376709,10/24/2024,,9/24/2024,673.7376709,8/24/2024,,7/24/2024
CalCurCEAS_025,2024-11-23T18:00:00Z,32.84856,-120.49034,Southern California,60.000458,0,1,2,-3817,15.642,,,,,11/23/2024,706.376709,10/24/2024,,9/24/2024,609.6050415,8/25/2024,,7/25/2024
CalCurCEAS_025,2024-11-23T22:00:00Z,32.86507,-120.4874,Southern California,60.000458,0,0,2,-3708,15.708,,,,,11/23/2024,706.376709,10/24/2024,,9/24/2024,609.6050415,8/25/2024,,7/25/2024
CalCurCEAS_025,2024-11-23T23:00:00Z,32.867715,-120.486505,Southern California,60.000333,0,0,22,-3673,15.708,,,,,11/23/2024,706.376709,10/24/2024,,9/24/2024,609.6050415,8/25/2024,,7/25/2024
CalCurCEAS_025,2024-11-24T00:00:00Z,32.870125,-120.485065,Southern California,60.000375,0,0,4,-3673,15.338,,,,,11/24/2024,,10/26/2024,,9/30/2024,,9/1/2024,,7/27/2024
CalCurCEAS_025,2024-11-24T01:00:00Z,32.87116,-120.48401,Southern California,60.000333,0,0,1,-3624,15.338,,,,,11/24/2024,,10/26/2024,,9/30/2024,,9/1/2024,,7/27/2024
CalCurCEAS_025,2024-11-24T02:00:00Z,32.87132,-120.48421,Southern California,60.000333,0,0,28,-3624,15.297,,,,,11/24/2024,,10/26/2024,,9/30/2024,,9/1/2024,,7/27/2024
CalCurCEAS_025,2024-11-24T03:00:00Z,32.87124,-120.4823,Southern California,60.000458,0,0,2,-3532,15.297,,,,,11/24/2024,,10/26/2024,,9/30/2024,549.9465942,9/1/2024,,7/27/2024
CalCurCEAS_025,2024-11-24T04:00:00Z,32.871385,-120.480545,Southern California,60.00025,0,0,1,-3532,15.211,,,,,11/24/2024,,10/26/2024,,9/30/2024,549.9465942,9/1/2024,,7/27/2024
CalCurCEAS_025,2024-11-24T05:00:00Z,32.870515,-120.47743,Southern California,60.000292,0,0,0,-3505,15.211,,,,,11/24/2024,,10/27/2024,,10/2/2024,,8/28/2024,,7/26/2024
CalCurCEAS_025,2024-11-24T06:00:00Z,32.869353,-120.47701,Southern California,60.000458,0,0,0,-3505,14.529,,,,,11/24/2024,,10/27/2024,,10/2/2024,,8/29/2024,,7/28/2024
CalCurCEAS_025,2024-11-24T07:00:00Z,32.86911,-120.477895,Southern California,60.00025,0,0,3,-3505,14.529,,,,,11/24/2024,,10/27/2024,,10/2/2024,,8/29/2024,,7/28/2024
CalCurCEAS_025,2024-11-24T08:00:00Z,32.8698,-120.47906,Southern California,60.000375,0,0,5,-3505,14.485,,,,,11/24/2024,,10/27/2024,,10/2/2024,,8/29/2024,,7/28/2024
CalCurCEAS_025,2024-11-24T09:00:00Z,32.87087,-120.48057,Southern California,60.000292,0,1,23,-3532,14.485,,,,,11/24/2024,,10/27/2024,,10/2/2024,,8/29/2024,,7/28/2024
CalCurCEAS_025,2024-11-24T10:00:00Z,32.873645,-120.482835,Southern California,60.000333,0,1,1,-3532,14.485,,,,,11/24/2024,,10/27/2024,,10/2/2024,,8/29/2024,,7/28/2024
CalCurCEAS_025,2024-11-24T11:00:00Z,32.87664,-120.48496,Southern California,60.000458,0,0,3,-3592,14.485,,,,,11/24/2024,,10/27/2024,,10/2/2024,,8/29/2024,,7/28/2024
CalCurCEAS_025,2024-11-24T12:00:00Z,32.880795,-120.488155,Southern California,60.000375,0,0,6,-3634,14.435,,,,,11/24/2024,,10/27/2024,,10/2/2024,,8/29/2024,,7/28/2024
CalCurCEAS_025,2024-11-24T13:00:00Z,32.88541,-120.491975,Southern California,60.000333,0,4,7,-3672,14.435,,,,,11/24/2024,,10/27/2024,635.9083862,10/3/2024,,8/31/2024,,8/3/2024
CalCurCEAS_025,2024-11-24T14:00:00Z,32.889665,-120.495105,Southern California,60.000375,3,10,3,-3591,14.435,,,,,11/24/2024,,10/27/2024,668.6594238,10/3/2024,,8/31/2024,,8/4/2024
CalCurCEAS_025,2024-11-24T15:00:00Z,32.89333,-120.49783,Southern California,60.000375,3,18,15,-3609,14.417,,,,,11/24/2024,,10/27/2024,668.6594238,10/3/2024,,8/31/2024,,8/4/2024
CalCurCEAS_025,2024-11-24T16:00:00Z,32.897825,-120.49976,Southern California,60.0005,0,5,30,-3554,14.417,,,,,11/24/2024,,10/27/2024,668.6594238,10/3/2024,,8/31/2024,,8/4/2024
CalCurCEAS_025,2024-11-24T17:00:00Z,32.90275,-120.49918,Southern California,60.000417,9,3,41,-3491,14.371,,,,,11/24/2024,,10/27/2024,668.6594238,10/3/2024,,8/31/2024,,8/4/2024
CalCurCEAS_025,2024-11-24T18:00:00Z,32.90655,-120.4977,Southern California,60.000417,0,2,39,-3452,14.371,,,,,11/24/2024,,10/27/2024,668.6594238,10/3/2024,,8/31/2024,,8/4/2024
CalCurCEAS_025,2024-11-24T19:00:00Z,32.91197,-120.49472,Southern California,60.000333,1,4,46,-3323,14.371,,,,,11/24/2024,,10/27/2024,668.6594238,10/3/2024,,8/31/2024,,8/4/2024
CalCurCEAS_025,2024-11-24T20:00:00Z,32.91575,-120.49188,Southern California,60.000333,0,1,23,-3269,14.371,,,,,11/24/2024,,10/27/2024,668.6594238,10/3/2024,,8/31/2024,,8/4/2024
CalCurCEAS_025,2024-11-24T21:00:00Z,32.91961,-120.489345,Southern California,60.000333,4,0,40,-3166,14.371,,,,,11/24/2024,,10/27/2024,668.6594238,10/3/2024,,8/31/2024,,8/4/2024
CalCurCEAS_025,2024-11-24T22:00:00Z,32.9225,-120.48766,Southern California,60.000417,0,0,67,-3103,14.371,,,,,11/24/2024,,10/27/2024,668.6594238,10/3/2024,,8/31/2024,,8/4/2024
CalCurCEAS_025,2024-11-24T23:00:00Z,32.92662,-120.48631,Southern California,60.000375,0,0,52,-2937,14.344,,,,,11/24/2024,,10/27/2024,668.6594238,10/3/2024,,8/31/2024,,8/4/2024
CalCurCEAS_025,2024-11-25T00:00:00Z,32.928195,-120.48662,Southern California,60.000417,0,0,72,-2937,15.061,,,,,11/25/2024,747.6055908,10/29/2024,,9/28/2024,635.6813965,8/27/2024,,8/1/2024
CalCurCEAS_025,2024-11-25T01:00:00Z,32.93,-120.48672,Southern California,60.000333,0,0,10,-2886,15.061,,,,,11/25/2024,745.4177246,10/29/2024,,9/28/2024,610.6603394,8/27/2024,,8/1/2024
CalCurCEAS_025,2024-11-25T02:00:00Z,32.93248,-120.48792,Southern California,60.0005,0,0,36,-2962,15.061,,,,,11/25/2024,745.4177246,10/29/2024,,9/28/2024,610.6603394,8/27/2024,,8/1/2024
CalCurCEAS_025,2024-11-25T03:00:00Z,32.934845,-120.488605,Southern California,60.000292,0,1,62,-2949,15.04,,,,,11/25/2024,744.9436646,10/29/2024,,9/28/2024,610.6603394,8/27/2024,,8/1/2024
CalCurCEAS_025,2024-11-25T04:00:00Z,32.93766,-120.4885,Southern California,60.000333,0,1,107,-2949,15.023,,,,,11/25/2024,744.9436646,10/29/2024,,9/28/2024,610.6603394,8/27/2024,,8/1/2024
CalCurCEAS_025,2024-11-25T09:00:00Z,32.95056,-120.48142,Southern California,60.000458,0,3,45,-2574,15.312,,,,,11/25/2024,,10/30/2024,722.8322754,9/30/2024,549.4992065,9/2/2024,,7/30/2024
CalCurCEAS_025,2024-11-25T10:00:00Z,32.95316,-120.481135,Southern California,60.000333,0,4,21,-2574,15.312,,,,,11/25/2024,,10/30/2024,710.4259033,9/30/2024,549.4992065,9/2/2024,,7/30/2024
CalCurCEAS_025,2024-11-25T11:00:00Z,32.95571,-120.48167,Southern California,60.000417,0,0,54,-2512,15.315,,,,,11/25/2024,,10/30/2024,697.6090088,9/30/2024,549.4992065,9/2/2024,,7/30/2024
CalCurCEAS_025,2024-11-25T12:00:00Z,32.958515,-120.484035,Southern California,60.000333,0,0,67,-2537,15.315,,,,,11/25/2024,,10/30/2024,697.6090088,9/30/2024,549.4992065,9/2/2024,,7/30/2024
CalCurCEAS_025,2024-11-25T13:00:00Z,32.962575,-120.48747,Southern California,60.000458,1,8,75,-2521,15.32,,,,,11/25/2024,,10/30/2024,702.3421631,9/30/2024,549.4992065,9/2/2024,,7/30/2024
CalCurCEAS_025,2024-11-25T14:00:00Z,32.967965,-120.49098,Southern California,60.000333,0,0,125,-2530,15.32,,,,,11/25/2024,,10/30/2024,702.3421631,9/30/2024,522.3303223,9/2/2024,,7/30/2024
CalCurCEAS_025,2024-11-25T15:00:00Z,32.97393,-120.49369,Southern California,60.000417,0,14,80,-2530,15.308,,,,,11/25/2024,,10/30/2024,702.3421631,9/30/2024,522.3303223,9/2/2024,,7/30/2024
CalCurCEAS_025,2024-11-25T16:00:00Z,32.98195,-120.495365,Southern California,60.000333,0,8,124,-2469,15.308,,,,,11/25/2024,,10/30/2024,702.3421631,9/30/2024,522.3303223,9/2/2024,,7/30/2024
CalCurCEAS_025,2024-11-25T17:00:00Z,32.98799,-120.49459,Southern California,60.000417,0,5,74,-2242,15.3,,,,,11/25/2024,,10/30/2024,,10/1/2024,,8/26/2024,,7/31/2024
CalCurCEAS_025,2024-11-25T18:00:00Z,32.992515,-120.49161,Southern California,60.000375,0,16,91,-2078,15.3,,,,,11/25/2024,,10/30/2024,,10/1/2024,,8/26/2024,,7/31/2024
CalCurCEAS_025,2024-11-25T19:00:00Z,32.99719,-120.48673,Southern California,60.000375,0,6,128,-1894,15.29,,,,,11/25/2024,,10/30/2024,,10/1/2024,,8/26/2024,,7/31/2024
CalCurCEAS_025,2024-11-25T20:00:00Z,33.0012,-120.48079,Southern California,60.000292,1,8,93,-1834,15.29,,,,,11/25/2024,,10/30/2024,,10/1/2024,,8/26/2024,,7/31/2024
CalCurCEAS_025,2024-11-25T21:00:00Z,33.003825,-120.4768,Southern California,59.983583,0,6,48,-1765,15.278,,,,,11/25/2024,,10/30/2024,,10/1/2024,,8/26/2024,,7/31/2024
CalCurCEAS_025,2024-11-25T22:00:00Z,33.00616,-120.47389,Southern California,60.000542,0,24,61,-1689,15.278,,,,,11/25/2024,,10/30/2024,,10/1/2024,,8/26/2024,,7/31/2024
CalCurCEAS_025,2024-11-25T23:00:00Z,33.00862,-120.47176,Southern California,60.000417,2,8,33,-1648,15.278,,,,,11/25/2024,,10/30/2024,,10/1/2024,,8/26/2024,,7/31/2024
CalCurCEAS_025,2024-11-26T00:00:00Z,33.010865,-120.470755,Southern California,60.0005,0,2,22,-1534,15.245,,,,,11/26/2024,,11/1/2024,,9/27/2024,672.3637695,8/25/2024,,7/27/2024
CalCurCEAS_025,2024-11-26T01:00:00Z,33.01396,-120.46981,Southern California,60.000333,0,3,72,-1467,15.245,,,,,11/26/2024,,11/1/2024,,9/28/2024,564.4251709,8/27/2024,,8/2/2024
CalCurCEAS_025,2024-11-26T02:00:00Z,33.015725,-120.47017,Southern California,60.00025,0,0,44,-1467,15.194,,,,,11/26/2024,,11/1/2024,,9/28/2024,564.4251709,8/27/2024,,8/2/2024
CalCurCEAS_025,2024-11-26T03:00:00Z,33.0174,-120.46998,Southern California,60.000417,1,1,39,-1382,15.194,,,,,11/26/2024,,11/1/2024,,9/28/2024,564.4251709,8/27/2024,,8/2/2024
CalCurCEAS_025,2024-11-26T04:00:00Z,33.01977,-120.468695,Southern California,60.000292,0,4,3,-1382,15.194,,,,,11/26/2024,,11/1/2024,,9/28/2024,564.4251709,8/27/2024,,8/2/2024
CalCurCEAS_025,2024-11-26T05:00:00Z,33.02164,-120.46687,Southern California,60.000417,0,7,1,-1324,15.194,,,,,11/26/2024,,11/1/2024,,9/28/2024,564.4251709,8/27/2024,,8/2/2024
CalCurCEAS_025,2024-11-26T06:00:00Z,33.022393,-120.464103,Southern California,60.000375,0,15,5,-1219,15.128,,,,,11/26/2024,,11/1/2024,,9/28/2024,564.4251709,8/27/2024,,8/2/2024
CalCurCEAS_025,2024-11-26T07:00:00Z,33.023135,-120.45993,Southern California,60.000417,0,4,8,-1114,15.128,,,,,11/26/2024,,11/1/2024,,9/28/2024,564.4251709,8/27/2024,,8/2/2024
CalCurCEAS_025,2024-11-26T08:00:00Z,33.02339,-120.45728,Southern California,60.000458,0,2,49,-1045,15.128,,,,,11/26/2024,,11/2/2024,879.0923462,9/30/2024,501.0915222,9/2/2024,,7/31/2024
CalCurCEAS_025,2024-11-26T09:00:00Z,33.023975,-120.45331,Southern California,60.000375,0,12,0,-986,15.12,,,,,11/26/2024,,11/2/2024,879.0923462,9/30/2024,,9/3/2024,,8/2/2024
CalCurCEAS_025,2024-11-26T10:00:00Z,33.02485,-120.45048,Southern California,60.000375,0,16,0,-986,15.12,,,,,11/26/2024,,11/2/2024,879.0923462,9/30/2024,,9/3/2024,,8/2/2024
CalCurCEAS_025,2024-11-26T11:00:00Z,33.026,-120.448725,Southern California,60.0005,0,24,0,-920,15.14,,,,,11/26/2024,,11/2/2024,875.3413086,9/30/2024,,9/3/2024,,8/2/2024
CalCurCEAS_025,2024-11-26T12:00:00Z,33.027065,-120.44762,Southern California,60.000458,0,13,0,-920,15.178,,,,,11/26/2024,,11/2/2024,875.3413086,9/30/2024,,9/3/2024,,8/2/2024
CalCurCEAS_025,2024-11-26T13:00:00Z,33.02877,-120.447505,Southern California,60.000417,0,15,46,-920,15.178,,,,,11/26/2024,,11/2/2024,875.3413086,9/30/2024,,9/3/2024,,8/2/2024
CalCurCEAS_025,2024-11-26T14:00:00Z,33.03038,-120.44908,Southern California,60.000458,0,1,44,-892,15.178,,,,,11/26/2024,,11/2/2024,875.3413086,9/30/2024,,9/3/2024,,8/2/2024
CalCurCEAS_025,2024-11-26T15:00:00Z,33.03279,-120.4503,Southern California,60.000292,0,2,22,-922,15.14,,,,,11/26/2024,,11/2/2024,875.3413086,9/30/2024,,9/3/2024,,8/2/2024
CalCurCEAS_025,2024-11-26T16:00:00Z,33.034255,-120.45069,Southern California,60.000417,0,11,20,-901,15.14,,,,,11/26/2024,,11/2/2024,875.3413086,9/30/2024,,9/3/2024,,8/2/2024
CalCurCEAS_025,2024-11-26T17:00:00Z,33.035485,-120.45084,Southern California,60.000417,0,10,17,-901,15.14,,,,,11/26/2024,,11/2/2024,875.3413086,9/30/2024,,9/3/2024,,8/2/2024
CalCurCEAS_025,2024-11-26T18:00:00Z,33.036555,-120.449145,Southern California,60.000375,1,17,9,-901,15.14,,,,,11/26/2024,,11/2/2024,875.3413086,9/30/2024,,9/3/2024,,8/2/2024
CalCurCEAS_025,2024-11-26T19:00:00Z,33.03767,-120.44618,Southern California,60.000375,1,30,46,-986,15.12,,,,,11/26/2024,,11/2/2024,875.3413086,9/30/2024,,9/3/2024,,8/2/2024
CalCurCEAS_025,2024-11-26T20:00:00Z,33.03866,-120.44187,Southern California,60.000333,0,27,109,-1051,15.12,,,,,11/26/2024,,11/2/2024,875.3413086,9/30/2024,,9/3/2024,,8/2/2024
CalCurCEAS_025,2024-11-26T21:00:00Z,33.03949,-120.43391,Southern California,60.000458,0,21,70,-1154,15.12,,,,,11/26/2024,,11/2/2024,875.3413086,9/30/2024,,9/3/2024,,8/2/2024
CalCurCEAS_025,2024-11-26T22:00:00Z,33.03897,-120.42955,Southern California,60.000417,0,19,46,-1120,15.128,,,,,11/26/2024,,11/2/2024,875.3413086,9/30/2024,,9/3/2024,,8/2/2024
CalCurCEAS_025,2024-11-26T23:00:00Z,33.03791,-120.42466,Southern California,60.000167,0,23,21,-1055,15.121,,,,,11/26/2024,,11/2/2024,875.3413086,9/30/2024,,9/3/2024,,8/2/2024
CalCurCEAS_025,2024-11-27T00:00:00Z,33.03687,-120.42241,Southern California,60.000292,0,28,9,-981,15.382,,,,,11/27/2024,823.7410278,10/24/2024,,9/25/2024,,8/28/2024,,8/3/2024
CalCurCEAS_025,2024-11-27T01:00:00Z,33.035585,-120.421915,Southern California,60.000292,0,1,51,-981,15.382,,,,,11/27/2024,823.7410278,10/24/2024,,9/25/2024,,8/28/2024,,8/3/2024
CalCurCEAS_025,2024-11-27T02:00:00Z,33.03532,-120.42361,Southern California,60.000375,0,20,146,-981,15.482,,,,,11/27/2024,823.7410278,10/24/2024,,9/25/2024,,8/28/2024,,8/3/2024
CalCurCEAS_025,2024-11-27T03:00:00Z,33.03535,-120.42535,Southern California,60.000375,0,7,159,-1009,15.598,,,,,11/27/2024,823.7410278,10/24/2024,,9/25/2024,,8/28/2024,,8/3/2024
CalCurCEAS_025,2024-11-27T04:00:00Z,33.035345,-120.427505,Southern California,60.000292,0,0,30,-1009,15.715,,,,,11/27/2024,741.34375,10/24/2024,,9/25/2024,,8/28/2024,,8/3/2024
CalCurCEAS_025,2024-11-27T05:00:00Z,33.035202,-120.428644,Southern California,60.00025,0,1,28,-1009,15.822,,,,,11/27/2024,741.34375,10/24/2024,,9/25/2024,,8/28/2024,,8/3/2024
CalCurCEAS_025,2024-11-27T06:00:00Z,33.03506,-120.429783,Southern California,60.0005,0,1,9,-1051,15.837,,,,,11/27/2024,741.34375,10/24/2024,,9/25/2024,,8/28/2024,,8/4/2024
CalCurCEAS_025,2024-11-27T07:00:00Z,33.034235,-120.429435,Southern California,60.000375,0,1,9,-1051,15.924,,,,,11/27/2024,741.34375,10/24/2024,,9/25/2024,,8/28/2024,,8/4/2024
CalCurCEAS_025,2024-11-27T08:00:00Z,33.034155,-120.42762,Southern California,60.000292,0,0,58,-1009,16.007,,,,,11/27/2024,678.0473633,10/25/2024,,9/27/2024,,9/3/2024,,8/1/2024
CalCurCEAS_025,2024-11-27T09:00:00Z,33.03417,-120.42576,Southern California,60.000458,0,0,58,-1009,16.092,,,,,11/27/2024,678.0473633,10/25/2024,,9/27/2024,,9/3/2024,,8/1/2024
CalCurCEAS_025,2024-11-27T10:00:00Z,33.033775,-120.42358,Southern California,60.000458,0,0,118,-981,16.444,,,,,11/27/2024,678.0473633,10/25/2024,,9/27/2024,,9/3/2024,,8/1/2024
CalCurCEAS_025,2024-11-27T11:00:00Z,33.03216,-120.419235,Southern California,60.000333,0,0,178,-896,16.446,,,,,11/27/2024,598.1698608,10/25/2024,,9/27/2024,,9/3/2024,,8/1/2024
CalCurCEAS_025,2024-11-27T12:00:00Z,33.03041,-120.41599,Southern California,60.000417,0,3,147,-890,16.457,,,,,11/27/2024,598.1698608,10/25/2024,,9/27/2024,,9/3/2024,,8/1/2024
CalCurCEAS_025,2024-11-27T13:00:00Z,33.02866,-120.41551,Southern California,60.000333,0,0,161,-866,16.471,,,,,11/27/2024,533.9550171,10/25/2024,,9/28/2024,672.3637695,8/25/2024,,7/27/2024
CalCurCEAS_025,2024-11-27T14:00:00Z,33.02693,-120.417765,Southern California,60.000333,0,0,90,-875,16.508,,,,,11/27/2024,533.9550171,10/25/2024,,9/28/2024,672.3637695,8/25/2024,,7/27/2024
CalCurCEAS_025,2024-11-27T15:00:00Z,33.025205,-120.42155,Southern California,60.000375,0,2,43,-929,16.523,,,,,11/27/2024,518.05896,10/25/2024,,9/28/2024,672.3637695,8/25/2024,,7/27/2024
CalCurCEAS_025,2024-11-27T16:00:00Z,33.02455,-120.42522,Southern California,60.000458,0,6,26,-1002,16.523,,,,,11/27/2024,518.05896,10/25/2024,,9/28/2024,672.3637695,8/25/2024,,7/27/2024
CalCurCEAS_025,2024-11-27T17:00:00Z,33.024885,-120.427645,Southern California,60.000542,0,42,18,-1002,16.533,,,,,11/27/2024,518.05896,10/25/2024,,9/28/2024,674.1419678,8/25/2024,,7/27/2024
CalCurCEAS_025,2024-11-27T18:00:00Z,33.025105,-120.42828,Southern California,60.00025,0,28,30,-973,16.533,,,,,11/27/2024,518.05896,10/25/2024,,9/28/2024,674.1419678,8/25/2024,,7/27/2024
CalCurCEAS_025,2024-11-27T19:00:00Z,33.02508,-120.42743,Southern California,60.000417,0,2,31,-973,16.496,,,,,11/27/2024,518.05896,10/25/2024,,9/28/2024,674.1419678,8/25/2024,,7/27/2024
CalCurCEAS_025,2024-11-27T20:00:00Z,33.02403,-120.425095,Southern California,60.000542,0,6,50,-1002,16.496,,,,,11/27/2024,518.05896,10/25/2024,,9/28/2024,674.1419678,8/25/2024,,7/27/2024
CalCurCEAS_025,2024-11-27T21:00:00Z,33.0216,-120.4205,Southern California,60.0005,0,4,109,-884,16.417,,,,,11/27/2024,496.4539795,10/25/2024,,9/28/2024,,8/26/2024,,7/29/2024
CalCurCEAS_025,2024-11-27T22:00:00Z,33.01916,-120.4155,Southern California,60.000375,0,3,84,-916,16.397,,,,,11/27/2024,496.4539795,10/25/2024,,9/28/2024,,8/26/2024,,7/29/2024
CalCurCEAS_025,2024-11-27T23:00:00Z,33.01629,-120.40996,Southern California,60.000375,0,11,54,-889,16.25,,,,,11/27/2024,496.4539795,10/25/2024,,9/28/2024,,8/26/2024,,7/29/2024
CalCurCEAS_025,2024-11-28T00:00:00Z,33.01308,-120.40475,Southern California,60.00025,0,0,9,-843,16.338,0.860307574,40.34152603,172.199707,748.8907471,11/28/2024,,10/27/2024,,10/4/2024,663.1719971,9/3/2024,,8/3/2024
CalCurCEAS_025,2024-11-28T01:00:00Z,33.01076,-120.40269,Southern California,60.000375,0,0,41,-833,16.32,0.860307574,40.34152603,172.199707,748.8907471,11/28/2024,,10/27/2024,,10/4/2024,668.1335449,9/3/2024,,8/3/2024
CalCurCEAS_025,2024-11-28T02:00:00Z,33.008715,-120.402755,Southern California,60.000375,0,1,16,-833,16.298,0.860307574,40.34152603,172.199707,748.8907471,11/28/2024,,10/27/2024,,10/4/2024,714.4690552,9/3/2024,,8/3/2024
CalCurCEAS_025,2024-11-28T03:00:00Z,33.00655,-120.404505,Southern California,60.000375,0,2,8,-951,16.326,0.860307574,40.34152603,172.199707,748.8907471,11/28/2024,,10/27/2024,,10/4/2024,714.4690552,9/3/2024,,8/4/2024
CalCurCEAS_025,2024-11-28T04:00:00Z,33.00511,-120.40599,Southern California,60.000417,0,1,26,-951,16.326,0.860307574,40.34152603,172.199707,748.8907471,11/28/2024,,10/27/2024,,10/4/2024,714.4690552,9/3/2024,,8/4/2024
CalCurCEAS_025,2024-11-28T05:00:00Z,33.003735,-120.407895,Southern California,60.000375,0,5,74,-977,16.276,0.860307574,40.34152603,172.199707,748.8907471,11/28/2024,,10/27/2024,,10/4/2024,714.4690552,9/3/2024,,8/4/2024
CalCurCEAS_025,2024-11-28T06:00:00Z,33.002293,-120.40887,Southern California,60.000333,0,10,32,-1005,16.256,0.860307574,40.34152603,172.199707,748.8907471,11/28/2024,,10/27/2024,,10/4/2024,714.4690552,9/3/2024,,8/4/2024
CalCurCEAS_025,2024-11-28T07:00:00Z,32.99936,-120.409285,Southern California,60.000458,0,2,32,-985,16.256,0.70698148,27.56346703,149.7998047,698.4285278,11/28/2024,,10/27/2024,,10/4/2024,714.4690552,9/3/2024,,8/4/2024
CalCurCEAS_025,2024-11-28T08:00:00Z,32.9975,-120.40698,Southern California,60.0005,1,10,52,-951,16.225,0.70698148,27.56346703,149.7998047,698.4285278,11/28/2024,,10/28/2024,,9/25/2024,,8/29/2024,,7/27/2024
CalCurCEAS_025,2024-11-28T09:00:00Z,32.99506,-120.402775,Southern California,60.000375,2,20,10,-906,16.185,0.70698148,27.56346703,149.7998047,698.4285278,11/28/2024,,10/28/2024,,9/25/2024,,8/29/2024,,7/27/2024
CalCurCEAS_025,2024-11-28T10:00:00Z,32.99234,-120.39771,Southern California,60.000417,7,29,4,-883,16.162,0.70698148,27.56346703,149.7998047,698.4285278,11/28/2024,,10/28/2024,,9/25/2024,,8/29/2024,,7/27/2024
CalCurCEAS_025,2024-11-28T11:00:00Z,32.98986,-120.39381,Southern California,60.000458,0,11,25,-850,16.147,0.70698148,27.56346703,149.7998047,698.4285278,11/28/2024,,10/28/2024,,9/25/2024,,8/29/2024,,7/27/2024
CalCurCEAS_025,2024-11-28T12:00:00Z,32.9854,-120.38677,Southern California,60.000333,0,19,14,-875,16.147,0.70698148,27.56346703,149.7998047,698.4285278,11/28/2024,,10/28/2024,,9/25/2024,,8/29/2024,,7/27/2024
CalCurCEAS_025,2024-11-28T13:00:00Z,32.9815,-120.382445,Southern California,60.000417,0,17,22,-911,16.137,0.70698148,27.56346703,149.7998047,698.4285278,11/28/2024,,10/28/2024,,9/25/2024,,8/29/2024,,7/27/2024
CalCurCEAS_025,2024-11-28T14:00:00Z,32.975695,-120.38104,Southern California,60.000375,0,18,17,-929,16.117,0.70698148,27.56346703,149.7998047,698.4285278,11/28/2024,,10/28/2024,,9/25/2024,,8/29/2024,,7/27/2024
CalCurCEAS_025,2024-11-28T15:00:00Z,32.97024,-120.38293,Southern California,60.000458,0,3,19,-973,16.105,0.70698148,27.56346703,149.7998047,698.4285278,11/28/2024,,10/28/2024,,9/25/2024,,8/29/2024,,7/27/2024
CalCurCEAS_025,2024-11-28T16:00:00Z,32.966725,-120.38565,Southern California,60.000458,1,6,16,-979,16.117,0.70698148,27.56346703,149.7998047,698.4285278,11/28/2024,,10/28/2024,,9/26/2024,,8/31/2024,,8/2/2024
CalCurCEAS_025,2024-11-28T17:00:00Z,32.96337,-120.3893,Southern California,60.000375,6,2,5,-987,16.105,0.70698148,27.56346703,149.7998047,698.4285278,11/28/2024,,10/28/2024,,9/26/2024,,8/31/2024,,8/2/2024
CalCurCEAS_025,2024-11-28T18:00:00Z,32.96179,-120.39091,Southern California,60.000292,3,4,4,-977,16.09,0.70698148,27.56346703,149.7998047,698.4285278,11/28/2024,,10/28/2024,,9/26/2024,,8/31/2024,,8/2/2024
CalCurCEAS_025,2024-11-28T19:00:00Z,32.95959,-120.39124,Southern California,60.000417,0,1,22,-977,16.101,0.70698148,27.56346703,149.7998047,698.4285278,11/28/2024,,10/28/2024,,9/26/2024,,8/31/2024,,8/2/2024
CalCurCEAS_025,2024-11-28T20:00:00Z,32.95523,-120.386895,Southern California,60.000292,1,9,15,-908,16.08,0.648535967,23.77188492,141.3999023,297.5802612,11/28/2024,,10/28/2024,,9/26/2024,,8/31/2024,,8/2/2024
CalCurCEAS_025,2024-11-28T21:00:00Z,32.95162,-120.37964,Southern California,60.0005,0,7,7,-881,16.055,0.648535967,23.77188492,141.3999023,297.5802612,11/28/2024,,10/28/2024,,9/26/2024,,8/31/2024,,8/2/2024
CalCurCEAS_025,2024-11-28T22:00:00Z,32.948205,-120.37292,Southern California,60.000417,4,23,47,-888,16.064,0.726323843,27.56346703,153,504.8420715,11/28/2024,,10/28/2024,,9/26/2024,,8/31/2024,,8/2/2024
CalCurCEAS_025,2024-11-28T23:00:00Z,32.942355,-120.36342,Southern California,60.000333,6,38,38,-914,16.032,0.726323843,27.56346703,153,504.8420715,11/28/2024,,10/28/2024,,9/26/2024,,8/31/2024,,8/2/2024
CalCurCEAS_025,2024-11-29T00:00:00Z,32.935655,-120.354055,Southern California,59.88175,7,27,53,-1018,16.309,,,,,11/29/2024,666.600769,10/30/2024,385.9753113,10/2/2024,,8/29/2024,,7/29/2024
CalCurCEAS_025,2024-11-29T01:00:00Z,32.929535,-120.348005,Southern California,60.000292,3,22,41,-1012,16.312,,,,,11/29/2024,667.142334,10/30/2024,385.9753113,10/2/2024,,8/29/2024,,7/29/2024
CalCurCEAS_025,2024-11-29T02:00:00Z,32.9241,-120.34589,Southern California,60.0005,0,20,60,-1006,16.324,,,,,11/29/2024,666.600769,10/30/2024,385.9753113,10/2/2024,,8/29/2024,,7/29/2024
CalCurCEAS_025,2024-11-29T03:00:00Z,32.919935,-120.345345,Southern California,60.000417,0,4,90,-995,16.34,,,,,11/29/2024,666.600769,10/30/2024,385.9753113,10/2/2024,,8/29/2024,,7/29/2024
CalCurCEAS_025,2024-11-29T04:00:00Z,32.91509,-120.34553,Southern California,60.000542,0,3,46,-986,16.358,,,,,11/29/2024,614.7119751,10/30/2024,385.9753113,10/2/2024,,8/29/2024,,7/29/2024
CalCurCEAS_025,2024-11-29T05:00:00Z,32.910705,-120.347525,Southern California,60.000458,0,0,87,-963,16.402,,,,,11/29/2024,614.7119751,10/30/2024,372.0649414,10/2/2024,,8/29/2024,,7/29/2024
CalCurCEAS_025,2024-11-29T06:00:00Z,32.907927,-120.348633,Southern California,60.000417,0,1,120,-943,16.421,,,,,11/29/2024,614.7119751,10/30/2024,372.0649414,10/2/2024,,8/29/2024,,7/29/2024
CalCurCEAS_025,2024-11-29T07:00:00Z,32.90473,-120.34954,Southern California,60.000458,1,4,80,-943,16.428,,,,,11/29/2024,614.7119751,10/30/2024,372.0649414,10/2/2024,,8/29/2024,,7/29/2024
CalCurCEAS_025,2024-11-29T08:00:00Z,32.90349,-120.34856,Southern California,60.00025,0,8,64,-940,16.438,,,,,11/29/2024,573.5897217,10/31/2024,,9/25/2024,,8/30/2024,,7/29/2024
CalCurCEAS_025,2024-11-29T09:00:00Z,32.901555,-120.34322,Southern California,60.000375,0,6,59,-917,16.438,,,,,11/29/2024,484.0015564,10/31/2024,,9/25/2024,,8/30/2024,,7/29/2024
CalCurCEAS_025,2024-11-29T10:00:00Z,32.898175,-120.33689,Southern California,60.000333,0,0,31,-893,16.229,,,,,11/29/2024,484.0015564,10/31/2024,,9/25/2024,,8/30/2024,,7/29/2024
CalCurCEAS_025,2024-11-29T11:00:00Z,32.89431,-120.33139,Southern California,60.000375,0,0,74,-870,16.233,,,,,11/29/2024,484.0015564,10/31/2024,,9/25/2024,,8/30/2024,,7/29/2024
CalCurCEAS_025,2024-11-29T12:00:00Z,32.890115,-120.325735,Southern California,60.000542,0,0,95,-854,16.233,,,,,11/29/2024,484.0015564,10/31/2024,,9/25/2024,,8/30/2024,,7/29/2024
CalCurCEAS_025,2024-11-29T13:00:00Z,32.883655,-120.31953,Southern California,60.000292,0,0,135,-826,16.238,,,,,11/29/2024,471.0475464,10/31/2024,,9/25/2024,,8/30/2024,,7/30/2024
CalCurCEAS_025,2024-11-29T14:00:00Z,32.87944,-120.31546,Southern California,60.000292,1,0,150,-800,16.242,,,,,11/29/2024,471.0475464,10/31/2024,,9/25/2024,,8/30/2024,,7/30/2024
CalCurCEAS_025,2024-11-29T15:00:00Z,32.874895,-120.31376,Southern California,59.983667,1,0,218,-758,16.242,,,,,11/29/2024,471.0475464,10/31/2024,,9/25/2024,,8/30/2024,,7/30/2024
CalCurCEAS_025,2024-11-29T16:00:00Z,32.87029,-120.3128,Southern California,60.0005,2,0,198,-745,16.245,,,,,11/29/2024,453.7211304,10/31/2024,,9/25/2024,,8/30/2024,,7/30/2024
CalCurCEAS_025,2024-11-29T17:00:00Z,32.866465,-120.313275,Southern California,60.000458,3,0,96,-736,16.25,,,,,11/29/2024,453.7211304,10/31/2024,,9/25/2024,,8/30/2024,,7/30/2024
CalCurCEAS_025,2024-11-29T18:00:00Z,32.86295,-120.31456,Southern California,60.000375,0,7,31,-736,16.252,,,,,11/29/2024,453.7211304,10/31/2024,,9/25/2024,,8/30/2024,,7/30/2024
CalCurCEAS_025,2024-11-29T19:00:00Z,32.85997,-120.316325,Southern California,60.000292,0,3,80,-735,16.25,,,,,11/29/2024,427.4983826,10/31/2024,,9/25/2024,,8/30/2024,,7/30/2024
CalCurCEAS_025,2024-11-29T20:00:00Z,32.85787,-120.31658,Southern California,60.000458,3,2,91,-737,16.255,,,,,11/29/2024,427.4983826,10/31/2024,,9/25/2024,,8/30/2024,,7/30/2024
CalCurCEAS_025,2024-11-29T21:00:00Z,32.85624,-120.314345,Southern California,60.000375,16,7,26,-737,16.255,,,,,11/29/2024,427.4983826,10/31/2024,,9/25/2024,,8/30/2024,,7/30/2024
CalCurCEAS_025,2024-11-29T22:00:00Z,32.85441,-120.308275,Southern California,60.000375,13,10,19,-725,16.255,,,,,11/29/2024,427.4983826,10/31/2024,,9/25/2024,,8/30/2024,,7/30/2024
CalCurCEAS_025,2024-11-29T23:00:00Z,32.85101,-120.29954,Southern California,60.000458,2,7,29,-713,16.254,,,,,11/29/2024,421.9954224,10/31/2024,,9/25/2024,,8/30/2024,,7/30/2024
CalCurCEAS_025,2024-11-30T00:00:00Z,32.846373,-120.291983,Southern California,60.000417,5,10,50,-700,16.042,,,,,11/30/2024,427.5026855,11/2/2024,,10/1/2024,,8/28/2024,,7/25/2024
CalCurCEAS_025,2024-11-30T01:00:00Z,32.841735,-120.284425,Southern California,60.000375,1,2,66,-687,16.02,,,,,11/30/2024,427.5026855,11/2/2024,,10/1/2024,,8/28/2024,,7/25/2024
CalCurCEAS_025,2024-11-30T02:00:00Z,32.837685,-120.27949,Southern California,60.000417,6,5,94,-674,16.02,,,,,11/30/2024,427.5026855,11/2/2024,786.8651733,10/2/2024,,8/30/2024,,7/31/2024
CalCurCEAS_025,2024-11-30T03:00:00Z,32.83309,-120.274855,Southern California,60.000583,4,2,35,-657,15.999,,,,,11/30/2024,427.5026855,11/2/2024,786.8651733,10/2/2024,,8/30/2024,,8/1/2024
CalCurCEAS_025,2024-11-30T04:00:00Z,32.82932,-120.27223,Southern California,60.0005,6,4,52,-657,15.968,,,,,11/30/2024,427.5026855,11/2/2024,821.1548462,10/2/2024,,8/30/2024,,8/1/2024
CalCurCEAS_025,2024-11-30T05:00:00Z,32.826415,-120.2718,Southern California,60.000333,1,8,31,-661,15.968,,,,,11/30/2024,427.5026855,11/2/2024,821.1548462,10/2/2024,,8/30/2024,,8/1/2024
CalCurCEAS_025,2024-11-30T06:00:00Z,32.82212,-120.272683,Southern California,60.000458,0,2,47,-674,15.94,,,,,11/30/2024,427.5026855,11/2/2024,821.1548462,10/2/2024,,8/30/2024,,8/1/2024
CalCurCEAS_025,2024-11-30T07:00:00Z,32.81982,-120.27388,Southern California,60.000333,0,0,32,-685,15.94,,,,,11/30/2024,427.5026855,11/2/2024,821.1548462,10/2/2024,,8/30/2024,,8/1/2024
CalCurCEAS_025,2024-11-30T08:00:00Z,32.81922,-120.27436,Southern California,60.000333,0,2,50,-685,15.908,,,,,11/30/2024,,10/24/2024,,9/25/2024,,8/28/2024,,8/4/2024
CalCurCEAS_025,2024-11-30T09:00:00Z,32.8188,-120.273435,Southern California,60.00025,0,7,14,-685,15.908,,,,,11/30/2024,,10/24/2024,,9/25/2024,,8/28/2024,,8/4/2024
CalCurCEAS_025,2024-11-30T10:00:00Z,32.81816,-120.27095,Southern California,60.000417,0,0,52,-685,15.832,,,,,11/30/2024,,10/24/2024,,9/25/2024,,8/28/2024,,8/4/2024
CalCurCEAS_025,2024-11-30T11:00:00Z,32.81746,-120.26791,Southern California,60.000458,3,0,102,-666,15.832,,,,,11/30/2024,,10/24/2024,,9/25/2024,,8/28/2024,,8/4/2024
CalCurCEAS_025,2024-11-30T12:00:00Z,32.81646,-120.263975,Southern California,60.0005,3,0,198,-675,15.832,,,,,11/30/2024,,10/24/2024,,9/25/2024,,8/28/2024,,8/4/2024
CalCurCEAS_025,2024-11-30T13:00:00Z,32.81481,-120.25548,Southern California,60.000375,12,8,123,-659,15.832,,,,,11/30/2024,,10/24/2024,,9/25/2024,,8/28/2024,,8/4/2024
CalCurCEAS_025,2024-11-30T14:00:00Z,32.81328,-120.24952,Southern California,60.000458,16,19,30,-648,15.832,,,,,11/30/2024,,10/24/2024,,9/25/2024,,8/28/2024,,8/4/2024
CalCurCEAS_025,2024-11-30T15:00:00Z,32.81191,-120.24712,Southern California,60.000375,10,10,58,-654,15.816,,,,,11/30/2024,,10/24/2024,,9/25/2024,,8/28/2024,,8/4/2024
CalCurCEAS_025,2024-11-30T16:00:00Z,32.809895,-120.245005,Southern California,60.000417,0,1,166,-648,15.816,,,,,11/30/2024,459.7848511,10/25/2024,,9/28/2024,,8/26/2024,,7/30/2024
CalCurCEAS_025,2024-11-30T17:00:00Z,32.807665,-120.2433,Southern California,60.000458,0,2,159,-653,15.798,,,,,11/30/2024,459.7848511,10/25/2024,,9/28/2024,,8/26/2024,,7/30/2024
CalCurCEAS_025,2024-11-30T18:00:00Z,32.80529,-120.242035,Southern California,60.0005,0,0,185,-653,15.695,,,,,11/30/2024,459.7848511,10/25/2024,,9/28/2024,,8/26/2024,,7/30/2024
CalCurCEAS_025,2024-11-30T19:00:00Z,32.80272,-120.24244,Southern California,60.000458,2,0,65,-653,15.695,,,,,11/30/2024,464.6277161,10/25/2024,,9/28/2024,,8/26/2024,,7/30/2024
CalCurCEAS_025,2024-11-30T20:00:00Z,32.800115,-120.24251,Southern California,60.000333,0,1,54,-653,15.721,,,,,11/30/2024,464.6277161,10/25/2024,,9/28/2024,,8/26/2024,,7/30/2024
CalCurCEAS_025,2024-11-30T21:00:00Z,32.79748,-120.24154,Southern California,60.000333,11,13,57,-648,15.703,,,,,11/30/2024,464.6277161,10/25/2024,,9/29/2024,,8/28/2024,,8/5/2024
CalCurCEAS_025,2024-11-30T22:00:00Z,32.795055,-120.239145,Southern California,60.0005,7,24,53,-644,15.703,,,,,11/30/2024,464.6277161,10/25/2024,,9/29/2024,,8/28/2024,,8/5/2024
CalCurCEAS_025,2024-11-30T23:00:00Z,32.79333,-120.23624,Southern California,60.000458,3,9,106,-645,15.69,,,,,11/30/2024,464.6277161,10/25/2024,,9/29/2024,,8/28/2024,,8/5/2024
CalCurCEAS_025,2024-12-01T00:00:00Z,32.79147,-120.2334,Southern California,60.0005,0,13,53,-645,15.854,0.603809714,32.30838013,134.199707,707.4957886,12/1/2024,,10/27/2024,,9/23/2024,235.5523224,8/23/2024,,7/25/2024
CalCurCEAS_025,2024-12-01T01:00:00Z,32.79116,-120.23021,Southern California,60.000375,1,14,26,-644,15.831,0.603809714,32.30838013,134.199707,707.4957886,12/1/2024,,10/27/2024,,9/23/2024,235.5523224,8/23/2024,,7/26/2024
CalCurCEAS_025,2024-12-01T02:00:00Z,32.790735,-120.224825,Southern California,60.000458,5,27,63,-639,15.806,0.603809714,32.30838013,134.199707,707.4957886,12/1/2024,,10/27/2024,,9/23/2024,235.5523224,8/23/2024,,7/26/2024
CalCurCEAS_025,2024-12-01T03:00:00Z,32.78938,-120.21646,Southern California,60.000458,2,12,58,-633,15.806,0.603809714,32.30838013,134.199707,707.4957886,12/1/2024,,10/27/2024,,9/24/2024,603.9009399,8/25/2024,,7/26/2024
CalCurCEAS_025,2024-12-01T04:00:00Z,32.788215,-120.212145,Southern California,60.000417,1,18,136,-631,15.815,0.603809714,32.30838013,134.199707,707.4957886,12/1/2024,,10/27/2024,,9/24/2024,603.9009399,8/25/2024,,7/26/2024
CalCurCEAS_025,2024-12-01T05:00:00Z,32.78681,-120.20976,Southern California,60.000375,0,6,116,-634,15.815,0.603809714,32.30838013,134.199707,707.4957886,12/1/2024,,10/27/2024,,9/24/2024,603.9009399,8/25/2024,,7/26/2024
CalCurCEAS_025,2024-12-01T06:00:00Z,32.78546,-120.20844,Southern California,60.000333,10,14,52,-634,15.787,0.603809714,32.30838013,134.199707,707.4957886,12/1/2024,,10/27/2024,,9/24/2024,603.9009399,8/25/2024,,7/26/2024
CalCurCEAS_025,2024-12-01T07:00:00Z,32.78362,-120.20736,Southern California,60.000333,1,0,122,-634,15.787,0.603809714,32.00507355,134.199707,714.1428833,12/1/2024,,10/27/2024,,9/24/2024,603.9009399,8/25/2024,,7/26/2024
CalCurCEAS_025,2024-12-01T08:00:00Z,32.78167,-120.20635,Southern California,60.00025,0,0,140,-636,15.815,0.603809714,32.00507355,134.199707,714.1428833,12/1/2024,,10/27/2024,,9/24/2024,603.9009399,8/25/2024,,7/26/2024
CalCurCEAS_025,2024-12-01T09:00:00Z,32.781345,-120.20548,Southern California,60.00025,0,0,148,-636,15.815,0.603809714,32.00507355,134.199707,714.1428833,12/1/2024,,10/27/2024,,9/24/2024,,8/26/2024,,7/28/2024
CalCurCEAS_025,2024-12-01T10:00:00Z,32.781855,-120.205535,Southern California,60.000542,0,3,126,-636,15.815,0.603809714,32.00507355,134.199707,714.1428833,12/1/2024,,10/27/2024,,9/24/2024,,8/26/2024,,7/28/2024
CalCurCEAS_025,2024-12-01T11:00:00Z,32.78297,-120.20547,Southern California,60.000375,0,1,81,-636,15.815,0.603809714,32.00507355,134.199707,714.1428833,12/1/2024,,10/27/2024,,9/24/2024,,8/26/2024,,7/28/2024
CalCurCEAS_025,2024-12-01T12:00:00Z,32.784315,-120.204755,Southern California,60.000292,2,17,54,-634,15.806,0.603809714,32.00507355,134.199707,714.1428833,12/1/2024,,10/27/2024,,9/24/2024,,8/26/2024,,7/28/2024
CalCurCEAS_025,2024-12-01T13:00:00Z,32.78673,-120.2006,Southern California,60.000208,2,10,83,-635,15.806,0.603809714,32.00507355,134.199707,714.1428833,12/1/2024,,10/27/2024,,9/24/2024,,8/26/2024,,7/28/2024
CalCurCEAS_025,2024-12-01T14:00:00Z,32.787575,-120.1965,Southern California,60.000208,2,1,44,-635,15.787,0.603809714,32.00507355,134.199707,714.1428833,12/1/2024,,10/27/2024,,9/24/2024,,8/26/2024,,7/29/2024
CalCurCEAS_025,2024-12-01T15:00:00Z,32.789015,-120.193475,Southern California,60.000417,0,3,55,-637,15.755,0.603809714,32.00507355,134.199707,714.1428833,12/1/2024,,10/27/2024,,9/24/2024,,8/26/2024,,7/29/2024
CalCurCEAS_025,2024-12-01T16:00:00Z,32.79075,-120.19266,Southern California,60.000333,0,12,63,-637,15.755,0.603809714,32.00507355,134.199707,714.1428833,12/1/2024,,10/28/2024,,9/26/2024,716.9094849,9/1/2024,,8/4/2024
CalCurCEAS_025,2024-12-01T17:00:00Z,32.79209,-120.19209,Southern California,60.00025,0,1,82,-636,15.755,0.647194862,36.12804794,141,716.7171021,12/1/2024,,10/28/2024,,9/26/2024,716.9094849,9/1/2024,,7/26/2024
CalCurCEAS_025,2024-12-01T18:00:00Z,32.7932,-120.190325,Southern California,60.000583,0,1,76,-650,16.04,0.647194862,36.12804794,141,716.7171021,12/1/2024,,10/28/2024,,9/26/2024,716.9094849,9/1/2024,,7/26/2024
CalCurCEAS_025,2024-12-01T19:00:00Z,32.79374,-120.18828,Southern California,60.000458,0,0,80,-650,16.037,0.647194862,36.12804794,141,716.7171021,12/1/2024,,10/28/2024,,9/26/2024,716.9094849,9/1/2024,,7/26/2024
CalCurCEAS_025,2024-12-01T20:00:00Z,32.793435,-120.18471,Southern California,60.000542,0,1,153,-663,16.037,0.647194862,36.12804794,141,716.7171021,12/1/2024,,10/28/2024,,9/26/2024,716.9094849,9/1/2024,,7/26/2024
CalCurCEAS_025,2024-12-01T21:00:00Z,32.791675,-120.180665,Southern California,60.000333,0,1,79,-580,16.033,0.647194862,36.12804794,141,716.7171021,12/1/2024,,10/28/2024,,9/26/2024,716.9094849,9/1/2024,,7/26/2024
CalCurCEAS_025,2024-12-01T22:00:00Z,32.78957,-120.17777,Southern California,60.000375,0,0,145,-590,16.033,0.603809714,32.00507355,134.199707,714.1428833,12/1/2024,,10/28/2024,,9/26/2024,716.9094849,9/1/2024,,7/26/2024
CalCurCEAS_025,2024-12-02T01:00:00Z,32.78629,-120.1698,Southern California,60.000333,0,0,91,-504,16.2,,,,,12/2/2024,635.9168091,10/30/2024,373.9790039,10/2/2024,,8/30/2024,,7/31/2024
CalCurCEAS_025,2024-12-02T02:00:00Z,32.786185,-120.165635,Southern California,60.000417,0,0,41,-493,16.191,,,,,12/2/2024,635.9168091,10/30/2024,351.1707153,10/3/2024,,9/1/2024,755.8775635,7/28/2024
CalCurCEAS_025,2024-12-02T03:00:00Z,32.78611,-120.16217,Southern California,60.000417,0,0,113,-482,16.182,,,,,12/2/2024,635.9168091,10/30/2024,351.1707153,10/3/2024,,9/1/2024,755.8775635,7/28/2024
CalCurCEAS_025,2024-12-02T04:00:00Z,32.785555,-120.158545,Southern California,60.000375,0,0,135,-482,16.176,,,,,12/2/2024,668.1697388,10/30/2024,356.5719604,10/3/2024,,9/1/2024,764.8795166,7/28/2024
CalCurCEAS_025,2024-12-02T05:00:00Z,32.784285,-120.155075,Southern California,60.000417,0,0,199,-473,16.176,,,,,12/2/2024,668.1697388,10/30/2024,356.5719604,10/3/2024,,9/1/2024,764.8795166,7/28/2024
CalCurCEAS_025,2024-12-02T06:00:00Z,32.783305,-120.153995,Southern California,60.000417,0,0,89,-468,16.168,,,,,12/2/2024,668.1697388,10/30/2024,356.5719604,10/3/2024,,9/1/2024,764.8795166,7/28/2024
CalCurCEAS_025,2024-12-02T07:00:00Z,32.781895,-120.153975,Southern California,60.000458,0,0,95,-468,16.168,,,,,12/2/2024,668.1697388,10/30/2024,356.5719604,10/3/2024,,9/1/2024,764.8795166,7/28/2024
CalCurCEAS_025,2024-12-02T08:00:00Z,32.781635,-120.154985,Southern California,60.000375,0,0,110,-482,16.168,,,,,12/2/2024,668.1697388,10/30/2024,356.5719604,10/3/2024,,9/1/2024,745.6107178,7/28/2024
CalCurCEAS_025,2024-12-02T09:00:00Z,32.78202,-120.1558,Southern California,60.000417,0,0,66,-482,16.152,,,,,12/2/2024,682.0928345,10/30/2024,356.5719604,10/3/2024,,9/1/2024,745.6107178,7/28/2024
CalCurCEAS_025,2024-12-02T10:00:00Z,32.782435,-120.156325,Southern California,60.000333,0,0,87,-482,16.152,,,,,12/2/2024,682.0928345,10/30/2024,356.5719604,10/3/2024,,9/1/2024,745.6107178,7/28/2024
CalCurCEAS_025,2024-12-02T11:00:00Z,32.78385,-120.155665,Southern California,60.000417,0,0,89,-473,16.152,,,,,12/2/2024,682.0928345,10/30/2024,362.8036499,10/3/2024,,9/1/2024,745.6107178,7/28/2024
CalCurCEAS_025,2024-12-02T12:00:00Z,32.78477,-120.15507,Southern California,60.000333,0,0,21,-473,16.138,,,,,12/2/2024,682.0928345,10/30/2024,362.8036499,10/3/2024,,9/1/2024,,7/29/2024
CalCurCEAS_025,2024-12-02T13:00:00Z,32.78643,-120.15512,Southern California,60.000375,0,0,104,-473,16.138,,,,,12/2/2024,682.0928345,10/30/2024,362.8036499,10/3/2024,,9/1/2024,,7/29/2024
CalCurCEAS_025,2024-12-02T14:00:00Z,32.78925,-120.155195,Southern California,60.000333,0,1,35,-470,16.138,,,,,12/2/2024,682.0928345,10/30/2024,362.8036499,10/3/2024,,9/1/2024,,7/29/2024
CalCurCEAS_025,2024-12-02T15:00:00Z,32.791825,-120.155895,Southern California,60.000292,0,0,146,-490,16.123,,,,,12/2/2024,682.0928345,10/30/2024,362.8036499,10/3/2024,,9/1/2024,,7/29/2024
CalCurCEAS_025,2024-12-02T16:00:00Z,32.794195,-120.154555,Southern California,60.000333,0,0,81,-490,16.123,,,,,12/2/2024,682.0928345,10/30/2024,362.8036499,10/3/2024,,9/1/2024,,7/29/2024
CalCurCEAS_025,2024-12-02T17:00:00Z,32.79557,-120.15176,Southern California,60.000417,0,0,57,-482,16.105,,,,,12/2/2024,682.0928345,10/30/2024,362.8036499,10/3/2024,,9/1/2024,,7/29/2024
CalCurCEAS_025,2024-12-02T18:00:00Z,32.796085,-120.14909,Southern California,60.000417,0,0,12,-487,16.026,,,,,12/2/2024,743.6529541,10/31/2024,,9/26/2024,694.1845093,9/1/2024,,7/27/2024
CalCurCEAS_025,2024-12-02T19:00:00Z,32.79646,-120.14704,Southern California,60.000458,0,3,10,-487,16.026,,,,,12/2/2024,743.6529541,10/31/2024,,9/26/2024,,9/2/2024,,7/29/2024
CalCurCEAS_025,2024-12-02T20:00:00Z,32.79578,-120.14492,Southern California,60.000333,0,0,38,-464,16.026,,,,,12/2/2024,765.1804199,10/31/2024,,9/26/2024,,9/2/2024,,7/29/2024
CalCurCEAS_025,2024-12-02T21:00:00Z,32.79453,-120.143885,Southern California,60.0005,0,8,22,-464,16.022,,,,,12/2/2024,765.1804199,10/31/2024,,9/26/2024,,9/2/2024,,7/29/2024
CalCurCEAS_025,2024-12-02T22:00:00Z,32.793095,-120.14229,Southern California,60.000333,0,10,20,-464,16.022,,,,,12/2/2024,765.1804199,10/31/2024,,9/26/2024,,9/2/2024,,7/29/2024
CalCurCEAS_025,2024-12-02T23:00:00Z,32.79156,-120.13979,Southern California,60.000375,0,4,45,-476,16.008,,,,,12/2/2024,765.1804199,10/31/2024,,9/26/2024,,9/2/2024,,7/29/2024
CalCurCEAS_025,2024-12-03T00:00:00Z,32.78894,-120.13762,Southern California,60.000333,0,19,23,-476,15.836,,,,,12/3/2024,628.9108887,11/2/2024,789.5930786,10/2/2024,,8/30/2024,,8/1/2024
CalCurCEAS_025,2024-12-03T01:00:00Z,32.786885,-120.13552,Southern California,60.000417,0,7,8,-470,15.796,,,,,12/3/2024,628.9108887,11/2/2024,784.0524292,10/2/2024,,8/30/2024,,8/1/2024
CalCurCEAS_025,2024-12-03T02:00:00Z,32.78539,-120.13475,Southern California,60.00025,0,3,2,-470,15.79,,,,,12/3/2024,628.9108887,11/2/2024,784.0524292,10/2/2024,,8/30/2024,,8/1/2024
CalCurCEAS_025,2024-12-03T03:00:00Z,32.78493,-120.133535,Southern California,60.000417,2,8,16,-470,15.753,,,,,12/3/2024,628.9108887,11/2/2024,784.0524292,10/2/2024,,8/30/2024,,8/1/2024
CalCurCEAS_025,2024-12-03T04:00:00Z,32.784645,-120.131005,Southern California,60.000375,1,10,45,-470,15.73,,,,,12/3/2024,628.9108887,11/2/2024,784.0524292,10/2/2024,,8/30/2024,,8/1/2024
CalCurCEAS_025,2024-12-03T05:00:00Z,32.784305,-120.12695,Southern California,60.000458,0,0,31,-470,15.715,,,,,12/3/2024,628.9108887,11/2/2024,784.0524292,10/2/2024,,8/31/2024,,8/3/2024
CalCurCEAS_025,2024-12-03T06:00:00Z,32.78355,-120.125445,Southern California,60.000458,0,2,46,-470,15.715,,,,,12/3/2024,631.3178711,11/2/2024,784.0524292,10/2/2024,,8/31/2024,,8/3/2024
CalCurCEAS_025,2024-12-03T07:00:00Z,32.781265,-120.12211,Southern California,60.000375,0,24,61,-464,15.702,,,,,12/3/2024,631.3178711,11/2/2024,789.5930786,10/2/2024,,8/31/2024,,8/3/2024
CalCurCEAS_025,2024-12-03T08:00:00Z,32.778305,-120.120025,Southern California,60.000417,0,0,31,-461,15.686,,,,,12/3/2024,631.3178711,11/2/2024,779.107666,10/2/2024,,8/31/2024,,8/3/2024
CalCurCEAS_025,2024-12-03T09:00:00Z,32.775355,-120.120685,Southern California,60.000292,0,0,98,-461,15.671,,,,,12/3/2024,631.3178711,11/2/2024,779.107666,10/2/2024,,8/31/2024,,8/3/2024
CalCurCEAS_025,2024-12-03T10:00:00Z,32.77357,-120.12239,Southern California,59.983792,0,0,125,-460,15.656,,,,,12/3/2024,632.7474365,11/2/2024,779.107666,10/2/2024,,8/31/2024,,8/3/2024
CalCurCEAS_025,2024-12-03T11:00:00Z,32.773465,-120.12313,Southern California,60.000375,0,2,70,-460,15.653,,,,,12/3/2024,655.9777222,11/2/2024,779.107666,10/2/2024,,8/31/2024,,8/3/2024
CalCurCEAS_025,2024-12-03T12:00:00Z,32.77246,-120.12445,Southern California,59.928917,1,6,22,-460,15.652,,,,,12/3/2024,655.9777222,11/2/2024,728.3720093,10/3/2024,,9/2/2024,,7/31/2024
CalCurCEAS_025,2024-12-03T13:00:00Z,32.77254,-120.12416,Southern California,60.000375,4,6,21,-460,15.67,,,,,12/3/2024,655.9777222,11/2/2024,728.3720093,10/3/2024,,9/2/2024,,7/31/2024
CalCurCEAS_025,2024-12-03T14:00:00Z,32.77295,-120.12329,Southern California,60.000417,3,9,56,-460,15.67,,,,,12/3/2024,655.9777222,11/2/2024,746.3712769,10/3/2024,,9/2/2024,,7/31/2024
CalCurCEAS_025,2024-12-03T15:00:00Z,32.77299,-120.12357,Southern California,60.000333,2,0,6,-460,15.66,,,,,12/3/2024,655.9777222,11/2/2024,746.3712769,10/3/2024,,9/2/2024,,7/31/2024
CalCurCEAS_025,2024-12-03T16:00:00Z,32.7729,-120.12385,Southern California,60.000375,0,0,2,-460,15.66,,,,,12/3/2024,655.9777222,11/2/2024,746.3712769,10/3/2024,,9/2/2024,,7/31/2024
CalCurCEAS_025,2024-12-03T17:00:00Z,32.773757,-120.122408,Southern California,15.000042,0,0,0,-460,15.628,,,,,12/3/2024,655.9777222,11/2/2024,746.3712769,10/3/2024,,9/2/2024,,7/31/2024
CalCurCEAS_026,2024-11-22T14:00:00Z,32.94291,-121.57151,Southern California,23.966792,0,10,1,-4009,15.507,,,,,11/22/2024,587.7636108,10/22/2024,,9/23/2024,,8/26/2024,,7/27/2024
CalCurCEAS_026,2024-11-22T15:00:00Z,32.9358,-121.57325,Southern California,60.000417,0,7,23,-4014,15.507,,,,,11/22/2024,587.7636108,10/22/2024,,9/23/2024,,8/26/2024,,7/28/2024
CalCurCEAS_026,2024-11-22T16:00:00Z,32.923955,-121.57518,Southern California,60.000542,0,2,15,-4017,15.507,,,,,11/22/2024,587.7636108,10/22/2024,,9/23/2024,,8/26/2024,,7/28/2024
CalCurCEAS_026,2024-11-22T17:00:00Z,32.90856,-121.576705,Southern California,59.997667,0,2,3,-4008,15.51,,,,,11/22/2024,587.7636108,10/22/2024,,9/23/2024,,8/26/2024,,7/28/2024
CalCurCEAS_026,2024-11-22T18:00:00Z,32.89422,-121.578905,Southern California,60.00025,0,0,19,-4010,15.51,,,,,11/22/2024,626.7758789,10/22/2024,,9/23/2024,,8/26/2024,,7/28/2024
CalCurCEAS_026,2024-11-22T19:00:00Z,32.88263,-121.58114,Southern California,59.996583,0,4,20,-4010,15.484,,,,,11/22/2024,626.7758789,10/22/2024,,9/23/2024,,8/26/2024,,7/28/2024
CalCurCEAS_026,2024-11-22T20:00:00Z,32.87202,-121.58314,Southern California,60.000333,0,0,1,-4011,15.484,,,,,11/22/2024,558.0619507,10/22/2024,,9/23/2024,,8/26/2024,,7/28/2024
CalCurCEAS_026,2024-11-22T21:00:00Z,32.859415,-121.587105,Southern California,60.000333,0,1,0,-4006,15.458,,,,,11/22/2024,558.0619507,10/22/2024,,9/23/2024,,8/26/2024,,7/28/2024
CalCurCEAS_026,2024-11-22T22:00:00Z,32.84759,-121.59069,Southern California,60.000375,0,3,2,-4004,15.458,,,,,11/22/2024,558.0619507,10/22/2024,,9/24/2024,235.5523224,8/23/2024,,7/26/2024
CalCurCEAS_026,2024-11-22T23:00:00Z,32.838445,-121.593035,Southern California,60.000333,0,0,2,-4009,15.458,,,,,11/22/2024,558.0619507,10/22/2024,,9/24/2024,235.5523224,8/23/2024,,7/26/2024
CalCurCEAS_026,2024-11-23T00:00:00Z,32.82808,-121.59627,Southern California,60.000333,0,8,0,-4028,15.73,0.290615082,16.66526604,79,527.8582764,11/23/2024,652.4927979,10/24/2024,,9/24/2024,609.6050415,8/25/2024,,7/25/2024
CalCurCEAS_026,2024-11-23T01:00:00Z,32.82042,-121.59672,Southern California,60.000417,0,1,2,-4035,15.75,0.290615082,16.66526604,79,527.8582764,11/23/2024,652.4927979,10/24/2024,,9/24/2024,609.6050415,8/25/2024,,7/25/2024
CalCurCEAS_026,2024-11-23T02:00:00Z,32.803925,-121.59831,Southern California,60.000417,0,2,4,-4017,15.75,0.290615082,16.66526604,79,527.8582764,11/23/2024,652.4927979,10/24/2024,,9/24/2024,609.6050415,8/25/2024,,7/25/2024
CalCurCEAS_026,2024-11-23T03:00:00Z,32.79093,-121.60026,Southern California,59.982167,0,8,10,-4018,15.75,0.301697016,16.86254883,81.60009766,538.2817993,11/23/2024,652.4927979,10/24/2024,,9/24/2024,609.6050415,8/25/2024,,7/26/2024
CalCurCEAS_026,2024-11-23T04:00:00Z,32.77697,-121.603705,Southern California,60.000458,0,0,6,-4026,15.767,0.301697016,16.86254883,81.60009766,538.2817993,11/23/2024,652.4927979,10/24/2024,,9/24/2024,609.6050415,8/25/2024,,7/26/2024
CalCurCEAS_026,2024-11-23T08:00:00Z,32.724975,-121.62451,Southern California,60.000417,0,0,4,-3995,15.58,0.291705936,16.46382904,78.60009766,538.2817993,11/23/2024,652.4927979,10/24/2024,,9/24/2024,609.6050415,8/25/2024,,7/26/2024
CalCurCEAS_026,2024-11-23T09:00:00Z,32.71781,-121.63018,Southern California,60.000458,0,0,4,-3990,15.58,0.254894018,15.64914036,68,494.0678406,11/23/2024,563.6392212,10/25/2024,,9/26/2024,,8/31/2024,,8/2/2024
CalCurCEAS_026,2024-11-23T10:00:00Z,32.709635,-121.636505,Southern California,60.000458,0,0,0,-3983,15.58,0.254894018,15.64914036,68,494.0678406,11/23/2024,563.6392212,10/25/2024,,9/26/2024,,8/31/2024,,8/2/2024
CalCurCEAS_026,2024-11-23T11:00:00Z,32.699055,-121.6451,Southern California,60.0005,0,4,0,-3970,15.58,0.232544899,15.59035969,62,462.7726746,11/23/2024,563.6392212,10/25/2024,,9/26/2024,,8/31/2024,,8/2/2024
CalCurCEAS_026,2024-11-23T12:00:00Z,32.69129,-121.6509,Southern California,60.000333,0,2,2,-3865,15.58,0.232544899,15.59035969,62,462.7726746,11/23/2024,563.6392212,10/25/2024,,9/26/2024,,8/31/2024,,8/2/2024
CalCurCEAS_026,2024-11-23T13:00:00Z,32.68298,-121.657725,Southern California,60.000542,0,0,1,-3710,15.58,0.232544899,15.59035969,62,462.7726746,11/23/2024,563.6392212,10/25/2024,,9/26/2024,,8/31/2024,,8/2/2024
CalCurCEAS_026,2024-11-23T14:00:00Z,32.672575,-121.66733,Southern California,60.000417,0,0,0,-3591,15.58,0.220900208,15.33306503,59,436.1459351,11/23/2024,563.6392212,10/25/2024,,9/27/2024,,9/2/2024,,7/29/2024
CalCurCEAS_026,2024-11-23T15:00:00Z,32.66565,-121.67466,Southern California,60.0005,0,0,0,-3742,15.58,0.220900208,15.57138729,59.39990234,452.2472534,11/23/2024,563.6392212,10/25/2024,,9/27/2024,,9/2/2024,,7/30/2024
CalCurCEAS_026,2024-11-23T16:00:00Z,32.655405,-121.68233,Southern California,60.000375,0,1,1,-3923,15.58,0.220900208,15.57138729,59.39990234,452.2472534,11/23/2024,563.6392212,10/25/2024,,9/27/2024,,9/2/2024,,7/30/2024
CalCurCEAS_026,2024-11-23T17:00:00Z,32.64596,-121.68938,Southern California,60.000333,0,2,0,-3959,15.634,0.220900208,15.57138729,59.39990234,452.2472534,11/23/2024,563.6392212,10/25/2024,,9/27/2024,,9/2/2024,,7/30/2024
CalCurCEAS_026,2024-11-23T18:00:00Z,32.63677,-121.69734,Southern California,60.000458,0,1,1,-3985,15.623,0.220900208,15.57138729,59.39990234,452.2472534,11/23/2024,563.6392212,10/25/2024,,9/27/2024,,9/2/2024,,7/30/2024
CalCurCEAS_026,2024-11-23T19:00:00Z,32.62717,-121.70592,Southern California,60.000375,0,5,0,-3998,15.674,0.220900208,15.57138729,59.39990234,452.2472534,11/23/2024,563.6392212,10/25/2024,,9/27/2024,,9/2/2024,,7/30/2024
CalCurCEAS_026,2024-11-23T20:00:00Z,32.617505,-121.71444,Southern California,60.000458,0,4,0,-4026,15.674,0.219324201,15.68565464,59.60009766,452.2472534,11/23/2024,555.5337524,10/25/2024,,9/27/2024,,9/2/2024,,7/30/2024
CalCurCEAS_026,2024-11-23T21:00:00Z,32.60614,-121.722815,Southern California,60.000292,0,13,0,-4071,15.674,0.219324201,15.68565464,59.60009766,452.2472534,11/23/2024,555.5337524,10/25/2024,,9/27/2024,,9/2/2024,,7/30/2024
CalCurCEAS_026,2024-11-23T22:00:00Z,32.59538,-121.73229,Southern California,60.0005,0,9,0,-4025,15.714,0.219324201,15.68565464,59.60009766,452.2472534,11/23/2024,555.5337524,10/25/2024,,9/27/2024,,9/3/2024,,8/1/2024
CalCurCEAS_026,2024-11-23T23:00:00Z,32.58653,-121.73997,Southern California,60.00025,0,0,0,-4009,15.714,0.219324201,15.68565464,59.60009766,452.2472534,11/23/2024,555.5337524,10/25/2024,,9/27/2024,,9/3/2024,,8/1/2024
CalCurCEAS_026,2024-11-24T00:00:00Z,32.57223,-121.75637,Southern California,60.000458,0,0,0,-4021,14.344,,,,,11/24/2024,,10/27/2024,668.6594238,10/3/2024,,8/31/2024,,8/4/2024
CalCurCEAS_026,2024-11-24T01:00:00Z,32.56315,-121.76829,Southern California,60.000333,0,0,0,-4031,14.344,,,,,11/24/2024,,10/27/2024,668.6594238,10/3/2024,,8/31/2024,,8/4/2024
CalCurCEAS_026,2024-11-24T02:00:00Z,32.55574,-121.78149,Southern California,60.000417,0,0,0,-4034,14.325,,,,,11/24/2024,,10/27/2024,668.6594238,10/3/2024,,8/31/2024,,8/4/2024
CalCurCEAS_026,2024-11-24T03:00:00Z,32.5494,-121.79335,Southern California,60.0005,0,0,1,-4000,14.325,,,,,11/24/2024,,10/27/2024,668.1730957,10/3/2024,,8/31/2024,,8/4/2024
CalCurCEAS_026,2024-11-24T04:00:00Z,32.54319,-121.805795,Southern California,60.000375,0,5,0,-3981,14.325,,,,,11/24/2024,,10/27/2024,668.1730957,10/3/2024,,8/31/2024,,8/4/2024
CalCurCEAS_026,2024-11-24T05:00:00Z,32.53754,-121.8181,Southern California,60.000417,0,1,0,-4004,14.335,,,,,11/24/2024,,10/28/2024,,9/24/2024,,8/26/2024,,7/29/2024
CalCurCEAS_026,2024-11-24T06:00:00Z,32.535165,-121.82438,Southern California,60.000292,0,1,0,-4042,14.431,,,,,11/24/2024,,10/28/2024,,9/24/2024,,8/26/2024,,7/29/2024
CalCurCEAS_026,2024-11-24T07:00:00Z,32.530795,-121.836425,Southern California,60.0005,0,4,0,-4092,14.431,,,,,11/24/2024,,10/28/2024,,9/24/2024,,8/26/2024,,7/29/2024
CalCurCEAS_026,2024-11-24T08:00:00Z,32.52829,-121.84312,Southern California,60.000458,0,0,0,-4103,14.431,,,,,11/24/2024,,10/28/2024,,9/24/2024,,8/26/2024,,7/29/2024
CalCurCEAS_026,2024-11-24T09:00:00Z,32.52412,-121.848715,Southern California,60.000375,0,14,0,-4116,14.457,,,,,11/24/2024,,10/28/2024,,9/24/2024,,8/26/2024,,7/29/2024
CalCurCEAS_026,2024-11-24T10:00:00Z,32.519355,-121.85449,Southern California,60.000292,0,1,9,-4128,14.457,,,,,11/24/2024,,10/28/2024,,9/24/2024,,8/26/2024,,7/29/2024
CalCurCEAS_026,2024-11-24T11:00:00Z,32.51378,-121.86172,Southern California,60.000417,0,1,2,-4126,14.457,,,,,11/24/2024,,10/28/2024,,9/24/2024,,8/26/2024,,7/29/2024
CalCurCEAS_026,2024-11-24T12:00:00Z,32.50875,-121.86987,Southern California,60.000417,0,1,1,-4125,14.457,,,,,11/24/2024,,10/28/2024,,9/24/2024,,8/26/2024,,7/29/2024
CalCurCEAS_026,2024-11-24T13:00:00Z,32.503835,-121.88038,Southern California,60.0005,0,0,4,-4127,14.47,,,,,11/24/2024,,10/28/2024,,9/25/2024,,8/28/2024,,8/4/2024
CalCurCEAS_026,2024-11-24T14:00:00Z,32.50088,-121.8872,Southern California,60.000417,0,0,5,-4128,14.47,,,,,11/24/2024,,10/28/2024,,9/25/2024,,8/28/2024,,8/4/2024
CalCurCEAS_026,2024-11-24T15:00:00Z,32.497045,-121.895425,Southern California,60.000292,0,1,2,-4126,14.47,,,,,11/24/2024,,10/28/2024,,9/25/2024,,8/28/2024,,8/4/2024
CalCurCEAS_026,2024-11-24T16:00:00Z,32.49354,-121.90672,Southern California,60.000375,0,1,3,-3966,14.447,,,,,11/24/2024,,10/28/2024,,9/25/2024,,8/28/2024,,8/4/2024
CalCurCEAS_026,2024-11-24T17:00:00Z,32.49247,-121.91136,Southern California,60.000375,0,2,0,-3931,14.447,,,,,11/24/2024,,10/28/2024,,9/25/2024,,8/28/2024,,8/4/2024
CalCurCEAS_026,2024-11-24T18:00:00Z,32.49152,-121.9197,Southern California,60.000333,0,0,4,-3928,14.447,,,,,11/24/2024,,10/28/2024,,9/25/2024,,8/29/2024,,7/26/2024
CalCurCEAS_026,2024-11-24T19:00:00Z,32.4902,-121.929345,Southern California,60.000375,0,0,4,-3950,14.447,,,,,11/24/2024,,10/28/2024,,9/25/2024,,8/29/2024,,7/26/2024
CalCurCEAS_026,2024-11-24T20:00:00Z,32.4874,-121.93657,Southern California,60.000292,0,0,3,-4044,14.447,,,,,11/24/2024,,10/28/2024,,9/25/2024,,8/29/2024,,7/26/2024
CalCurCEAS_026,2024-11-24T21:00:00Z,32.48345,-121.94429,Southern California,60.000417,0,0,9,-4087,14.447,,,,,11/24/2024,,10/28/2024,,9/25/2024,,8/29/2024,,7/26/2024
CalCurCEAS_026,2024-11-24T22:00:00Z,32.480875,-121.95202,Southern California,60.000458,0,0,12,-4079,14.488,,,,,11/24/2024,,10/28/2024,,9/25/2024,,8/29/2024,,7/26/2024
CalCurCEAS_026,2024-11-24T23:00:00Z,32.47897,-121.96054,Southern California,60.00025,0,0,8,-4072,14.488,,,,,11/24/2024,,10/28/2024,,9/25/2024,,8/29/2024,,7/26/2024
CalCurCEAS_026,2024-11-25T00:00:00Z,32.47676,-121.97324,Southern California,60.000417,0,1,2,-4033,15.288,,,,,11/25/2024,,10/30/2024,,10/1/2024,,8/26/2024,,7/31/2024
CalCurCEAS_026,2024-11-25T01:00:00Z,32.47569,-121.980655,Southern California,60.000375,0,0,7,-3985,15.308,,,,,11/25/2024,,10/30/2024,,10/1/2024,,8/26/2024,,7/31/2024
CalCurCEAS_026,2024-11-25T02:00:00Z,32.47398,-121.98938,Southern California,60.000417,0,0,14,-4001,15.308,,,,,11/25/2024,,10/30/2024,,10/1/2024,,8/26/2024,,7/31/2024
CalCurCEAS_026,2024-11-25T03:00:00Z,32.47215,-121.998945,Southern California,60.000417,0,4,4,-3990,15.288,,,,,11/25/2024,,10/30/2024,,10/1/2024,,8/26/2024,,7/31/2024
CalCurCEAS_026,2024-11-25T04:00:00Z,32.472395,-122.010255,Southern California,60.000292,0,0,1,-3991,15.3,,,,,11/25/2024,,10/30/2024,,10/1/2024,,8/26/2024,,7/31/2024
CalCurCEAS_026,2024-11-25T05:00:00Z,32.47302,-122.02415,Southern California,60.0005,0,3,18,-3911,15.277,,,,,11/25/2024,,10/30/2024,,10/1/2024,,8/26/2024,,7/31/2024
CalCurCEAS_026,2024-11-25T06:00:00Z,32.47302,-122.028975,Southern California,60.000542,0,2,28,-3907,15.372,,,,,11/25/2024,,10/30/2024,,10/1/2024,,8/26/2024,,7/31/2024
CalCurCEAS_026,2024-11-25T07:00:00Z,32.4727,-122.040395,Southern California,59.983792,0,2,21,-3914,15.351,,,,,11/25/2024,,10/30/2024,,10/1/2024,,8/26/2024,,7/31/2024
CalCurCEAS_026,2024-11-25T08:00:00Z,32.47307,-122.051785,Southern California,60.000458,0,1,27,-3822,15.351,,,,,11/25/2024,,10/30/2024,,10/1/2024,,8/26/2024,,7/31/2024
CalCurCEAS_026,2024-11-25T09:00:00Z,32.47284,-122.0604,Southern California,60.0005,1,2,1,-3778,15.329,,,,,11/25/2024,771.8041992,10/31/2024,362.8036499,10/3/2024,,9/1/2024,,7/29/2024
CalCurCEAS_026,2024-11-25T10:00:00Z,32.47176,-122.06688,Southern California,60.000417,0,8,5,-3919,15.329,,,,,11/25/2024,773.8798828,10/31/2024,362.8036499,10/3/2024,,9/1/2024,,7/29/2024
CalCurCEAS_026,2024-11-25T11:00:00Z,32.4723,-122.08194,Southern California,60.000333,0,3,1,-4109,15.329,,,,,11/25/2024,773.8798828,10/31/2024,368.3220825,10/3/2024,,9/2/2024,,7/31/2024
CalCurCEAS_026,2024-11-25T12:00:00Z,32.47389,-122.08851,Southern California,60.000375,0,9,2,-4081,15.343,,,,,11/25/2024,773.8798828,10/31/2024,368.3220825,10/3/2024,,9/2/2024,,7/31/2024
CalCurCEAS_026,2024-11-25T13:00:00Z,32.476575,-122.101525,Southern California,60.000292,0,3,2,-3973,15.343,,,,,11/25/2024,773.8798828,10/31/2024,368.3220825,10/3/2024,,9/2/2024,,7/31/2024
CalCurCEAS_026,2024-11-25T14:00:00Z,32.47919,-122.112715,Southern California,60.000375,0,6,0,-4047,15.343,,,,,11/25/2024,773.8798828,10/31/2024,368.3220825,10/3/2024,,9/2/2024,,7/31/2024
CalCurCEAS_026,2024-11-25T15:00:00Z,32.48254,-122.12226,Southern California,60.000417,0,9,2,-4041,15.343,,,,,11/25/2024,773.8798828,10/31/2024,368.3220825,10/3/2024,,9/2/2024,,7/31/2024
CalCurCEAS_026,2024-11-25T16:00:00Z,32.48495,-122.12943,Southern California,60.000375,0,1,0,-4057,15.343,,,,,11/25/2024,773.8798828,10/31/2024,368.3220825,10/3/2024,,9/2/2024,,7/31/2024
CalCurCEAS_026,2024-11-25T17:00:00Z,32.487135,-122.13372,Southern California,60.000417,0,7,5,-4071,15.343,,,,,11/25/2024,773.8798828,10/31/2024,,9/24/2024,,8/26/2024,,7/29/2024
CalCurCEAS_026,2024-11-25T18:00:00Z,32.48939,-122.13928,Southern California,60.000333,0,0,3,-4105,15.308,,,,,11/25/2024,773.8798828,10/31/2024,,9/24/2024,,8/26/2024,,7/29/2024
CalCurCEAS_026,2024-11-25T19:00:00Z,32.48976,-122.14439,Southern California,60.000375,0,24,1,-4105,15.325,,,,,11/25/2024,773.8798828,10/31/2024,,9/24/2024,,8/26/2024,,7/29/2024
CalCurCEAS_026,2024-11-25T20:00:00Z,32.49007,-122.150965,Southern California,60.0005,0,11,2,-4129,15.287,,,,,11/25/2024,773.8798828,10/31/2024,,9/24/2024,,8/26/2024,,7/29/2024
CalCurCEAS_026,2024-11-25T21:00:00Z,32.4887,-122.15812,Southern California,60.000458,0,19,0,-4130,15.287,,,,,11/25/2024,773.8798828,10/31/2024,,9/24/2024,,8/26/2024,,7/29/2024
CalCurCEAS_026,2024-11-25T22:00:00Z,32.48687,-122.16581,Southern California,60.000458,0,37,3,-4046,15.287,,,,,11/25/2024,773.8798828,10/31/2024,,9/24/2024,,8/26/2024,,7/29/2024
CalCurCEAS_026,2024-11-25T23:00:00Z,32.48606,-122.17355,Southern California,60.000333,0,9,0,-3984,15.245,,,,,11/25/2024,770.5637817,10/31/2024,,9/24/2024,,8/26/2024,,7/29/2024
CalCurCEAS_026,2024-11-26T00:00:00Z,32.485285,-122.18417,Southern California,60.000333,0,4,2,-4045,15.121,,,,,11/26/2024,,11/2/2024,875.3413086,9/30/2024,,9/3/2024,,8/2/2024
CalCurCEAS_026,2024-11-26T01:00:00Z,32.48472,-122.19511,Southern California,60.000458,0,14,9,-4083,15.121,,,,,11/26/2024,,11/2/2024,,10/1/2024,,8/27/2024,,8/2/2024
CalCurCEAS_026,2024-11-26T02:00:00Z,32.485085,-122.2071,Southern California,60.000333,0,3,12,-4141,15.18,,,,,11/26/2024,,11/2/2024,,10/1/2024,,8/27/2024,,8/3/2024
CalCurCEAS_026,2024-11-26T03:00:00Z,32.48685,-122.21702,Southern California,60.000417,0,17,0,-4134,15.186,,,,,11/26/2024,,11/2/2024,,10/1/2024,,8/27/2024,,8/3/2024
CalCurCEAS_026,2024-11-26T04:00:00Z,32.489835,-122.225615,Southern California,60.000417,0,13,1,-4116,15.186,,,,,11/26/2024,,11/2/2024,,10/1/2024,,8/27/2024,,8/3/2024
CalCurCEAS_026,2024-11-26T05:00:00Z,32.49229,-122.23381,Southern California,60.0005,0,6,0,-4137,15.186,,,,,11/26/2024,,11/2/2024,,10/1/2024,,8/27/2024,,8/3/2024
CalCurCEAS_026,2024-11-26T06:00:00Z,32.493315,-122.238005,Southern California,60.000458,0,0,5,-4147,15.335,,,,,11/26/2024,,11/2/2024,,10/1/2024,,8/27/2024,,8/3/2024
CalCurCEAS_026,2024-11-26T07:00:00Z,32.4957,-122.24934,Southern California,60.000458,0,2,0,-4158,15.335,,,,,11/26/2024,754.642334,11/3/2024,756.1938477,10/3/2024,,9/2/2024,,7/31/2024
CalCurCEAS_026,2024-11-26T08:00:00Z,32.495265,-122.256885,Southern California,60.000458,0,8,0,-4163,15.38,,,,,11/26/2024,754.642334,11/3/2024,756.1938477,10/3/2024,,9/2/2024,,7/31/2024
CalCurCEAS_026,2024-11-26T09:00:00Z,32.49511,-122.26264,Southern California,60.000417,0,14,2,-4172,15.389,,,,,11/26/2024,754.642334,11/3/2024,756.1938477,10/3/2024,,9/2/2024,,7/31/2024
CalCurCEAS_026,2024-11-26T10:00:00Z,32.49787,-122.271405,Southern California,60.000333,0,11,7,-4187,15.389,,,,,11/26/2024,754.642334,11/3/2024,756.1938477,10/3/2024,,9/2/2024,,7/31/2024
CalCurCEAS_026,2024-11-26T11:00:00Z,32.50237,-122.28034,Southern California,60.000375,0,20,1,-4189,15.389,,,,,11/26/2024,754.642334,11/3/2024,756.1938477,10/3/2024,,9/2/2024,,7/31/2024
CalCurCEAS_026,2024-11-26T12:00:00Z,32.50582,-122.28663,Southern California,60.000292,0,0,0,-4186,15.389,,,,,11/26/2024,754.642334,11/3/2024,756.1938477,10/3/2024,,9/2/2024,,8/1/2024
CalCurCEAS_026,2024-11-26T13:00:00Z,32.50769,-122.293625,Southern California,60.000375,0,0,0,-4191,15.435,,,,,11/26/2024,754.642334,11/3/2024,752.2787476,10/3/2024,,9/2/2024,,8/1/2024
CalCurCEAS_026,2024-11-26T14:00:00Z,32.51007,-122.30355,Southern California,60.000458,0,0,11,-4229,15.435,,,,,11/26/2024,765.8480225,11/3/2024,752.2787476,10/3/2024,,9/2/2024,,8/1/2024
CalCurCEAS_026,2024-11-26T15:00:00Z,32.51202,-122.31094,Southern California,60.000333,0,25,0,-4243,15.435,,,,,11/26/2024,765.8480225,11/3/2024,752.2787476,10/3/2024,,9/2/2024,,8/1/2024
CalCurCEAS_026,2024-11-26T16:00:00Z,32.513995,-122.31906,Southern California,60.000292,0,4,0,-4229,15.445,,,,,11/26/2024,765.8480225,11/3/2024,752.2787476,10/3/2024,,9/2/2024,,8/1/2024
CalCurCEAS_026,2024-11-26T17:00:00Z,32.5156,-122.32646,Southern California,60.000458,0,0,0,-4214,15.445,,,,,11/26/2024,765.8480225,11/3/2024,733.187439,10/3/2024,,9/2/2024,,8/1/2024
CalCurCEAS_026,2024-11-26T18:00:00Z,32.51828,-122.334255,Southern California,60.000417,0,3,0,-4200,15.445,,,,,11/26/2024,765.8480225,11/3/2024,714.611084,10/3/2024,,9/2/2024,,8/1/2024
CalCurCEAS_026,2024-11-26T19:00:00Z,32.52042,-122.33993,Southern California,60.000375,0,10,0,-4207,15.445,,,,,11/26/2024,765.8480225,11/3/2024,714.611084,10/3/2024,671.180481,9/3/2024,,8/3/2024
CalCurCEAS_026,2024-11-26T20:00:00Z,32.5216,-122.34524,Southern California,60.000417,0,7,0,-4217,15.445,,,,,11/26/2024,765.8480225,11/3/2024,714.611084,10/3/2024,671.180481,9/3/2024,,8/3/2024
CalCurCEAS_026,2024-11-26T21:00:00Z,32.52222,-122.351505,Southern California,60.000458,0,13,1,-4195,15.445,,,,,11/26/2024,765.8480225,11/3/2024,714.611084,10/3/2024,651.9089966,9/3/2024,,8/3/2024
CalCurCEAS_026,2024-11-26T22:00:00Z,32.522265,-122.358565,Southern California,60.00025,0,6,0,-4206,15.445,,,,,11/26/2024,765.8480225,11/3/2024,714.611084,10/3/2024,651.9089966,9/3/2024,,8/3/2024
CalCurCEAS_026,2024-11-26T23:00:00Z,32.52375,-122.36793,Southern California,60.000375,0,26,0,-4205,15.445,,,,,11/26/2024,765.8480225,11/3/2024,714.611084,10/3/2024,651.9089966,9/3/2024,,8/3/2024
CalCurCEAS_026,2024-11-27T00:00:00Z,32.525125,-122.3774,Southern California,60.000417,0,43,0,-4203,16.217,,,,,11/27/2024,496.4539795,10/25/2024,,9/28/2024,,8/26/2024,,7/29/2024
CalCurCEAS_026,2024-11-27T01:00:00Z,32.52585,-122.38523,Southern California,60.000375,0,19,1,-4202,16.186,,,,,11/27/2024,496.4539795,10/25/2024,,9/28/2024,,8/26/2024,,7/29/2024
CalCurCEAS_026,2024-11-27T02:00:00Z,32.527183,-122.39298,Southern California,60.0005,0,0,0,-4199,16,,,,,11/27/2024,476.9637451,10/25/2024,,9/28/2024,,8/26/2024,,7/30/2024
CalCurCEAS_026,2024-11-27T03:00:00Z,32.528485,-122.404495,Southern California,60.000375,0,0,0,-4201,16,,,,,11/27/2024,476.9637451,10/25/2024,,9/28/2024,,8/26/2024,,7/30/2024
CalCurCEAS_026,2024-11-27T04:00:00Z,32.53053,-122.41572,Southern California,60.000333,0,0,0,-4191,15.97,,,,,11/27/2024,476.9637451,10/25/2024,,9/28/2024,,8/26/2024,,7/30/2024
CalCurCEAS_026,2024-11-27T05:00:00Z,32.534315,-122.42545,Southern California,60.000542,0,9,0,-4183,15.938,,,,,11/27/2024,476.9637451,10/25/2024,,9/28/2024,,8/26/2024,,7/30/2024
CalCurCEAS_026,2024-11-27T06:00:00Z,32.53775,-122.43225,Southern California,60.000458,0,0,0,-4187,15.906,,,,,11/27/2024,476.9637451,10/25/2024,,9/28/2024,,8/26/2024,,7/30/2024
CalCurCEAS_026,2024-11-27T07:00:00Z,32.541735,-122.443505,Southern California,60.000458,0,0,0,-4185,15.757,,,,,11/27/2024,453.2685547,10/25/2024,,9/28/2024,,8/26/2024,,7/30/2024
CalCurCEAS_026,2024-11-27T08:00:00Z,32.54352,-122.45212,Southern California,60.0005,0,0,0,-4188,15.729,,,,,11/27/2024,,10/26/2024,,9/30/2024,549.9465942,9/1/2024,,7/27/2024
CalCurCEAS_026,2024-11-27T09:00:00Z,32.54576,-122.461875,Southern California,60.000292,0,0,0,-4180,15.708,,,,,11/27/2024,,10/26/2024,,9/30/2024,571.6600952,9/1/2024,,7/27/2024
CalCurCEAS_026,2024-11-27T10:00:00Z,32.55117,-122.47403,Southern California,60.000375,0,0,0,-4163,15.871,,,,,11/27/2024,,10/26/2024,,9/30/2024,571.6600952,9/1/2024,,7/27/2024
CalCurCEAS_026,2024-11-27T11:00:00Z,32.555,-122.48207,Southern California,60.000292,0,1,1,-4166,15.865,,,,,11/27/2024,,10/26/2024,,9/30/2024,571.6600952,9/1/2024,,7/27/2024
CalCurCEAS_026,2024-11-27T12:00:00Z,32.55868,-122.49136,Southern California,60.0005,0,0,0,-4174,15.823,,,,,11/27/2024,,10/26/2024,,9/30/2024,571.6600952,9/1/2024,,7/27/2024
CalCurCEAS_026,2024-11-27T13:00:00Z,32.561915,-122.50125,Southern California,60.000375,0,0,7,-4199,15.826,,,,,11/27/2024,,10/26/2024,,9/30/2024,571.6600952,9/1/2024,,7/27/2024
CalCurCEAS_026,2024-11-27T14:00:00Z,32.564465,-122.513885,Southern California,60.000417,0,1,0,-4197,15.829,,,,,11/27/2024,,10/26/2024,,9/30/2024,571.6600952,9/1/2024,,7/27/2024
CalCurCEAS_026,2024-11-27T15:00:00Z,32.56784,-122.5251,Southern California,60.000375,0,0,2,-4229,15.831,,,,,11/27/2024,,10/26/2024,,9/30/2024,571.6600952,9/1/2024,,7/27/2024
CalCurCEAS_026,2024-11-27T16:00:00Z,32.57189,-122.53552,Southern California,60.000458,0,0,0,-4274,15.833,,,,,11/27/2024,,10/26/2024,,9/30/2024,589.7966919,9/1/2024,,7/27/2024
CalCurCEAS_026,2024-11-27T17:00:00Z,32.578375,-122.54688,Southern California,60.000417,0,2,1,-4278,15.835,,,,,11/27/2024,,10/26/2024,,10/1/2024,,9/3/2024,,8/2/2024
CalCurCEAS_026,2024-11-27T18:00:00Z,32.58472,-122.55564,Southern California,60.000333,0,0,0,-4276,15.837,,,,,11/27/2024,,10/26/2024,,10/1/2024,,9/3/2024,,8/2/2024
CalCurCEAS_026,2024-11-27T19:00:00Z,32.5885,-122.5594,Southern California,60.000292,0,0,0,-4287,15.835,,,,,11/27/2024,,10/26/2024,,10/1/2024,,9/3/2024,,8/3/2024
CalCurCEAS_026,2024-11-27T20:00:00Z,32.593695,-122.5678,Southern California,60.000417,0,0,2,-4254,15.832,,,,,11/27/2024,,10/26/2024,,10/1/2024,,9/3/2024,,8/3/2024
CalCurCEAS_026,2024-11-27T21:00:00Z,32.598205,-122.576275,Southern California,60.000375,0,0,1,-4200,15.827,,,,,11/27/2024,,10/26/2024,,10/1/2024,,9/3/2024,,8/3/2024
CalCurCEAS_026,2024-11-27T22:00:00Z,32.60221,-122.58356,Southern California,60.00025,0,0,0,-4127,15.819,,,,,11/27/2024,,10/26/2024,,10/1/2024,,9/3/2024,,8/3/2024
CalCurCEAS_026,2024-11-27T23:00:00Z,32.605165,-122.5887,Southern California,60.000333,0,0,0,-4171,15.818,,,,,11/27/2024,,10/26/2024,,10/1/2024,,9/3/2024,,8/3/2024
CalCurCEAS_026,2024-11-28T00:00:00Z,32.607475,-122.596275,Southern California,60.000333,0,0,0,-4139,15.998,0.236541048,16.40028191,63.39990234,383.1097717,11/28/2024,,10/28/2024,,9/26/2024,,8/31/2024,,8/2/2024
CalCurCEAS_026,2024-11-28T01:00:00Z,32.609105,-122.605875,Southern California,60.000417,0,4,1,-4167,15.967,0.236541048,16.40028191,63.39990234,383.1097717,11/28/2024,,10/28/2024,,9/26/2024,773.7866821,9/1/2024,,8/4/2024
CalCurCEAS_026,2024-11-28T02:00:00Z,32.61191,-122.616725,Southern California,60.000458,0,5,0,-4135,15.931,0.236541048,16.40028191,63.39990234,383.1097717,11/28/2024,,10/28/2024,,9/26/2024,738.8518677,9/1/2024,,8/4/2024
CalCurCEAS_026,2024-11-28T03:00:00Z,32.61544,-122.62596,Southern California,60.000458,0,0,0,-4205,15.945,0.247469649,17.69342613,67.19970703,412.652832,11/28/2024,,10/28/2024,,9/26/2024,738.8518677,9/1/2024,,8/4/2024
CalCurCEAS_026,2024-11-28T04:00:00Z,32.617835,-122.6357,Southern California,60.0005,0,0,9,-4174,15.913,0.247469649,17.69342613,67.19970703,412.652832,11/28/2024,,10/28/2024,,9/26/2024,716.9094849,9/1/2024,,8/4/2024
CalCurCEAS_026,2024-11-28T05:00:00Z,32.62465,-122.65439,Southern California,60.000333,0,0,0,-4197,15.967,0.247469649,17.69342613,67.19970703,412.652832,11/28/2024,,10/28/2024,,9/26/2024,716.9094849,9/1/2024,,8/4/2024
CalCurCEAS_026,2024-11-28T06:00:00Z,32.62648,-122.65818,Southern California,60.000417,0,0,0,-4210,15.938,0.230552807,18.19895935,63.39990234,440.2554932,11/28/2024,,10/28/2024,,9/26/2024,716.9094849,9/1/2024,,8/4/2024
CalCurCEAS_026,2024-11-28T07:00:00Z,32.6339,-122.672545,Southern California,60.000333,0,0,0,-4309,15.968,0.231123909,18.44132614,64.39990234,448.0066528,11/28/2024,,10/28/2024,,9/26/2024,716.9094849,9/1/2024,,8/4/2024
CalCurCEAS_026,2024-11-28T08:00:00Z,32.641855,-122.688115,Southern California,60.0005,0,0,0,-4314,15.968,0.231123909,18.44132614,64.39990234,448.0066528,11/28/2024,,10/29/2024,,9/28/2024,564.4251709,8/27/2024,,8/1/2024
CalCurCEAS_026,2024-11-28T09:00:00Z,32.65117,-122.700815,Southern California,60.000292,0,5,0,-4280,16.007,0.231123909,18.44132614,64.39990234,448.0066528,11/28/2024,,10/29/2024,,9/28/2024,564.4251709,8/27/2024,,8/2/2024
CalCurCEAS_026,2024-11-28T10:00:00Z,32.65999,-122.71138,Southern California,60.000417,0,20,0,-4252,16.179,0.238037586,18.29319191,65.19970703,455.3950195,11/28/2024,,10/29/2024,,9/28/2024,564.4251709,8/27/2024,,8/2/2024
CalCurCEAS_026,2024-11-28T11:00:00Z,32.668955,-122.721835,Southern California,60.0005,0,0,0,-4256,16.183,0.230950296,17.95419693,63.29980469,456.3296814,11/28/2024,,10/29/2024,,9/28/2024,564.4251709,8/27/2024,,8/2/2024
CalCurCEAS_026,2024-11-28T12:00:00Z,32.68073,-122.73382,Southern California,60.000375,0,2,0,-4228,16.189,0.230950296,17.95419693,63.29980469,456.3296814,11/28/2024,,10/29/2024,,9/28/2024,564.4251709,8/27/2024,,8/2/2024
CalCurCEAS_026,2024-11-28T13:00:00Z,32.68868,-122.74185,Southern California,60.000375,0,2,1,-4258,16.191,0.230950296,17.95419693,63.29980469,456.3296814,11/28/2024,,10/29/2024,,9/28/2024,564.4251709,8/27/2024,,8/2/2024
CalCurCEAS_026,2024-11-28T14:00:00Z,32.69659,-122.747765,Southern California,60.00025,0,1,0,-4208,16.199,0.230950296,17.95419693,63.29980469,456.3296814,11/28/2024,,10/29/2024,,9/28/2024,564.4251709,8/27/2024,,8/2/2024
CalCurCEAS_026,2024-11-28T15:00:00Z,32.70617,-122.7545,Southern California,60.000375,0,0,1,-4250,16.208,0.238037586,17.61520386,65.19970703,464.2012329,11/28/2024,,10/29/2024,,9/28/2024,564.4251709,8/27/2024,,8/2/2024
CalCurCEAS_026,2024-11-28T16:00:00Z,32.71563,-122.76298,Southern California,60.000458,0,0,1,-4275,16.215,0.227016211,17.42320824,62.19970703,455.3950195,11/28/2024,,10/29/2024,,9/29/2024,,8/29/2024,,7/28/2024
CalCurCEAS_026,2024-11-28T17:00:00Z,32.72246,-122.76966,Southern California,60.000333,0,3,0,-4215,16.227,0.227016211,17.42320824,62.19970703,455.3950195,11/28/2024,,10/29/2024,,9/29/2024,,8/29/2024,,7/28/2024
CalCurCEAS_026,2024-11-28T18:00:00Z,32.729265,-122.777075,Southern California,60.000458,0,2,0,-4299,16.253,0.227016211,17.42320824,62.19970703,455.3950195,11/28/2024,,10/29/2024,,9/29/2024,,8/29/2024,,7/28/2024
CalCurCEAS_026,2024-11-28T19:00:00Z,32.738645,-122.78801,Southern California,53.904417,0,1,0,-4314,16.269,0.227016211,17.42320824,62.19970703,455.3950195,11/28/2024,,10/29/2024,,9/29/2024,,8/29/2024,,7/28/2024
CalCurCEAS_026,2024-11-28T20:00:00Z,32.74531,-122.7967,Southern California,60.000375,0,14,0,-4320,16.289,0.254018903,17.00779533,68.99975586,595.0804443,11/28/2024,,10/29/2024,,9/29/2024,,8/29/2024,,7/28/2024
CalCurCEAS_026,2024-11-28T21:00:00Z,32.75327,-122.803825,Southern California,60.000458,0,8,0,-4356,16.31,0.259225905,13.01342964,67.59985352,229.3782196,11/28/2024,,10/29/2024,,9/29/2024,,8/29/2024,,7/28/2024
CalCurCEAS_026,2024-11-28T22:00:00Z,32.76014,-122.81056,Southern California,60.0005,0,5,0,-4352,16.328,0.259225905,13.01342964,67.59985352,229.3782196,11/28/2024,,10/29/2024,,9/29/2024,,8/29/2024,,7/28/2024
CalCurCEAS_026,2024-11-28T23:00:00Z,32.766575,-122.81892,Southern California,60.000333,0,5,0,-4239,16.344,0.259225905,13.01342964,67.59985352,229.3782196,11/28/2024,,10/29/2024,,9/29/2024,,8/29/2024,,7/28/2024
CalCurCEAS_026,2024-11-29T00:00:00Z,32.77197,-122.82775,Southern California,60.000292,0,10,0,-4266,16.252,0.230633646,25.1489296,69.09985352,444.703125,11/29/2024,421.9954224,10/31/2024,,9/26/2024,694.1845093,9/1/2024,,7/26/2024
CalCurCEAS_026,2024-11-29T01:00:00Z,32.779725,-122.83781,Southern California,60.000458,0,10,0,-4362,16.25,0.2429277,26.14980888,71,454.9329834,11/29/2024,421.9954224,10/31/2024,,9/26/2024,694.1845093,9/1/2024,,7/27/2024
CalCurCEAS_026,2024-11-29T02:00:00Z,32.79027,-122.848465,Southern California,60.000292,0,0,0,-4406,16.242,0.2429277,26.14980888,71,454.9329834,11/29/2024,421.9954224,10/31/2024,,9/26/2024,694.1845093,9/1/2024,,7/27/2024
CalCurCEAS_026,2024-11-29T03:00:00Z,32.7991,-122.85736,Southern California,60.000417,0,4,0,-4382,16.239,,,,,11/29/2024,418.9988403,10/31/2024,,9/26/2024,694.1845093,9/1/2024,,7/27/2024
CalCurCEAS_026,2024-11-29T04:00:00Z,32.81112,-122.86887,Southern California,60.000417,0,0,0,-4237,16.233,,,,,11/29/2024,418.9988403,10/31/2024,,9/26/2024,694.1845093,9/1/2024,,7/27/2024
CalCurCEAS_026,2024-11-29T05:00:00Z,32.82264,-122.87792,Southern California,60.000208,0,0,0,-4191,16.229,,,,,11/29/2024,418.9988403,10/31/2024,,9/26/2024,694.1845093,9/1/2024,,7/27/2024
CalCurCEAS_026,2024-11-29T06:00:00Z,32.83046,-122.88294,Southern California,60.000375,0,1,0,-4182,16.233,,,,,11/29/2024,418.9988403,10/31/2024,,9/26/2024,694.1845093,9/1/2024,,7/27/2024
CalCurCEAS_026,2024-11-29T07:00:00Z,32.84988,-122.89342,Southern California,60.000292,0,16,1,-4156,16.23,,,,,11/29/2024,408.1502686,10/31/2024,,9/26/2024,694.1845093,9/1/2024,,7/27/2024
CalCurCEAS_026,2024-11-29T08:00:00Z,32.86219,-122.89754,Southern California,60.000292,0,10,1,-4197,16.227,,,,,11/29/2024,,11/1/2024,,9/28/2024,,8/27/2024,,8/2/2024
CalCurCEAS_026,2024-11-29T09:00:00Z,32.87081,-122.90049,Southern California,59.983708,0,3,0,-4196,16.23,,,,,11/29/2024,,11/1/2024,,9/28/2024,,8/28/2024,,8/4/2024
CalCurCEAS_026,2024-11-29T10:00:00Z,32.8783,-122.904195,Southern California,60.0005,0,2,0,-4173,16.076,,,,,11/29/2024,,11/1/2024,,9/28/2024,,8/28/2024,,8/4/2024
CalCurCEAS_026,2024-11-29T11:00:00Z,32.88832,-122.9094,Southern California,60.000458,0,0,0,-4163,16.058,,,,,11/29/2024,,11/1/2024,,9/28/2024,,8/28/2024,,8/4/2024
CalCurCEAS_026,2024-11-29T12:00:00Z,32.89678,-122.91414,Southern California,60.000417,0,0,5,-4177,16.066,,,,,11/29/2024,,11/1/2024,,9/28/2024,,8/28/2024,,8/4/2024
CalCurCEAS_026,2024-11-29T13:00:00Z,32.90742,-122.921605,Southern California,60.000417,0,1,0,-4196,16.059,,,,,11/29/2024,,11/1/2024,,9/28/2024,,8/28/2024,,8/4/2024
CalCurCEAS_026,2024-11-29T14:00:00Z,32.919425,-122.930625,Southern California,60.000375,0,12,0,-4194,16.066,,,,,11/29/2024,,11/1/2024,,9/28/2024,,8/28/2024,,8/4/2024
CalCurCEAS_026,2024-11-29T15:00:00Z,32.934305,-122.941235,Southern California,60.0005,0,5,0,-4206,16.067,,,,,11/29/2024,,11/1/2024,,9/28/2024,,8/28/2024,,8/4/2024
CalCurCEAS_026,2024-11-29T16:00:00Z,32.94828,-122.94959,Southern California,60.000333,0,0,0,-4229,16.068,,,,,11/29/2024,,11/1/2024,,9/28/2024,,8/28/2024,,8/5/2024
CalCurCEAS_026,2024-11-29T17:00:00Z,32.962355,-122.95594,Southern California,60.000375,0,3,3,-4240,16.068,,,,,11/29/2024,,11/1/2024,,9/28/2024,,8/28/2024,,8/5/2024
CalCurCEAS_026,2024-11-29T18:00:00Z,32.97425,-122.96001,Southern California,60.000542,0,0,0,-4231,16.071,,,,,11/29/2024,,11/1/2024,,9/28/2024,,8/28/2024,,8/5/2024
CalCurCEAS_026,2024-11-29T19:00:00Z,32.988245,-122.963255,Southern California,60.000333,0,0,2,-4226,16.071,,,,,11/29/2024,,11/1/2024,,9/28/2024,,8/28/2024,,8/5/2024
CalCurCEAS_026,2024-11-29T20:00:00Z,33.00029,-122.96413,Southern California,60.000375,0,1,4,-4217,16.071,,,,,11/29/2024,,11/1/2024,,9/28/2024,,8/28/2024,,8/5/2024
CalCurCEAS_026,2024-11-29T21:00:00Z,33.009925,-122.9624,Southern California,60.000333,0,1,1,-4229,16.071,,,,,11/29/2024,,11/1/2024,,9/28/2024,,8/28/2024,,8/5/2024
CalCurCEAS_026,2024-11-29T22:00:00Z,33.019685,-122.962285,Southern California,60.000417,0,0,0,-4234,16.072,,,,,11/29/2024,,11/1/2024,,9/28/2024,,8/28/2024,,8/5/2024
CalCurCEAS_026,2024-11-29T23:00:00Z,33.02819,-122.96373,Southern California,60.000333,0,3,0,-4217,16.075,,,,,11/29/2024,,11/1/2024,,9/28/2024,,8/28/2024,,8/5/2024
CalCurCEAS_026,2024-11-30T00:00:00Z,33.03611,-122.96669,Southern California,60.000417,0,2,0,-4212,15.69,,,,,11/30/2024,464.6277161,10/25/2024,,9/29/2024,,8/28/2024,,8/5/2024
CalCurCEAS_026,2024-11-30T01:00:00Z,33.04652,-122.97104,Southern California,60.0005,0,1,0,-4197,15.712,,,,,11/30/2024,459.2654724,10/25/2024,,9/29/2024,,8/28/2024,,8/5/2024
CalCurCEAS_026,2024-11-30T02:00:00Z,33.05462,-122.974445,Southern California,60.000542,0,1,0,-4195,15.69,,,,,11/30/2024,459.2654724,10/25/2024,,9/29/2024,,8/28/2024,,8/5/2024
CalCurCEAS_026,2024-11-30T03:00:00Z,33.066975,-122.979175,Southern California,60.000375,0,0,0,-4239,15.712,,,,,11/30/2024,451.084259,10/25/2024,,9/29/2024,,8/28/2024,,8/5/2024
CalCurCEAS_026,2024-11-30T04:00:00Z,33.08207,-122.98423,Southern California,60.000458,0,2,1,-4256,15.712,,,,,11/30/2024,451.084259,10/25/2024,,9/29/2024,,8/28/2024,,8/5/2024
CalCurCEAS_026,2024-11-30T05:00:00Z,33.0941,-122.98821,Southern California,60.000458,0,0,3,-4278,15.778,,,,,11/30/2024,451.084259,10/25/2024,,9/29/2024,,8/29/2024,,7/27/2024
CalCurCEAS_026,2024-11-30T06:00:00Z,33.10269,-122.990407,Southern California,60.0005,0,11,0,-4301,15.778,,,,,11/30/2024,451.084259,10/25/2024,,9/29/2024,,8/29/2024,,7/27/2024
CalCurCEAS_026,2024-11-30T07:00:00Z,33.11726,-122.993025,Southern California,60.000333,0,0,0,-4309,15.778,,,,,11/30/2024,451.084259,10/25/2024,,9/29/2024,,8/29/2024,,7/27/2024
CalCurCEAS_026,2024-11-30T08:00:00Z,33.131825,-122.99498,Southern California,60.000333,0,0,2,-4306,15.859,,,,,11/30/2024,451.084259,10/25/2024,,9/29/2024,,8/29/2024,,7/27/2024
CalCurCEAS_026,2024-11-30T09:00:00Z,33.145705,-122.99562,Southern California,60.000458,0,1,2,-4338,15.859,,,,,11/30/2024,451.084259,10/25/2024,,9/29/2024,,8/29/2024,,7/27/2024
CalCurCEAS_026,2024-11-30T10:00:00Z,33.15774,-122.99428,Southern California,60.000458,0,4,7,-4316,15.859,,,,,11/30/2024,451.084259,10/25/2024,,9/29/2024,,8/29/2024,,7/27/2024
CalCurCEAS_026,2024-11-30T11:00:00Z,33.166995,-122.99278,Southern California,60.000542,0,4,1,-4323,15.951,,,,,11/30/2024,451.084259,10/25/2024,,9/29/2024,,8/29/2024,,7/27/2024
CalCurCEAS_026,2024-11-30T12:00:00Z,33.17741,-122.9919,Southern California,60.000375,0,6,2,-4303,15.951,,,,,11/30/2024,451.084259,10/25/2024,,9/29/2024,,8/29/2024,,7/27/2024
CalCurCEAS_026,2024-11-30T13:00:00Z,33.188575,-122.992685,Southern California,60.000375,0,20,2,-4303,16.042,,,,,11/30/2024,451.084259,10/25/2024,,9/29/2024,,8/29/2024,,7/28/2024
CalCurCEAS_026,2024-11-30T14:00:00Z,33.202545,-122.993695,Southern California,60.000417,0,12,14,-4312,16.042,,,,,11/30/2024,451.084259,10/25/2024,,9/29/2024,,8/29/2024,,7/28/2024
CalCurCEAS_026,2024-11-30T15:00:00Z,33.21195,-122.99443,Southern California,60.000375,0,8,0,-4311,16.042,,,,,11/30/2024,451.084259,10/25/2024,,9/29/2024,,8/29/2024,,7/28/2024
CalCurCEAS_026,2024-11-30T16:00:00Z,33.22313,-122.99548,Southern California,60.0005,0,0,0,-4315,16.031,,,,,11/30/2024,,10/26/2024,,10/1/2024,577.4063721,8/25/2024,,7/27/2024
CalCurCEAS_026,2024-11-30T17:00:00Z,33.23069,-122.9957,Southern California,60.000542,0,1,0,-4317,16.095,,,,,11/30/2024,,10/26/2024,,10/1/2024,,8/26/2024,,7/30/2024
CalCurCEAS_026,2024-11-30T18:00:00Z,33.247815,-122.995485,Southern California,60.000417,0,0,0,-4315,16.004,,,,,11/30/2024,,10/26/2024,,10/1/2024,,8/26/2024,,7/30/2024
CalCurCEAS_026,2024-11-30T19:00:00Z,33.25774,-122.99525,Southern California,60.000375,0,2,0,-4317,16.004,,,,,11/30/2024,,10/26/2024,,10/1/2024,,8/26/2024,,7/30/2024
CalCurCEAS_026,2024-11-30T20:00:00Z,33.268075,-122.99451,Southern California,60.000292,0,2,0,-4312,16.037,,,,,11/30/2024,,10/26/2024,,10/1/2024,,8/26/2024,,7/30/2024
CalCurCEAS_026,2024-11-30T21:00:00Z,33.27776,-122.99293,Southern California,60.000333,0,5,0,-4308,16.037,,,,,11/30/2024,,10/26/2024,,10/1/2024,,8/26/2024,,7/30/2024
CalCurCEAS_026,2024-11-30T22:00:00Z,33.28912,-122.98881,Southern California,60.000542,0,1,5,-4304,16.03,,,,,11/30/2024,,10/26/2024,,10/1/2024,,8/26/2024,,7/31/2024
CalCurCEAS_026,2024-11-30T23:00:00Z,33.29727,-122.9848,Southern California,60.000542,0,2,24,-4301,16.052,,,,,11/30/2024,,10/26/2024,,10/1/2024,,8/26/2024,,7/31/2024
CalCurCEAS_026,2024-12-01T00:00:00Z,33.30705,-122.98025,Southern California,60.000458,0,1,1,-4304,16.031,0.253279448,19.67642021,71,495.7154541,12/1/2024,,10/28/2024,,9/26/2024,694.1845093,9/1/2024,,7/26/2024
CalCurCEAS_026,2024-12-01T01:00:00Z,33.31553,-122.975075,Southern California,60.00025,0,0,1,-4307,16.031,0.253279448,19.67642021,71,495.7154541,12/1/2024,,10/28/2024,,9/27/2024,,9/3/2024,,8/1/2024
CalCurCEAS_026,2024-12-01T02:00:00Z,33.32438,-122.97004,Southern California,60.000375,0,0,2,-4315,16.03,0.253279448,19.67642021,71,495.7154541,12/1/2024,,10/28/2024,,9/27/2024,,9/3/2024,,8/2/2024
CalCurCEAS_026,2024-12-01T03:00:00Z,33.33261,-122.96573,Southern California,60.000292,0,0,5,-4319,16.03,0.253279448,19.67642021,71,495.7154541,12/1/2024,,10/28/2024,,9/27/2024,,9/3/2024,,8/2/2024
CalCurCEAS_026,2024-12-01T04:00:00Z,33.3409,-122.9631,Southern California,60.000333,0,16,1,-4304,16.026,0.253214806,19.09586525,70.79980469,491.2694702,12/1/2024,,10/28/2024,,9/27/2024,,9/3/2024,,8/2/2024
CalCurCEAS_026,2024-12-01T05:00:00Z,33.349905,-122.961105,Southern California,60.0005,0,4,0,-4274,16.026,0.253214806,19.09586525,70.79980469,491.2694702,12/1/2024,,10/28/2024,,9/27/2024,,9/3/2024,,8/2/2024
CalCurCEAS_026,2024-12-01T06:00:00Z,33.35813,-122.959317,Southern California,60.0005,0,0,1,-4308,16.026,0.253214806,19.09586525,70.79980469,491.2694702,12/1/2024,,10/28/2024,,9/27/2024,,9/3/2024,,8/2/2024
CalCurCEAS_026,2024-12-01T07:00:00Z,33.3708,-122.95568,Southern California,60.000333,0,1,6,-4325,16.017,0.247683913,18.41950798,68.39990234,488.6485901,12/1/2024,,10/28/2024,,9/27/2024,,9/3/2024,,8/2/2024
CalCurCEAS_026,2024-12-01T08:00:00Z,33.3772,-122.953105,Southern California,60.000333,0,2,0,-4338,16.017,0.244391963,18.08966064,67.19970703,481.2987061,12/1/2024,,10/28/2024,,9/27/2024,,9/4/2024,,8/4/2024
CalCurCEAS_026,2024-12-01T09:00:00Z,33.38476,-122.95014,Southern California,60.000292,0,1,1,-4312,16.017,0.244391963,18.08966064,67.19970703,481.2987061,12/1/2024,,10/28/2024,,9/27/2024,,9/4/2024,,8/4/2024
CalCurCEAS_026,2024-12-01T10:00:00Z,33.39649,-122.9448,Southern California,60.000208,0,5,0,-4269,16.021,0.244391963,18.08966064,67.19970703,481.2987061,12/1/2024,,10/28/2024,,9/27/2024,,9/4/2024,,8/4/2024
CalCurCEAS_026,2024-12-01T11:00:00Z,33.40345,-122.94111,Southern California,60.000333,0,0,1,-4267,16.021,0.244391963,18.08966064,67.19970703,481.2987061,12/1/2024,,10/28/2024,,9/27/2024,,9/4/2024,,8/4/2024
CalCurCEAS_026,2024-12-01T12:00:00Z,33.41109,-122.93639,Southern California,60.000375,0,0,1,-4266,16.021,0.244391963,18.08966064,67.19970703,481.2987061,12/1/2024,,10/28/2024,,9/27/2024,,9/4/2024,,8/4/2024
CalCurCEAS_026,2024-12-01T13:00:00Z,33.420405,-122.930395,Southern California,60.000542,0,0,1,-4264,16.021,0.239069134,18.06202316,66.39990234,478.2772217,12/1/2024,,10/28/2024,,9/27/2024,,9/4/2024,,8/4/2024
CalCurCEAS_026,2024-12-01T14:00:00Z,33.43066,-122.92674,Southern California,60.000375,0,0,0,-4253,16.008,0.239069134,18.06202316,66.39990234,478.2772217,12/1/2024,,10/28/2024,,9/27/2024,,9/4/2024,,8/4/2024
CalCurCEAS_026,2024-12-01T15:00:00Z,33.43831,-122.92414,Southern California,60.000333,0,0,17,-4243,16.041,0.239069134,18.06202316,66.39990234,478.2772217,12/1/2024,,10/28/2024,,9/27/2024,,9/4/2024,,8/4/2024
CalCurCEAS_026,2024-12-01T16:00:00Z,33.44498,-122.921145,Southern California,60.000458,0,1,0,-4240,16.041,0.239069134,18.06202316,66.39990234,478.2772217,12/1/2024,,10/28/2024,,9/27/2024,,9/4/2024,,8/4/2024
CalCurCEAS_026,2024-12-01T17:00:00Z,33.45311,-122.91852,Southern California,60.0005,0,1,1,-4234,16.035,0.239069134,18.06202316,66.39990234,478.2772217,12/1/2024,,10/29/2024,,9/29/2024,,8/30/2024,,7/31/2024
CalCurCEAS_026,2024-12-01T18:00:00Z,33.458385,-122.917,Southern California,60.000333,0,1,0,-4233,16.187,0.244391963,18.06202316,67.19970703,466.7592163,12/1/2024,,10/29/2024,,9/29/2024,,8/30/2024,,7/31/2024
CalCurCEAS_026,2024-12-01T19:00:00Z,33.46694,-122.91502,Southern California,60.000417,0,0,1,-4229,16.19,0.231657177,17.60974312,63.60009766,442.5379028,12/1/2024,,10/29/2024,,9/29/2024,,8/30/2024,,7/31/2024
CalCurCEAS_026,2024-12-01T20:00:00Z,33.47433,-122.91269,Southern California,60.000333,0,1,0,-4226,16.19,0.231657177,17.60974312,63.60009766,442.5379028,12/1/2024,,10/29/2024,,9/29/2024,,8/30/2024,,7/31/2024
CalCurCEAS_026,2024-12-01T21:00:00Z,33.48325,-122.90897,Southern California,60.000375,0,0,0,-4217,16.19,0.231657177,17.60974312,63.60009766,442.5379028,12/1/2024,,10/29/2024,,9/29/2024,,8/30/2024,,7/31/2024
CalCurCEAS_026,2024-12-01T22:00:00Z,33.49039,-122.904105,Southern California,60.00025,0,1,0,-4212,16.19,0.231657177,17.60974312,63.60009766,442.5379028,12/1/2024,,10/29/2024,,9/29/2024,,8/30/2024,,7/31/2024
CalCurCEAS_026,2024-12-01T23:00:00Z,33.49667,-122.89594,Southern California,60.000333,0,2,2,-4215,16.19,0.231657177,17.60974312,63.60009766,442.5379028,12/1/2024,,10/29/2024,,9/29/2024,,8/30/2024,,7/31/2024
CalCurCEAS_026,2024-12-02T00:00:00Z,33.50075,-122.88737,Southern California,60.000417,0,0,6,-4228,16.008,,,,,12/2/2024,765.1804199,10/31/2024,,9/26/2024,,9/2/2024,,7/29/2024
CalCurCEAS_026,2024-12-02T01:00:00Z,33.504945,-122.87796,Southern California,60.000458,0,1,2,-4197,16.004,,,,,12/2/2024,772.0747681,10/31/2024,,9/26/2024,,9/2/2024,,7/29/2024
CalCurCEAS_026,2024-12-02T02:00:00Z,33.50919,-122.87135,Southern California,60.000458,0,0,11,-4200,16.004,,,,,12/2/2024,772.0747681,10/31/2024,,9/26/2024,,9/2/2024,,7/29/2024
CalCurCEAS_026,2024-12-02T03:00:00Z,33.51318,-122.8682,Southern California,60.000292,0,0,1,-4209,15.992,,,,,12/2/2024,772.0747681,10/31/2024,,9/26/2024,,9/2/2024,,7/29/2024
CalCurCEAS_026,2024-12-02T04:00:00Z,33.517705,-122.864695,Southern California,60.000333,0,0,0,-4192,15.98,,,,,12/2/2024,776.0787964,10/31/2024,,9/26/2024,,9/2/2024,,7/29/2024
CalCurCEAS_026,2024-12-02T05:00:00Z,33.521815,-122.86252,Southern California,60.0005,0,0,2,-4192,15.98,,,,,12/2/2024,776.0787964,10/31/2024,,9/26/2024,,9/2/2024,,7/29/2024
CalCurCEAS_026,2024-12-02T06:00:00Z,33.526177,-122.861517,Southern California,60.0005,0,4,3,-4179,15.972,,,,,12/2/2024,776.0787964,10/31/2024,,9/26/2024,,9/2/2024,,7/29/2024
CalCurCEAS_026,2024-12-02T07:00:00Z,33.53314,-122.86101,Southern California,60.000458,0,0,1,-4172,15.972,,,,,12/2/2024,776.0787964,10/31/2024,,9/26/2024,,9/2/2024,,7/29/2024
CalCurCEAS_026,2024-12-02T08:00:00Z,33.53738,-122.86045,Southern California,60.000417,0,1,0,-4170,15.961,,,,,12/2/2024,776.0787964,10/31/2024,,9/26/2024,,9/2/2024,,7/29/2024
CalCurCEAS_026,2024-12-02T09:00:00Z,33.54282,-122.859605,Southern California,60.000417,0,0,1,-4187,15.961,,,,,12/2/2024,784.7081299,10/31/2024,,9/26/2024,,9/2/2024,,7/29/2024
CalCurCEAS_026,2024-12-02T10:00:00Z,33.549335,-122.85718,Southern California,60.000292,0,0,10,-4162,15.961,,,,,12/2/2024,784.7081299,10/31/2024,,9/27/2024,,9/4/2024,,8/4/2024
CalCurCEAS_026,2024-12-02T11:00:00Z,33.55456,-122.85307,Southern California,60.000375,0,1,0,-4149,15.953,,,,,12/2/2024,784.7081299,10/31/2024,,9/27/2024,706.3024292,8/24/2024,,7/24/2024
CalCurCEAS_026,2024-12-02T12:00:00Z,33.557855,-122.849655,Southern California,60.000458,0,6,0,-4147,15.952,,,,,12/2/2024,784.7081299,10/31/2024,,9/27/2024,706.3024292,8/24/2024,,7/24/2024
CalCurCEAS_026,2024-12-02T13:00:00Z,33.56113,-122.84625,Southern California,60.000542,0,2,1,-4152,15.944,,,,,12/2/2024,784.7081299,10/31/2024,,9/27/2024,706.3024292,8/24/2024,,7/24/2024
CalCurCEAS_026,2024-12-02T14:00:00Z,33.564025,-122.842255,Southern California,60.000292,0,3,0,-4151,15.937,,,,,12/2/2024,784.7081299,10/31/2024,,9/27/2024,731.3477783,8/24/2024,,7/24/2024
CalCurCEAS_026,2024-12-02T15:00:00Z,33.56737,-122.83837,Southern California,60.000333,0,4,2,-4148,15.937,,,,,12/2/2024,784.7081299,10/31/2024,,9/27/2024,731.3477783,8/24/2024,,7/24/2024
CalCurCEAS_026,2024-12-02T16:00:00Z,33.57218,-122.83618,Southern California,60.000458,0,15,1,-4157,15.93,,,,,12/2/2024,784.7081299,10/31/2024,,9/27/2024,731.3477783,8/24/2024,,7/24/2024
CalCurCEAS_026,2024-12-02T17:00:00Z,33.578845,-122.834335,Southern California,60.000375,3,8,1,-4160,15.93,,,,,12/2/2024,778.3914795,10/31/2024,,9/27/2024,729.756897,8/24/2024,,7/24/2024
CalCurCEAS_026,2024-12-02T18:00:00Z,33.58674,-122.82997,Southern California,60.000333,10,7,1,-4183,15.493,,,,,12/2/2024,191.6290283,11/1/2024,,9/29/2024,,8/30/2024,,7/31/2024
CalCurCEAS_026,2024-12-02T19:00:00Z,33.59182,-122.82663,Southern California,60.000417,0,4,14,-4153,15.493,,,,,12/2/2024,191.6290283,11/1/2024,,9/29/2024,,8/31/2024,,8/2/2024
CalCurCEAS_026,2024-12-02T20:00:00Z,33.596445,-122.822995,Southern California,60.000375,2,9,3,-4169,15.493,,,,,12/2/2024,191.6290283,11/1/2024,,9/29/2024,,8/31/2024,,8/2/2024
CalCurCEAS_026,2024-12-02T21:00:00Z,33.60159,-122.818105,Southern California,60.000375,0,4,4,-4174,15.493,,,,,12/2/2024,191.6290283,11/1/2024,,9/29/2024,,8/31/2024,,8/2/2024
CalCurCEAS_026,2024-12-02T22:00:00Z,33.605015,-122.81289,Southern California,60.0005,0,3,4,-4220,15.476,,,,,12/2/2024,191.6290283,11/1/2024,,9/29/2024,,8/31/2024,,8/2/2024
CalCurCEAS_026,2024-12-02T23:00:00Z,33.605002,-122.811247,Southern California,9,0,0,0,-4218,15.476,,,,,12/2/2024,191.6290283,11/1/2024,,9/29/2024,,8/31/2024,,8/2/2024
CalCurCEAS_027,2024-11-23T16:00:00Z,33.281105,-122.64316,Southern California,59.967,0,2,0,-4213,15.738,0.272880465,17.62073517,74.39990234,524.9668579,11/23/2024,555.5337524,10/25/2024,,9/27/2024,,9/3/2024,,8/1/2024
CalCurCEAS_027,2024-11-23T17:00:00Z,33.28226,-122.640145,Southern California,60.000375,0,2,13,-4200,15.74,0.272880465,17.62073517,74.39990234,524.9668579,11/23/2024,555.5337524,10/25/2024,,9/27/2024,,9/3/2024,,8/1/2024
CalCurCEAS_027,2024-11-23T18:00:00Z,33.28407,-122.63847,Southern California,60.000375,0,22,9,-4194,15.753,0.272880465,17.62073517,74.39990234,524.9668579,11/23/2024,555.5337524,10/25/2024,,9/27/2024,,9/3/2024,,8/1/2024
CalCurCEAS_027,2024-11-23T19:00:00Z,33.286905,-122.63773,Southern California,60.000208,0,14,0,-4194,15.753,0.272880465,17.62073517,74.39990234,524.9668579,11/23/2024,555.5337524,10/25/2024,,9/27/2024,,9/3/2024,,8/1/2024
CalCurCEAS_027,2024-11-23T20:00:00Z,33.292305,-122.63609,Southern California,60.000333,0,10,5,-4171,15.753,0.263190776,17.62073517,71.19970703,519.2722168,11/23/2024,555.5337524,10/25/2024,,9/27/2024,,9/3/2024,,8/1/2024
CalCurCEAS_027,2024-11-23T21:00:00Z,33.29911,-122.63223,Southern California,60.000333,0,6,0,-4144,15.756,0.263190776,17.62073517,71.19970703,519.2722168,11/23/2024,555.5337524,10/25/2024,,9/27/2024,,9/3/2024,,8/1/2024
CalCurCEAS_027,2024-11-23T22:00:00Z,33.30406,-122.628515,Southern California,60.000417,0,27,8,-4098,15.387,0.263190776,17.62073517,71.19970703,519.2722168,11/23/2024,553.2999878,10/25/2024,,9/27/2024,,9/3/2024,,8/1/2024
CalCurCEAS_027,2024-11-23T23:00:00Z,33.30924,-122.62442,Southern California,60.00025,0,5,1,-4088,15.387,0.278989464,17.88121796,76.19970703,537.2666626,11/23/2024,553.2999878,10/25/2024,,9/27/2024,,9/3/2024,,8/1/2024
CalCurCEAS_027,2024-11-24T00:00:00Z,33.31531,-122.62227,Southern California,60.000333,0,13,0,-4082,14.47,,,,,11/24/2024,,10/28/2024,,9/25/2024,,8/29/2024,,7/26/2024
CalCurCEAS_027,2024-11-24T01:00:00Z,33.32275,-122.62124,Southern California,60.000542,0,2,0,-4072,14.47,,,,,11/24/2024,,10/28/2024,,9/25/2024,,8/29/2024,,7/26/2024
CalCurCEAS_027,2024-11-24T02:00:00Z,33.32934,-122.618065,Southern California,60.000333,0,2,0,-4048,14.488,,,,,11/24/2024,,10/28/2024,,9/25/2024,,8/29/2024,,7/27/2024
CalCurCEAS_027,2024-11-24T03:00:00Z,33.3355,-122.61337,Southern California,60.000292,0,0,8,-4081,14.466,,,,,11/24/2024,,10/28/2024,,9/25/2024,,8/29/2024,,7/27/2024
CalCurCEAS_027,2024-11-24T04:00:00Z,33.340575,-122.609145,Southern California,60.000333,0,5,2,-4112,14.466,,,,,11/24/2024,,10/28/2024,,9/25/2024,,8/29/2024,,7/27/2024
CalCurCEAS_027,2024-11-24T05:00:00Z,33.347455,-122.604975,Southern California,60.000375,0,4,4,-4065,14.447,,,,,11/24/2024,711.2105713,10/29/2024,,9/27/2024,,9/4/2024,,8/4/2024
CalCurCEAS_027,2024-11-24T06:00:00Z,33.351497,-122.602457,Southern California,60.000375,0,0,1,-4154,15.104,,,,,11/24/2024,711.2105713,10/29/2024,,9/27/2024,,9/4/2024,,8/4/2024
CalCurCEAS_027,2024-11-24T07:00:00Z,33.358335,-122.59574,Southern California,60.0005,0,4,1,-4210,15.104,,,,,11/24/2024,711.2105713,10/29/2024,,9/27/2024,,9/4/2024,,8/4/2024
CalCurCEAS_027,2024-11-24T08:00:00Z,33.36312,-122.58931,Southern California,60.000375,0,2,1,-4210,15.104,,,,,11/24/2024,711.2105713,10/29/2024,,9/27/2024,,9/4/2024,,8/4/2024
CalCurCEAS_027,2024-11-24T09:00:00Z,33.36775,-122.58243,Southern California,60.000333,0,8,0,-4197,15.104,,,,,11/24/2024,711.2105713,10/29/2024,,9/27/2024,,9/4/2024,,8/4/2024
CalCurCEAS_027,2024-11-24T10:00:00Z,33.372655,-122.576725,Southern California,60.000417,0,0,1,-4185,15.138,,,,,11/24/2024,711.2105713,10/29/2024,,9/27/2024,,9/4/2024,,8/4/2024
CalCurCEAS_027,2024-11-24T11:00:00Z,33.37726,-122.57424,Southern California,60.000458,0,0,11,-4175,15.134,,,,,11/24/2024,711.2105713,10/29/2024,,9/27/2024,,9/4/2024,,8/4/2024
CalCurCEAS_027,2024-11-24T12:00:00Z,33.38038,-122.57272,Southern California,60.000333,0,1,3,-4173,15.134,,,,,11/24/2024,747.6055908,10/29/2024,,9/27/2024,,9/4/2024,,8/4/2024
CalCurCEAS_027,2024-11-24T13:00:00Z,33.38319,-122.571855,Southern California,60.000583,0,7,0,-4173,15.134,,,,,11/24/2024,747.6055908,10/29/2024,,9/28/2024,,8/26/2024,,7/30/2024
CalCurCEAS_027,2024-11-24T14:00:00Z,33.3872,-122.572415,Southern California,60.000292,0,17,0,-4171,15.134,,,,,11/24/2024,747.6055908,10/29/2024,,9/28/2024,,8/26/2024,,7/30/2024
CalCurCEAS_027,2024-11-24T15:00:00Z,33.3916,-122.57393,Southern California,60.0005,0,18,3,-4168,15.103,,,,,11/24/2024,747.6055908,10/29/2024,,9/28/2024,,8/26/2024,,7/30/2024
CalCurCEAS_027,2024-11-24T16:00:00Z,33.39475,-122.57369,Southern California,60.000292,0,1,0,-4162,15.099,,,,,11/24/2024,747.6055908,10/29/2024,,9/28/2024,,8/26/2024,,7/30/2024
CalCurCEAS_027,2024-11-24T17:00:00Z,33.39951,-122.571845,Southern California,60.000417,3,0,1,-4152,15.071,,,,,11/24/2024,747.6055908,10/29/2024,,9/28/2024,,8/26/2024,,7/30/2024
CalCurCEAS_027,2024-11-24T18:00:00Z,33.40359,-122.57004,Southern California,60.000417,0,3,3,-4134,15.071,,,,,11/24/2024,747.6055908,10/29/2024,,9/28/2024,,8/26/2024,,7/30/2024
CalCurCEAS_027,2024-11-24T19:00:00Z,33.40672,-122.568605,Southern California,60.000375,0,0,0,-4127,15.044,,,,,11/24/2024,747.6055908,10/29/2024,,9/28/2024,,8/26/2024,,7/30/2024
CalCurCEAS_027,2024-11-24T20:00:00Z,33.40953,-122.56783,Southern California,60.000375,0,7,1,-4122,15.044,,,,,11/24/2024,747.6055908,10/29/2024,,9/28/2024,,8/26/2024,,7/30/2024
CalCurCEAS_027,2024-11-24T21:00:00Z,33.411635,-122.56676,Southern California,60.000375,0,3,1,-4122,15.043,,,,,11/24/2024,747.6055908,10/29/2024,,9/28/2024,635.6813965,8/27/2024,,8/1/2024
CalCurCEAS_027,2024-11-24T22:00:00Z,33.41428,-122.563785,Southern California,60.000333,1,13,2,-4105,15.065,,,,,11/24/2024,747.6055908,10/29/2024,,9/28/2024,635.6813965,8/27/2024,,8/1/2024
CalCurCEAS_027,2024-11-24T23:00:00Z,33.41634,-122.56101,Southern California,60.000417,0,20,0,-4091,15.061,,,,,11/24/2024,747.6055908,10/29/2024,,9/28/2024,635.6813965,8/27/2024,,8/1/2024
CalCurCEAS_027,2024-11-25T00:00:00Z,33.418945,-122.56148,Southern California,60.000375,1,15,1,-4091,15.245,,,,,11/25/2024,770.5637817,10/31/2024,,9/24/2024,,8/26/2024,,7/29/2024
CalCurCEAS_027,2024-11-25T01:00:00Z,33.42248,-122.5618,Southern California,60.000375,0,15,1,-4100,15.263,,,,,11/25/2024,770.5637817,10/31/2024,,9/25/2024,,8/29/2024,,7/27/2024
CalCurCEAS_027,2024-11-25T02:00:00Z,33.426305,-122.560515,Southern California,60.000292,0,38,1,-4107,15.263,,,,,11/25/2024,770.5637817,10/31/2024,,9/25/2024,,8/29/2024,,7/27/2024
CalCurCEAS_027,2024-11-25T03:00:00Z,33.429735,-122.558175,Southern California,60.000458,0,20,4,-4093,15.263,,,,,11/25/2024,770.5637817,10/31/2024,,9/25/2024,,8/29/2024,,7/27/2024
CalCurCEAS_027,2024-11-25T04:00:00Z,33.433055,-122.553405,Southern California,60.000333,0,23,4,-4080,15.263,,,,,11/25/2024,770.5637817,10/31/2024,,9/25/2024,,8/29/2024,,7/27/2024
CalCurCEAS_027,2024-11-25T05:00:00Z,33.43524,-122.54904,Southern California,60.000333,0,17,9,-4074,15.284,,,,,11/25/2024,770.5637817,10/31/2024,,9/25/2024,,8/29/2024,,7/27/2024
CalCurCEAS_027,2024-11-25T06:00:00Z,33.437663,-122.544163,Southern California,60.000417,0,16,13,-4063,15.43,,,,,11/25/2024,770.5637817,10/31/2024,,9/25/2024,,8/30/2024,,7/29/2024
CalCurCEAS_027,2024-11-25T07:00:00Z,33.440095,-122.53645,Southern California,59.997958,0,13,6,-4041,15.43,,,,,11/25/2024,770.5637817,10/31/2024,,9/25/2024,,8/30/2024,,7/29/2024
CalCurCEAS_027,2024-11-25T08:00:00Z,33.44064,-122.53217,Southern California,60.000417,0,12,0,-4030,15.404,,,,,11/25/2024,770.5637817,10/31/2024,,9/25/2024,,8/30/2024,,7/29/2024
CalCurCEAS_027,2024-11-25T09:00:00Z,33.441405,-122.529025,Southern California,59.997958,0,0,3,-4020,15.404,,,,,11/25/2024,,11/1/2024,,9/27/2024,728.5266724,8/24/2024,,7/24/2024
CalCurCEAS_027,2024-11-25T10:00:00Z,33.44239,-122.52554,Southern California,60.000375,0,5,0,-4018,15.359,,,,,11/25/2024,,11/1/2024,,9/27/2024,728.5266724,8/24/2024,,7/24/2024
CalCurCEAS_027,2024-11-25T11:00:00Z,33.442905,-122.52273,Southern California,59.996583,0,0,0,-4027,15.359,,,,,11/25/2024,,11/1/2024,,9/27/2024,728.5266724,8/24/2024,,7/24/2024
CalCurCEAS_027,2024-11-25T12:00:00Z,33.44443,-122.52111,Southern California,60.000333,0,0,4,-4027,15.359,,,,,11/25/2024,,11/1/2024,,9/27/2024,685.0513306,8/25/2024,,7/26/2024
CalCurCEAS_027,2024-11-25T13:00:00Z,33.447,-122.52101,Southern California,60.000542,0,6,0,-4024,15.343,,,,,11/25/2024,,11/1/2024,,9/27/2024,685.0513306,8/25/2024,,7/26/2024
CalCurCEAS_027,2024-11-25T14:00:00Z,33.451475,-122.520955,Southern California,60.000292,0,9,2,-4016,15.343,,,,,11/25/2024,,11/1/2024,,9/27/2024,685.0513306,8/25/2024,,7/26/2024
CalCurCEAS_027,2024-11-25T15:00:00Z,33.457385,-122.520515,Southern California,59.989417,1,37,1,-4004,15.343,,,,,11/25/2024,,11/1/2024,,9/27/2024,718.4973145,8/25/2024,,7/26/2024
CalCurCEAS_027,2024-11-25T16:00:00Z,33.46224,-122.51867,Southern California,59.983667,0,18,4,-3992,15.343,,,,,11/25/2024,,11/1/2024,,9/27/2024,718.4973145,8/25/2024,,7/26/2024
CalCurCEAS_027,2024-11-25T17:00:00Z,33.46734,-122.51499,Southern California,60.000292,0,14,2,-3975,15.343,,,,,11/25/2024,,11/1/2024,,9/27/2024,718.4973145,8/25/2024,,7/26/2024
CalCurCEAS_027,2024-11-25T18:00:00Z,33.47237,-122.508,Southern California,60.00025,0,4,0,-3973,15.294,,,,,11/25/2024,,11/1/2024,,9/27/2024,715.3024292,8/25/2024,,7/27/2024
CalCurCEAS_027,2024-11-25T19:00:00Z,33.47333,-122.50008,Southern California,60.000458,0,16,10,-3977,15.304,,,,,11/25/2024,,11/1/2024,,9/27/2024,715.3024292,8/25/2024,,7/27/2024
CalCurCEAS_027,2024-11-25T20:00:00Z,33.47311,-122.49389,Southern California,60.000375,0,4,6,-3968,15.304,,,,,11/25/2024,,11/1/2024,,9/27/2024,679.7244263,8/25/2024,,7/27/2024
CalCurCEAS_027,2024-11-25T21:00:00Z,33.47149,-122.48554,Southern California,60.000417,0,0,5,-3985,15.245,,,,,11/25/2024,,11/1/2024,,9/27/2024,679.7244263,8/25/2024,,7/27/2024
CalCurCEAS_027,2024-11-25T22:00:00Z,33.47051,-122.48209,Southern California,60.000458,0,8,0,-4004,15.245,,,,,11/25/2024,,11/1/2024,,9/27/2024,679.7244263,8/25/2024,,7/27/2024
CalCurCEAS_027,2024-11-25T23:00:00Z,33.470135,-122.477315,Southern California,60.00025,2,4,1,-4012,15.245,,,,,11/25/2024,,11/1/2024,,9/27/2024,672.3637695,8/25/2024,,7/27/2024
CalCurCEAS_027,2024-11-26T00:00:00Z,33.46972,-122.47371,Southern California,59.99875,0,2,1,-4021,16.303,,,,,11/26/2024,765.8480225,11/3/2024,714.611084,10/3/2024,651.9089966,9/3/2024,,8/3/2024
CalCurCEAS_027,2024-11-26T01:00:00Z,33.47003,-122.47139,Southern California,60.0005,6,10,6,-4021,16.303,,,,,11/26/2024,907.5869751,10/23/2024,,9/22/2024,848.1687012,8/24/2024,,7/27/2024
CalCurCEAS_027,2024-11-26T02:00:00Z,33.4723,-122.472135,Southern California,59.998792,3,8,0,-4008,16.268,,,,,11/26/2024,907.5869751,10/23/2024,,9/22/2024,848.1687012,8/24/2024,,7/27/2024
CalCurCEAS_027,2024-11-26T03:00:00Z,33.47464,-122.47269,Southern California,60.000292,1,11,19,-4008,16.211,,,,,11/26/2024,907.5869751,10/23/2024,,9/22/2024,860.2459106,8/24/2024,,7/27/2024
CalCurCEAS_027,2024-11-26T04:00:00Z,33.477045,-122.47182,Southern California,60.000333,0,12,8,-3996,16.061,,,,,11/26/2024,910.3971558,10/23/2024,,9/22/2024,860.2459106,8/24/2024,,7/27/2024
CalCurCEAS_027,2024-11-26T05:00:00Z,33.47881,-122.47076,Southern California,60.000375,0,2,2,-3998,15.968,,,,,11/26/2024,910.3971558,10/23/2024,,9/22/2024,860.2459106,8/24/2024,,7/27/2024
CalCurCEAS_027,2024-11-26T06:00:00Z,33.480803,-122.467457,Southern California,60.000375,0,4,6,-3993,15.864,,,,,11/26/2024,910.3971558,10/23/2024,,9/22/2024,860.2459106,8/24/2024,,7/27/2024
CalCurCEAS_027,2024-11-26T07:00:00Z,33.48167,-122.459495,Southern California,60.0005,0,9,2,-4003,15.803,,,,,11/26/2024,900.4990845,10/23/2024,,9/22/2024,860.2459106,8/24/2024,,7/27/2024
CalCurCEAS_027,2024-11-26T08:00:00Z,33.47986,-122.454,Southern California,60.000333,0,9,3,-4011,15.673,,,,,11/26/2024,883.319397,10/23/2024,,9/22/2024,860.2459106,8/24/2024,,7/27/2024
CalCurCEAS_027,2024-11-26T09:00:00Z,33.47648,-122.450575,Southern California,59.996833,0,9,2,-4024,15.542,,,,,11/26/2024,883.319397,10/23/2024,,9/22/2024,811.7037354,8/25/2024,,7/24/2024
CalCurCEAS_027,2024-11-26T10:00:00Z,33.47393,-122.44806,Southern California,60.000292,0,20,6,-4075,15.802,,,,,11/26/2024,883.319397,10/23/2024,,9/22/2024,811.7037354,8/25/2024,,7/24/2024
CalCurCEAS_027,2024-11-26T11:00:00Z,33.47114,-122.44567,Southern California,59.998417,0,2,8,-4102,15.663,,,,,11/26/2024,828.3208008,10/24/2024,,9/24/2024,609.6050415,8/25/2024,,7/26/2024
CalCurCEAS_027,2024-11-26T12:00:00Z,33.468965,-122.44475,Southern California,60.000292,0,0,3,-4127,15.42,,,,,11/26/2024,828.3208008,10/24/2024,,9/24/2024,609.6050415,8/25/2024,,7/26/2024
CalCurCEAS_027,2024-11-26T13:00:00Z,33.46863,-122.444915,Southern California,60.000333,0,2,0,-4127,15.325,,,,,11/26/2024,828.3208008,10/24/2024,,9/24/2024,609.6050415,8/25/2024,,7/26/2024
CalCurCEAS_027,2024-11-26T14:00:00Z,33.46953,-122.44533,Southern California,60.000333,0,0,0,-4127,15.254,,,,,11/26/2024,803.1494141,10/24/2024,,9/24/2024,609.6050415,8/25/2024,,7/26/2024
CalCurCEAS_027,2024-11-26T15:00:00Z,33.470875,-122.4468,Southern California,59.999208,0,2,3,-4075,15.203,,,,,11/26/2024,803.1494141,10/24/2024,,9/24/2024,609.6050415,8/25/2024,,7/26/2024
CalCurCEAS_027,2024-11-26T16:00:00Z,33.47219,-122.44786,Southern California,60.000417,0,7,1,-4075,15.183,,,,,11/26/2024,803.1494141,10/24/2024,,9/24/2024,609.6050415,8/25/2024,,7/26/2024
CalCurCEAS_027,2024-11-26T17:00:00Z,33.473755,-122.448065,Southern California,59.998042,0,2,1,-4075,15.184,,,,,11/26/2024,829.7741699,10/24/2024,,9/25/2024,,8/27/2024,,8/1/2024
CalCurCEAS_027,2024-11-26T18:00:00Z,33.47532,-122.44827,Southern California,60.000333,0,1,3,-4051,15.149,,,,,11/26/2024,829.7741699,10/24/2024,,9/25/2024,,8/27/2024,,8/1/2024
CalCurCEAS_027,2024-11-26T19:00:00Z,33.47563,-122.44528,Southern California,60.000375,0,3,2,-4078,15.174,,,,,11/26/2024,823.7410278,10/24/2024,,9/25/2024,,8/27/2024,,8/1/2024
CalCurCEAS_027,2024-11-26T20:00:00Z,33.474125,-122.440075,Southern California,60.000375,0,2,11,-4117,15.197,,,,,11/26/2024,823.7410278,10/24/2024,,9/25/2024,,8/27/2024,,8/1/2024
CalCurCEAS_027,2024-11-26T21:00:00Z,33.470905,-122.43476,Southern California,59.999167,0,0,2,-4133,15.237,,,,,11/26/2024,823.7410278,10/24/2024,,9/25/2024,,8/27/2024,,8/1/2024
CalCurCEAS_027,2024-11-26T22:00:00Z,33.467435,-122.432025,Southern California,60.0005,0,0,2,-4170,15.237,,,,,11/26/2024,834.9818726,10/24/2024,,9/25/2024,,8/28/2024,,8/3/2024
CalCurCEAS_027,2024-11-26T23:00:00Z,33.46506,-122.43222,Southern California,60.000333,0,1,0,-4198,15.301,,,,,11/26/2024,823.7410278,10/24/2024,,9/25/2024,,8/28/2024,,8/3/2024
CalCurCEAS_027,2024-11-27T00:00:00Z,33.46457,-122.43312,Southern California,60.000375,0,13,5,-4198,15.813,,,,,11/27/2024,,10/26/2024,,10/1/2024,,9/3/2024,,8/3/2024
CalCurCEAS_027,2024-11-27T01:00:00Z,33.465355,-122.434045,Southern California,59.996708,0,17,2,-4169,15.813,,,,,11/27/2024,,10/26/2024,,10/1/2024,567.4217529,8/25/2024,,7/27/2024
CalCurCEAS_027,2024-11-27T02:00:00Z,33.46668,-122.43456,Southern California,60.000542,0,2,0,-4150,15.823,,,,,11/27/2024,,10/26/2024,,10/1/2024,567.4217529,8/25/2024,,7/27/2024
CalCurCEAS_027,2024-11-27T03:00:00Z,33.469205,-122.435935,Southern California,59.989333,0,1,4,-4150,15.84,,,,,11/27/2024,,10/26/2024,,10/1/2024,567.4217529,8/25/2024,,7/27/2024
CalCurCEAS_027,2024-11-27T04:00:00Z,33.4722,-122.435815,Southern California,60.000417,0,0,1,-4133,15.861,,,,,11/27/2024,,10/26/2024,,10/1/2024,567.4217529,8/25/2024,,7/27/2024
CalCurCEAS_027,2024-11-27T05:00:00Z,33.474435,-122.435055,Southern California,60.000292,0,0,2,-4133,15.861,,,,,11/27/2024,,10/26/2024,,10/1/2024,589.1018066,8/25/2024,,7/27/2024
CalCurCEAS_027,2024-11-27T06:00:00Z,33.47591,-122.43437,Southern California,59.991917,0,0,2,-4119,15.888,,,,,11/27/2024,,10/26/2024,,10/1/2024,589.1018066,8/25/2024,,7/27/2024
CalCurCEAS_027,2024-11-27T07:00:00Z,33.47915,-122.43062,Southern California,60.000458,0,0,0,-4133,15.92,,,,,11/27/2024,,10/26/2024,,10/1/2024,589.1018066,8/25/2024,,7/27/2024
CalCurCEAS_027,2024-11-27T08:00:00Z,33.48016,-122.42442,Southern California,60.000417,0,0,0,-4186,15.956,,,,,11/27/2024,,10/27/2024,668.1730957,10/3/2024,,8/31/2024,,8/4/2024
CalCurCEAS_027,2024-11-27T09:00:00Z,33.47943,-122.41797,Southern California,60.000375,0,0,1,-4226,15.956,,,,,11/27/2024,,10/27/2024,668.1730957,10/3/2024,,9/1/2024,755.8775635,7/28/2024
CalCurCEAS_027,2024-11-27T10:00:00Z,33.47808,-122.413045,Southern California,60.000208,0,0,0,-4299,16.237,,,,,11/27/2024,,10/27/2024,668.1730957,10/3/2024,,9/1/2024,755.8775635,7/28/2024
CalCurCEAS_027,2024-11-27T11:00:00Z,33.47691,-122.40849,Southern California,60.000458,0,0,1,-4346,16.233,,,,,11/27/2024,,10/27/2024,668.1730957,10/3/2024,,9/1/2024,755.8775635,7/28/2024
CalCurCEAS_027,2024-11-27T12:00:00Z,33.475735,-122.405635,Southern California,60.00025,0,0,0,-4364,16.275,,,,,11/27/2024,,10/27/2024,668.1730957,10/3/2024,,9/1/2024,755.8775635,7/28/2024
CalCurCEAS_027,2024-11-27T13:00:00Z,33.475305,-122.40175,Southern California,60.000375,0,0,0,-4383,16.275,,,,,11/27/2024,,10/27/2024,668.1730957,10/3/2024,,9/1/2024,755.8775635,7/28/2024
CalCurCEAS_027,2024-11-27T14:00:00Z,33.475645,-122.398925,Southern California,60.000375,0,1,0,-4402,16.275,,,,,11/27/2024,,10/27/2024,668.6594238,10/3/2024,,9/1/2024,755.8775635,7/28/2024
CalCurCEAS_027,2024-11-27T15:00:00Z,33.47531,-122.396235,Southern California,60.000417,0,1,0,-4402,16.275,,,,,11/27/2024,,10/27/2024,,10/4/2024,653.8561401,9/3/2024,,8/3/2024
CalCurCEAS_027,2024-11-27T16:00:00Z,33.47448,-122.39486,Southern California,60.000458,0,3,0,-4462,16.278,,,,,11/27/2024,,10/27/2024,,10/4/2024,653.8561401,9/3/2024,,8/3/2024
CalCurCEAS_027,2024-11-27T17:00:00Z,33.47282,-122.39277,Southern California,60.000375,0,0,5,-4462,16.331,,,,,11/27/2024,,10/27/2024,,10/4/2024,653.8561401,9/3/2024,,8/3/2024
CalCurCEAS_027,2024-11-27T18:00:00Z,33.47094,-122.39029,Southern California,60.000375,0,0,5,-4480,16.331,,,,,11/27/2024,,10/27/2024,,10/4/2024,653.8561401,9/3/2024,,8/3/2024
CalCurCEAS_027,2024-11-27T19:00:00Z,33.4692,-122.386365,Southern California,60.000292,0,1,0,-4520,16.331,,,,,11/27/2024,,10/27/2024,,10/4/2024,653.8561401,9/3/2024,,8/3/2024
CalCurCEAS_027,2024-11-27T20:00:00Z,33.46681,-122.38278,Southern California,60.0005,0,0,1,-4529,16.329,,,,,11/27/2024,,10/27/2024,,10/4/2024,653.8561401,9/3/2024,,8/3/2024
CalCurCEAS_027,2024-11-27T21:00:00Z,33.464475,-122.38041,Southern California,60.000292,0,1,0,-4543,16.313,,,,,11/27/2024,,10/27/2024,,10/4/2024,663.1719971,9/3/2024,,8/3/2024
CalCurCEAS_027,2024-11-27T22:00:00Z,33.461115,-122.37631,Southern California,59.999458,0,0,7,-4562,16.352,,,,,11/27/2024,,10/27/2024,,10/4/2024,663.1719971,9/3/2024,,8/3/2024
CalCurCEAS_027,2024-11-27T23:00:00Z,33.45801,-122.371195,Southern California,60.000458,0,1,12,-4565,16.352,,,,,11/27/2024,,10/27/2024,,10/4/2024,663.1719971,9/3/2024,,8/3/2024
CalCurCEAS_027,2024-11-28T00:00:00Z,33.45518,-122.365605,Southern California,60.000333,0,0,4,-4565,16.348,0.27875638,11.09714127,76.19995117,372.4745178,11/28/2024,,10/29/2024,,9/29/2024,,8/30/2024,,7/30/2024
CalCurCEAS_027,2024-11-28T01:00:00Z,33.45277,-122.36172,Southern California,60.000208,0,1,11,-4565,16.328,0.27875638,11.09714127,76.19995117,372.4745178,11/28/2024,,10/29/2024,,9/29/2024,,8/30/2024,,7/30/2024
CalCurCEAS_027,2024-11-28T02:00:00Z,33.450865,-122.35954,Southern California,60.000333,0,0,4,-4565,16.312,0.27875638,11.09714127,76.19995117,372.4745178,11/28/2024,,10/29/2024,,9/29/2024,,8/30/2024,,7/30/2024
CalCurCEAS_027,2024-11-28T03:00:00Z,33.449555,-122.35802,Southern California,60.000292,0,0,2,-4563,16.327,0.27875638,11.09714127,76.19995117,372.4745178,11/28/2024,,10/29/2024,,9/29/2024,,8/30/2024,,7/30/2024
CalCurCEAS_027,2024-11-28T04:00:00Z,33.449,-122.35688,Southern California,60.000458,0,0,0,-4563,16.327,0.27875638,11.09714127,76.19995117,372.4745178,11/28/2024,,10/29/2024,,9/29/2024,,8/30/2024,,7/30/2024
CalCurCEAS_027,2024-11-28T05:00:00Z,33.44913,-122.356,Southern California,60.00025,0,0,1,-4563,16.327,0.27875638,11.09714127,76.19995117,372.4745178,11/28/2024,,10/29/2024,,9/29/2024,,8/30/2024,,7/30/2024
CalCurCEAS_027,2024-11-28T06:00:00Z,33.449237,-122.35388,Southern California,60.000333,0,0,1,-4559,16.327,0.27875638,11.09714127,76.19995117,372.4745178,11/28/2024,,10/29/2024,,9/29/2024,,8/30/2024,,7/30/2024
CalCurCEAS_027,2024-11-28T07:00:00Z,33.448393,-122.35013,Southern California,60.000292,0,0,3,-4559,16.327,0.27875638,11.09714127,76.19995117,372.4745178,11/28/2024,,10/29/2024,,9/29/2024,,8/30/2024,,7/30/2024
CalCurCEAS_027,2024-11-28T08:00:00Z,33.44589,-122.34624,Southern California,60.000333,0,0,0,-4562,16.325,0.27875638,11.09714127,76.19995117,372.4745178,11/28/2024,560.0187378,10/30/2024,,10/1/2024,,8/27/2024,,8/2/2024
CalCurCEAS_027,2024-11-28T09:00:00Z,33.4431,-122.340895,Southern California,60.000375,0,1,0,-4545,16.319,0.27875638,11.09714127,76.19995117,372.4745178,11/28/2024,572.8330078,10/30/2024,,10/1/2024,,8/27/2024,,8/2/2024
CalCurCEAS_027,2024-11-28T10:00:00Z,33.44072,-122.33487,Southern California,60.000333,0,2,0,-4548,16.25,0.27875638,11.09714127,76.19995117,372.4745178,11/28/2024,572.8330078,10/30/2024,,10/1/2024,,8/27/2024,,8/2/2024
CalCurCEAS_027,2024-11-28T11:00:00Z,33.43833,-122.33073,Southern California,60.000292,0,0,0,-4526,16.251,0.27875638,11.01608658,75.89990234,379.2708435,11/28/2024,572.8378906,10/30/2024,,10/1/2024,,8/27/2024,,8/2/2024
CalCurCEAS_027,2024-11-28T12:00:00Z,33.435595,-122.325725,Southern California,60.0005,0,0,0,-4500,16.26,0.27875638,11.01608658,75.89990234,379.2708435,11/28/2024,572.8378906,10/30/2024,,10/1/2024,,8/27/2024,,8/2/2024
CalCurCEAS_027,2024-11-28T13:00:00Z,33.434025,-122.32078,Southern California,60.000375,0,0,0,-4459,16.273,0.27875638,11.01608658,75.89990234,379.2708435,11/28/2024,572.8378906,10/30/2024,,10/1/2024,,8/27/2024,,8/2/2024
CalCurCEAS_027,2024-11-28T14:00:00Z,33.43291,-122.316415,Southern California,59.891,0,2,0,-4441,16.28,0.27875638,11.01608658,75.89990234,379.2708435,11/28/2024,572.8378906,10/30/2024,,10/1/2024,,8/27/2024,,8/2/2024
CalCurCEAS_027,2024-11-28T15:00:00Z,33.43082,-122.31197,Southern California,60.000417,0,6,0,-4431,16.281,0.27875638,11.01608658,75.89990234,379.2708435,11/28/2024,574.1021729,10/30/2024,,10/1/2024,,8/27/2024,,8/2/2024
CalCurCEAS_027,2024-11-28T16:00:00Z,33.427255,-122.307625,Southern California,60.000458,0,13,0,-4417,16.288,0.27875638,11.01608658,75.89990234,379.2708435,11/28/2024,574.1021729,10/30/2024,391.4808044,10/2/2024,,8/29/2024,,7/28/2024
CalCurCEAS_027,2024-11-28T17:00:00Z,33.42278,-122.30536,Southern California,60.000417,0,19,2,-4414,16.289,0.27875638,11.01608658,75.89990234,379.2708435,11/28/2024,574.1021729,10/30/2024,391.4808044,10/2/2024,,8/29/2024,,7/29/2024
CalCurCEAS_027,2024-11-28T18:00:00Z,33.419105,-122.303755,Southern California,60.000375,0,3,0,-4399,16.293,0.27875638,11.01608658,75.89990234,379.2708435,11/28/2024,594.3027954,10/30/2024,391.4808044,10/2/2024,,8/29/2024,,7/29/2024
CalCurCEAS_027,2024-11-28T19:00:00Z,33.41537,-122.30222,Southern California,60.000375,0,2,0,-4390,16.293,0.27381888,11.82772255,75.49975586,418.9320374,11/28/2024,594.3027954,10/30/2024,391.4808044,10/2/2024,,8/29/2024,,7/29/2024
CalCurCEAS_027,2024-11-28T20:00:00Z,33.41054,-122.30109,Southern California,60.000292,0,6,0,-4376,16.285,0.27381888,11.82772255,75.49975586,418.9320374,11/28/2024,594.3027954,10/30/2024,385.9753113,10/2/2024,,8/29/2024,,7/29/2024
CalCurCEAS_027,2024-11-28T21:00:00Z,33.40782,-122.299905,Southern California,60.000542,0,3,0,-4265,16.287,0.27381888,11.82772255,75.49975586,418.9320374,11/28/2024,570.6035156,10/30/2024,385.9753113,10/2/2024,,8/29/2024,,7/29/2024
CalCurCEAS_027,2024-11-28T22:00:00Z,33.40575,-122.29828,Southern California,60.000292,0,3,5,-4265,16.287,0.27381888,11.82772255,75.49975586,418.9320374,11/28/2024,666.600769,10/30/2024,385.9753113,10/2/2024,,8/29/2024,,7/29/2024
CalCurCEAS_027,2024-11-28T23:00:00Z,33.404485,-122.29491,Southern California,60.000333,0,2,1,-4191,16.299,0.27381888,11.82772255,75.49975586,418.9320374,11/28/2024,666.600769,10/30/2024,395.3349915,10/2/2024,,8/29/2024,,7/29/2024
CalCurCEAS_027,2024-11-29T00:00:00Z,33.40275,-122.288895,Southern California,60.000292,0,7,0,-4065,16.079,,,,,11/29/2024,,11/1/2024,,9/28/2024,,8/28/2024,,8/5/2024
CalCurCEAS_027,2024-11-29T01:00:00Z,33.401205,-122.28329,Southern California,60.000375,0,4,0,-3985,16.086,,,,,11/29/2024,,11/1/2024,,9/29/2024,,8/30/2024,,7/31/2024
CalCurCEAS_027,2024-11-29T02:00:00Z,33.39974,-122.27884,Southern California,60.0005,0,5,0,-4025,16.086,,,,,11/29/2024,,11/1/2024,,9/29/2024,,8/30/2024,,7/31/2024
CalCurCEAS_027,2024-11-29T03:00:00Z,33.39948,-122.275715,Southern California,59.983667,0,9,3,-4025,16.091,,,,,11/29/2024,,11/1/2024,,9/29/2024,,8/30/2024,,7/31/2024
CalCurCEAS_027,2024-11-29T04:00:00Z,33.398925,-122.270945,Southern California,60.000417,0,7,1,-3991,16.096,,,,,11/29/2024,,11/1/2024,,9/29/2024,,8/30/2024,,7/31/2024
CalCurCEAS_027,2024-11-29T05:00:00Z,33.39854,-122.267155,Southern California,60.000375,0,5,0,-3974,16.101,,,,,11/29/2024,,11/1/2024,,9/29/2024,,8/30/2024,,7/31/2024
CalCurCEAS_027,2024-11-29T06:00:00Z,33.398065,-122.265225,Southern California,60.000333,0,9,0,-3994,16.104,,,,,11/29/2024,,11/1/2024,,9/29/2024,,8/30/2024,,7/31/2024
CalCurCEAS_027,2024-11-29T07:00:00Z,33.39568,-122.260215,Southern California,60.000333,0,10,0,-3974,16.109,,,,,11/29/2024,,11/1/2024,,9/29/2024,,8/30/2024,,7/31/2024
CalCurCEAS_027,2024-11-29T08:00:00Z,33.391405,-122.25547,Southern California,59.991708,0,11,1,-3934,16.116,,,,,11/29/2024,429.4898987,11/2/2024,,10/1/2024,,8/27/2024,,8/3/2024
CalCurCEAS_027,2024-11-29T09:00:00Z,33.38702,-122.25253,Southern California,59.995375,0,8,1,-3921,16.121,,,,,11/29/2024,429.4898987,11/2/2024,,10/1/2024,,8/27/2024,,8/3/2024
CalCurCEAS_027,2024-11-29T10:00:00Z,33.383595,-122.24973,Southern California,60.000375,0,9,0,-3910,16.095,,,,,11/29/2024,422.3518372,11/2/2024,,10/1/2024,,8/27/2024,,8/3/2024
CalCurCEAS_027,2024-11-29T11:00:00Z,33.38002,-122.24688,Southern California,60.000417,0,7,0,-3887,16.097,,,,,11/29/2024,422.3518372,11/2/2024,,10/1/2024,,8/27/2024,,8/3/2024
CalCurCEAS_027,2024-11-29T12:00:00Z,33.37769,-122.24462,Southern California,60.000458,0,4,0,-3869,16.092,,,,,11/29/2024,422.3518372,11/2/2024,,10/1/2024,,8/27/2024,,8/3/2024
CalCurCEAS_027,2024-11-29T13:00:00Z,33.37585,-122.24103,Southern California,60.000458,0,3,5,-3870,16.092,,,,,11/29/2024,422.3518372,11/2/2024,,10/1/2024,,8/27/2024,,8/3/2024
CalCurCEAS_027,2024-11-29T14:00:00Z,33.375025,-122.23729,Southern California,60.000333,0,3,7,-3872,16.087,,,,,11/29/2024,422.3518372,11/2/2024,,10/1/2024,,8/27/2024,,8/3/2024
CalCurCEAS_027,2024-11-29T15:00:00Z,33.37265,-122.231645,Southern California,60.000458,0,0,1,-3889,16.087,,,,,11/29/2024,422.3518372,11/2/2024,,10/1/2024,,8/27/2024,,8/3/2024
CalCurCEAS_027,2024-11-29T16:00:00Z,33.36939,-122.22761,Southern California,60.000333,0,0,11,-3906,16.077,,,,,11/29/2024,422.3518372,11/2/2024,,10/1/2024,,8/27/2024,,8/3/2024
CalCurCEAS_027,2024-11-29T17:00:00Z,33.36742,-122.22588,Southern California,60.0005,0,0,10,-3906,16.077,,,,,11/29/2024,427.5026855,11/2/2024,,10/1/2024,,8/27/2024,,8/3/2024
CalCurCEAS_027,2024-11-29T18:00:00Z,33.364875,-122.223895,Southern California,60.000417,0,19,0,-3887,16.065,,,,,11/29/2024,427.5026855,11/2/2024,,10/1/2024,,8/28/2024,,8/5/2024
CalCurCEAS_027,2024-11-29T19:00:00Z,33.36188,-122.22185,Southern California,60.00025,0,27,5,-3851,16.065,,,,,11/29/2024,427.5026855,11/2/2024,,10/1/2024,,8/28/2024,,7/25/2024
CalCurCEAS_027,2024-11-29T20:00:00Z,33.35626,-122.21878,Southern California,60.000458,0,10,0,-3818,16.049,,,,,11/29/2024,427.5026855,11/2/2024,,10/1/2024,,8/28/2024,,7/25/2024
CalCurCEAS_027,2024-11-29T21:00:00Z,33.35252,-122.217635,Southern California,60.000458,5,2,0,-3822,16.055,,,,,11/29/2024,427.5026855,11/2/2024,,10/1/2024,,8/28/2024,,7/25/2024
CalCurCEAS_027,2024-11-29T22:00:00Z,33.34707,-122.216355,Southern California,60.000417,2,3,0,-3825,16.036,,,,,11/29/2024,427.5026855,11/2/2024,,10/1/2024,,8/28/2024,,7/25/2024
CalCurCEAS_027,2024-11-29T23:00:00Z,33.34315,-122.2153,Southern California,60.000458,0,5,4,-3824,16.036,,,,,11/29/2024,427.5026855,11/2/2024,,10/1/2024,,8/28/2024,,7/25/2024
CalCurCEAS_027,2024-11-30T00:00:00Z,33.340375,-122.21352,Southern California,60.000542,0,1,3,-3842,16.048,,,,,11/30/2024,,10/26/2024,,10/1/2024,,8/26/2024,,7/31/2024
CalCurCEAS_027,2024-11-30T01:00:00Z,33.338695,-122.20981,Southern California,60.000458,0,0,4,-3844,16.048,,,,,11/30/2024,,10/26/2024,,10/2/2024,,8/28/2024,,7/25/2024
CalCurCEAS_027,2024-11-30T02:00:00Z,33.3378,-122.20676,Southern California,60.000375,0,0,1,-3851,16.041,,,,,11/30/2024,,10/26/2024,,10/2/2024,,8/28/2024,,7/25/2024
CalCurCEAS_027,2024-11-30T03:00:00Z,33.336755,-122.20283,Southern California,60.000375,0,0,0,-3854,16.041,,,,,11/30/2024,,10/26/2024,,10/2/2024,,8/28/2024,,7/25/2024
CalCurCEAS_027,2024-11-30T04:00:00Z,33.336175,-122.19805,Southern California,60.000417,0,0,0,-3847,16.041,,,,,11/30/2024,,10/26/2024,,10/2/2024,,8/28/2024,,7/26/2024
CalCurCEAS_027,2024-11-30T05:00:00Z,33.33495,-122.19359,Southern California,60.000333,0,0,3,-3841,16.033,,,,,11/30/2024,,10/26/2024,,10/2/2024,,8/28/2024,,7/26/2024
CalCurCEAS_027,2024-11-30T06:00:00Z,33.333547,-122.18902,Southern California,60.0005,0,0,1,-3837,16.033,,,,,11/30/2024,,10/26/2024,,10/2/2024,,8/28/2024,,7/26/2024
CalCurCEAS_027,2024-11-30T07:00:00Z,33.330265,-122.18111,Southern California,60.000375,4,7,7,-3822,16.038,,,,,11/30/2024,,10/26/2024,,10/2/2024,,8/28/2024,,7/26/2024
CalCurCEAS_027,2024-11-30T08:00:00Z,33.32699,-122.1752,Southern California,60.000458,0,2,5,-3827,16.038,,,,,11/30/2024,,10/26/2024,,10/2/2024,,8/28/2024,,7/26/2024
CalCurCEAS_027,2024-11-30T09:00:00Z,33.32223,-122.16977,Southern California,60.000375,0,1,5,-3847,16.035,,,,,11/30/2024,,10/26/2024,,10/2/2024,,8/28/2024,,7/26/2024
CalCurCEAS_027,2024-11-30T10:00:00Z,33.314845,-122.163665,Southern California,60.000417,0,0,2,-3887,16.035,,,,,11/30/2024,,10/26/2024,,10/2/2024,,8/28/2024,,7/26/2024
CalCurCEAS_027,2024-11-30T11:00:00Z,33.30911,-122.1599,Southern California,60.000333,0,0,3,-3921,16.024,,,,,11/30/2024,,10/26/2024,,10/2/2024,,8/28/2024,,7/26/2024
CalCurCEAS_027,2024-11-30T12:00:00Z,33.303655,-122.15758,Southern California,60.000333,0,2,10,-3980,16.024,,,,,11/30/2024,,10/26/2024,,10/2/2024,,8/28/2024,,7/26/2024
CalCurCEAS_027,2024-11-30T13:00:00Z,33.298685,-122.155975,Southern California,60.000292,0,3,15,-3994,16.022,,,,,11/30/2024,,10/26/2024,,10/2/2024,,8/28/2024,,7/26/2024
CalCurCEAS_027,2024-11-30T14:00:00Z,33.294585,-122.153335,Southern California,60.000375,0,1,4,-4004,16.019,,,,,11/30/2024,,10/26/2024,,10/2/2024,,8/28/2024,,7/26/2024
CalCurCEAS_027,2024-11-30T15:00:00Z,33.29159,-122.15085,Southern California,60.000333,0,1,5,-4002,16.019,,,,,11/30/2024,,10/26/2024,,10/2/2024,,8/28/2024,,7/26/2024
CalCurCEAS_027,2024-11-30T16:00:00Z,33.28798,-122.148025,Southern California,60.000458,0,0,1,-4012,16.014,,,,,11/30/2024,,10/27/2024,,10/4/2024,714.4690552,9/3/2024,,8/4/2024
CalCurCEAS_027,2024-11-30T17:00:00Z,33.28408,-122.14559,Southern California,60.00025,0,2,9,-4018,16.014,,,,,11/30/2024,,10/27/2024,,9/23/2024,229.6026001,8/23/2024,,7/25/2024
CalCurCEAS_027,2024-11-30T18:00:00Z,33.277705,-122.14178,Southern California,60.000333,0,4,3,-4007,15.862,,,,,11/30/2024,,10/27/2024,,9/23/2024,229.6026001,8/23/2024,,7/25/2024
CalCurCEAS_027,2024-11-30T19:00:00Z,33.27098,-122.1384,Southern California,60.000292,0,0,1,-4013,15.862,,,,,11/30/2024,,10/27/2024,,9/23/2024,229.6026001,8/23/2024,,7/25/2024
CalCurCEAS_027,2024-11-30T20:00:00Z,33.26442,-122.13604,Southern California,60.000375,0,1,20,-4041,15.862,,,,,11/30/2024,,10/27/2024,,9/23/2024,229.6026001,8/23/2024,,7/25/2024
CalCurCEAS_027,2024-11-30T21:00:00Z,33.257145,-122.13428,Southern California,60.0005,0,2,10,-4062,15.862,,,,,11/30/2024,,10/27/2024,,9/23/2024,297.2700195,8/23/2024,,7/25/2024
CalCurCEAS_027,2024-11-30T22:00:00Z,33.25,-122.13364,Southern California,60.000417,0,10,7,-4059,15.854,,,,,11/30/2024,,10/27/2024,,9/23/2024,297.2700195,8/23/2024,,7/25/2024
CalCurCEAS_027,2024-11-30T23:00:00Z,33.24566,-122.1319,Southern California,60.00025,0,1,12,-4040,15.854,,,,,11/30/2024,,10/27/2024,,9/23/2024,235.5523224,8/23/2024,,7/25/2024
CalCurCEAS_027,2024-12-01T00:00:00Z,33.240755,-122.12855,Southern California,60.000458,0,0,1,-4042,16.202,0.257578999,19.29904938,71,455.6230164,12/1/2024,,10/29/2024,,9/29/2024,,8/30/2024,,7/31/2024
CalCurCEAS_027,2024-12-01T01:00:00Z,33.23774,-122.12619,Southern California,60.000333,0,0,8,-4042,16.202,0.257578999,19.29904938,71,455.6230164,12/1/2024,,10/29/2024,832.3744507,9/30/2024,589.7966919,9/1/2024,767.491272,7/28/2024
CalCurCEAS_027,2024-12-01T02:00:00Z,33.23434,-122.12231,Southern California,60.000333,0,0,11,-4046,16.202,0.255902439,19.29904938,70.79980469,460.8695068,12/1/2024,,10/29/2024,824.3782349,9/30/2024,589.7966919,9/1/2024,767.491272,7/28/2024
CalCurCEAS_027,2024-12-01T03:00:00Z,33.23239,-122.11748,Southern California,60.000458,0,0,0,-4048,16.211,0.255902439,19.29904938,70.79980469,460.8695068,12/1/2024,,10/29/2024,824.3782349,9/30/2024,589.7966919,9/1/2024,767.491272,7/28/2024
CalCurCEAS_027,2024-12-01T04:00:00Z,33.22988,-122.11237,Southern California,60.0005,0,0,6,-4040,16.221,0.255902439,19.29904938,70.79980469,460.8695068,12/1/2024,,10/29/2024,799.5601807,9/30/2024,,9/1/2024,767.491272,7/28/2024
CalCurCEAS_027,2024-12-01T05:00:00Z,33.226545,-122.10803,Southern California,60.000375,0,0,6,-4019,16.221,0.255902439,19.29904938,70.79980469,460.8695068,12/1/2024,,10/29/2024,799.5601807,9/30/2024,,9/1/2024,767.491272,7/28/2024
CalCurCEAS_027,2024-12-01T06:00:00Z,33.220377,-122.102357,Southern California,60.00025,0,0,2,-4069,16.221,0.255902439,19.29904938,70.79980469,460.8695068,12/1/2024,,10/29/2024,799.5601807,9/30/2024,,9/1/2024,767.491272,7/28/2024
CalCurCEAS_027,2024-12-01T07:00:00Z,33.210155,-122.094715,Southern California,60.000333,0,0,2,-3903,16.221,0.255902439,19.29904938,70.79980469,460.8695068,12/1/2024,,10/29/2024,799.5601807,9/30/2024,,9/1/2024,767.491272,7/28/2024
CalCurCEAS_027,2024-12-01T08:00:00Z,33.200265,-122.08982,Southern California,60.0005,0,0,0,-4158,16.221,0.246066719,19.29904938,68.60009766,454.2733765,12/1/2024,,10/29/2024,789.1784058,9/30/2024,,9/1/2024,755.8775635,7/28/2024
CalCurCEAS_027,2024-12-01T09:00:00Z,33.19147,-122.08604,Southern California,60.000333,0,0,2,-4273,16.22,0.246066719,19.29904938,68.60009766,454.2733765,12/1/2024,,10/29/2024,789.1784058,9/30/2024,561.7577515,9/2/2024,,7/30/2024
CalCurCEAS_027,2024-12-01T10:00:00Z,33.184925,-122.084805,Southern California,60.000417,0,1,5,-4256,16.22,0.246066719,19.29904938,68.60009766,454.2733765,12/1/2024,,10/29/2024,789.1784058,9/30/2024,561.7577515,9/2/2024,,7/30/2024
CalCurCEAS_027,2024-12-01T11:00:00Z,33.17723,-122.08461,Southern California,60.000375,0,0,10,-4230,16.22,0.246066719,19.29904938,68.60009766,454.2733765,12/1/2024,,10/29/2024,761.1557617,9/30/2024,561.7577515,9/2/2024,,7/30/2024
CalCurCEAS_027,2024-12-01T12:00:00Z,33.169505,-122.085015,Southern California,60.000375,0,2,4,-4206,16.216,0.246066719,19.29904938,68.60009766,454.2733765,12/1/2024,,10/29/2024,761.1557617,9/30/2024,561.7577515,9/2/2024,,7/30/2024
CalCurCEAS_027,2024-12-01T13:00:00Z,33.1619,-122.08673,Southern California,60.000458,0,0,1,-4172,16.216,0.245155275,19.46885109,68,450.9414978,12/1/2024,,10/29/2024,761.1557617,9/30/2024,553.0087891,9/2/2024,,7/30/2024
CalCurCEAS_027,2024-12-01T14:00:00Z,33.15632,-122.0876,Southern California,60.000333,0,0,3,-4138,16.216,0.245155275,19.46885109,68,450.9414978,12/1/2024,,10/29/2024,722.8322754,9/30/2024,553.0087891,9/2/2024,,7/30/2024
CalCurCEAS_027,2024-12-01T15:00:00Z,33.15226,-122.08724,Southern California,60.000375,0,1,0,-4142,16.216,0.245155275,19.46885109,68,450.9414978,12/1/2024,,10/29/2024,722.8322754,9/30/2024,553.0087891,9/2/2024,,7/30/2024
CalCurCEAS_027,2024-12-01T16:00:00Z,33.146565,-122.08543,Southern California,60.000417,0,1,3,-4136,16.216,0.245155275,19.46885109,68,450.9414978,12/1/2024,,10/29/2024,722.8322754,9/30/2024,553.1210938,9/2/2024,,7/30/2024
CalCurCEAS_027,2024-12-01T17:00:00Z,33.13916,-122.084345,Southern California,60.000542,0,3,11,-4117,16.199,0.245155275,19.46885109,68,450.9414978,12/1/2024,635.9168091,10/30/2024,372.0649414,10/2/2024,,8/29/2024,,7/29/2024
CalCurCEAS_027,2024-12-01T18:00:00Z,33.13259,-122.08355,Southern California,60.000333,0,1,4,-4081,16.224,0.245155275,19.46885109,68,450.9414978,12/1/2024,635.9168091,10/30/2024,372.0649414,10/2/2024,,8/30/2024,,7/31/2024
CalCurCEAS_027,2024-12-01T19:00:00Z,33.12646,-122.083075,Southern California,60.000333,0,1,2,-4069,16.215,0.241787553,19.46885109,67.60009766,456.5946655,12/1/2024,635.9168091,10/30/2024,370.3955383,10/2/2024,,8/30/2024,,7/31/2024
CalCurCEAS_027,2024-12-01T20:00:00Z,33.11748,-122.084175,Southern California,60.000458,0,5,6,-4050,16.215,0.242927074,19.47176743,67.60009766,441.6685791,12/1/2024,635.9168091,10/30/2024,373.9790039,10/2/2024,,8/30/2024,,7/31/2024
CalCurCEAS_027,2024-12-01T21:00:00Z,33.11151,-122.08441,Southern California,60.000292,0,2,9,-4056,16.215,0.242927074,19.47176743,67.60009766,441.6685791,12/1/2024,635.9168091,10/30/2024,373.9790039,10/2/2024,,8/30/2024,,7/31/2024
CalCurCEAS_027,2024-12-01T22:00:00Z,33.104705,-122.08483,Southern California,60.000417,0,7,7,-4050,16.21,0.242927074,19.47176743,67.60009766,441.6685791,12/1/2024,635.9168091,10/30/2024,373.9790039,10/2/2024,,8/30/2024,,7/31/2024
CalCurCEAS_027,2024-12-01T23:00:00Z,33.09759,-122.08424,Southern California,60.000417,5,0,22,-4031,16.21,0.242927074,19.47176743,67.60009766,441.6685791,12/1/2024,635.9168091,10/30/2024,373.9790039,10/2/2024,,8/30/2024,,7/31/2024
CalCurCEAS_027,2024-12-02T00:00:00Z,33.09184,-122.08161,Southern California,60.000417,1,5,8,-4037,15.505,,,,,12/2/2024,191.6290283,11/1/2024,,9/29/2024,,8/31/2024,,8/2/2024
CalCurCEAS_027,2024-12-02T01:00:00Z,33.08513,-122.07677,Southern California,60.000458,0,4,0,-4059,15.547,,,,,12/2/2024,191.6290283,11/1/2024,,9/29/2024,,8/31/2024,,8/2/2024
CalCurCEAS_027,2024-12-02T02:00:00Z,33.076645,-122.07245,Southern California,60.000375,0,2,9,-4073,15.586,,,,,12/2/2024,324.3864746,11/1/2024,,9/29/2024,,8/31/2024,,8/2/2024
CalCurCEAS_027,2024-12-02T03:00:00Z,33.06782,-122.07021,Southern California,60.000458,0,1,9,-4085,15.624,,,,,12/2/2024,324.3864746,11/1/2024,,9/29/2024,,8/31/2024,,8/3/2024
CalCurCEAS_027,2024-12-02T04:00:00Z,33.05894,-122.0676,Southern California,60.0005,0,1,1,-4085,15.653,,,,,12/2/2024,324.3864746,11/1/2024,,9/29/2024,,8/31/2024,,8/3/2024
CalCurCEAS_027,2024-12-02T05:00:00Z,33.04833,-122.06788,Southern California,60.000333,0,0,9,-4085,15.653,,,,,12/2/2024,324.3864746,11/1/2024,,9/29/2024,,8/31/2024,,8/3/2024
CalCurCEAS_027,2024-12-02T06:00:00Z,33.040397,-122.070667,Southern California,60.000417,0,3,6,-4083,15.693,,,,,12/2/2024,324.3864746,11/1/2024,,9/29/2024,,8/31/2024,,8/3/2024
CalCurCEAS_027,2024-12-02T07:00:00Z,33.0318,-122.07499,Southern California,60.000417,0,2,1,-4062,15.722,,,,,12/2/2024,319.3744812,11/1/2024,,9/29/2024,,8/31/2024,,8/3/2024
CalCurCEAS_027,2024-12-02T08:00:00Z,33.02691,-122.077635,Southern California,60.000292,0,1,19,-4065,15.722,,,,,12/2/2024,319.3744812,11/1/2024,,9/29/2024,,8/31/2024,,8/3/2024
CalCurCEAS_027,2024-12-02T09:00:00Z,33.021735,-122.077125,Southern California,60.000375,0,1,4,-4054,15.747,,,,,12/2/2024,319.3744812,11/1/2024,,9/29/2024,,8/31/2024,,8/3/2024
CalCurCEAS_027,2024-12-02T10:00:00Z,33.01312,-122.07602,Southern California,60.00025,0,0,8,-4101,15.747,,,,,12/2/2024,319.3744812,11/1/2024,,9/29/2024,,8/31/2024,,8/3/2024
CalCurCEAS_027,2024-12-02T11:00:00Z,33.00488,-122.07737,Southern California,60.000292,0,0,39,-4145,15.753,,,,,12/2/2024,319.3744812,11/1/2024,879.0923462,9/30/2024,522.3303223,9/2/2024,,7/30/2024
CalCurCEAS_027,2024-12-02T12:00:00Z,32.9988,-122.0785,Southern California,60.000417,0,0,7,-4151,15.77,,,,,12/2/2024,319.3744812,11/1/2024,879.0923462,9/30/2024,522.3303223,9/2/2024,,7/31/2024
CalCurCEAS_027,2024-12-02T13:00:00Z,32.98896,-122.08098,Southern California,60.000417,0,2,7,-4153,15.77,,,,,12/2/2024,304.8614197,11/1/2024,879.0923462,9/30/2024,493.1635742,9/2/2024,,7/31/2024
CalCurCEAS_027,2024-12-02T14:00:00Z,32.98088,-122.08169,Southern California,60.000167,0,4,3,-4156,15.789,,,,,12/2/2024,335.7675781,11/1/2024,879.0923462,9/30/2024,501.0915222,9/2/2024,,7/31/2024
CalCurCEAS_027,2024-12-02T15:00:00Z,32.97158,-122.082125,Southern California,60.000375,0,9,3,-4159,15.803,,,,,12/2/2024,335.7675781,11/1/2024,879.0923462,9/30/2024,501.0915222,9/2/2024,,7/31/2024
CalCurCEAS_027,2024-12-02T16:00:00Z,32.961325,-122.08473,Southern California,60.000417,2,3,7,-4161,15.814,,,,,12/2/2024,335.7675781,11/1/2024,879.0923462,9/30/2024,501.0915222,9/2/2024,,7/31/2024
CalCurCEAS_027,2024-12-02T17:00:00Z,32.95258,-122.08994,Southern California,60.000292,7,8,1,-4165,15.814,,,,,12/2/2024,335.7675781,11/1/2024,879.0923462,9/30/2024,501.0915222,9/2/2024,,7/31/2024
CalCurCEAS_027,2024-12-02T18:00:00Z,32.944615,-122.099435,Southern California,60.000375,1,12,0,-4167,15.909,,,,,12/2/2024,518.1203613,11/2/2024,821.1548462,10/2/2024,,8/30/2024,,8/1/2024
CalCurCEAS_027,2024-12-02T19:00:00Z,32.94028,-122.10688,Southern California,60.000333,0,16,1,-4173,15.909,,,,,12/2/2024,518.1203613,11/2/2024,821.1548462,10/2/2024,,8/30/2024,,8/1/2024
CalCurCEAS_027,2024-12-02T20:00:00Z,32.935795,-122.112135,Southern California,60.000375,12,4,0,-4175,15.883,,,,,12/2/2024,565.3383179,11/2/2024,789.5930786,10/2/2024,,8/30/2024,,8/1/2024
CalCurCEAS_027,2024-12-02T21:00:00Z,32.93084,-122.1157,Southern California,60.000875,10,2,4,-4184,15.883,,,,,12/2/2024,565.3383179,11/2/2024,789.5930786,10/2/2024,,8/30/2024,,8/1/2024
CalCurCEAS_027,2024-12-02T22:00:00Z,32.92719,-122.11735,Southern California,60.000375,2,0,5,-4185,15.879,,,,,12/2/2024,565.3383179,11/2/2024,789.5930786,10/2/2024,,8/30/2024,,8/1/2024
CalCurCEAS_027,2024-12-02T23:00:00Z,32.92143,-122.11761,Southern California,60.000208,0,8,1,-4180,15.862,,,,,12/2/2024,565.3383179,11/2/2024,789.5930786,10/2/2024,,8/30/2024,,8/1/2024
CalCurCEAS_027,2024-12-03T00:00:00Z,32.91008,-122.11619,Southern California,59.983708,2,0,2,-4179,15.619,,,,,12/3/2024,,11/3/2024,,10/4/2024,662.3353882,9/4/2024,,8/5/2024
CalCurCEAS_027,2024-12-03T01:00:00Z,32.90076,-122.11591,Southern California,60.00025,0,1,1,-4150,15.612,,,,,12/3/2024,,11/3/2024,,10/4/2024,662.3353882,9/4/2024,,8/5/2024
CalCurCEAS_027,2024-12-03T02:00:00Z,32.89101,-122.11486,Southern California,60.000458,0,0,0,-4122,15.604,,,,,12/3/2024,,11/3/2024,,10/4/2024,662.3353882,9/4/2024,,8/5/2024
CalCurCEAS_027,2024-12-03T03:00:00Z,32.88035,-122.114315,Southern California,60.000458,0,0,0,-4104,15.607,,,,,12/3/2024,,11/3/2024,,10/4/2024,662.3353882,9/4/2024,,8/5/2024
CalCurCEAS_027,2024-12-03T04:00:00Z,32.869345,-122.11559,Southern California,60.000375,0,0,3,-4081,15.622,,,,,12/3/2024,,11/3/2024,,10/4/2024,682.7195435,9/4/2024,,8/5/2024
CalCurCEAS_027,2024-12-03T05:00:00Z,32.85828,-122.119525,Southern California,60.000583,0,0,5,-4067,15.644,,,,,12/3/2024,,11/3/2024,,10/4/2024,682.7195435,9/4/2024,,8/5/2024
CalCurCEAS_027,2024-12-03T06:00:00Z,32.85544,-122.12046,Southern California,17.000125,0,0,0,-4067,15.644,,,,,12/3/2024,,11/3/2024,,10/4/2024,682.7195435,9/4/2024,,8/5/2024
