deployment,hour_start_utc,latitude,longitude,geographic_zone,usable_audio_minutes,blue_a_count,blue_b_count,fin_20hz_count
CalCurCEAS_001,2024-08-17 19:00:00,46.87878917,-126.15388833,Columbia River,60.000417,0,0,1
CalCurCEAS_001,2024-08-17 19:59:59,46.87718458,-126.15097667,Columbia River,60.000375,0,0,0
CalCurCEAS_001,2024-08-17 21:00:00,46.87419875,-126.14846083,Columbia River,60.0005,0,0,0
CalCurCEAS_001,2024-08-17 22:00:00,46.871615,-126.14648625,Columbia River,60.00025,0,0,0
CalCurCEAS_001,2024-08-17 22:59:59,46.86974333,-126.14438708,Columbia River,60.000458,0,0,0
CalCurCEAS_001,2024-08-18 00:00:00,46.86878958,-126.1452025,Columbia River,60.000333,0,0,7
CalCurCEAS_001,2024-08-18 01:00:00,46.86911263,-126.14539684,Columbia River,60.000417,0,0,0
CalCurCEAS_001,2024-08-18 01:59:59,46.87067391,-126.14590043,Columbia River,60.000333,0,1,0
CalCurCEAS_001,2024-08-18 03:00:00,46.87347417,-126.14467458,Columbia River,60.000417,0,0,0
CalCurCEAS_001,2024-08-18 04:00:00,46.87654708,-126.14256542,Columbia River,60.00025,0,0,0
CalCurCEAS_001,2024-08-18 04:59:59,46.87941708,-126.13896583,Columbia River,60.000417,0,0,0
CalCurCEAS_001,2024-08-18 06:00:00,46.88167083,-126.13441625,Columbia River,60.000333,0,0,0
CalCurCEAS_001,2024-08-18 07:00:00,46.88334208,-126.12958625,Columbia River,60.000458,0,0,0
CalCurCEAS_001,2024-08-18 07:59:59,46.88307,-126.1257525,Columbia River,60.000292,0,0,3
CalCurCEAS_001,2024-08-18 09:00:00,46.88046333,-126.12300792,Columbia River,60.00025,0,2,0
CalCurCEAS_001,2024-08-18 10:00:00,46.87779167,-126.12211542,Columbia River,60.000375,0,0,0
CalCurCEAS_001,2024-08-18 10:59:59,46.87638292,-126.12130583,Columbia River,60.000417,0,0,0
CalCurCEAS_001,2024-08-18 12:00:00,46.87531917,-126.12001125,Columbia River,60.0005,0,0,0
CalCurCEAS_001,2024-08-18 13:00:00,46.87537042,-126.1187725,Columbia River,60.000208,0,0,1
CalCurCEAS_001,2024-08-18 13:59:59,46.8761713,-126.1165213,Columbia River,60.000458,0,0,0
CalCurCEAS_001,2024-08-18 15:00:00,46.87864625,-126.11276292,Columbia River,60.000375,0,0,0
CalCurCEAS_001,2024-08-18 16:00:00,46.88162125,-126.10771833,Columbia River,60.000458,0,0,0
CalCurCEAS_001,2024-08-18 16:59:59,46.88443125,-126.10263042,Columbia River,60.0005,0,0,1
CalCurCEAS_001,2024-08-18 18:00:00,46.8872925,-126.09698417,Columbia River,60.0005,0,0,2
CalCurCEAS_001,2024-08-18 19:00:00,46.88959478,-126.09067348,Columbia River,60.0005,0,0,0
CalCurCEAS_001,2024-08-18 19:59:59,46.89031667,-126.08636125,Columbia River,60.000417,0,0,0
CalCurCEAS_001,2024-08-18 21:00:00,46.89003542,-126.08421458,Columbia River,59.979667,0,0,1
CalCurCEAS_001,2024-08-18 22:00:00,46.88966792,-126.08448542,Columbia River,60.000417,0,0,0
CalCurCEAS_001,2024-08-18 22:59:59,46.89115588,-126.08486294,Columbia River,60.000333,0,0,0
CalCurCEAS_001,2024-08-19 00:00:00,46.89442391,-126.08377609,Columbia River,60.000375,0,0,0
CalCurCEAS_001,2024-08-19 01:00:00,46.89821583,-126.08188708,Columbia River,60.000375,0,0,0
CalCurCEAS_001,2024-08-19 01:59:59,46.9025587,-126.07815435,Columbia River,60.0005,0,0,0
CalCurCEAS_001,2024-08-19 03:00:00,46.90682333,-126.07317583,Columbia River,60.0005,0,0,0
CalCurCEAS_001,2024-08-19 04:00:00,46.91137174,-126.0677387,Columbia River,60.000292,0,0,1
CalCurCEAS_001,2024-08-19 04:59:59,46.91614083,-126.06225833,Columbia River,60.000375,0,0,0
CalCurCEAS_001,2024-08-19 06:00:00,46.92089042,-126.05689375,Columbia River,60.00025,0,0,1
CalCurCEAS_001,2024-08-19 07:00:00,46.92397913,-126.05243261,Columbia River,59.97925,0,0,1
CalCurCEAS_001,2024-08-19 07:59:59,46.92630917,-126.04946167,Columbia River,60.000458,0,0,1
CalCurCEAS_001,2024-08-19 09:00:00,46.92821167,-126.04774208,Columbia River,60.000458,0,0,0
CalCurCEAS_001,2024-08-19 10:00:00,46.92946417,-126.04517833,Columbia River,60.000375,0,0,0
CalCurCEAS_001,2024-08-19 10:59:59,46.93013783,-126.04171348,Columbia River,59.978042,0,0,0
CalCurCEAS_001,2024-08-19 12:00:00,46.93045933,-126.03835,Columbia River,60.000417,0,0,1
CalCurCEAS_001,2024-08-19 13:00:00,46.93140917,-126.03432833,Columbia River,60.000375,0,0,1
CalCurCEAS_001,2024-08-19 13:59:59,46.93361909,-126.02942455,Columbia River,60.000333,0,0,0
CalCurCEAS_001,2024-08-19 15:00:00,46.93548833,-126.02335417,Columbia River,60.000333,0,0,2
CalCurCEAS_001,2024-08-19 16:00:00,46.93762333,-126.01789,Columbia River,60.000458,0,0,0
CalCurCEAS_001,2024-08-19 16:59:59,46.94034667,-126.01252,Columbia River,59.98375,0,0,0
CalCurCEAS_001,2024-08-19 18:00:00,46.9430825,-126.00481917,Columbia River,60.000208,0,0,0
CalCurCEAS_001,2024-08-19 19:00:00,46.9443125,-125.99665667,Columbia River,29.008583,0,0,1
CalCurCEAS_001,2024-08-20 13:59:59,46.94645909,-125.93347636,Columbia River,44.308583,0,0,1
CalCurCEAS_001,2024-08-20 15:00:00,46.94622917,-125.93243,Columbia River,60.000333,0,0,3
CalCurCEAS_001,2024-08-20 16:00:00,46.94710417,-125.93154917,Columbia River,60.000458,0,0,1
CalCurCEAS_001,2024-08-20 16:59:59,46.94986917,-125.9304075,Columbia River,60.000333,0,0,0
CalCurCEAS_001,2024-08-20 18:00:00,46.95475333,-125.92742417,Columbia River,60.000375,0,0,1
CalCurCEAS_001,2024-08-20 19:00:00,46.95994083,-125.92172917,Columbia River,60.000375,0,0,1
CalCurCEAS_001,2024-08-20 19:59:59,46.96335167,-125.91469417,Columbia River,60.000375,0,0,2
CalCurCEAS_001,2024-08-20 21:00:00,46.96482917,-125.90642083,Columbia River,60.000417,0,0,9
CalCurCEAS_001,2024-08-20 22:00:00,46.96419667,-125.89900917,Columbia River,60.000458,0,0,4
CalCurCEAS_001,2024-08-20 22:59:59,46.96211333,-125.89405333,Columbia River,60.00025,0,0,2
CalCurCEAS_001,2024-08-21 00:00:00,46.95929917,-125.88990917,Columbia River,60.00025,0,0,2
CalCurCEAS_001,2024-08-21 01:00:00,46.956205,-125.88648417,Columbia River,60.000417,0,0,2
CalCurCEAS_001,2024-08-21 01:59:59,46.9537425,-125.88428833,Columbia River,60.000375,0,0,0
CalCurCEAS_001,2024-08-21 03:00:00,46.95265,-125.88287583,Columbia River,60.000417,0,1,1
CalCurCEAS_001,2024-08-21 04:00:00,46.95298333,-125.88229167,Columbia River,60.000542,0,0,0
CalCurCEAS_001,2024-08-21 04:59:59,46.95460667,-125.8815225,Columbia River,60.000375,0,0,2
CalCurCEAS_001,2024-08-21 06:00:00,46.95673,-125.880685,Columbia River,60.000458,0,0,1
CalCurCEAS_001,2024-08-21 07:00:00,46.95966083,-125.87901833,Columbia River,60.000333,0,0,0
CalCurCEAS_001,2024-08-21 07:59:59,46.96245,-125.87636083,Columbia River,60.0005,0,0,1
CalCurCEAS_001,2024-08-21 09:00:00,46.96441333,-125.87325417,Columbia River,60.000375,0,0,2
CalCurCEAS_001,2024-08-21 10:00:00,46.96586167,-125.8691575,Columbia River,60.000458,0,0,4
CalCurCEAS_001,2024-08-21 10:59:59,46.96600364,-125.86407,Columbia River,60.0005,0,0,6
CalCurCEAS_001,2024-08-21 12:00:00,46.9646425,-125.86071333,Columbia River,60.000458,0,0,4
CalCurCEAS_001,2024-08-21 13:00:00,46.962585,-125.85810333,Columbia River,60.000333,0,0,5
CalCurCEAS_001,2024-08-21 13:59:59,46.960795,-125.85483917,Columbia River,60.000333,0,0,0
CalCurCEAS_001,2024-08-21 15:00:00,46.95974667,-125.84994833,Columbia River,60.000333,0,0,0
CalCurCEAS_001,2024-08-21 16:00:00,46.95955917,-125.8435375,Columbia River,60.000417,0,0,1
CalCurCEAS_001,2024-08-21 16:59:59,46.95986273,-125.83751091,Columbia River,60.000417,0,0,0
CalCurCEAS_001,2024-08-21 18:00:00,46.96017167,-125.83272917,Columbia River,60.000375,0,0,1
CalCurCEAS_001,2024-08-21 19:00:00,46.96126417,-125.82828,Columbia River,60.0005,0,0,1
CalCurCEAS_001,2024-08-21 19:59:59,46.96244769,-125.82437846,Columbia River,60.000417,0,0,2
CalCurCEAS_001,2024-08-21 21:00:00,46.96422818,-125.81985455,Columbia River,60.000375,0,0,1
CalCurCEAS_001,2024-08-21 22:00:00,46.96605417,-125.81480917,Columbia River,60.000458,0,0,0
CalCurCEAS_001,2024-08-21 22:59:59,46.96664833,-125.80875917,Columbia River,60.000417,0,0,1
CalCurCEAS_001,2024-08-22 00:00:00,46.9644275,-125.80241083,Columbia River,60.000208,0,0,0
CalCurCEAS_001,2024-08-22 01:00:00,46.96102333,-125.79723083,Columbia River,60.000375,0,0,2
CalCurCEAS_001,2024-08-22 01:59:59,46.95752727,-125.79333,Columbia River,60.000417,0,0,0
CalCurCEAS_001,2024-08-22 03:00:00,46.95433333,-125.78996583,Columbia River,60.000333,0,0,0
CalCurCEAS_001,2024-08-22 04:00:00,46.95194167,-125.78785583,Columbia River,60.000458,0,0,0
CalCurCEAS_001,2024-08-22 04:59:59,46.951109,-125.786095,Columbia River,60.000458,0,0,0
CalCurCEAS_001,2024-08-22 06:00:00,46.94665455,-125.78514818,Columbia River,60.000458,0,0,0
CalCurCEAS_001,2024-08-22 07:00:00,46.9546,-125.78018083,Columbia River,60.000333,0,0,0
CalCurCEAS_001,2024-08-22 07:59:59,46.957665,-125.7771575,Columbia River,60.000417,0,0,0
CalCurCEAS_001,2024-08-22 09:00:00,46.961057,-125.773744,Columbia River,60.0005,0,0,0
CalCurCEAS_001,2024-08-22 10:00:00,46.96358833,-125.76969167,Columbia River,60.000333,0,0,1
CalCurCEAS_001,2024-08-22 10:59:59,46.96449417,-125.76323583,Columbia River,60.000417,0,0,2
CalCurCEAS_001,2024-08-22 12:00:00,46.9637575,-125.75578417,Columbia River,60.000208,0,0,2
CalCurCEAS_001,2024-08-22 13:00:00,46.96124583,-125.74883083,Columbia River,60.000542,0,0,1
CalCurCEAS_001,2024-08-22 13:59:59,46.95797083,-125.74381667,Columbia River,60.000375,0,0,1
CalCurCEAS_001,2024-08-22 15:00:00,46.95485583,-125.73973,Columbia River,60.000458,0,0,0
CalCurCEAS_001,2024-08-22 16:00:00,46.95260222,-125.73679,Columbia River,60.00025,0,0,0
CalCurCEAS_001,2024-08-22 16:59:59,46.95151083,-125.73485917,Columbia River,60.000375,0,0,2
CalCurCEAS_001,2024-08-22 18:00:00,46.95173,-125.73247667,Columbia River,60.000375,0,0,1
CalCurCEAS_001,2024-08-22 19:00:00,46.95361167,-125.7301275,Columbia River,60.000417,0,0,3
CalCurCEAS_001,2024-08-22 19:59:59,46.956235,-125.727505,Columbia River,60.00025,0,0,10
CalCurCEAS_001,2024-08-22 21:00:00,46.95962,-125.72423333,Columbia River,60.000583,0,0,5
CalCurCEAS_001,2024-08-22 22:00:00,46.96283462,-125.72051923,Columbia River,60.000417,0,0,0
CalCurCEAS_001,2024-08-22 22:59:59,46.96538333,-125.71601,Columbia River,60.000542,0,0,1
CalCurCEAS_001,2024-08-23 00:00:00,46.9663525,-125.71030833,Columbia River,60.000458,0,0,0
CalCurCEAS_001,2024-08-23 01:00:00,46.96554917,-125.70353583,Columbia River,60.000458,0,0,0
CalCurCEAS_001,2024-08-23 01:59:59,46.96348667,-125.69797417,Columbia River,60.000417,0,0,0
CalCurCEAS_001,2024-08-23 03:00:00,46.961135,-125.69459333,Columbia River,60.000417,0,0,2
CalCurCEAS_001,2024-08-23 04:00:00,46.959725,-125.69263917,Columbia River,60.000375,0,0,3
CalCurCEAS_001,2024-08-23 04:59:59,46.95981417,-125.69050417,Columbia River,60.0005,0,0,3
CalCurCEAS_001,2024-08-23 06:00:00,46.96097583,-125.68654083,Columbia River,60.0005,0,0,1
CalCurCEAS_001,2024-08-23 07:00:00,46.96245167,-125.68113083,Columbia River,60.00025,0,0,1
CalCurCEAS_001,2024-08-23 07:59:59,46.96400583,-125.67597583,Columbia River,60.000333,0,0,1
CalCurCEAS_001,2024-08-23 09:00:00,46.96465833,-125.67246167,Columbia River,60.00025,0,0,3
CalCurCEAS_001,2024-08-23 10:00:00,46.96576889,-125.66986,Columbia River,59.983833,0,0,0
CalCurCEAS_001,2024-08-23 10:59:59,46.96683231,-125.66665,Columbia River,60.0005,0,0,1
CalCurCEAS_001,2024-08-23 12:00:00,46.96762909,-125.66335091,Columbia River,60.000292,0,0,0
CalCurCEAS_001,2024-08-23 13:00:00,46.96766769,-125.65890385,Columbia River,60.000292,0,0,2
CalCurCEAS_001,2024-08-23 13:59:59,46.96700417,-125.6531425,Columbia River,60.000458,0,0,0
CalCurCEAS_001,2024-08-23 15:00:00,46.96546909,-125.64872636,Columbia River,60.000458,0,0,1
CalCurCEAS_001,2024-08-23 16:00:00,46.96355462,-125.64654462,Columbia River,60.000333,0,0,2
CalCurCEAS_001,2024-08-23 16:59:59,46.96335727,-125.64491364,Columbia River,60.000417,0,0,2
CalCurCEAS_001,2024-08-23 18:00:00,46.96465083,-125.6424075,Columbia River,60.000417,0,0,0
CalCurCEAS_001,2024-08-23 19:00:00,46.96745333,-125.63856083,Columbia River,60.000417,0,0,0
CalCurCEAS_001,2024-08-23 19:59:59,46.97070917,-125.63316917,Columbia River,60.000375,0,0,0
CalCurCEAS_001,2024-08-23 21:00:00,46.97326333,-125.6275125,Columbia River,60.000417,0,0,1
CalCurCEAS_001,2024-08-23 22:00:00,46.97453167,-125.6225625,Columbia River,60.000292,0,0,0
CalCurCEAS_001,2024-08-23 22:59:59,46.97494,-125.61724083,Columbia River,60.000375,0,0,0
CalCurCEAS_001,2024-08-24 00:00:00,46.97560583,-125.61219917,Columbia River,60.000333,0,0,2
CalCurCEAS_001,2024-08-24 01:00:00,46.97610667,-125.60661583,Columbia River,60.000333,0,0,3
CalCurCEAS_001,2024-08-24 01:59:59,46.97568667,-125.59955,Columbia River,60.000375,0,0,2
CalCurCEAS_001,2024-08-24 03:00:00,46.97377083,-125.59207,Columbia River,60.0005,0,0,1
CalCurCEAS_001,2024-08-24 04:00:00,46.97033667,-125.58720583,Columbia River,60.000167,0,0,0
CalCurCEAS_001,2024-08-24 04:59:59,46.96731083,-125.58476667,Columbia River,60.000458,0,0,12
CalCurCEAS_001,2024-08-24 06:00:00,46.96627583,-125.58318333,Columbia River,60.000417,0,0,6
CalCurCEAS_001,2024-08-24 07:00:00,46.96736167,-125.58184667,Columbia River,60.000292,0,0,3
CalCurCEAS_001,2024-08-24 07:59:59,46.97036667,-125.57966667,Columbia River,60.000458,0,0,15
CalCurCEAS_001,2024-08-24 09:00:00,46.97371273,-125.57585909,Columbia River,60.000417,0,0,3
CalCurCEAS_001,2024-08-24 10:00:00,46.97645,-125.57089083,Columbia River,60.000458,0,0,1
CalCurCEAS_001,2024-08-24 10:59:59,46.97864333,-125.56513583,Columbia River,60.000292,0,0,2
CalCurCEAS_001,2024-08-24 12:00:00,46.9804725,-125.560045,Columbia River,60.000458,0,0,0
CalCurCEAS_001,2024-08-24 13:00:00,46.9816525,-125.55416833,Columbia River,60.000542,0,0,2
CalCurCEAS_001,2024-08-24 13:59:59,46.98136333,-125.54799583,Columbia River,60.000208,0,0,4
CalCurCEAS_001,2024-08-24 15:00:00,46.98056333,-125.5414125,Columbia River,60.000542,0,0,1
CalCurCEAS_001,2024-08-24 16:00:00,46.97847364,-125.53527364,Columbia River,60.000375,0,0,2
CalCurCEAS_001,2024-08-24 16:59:59,46.97570167,-125.5297525,Columbia River,60.000417,0,0,2
CalCurCEAS_001,2024-08-24 18:00:00,46.97329417,-125.5256625,Columbia River,60.000375,0,0,0
CalCurCEAS_001,2024-08-24 19:00:00,46.97251583,-125.524785,Columbia River,60.000417,0,0,2
CalCurCEAS_001,2024-08-24 19:59:59,46.97362091,-125.52541727,Columbia River,60.00025,0,0,1
CalCurCEAS_001,2024-08-24 21:00:00,46.97593083,-125.52573333,Columbia River,60.000375,0,0,0
CalCurCEAS_001,2024-08-24 22:00:00,46.97879417,-125.5264,Columbia River,60.000375,0,0,0
CalCurCEAS_001,2024-08-24 22:59:59,46.98205417,-125.52585333,Columbia River,60.00025,0,0,1
CalCurCEAS_001,2024-08-25 00:00:00,46.98407545,-125.52447636,Columbia River,60.000458,0,0,0
CalCurCEAS_001,2024-08-25 01:00:00,46.98608,-125.5221425,Columbia River,60.0005,0,0,0
CalCurCEAS_001,2024-08-25 01:59:59,46.98784417,-125.51654333,Columbia River,60.000333,0,0,0
CalCurCEAS_001,2024-08-25 03:00:00,46.98824833,-125.50933917,Columbia River,60.000458,0,0,0
CalCurCEAS_001,2024-08-25 04:00:00,46.98750667,-125.50156167,Columbia River,60.000333,0,0,2
CalCurCEAS_001,2024-08-25 04:59:59,46.9854775,-125.495095,Columbia River,60.000375,0,0,0
CalCurCEAS_001,2024-08-25 06:00:00,46.9830475,-125.4902525,Columbia River,60.000458,0,0,0
CalCurCEAS_001,2024-08-25 07:00:00,46.98063083,-125.48725167,Columbia River,60.000333,0,0,0
CalCurCEAS_001,2024-08-25 07:59:59,46.97925083,-125.48642833,Columbia River,60.0005,0,0,0
CalCurCEAS_001,2024-08-25 09:00:00,46.979526,-125.485599,Columbia River,60.000292,0,0,0
CalCurCEAS_001,2024-08-25 10:00:00,46.98107727,-125.48381909,Columbia River,60.000375,0,0,0
CalCurCEAS_001,2024-08-25 10:59:59,46.98292818,-125.48229182,Columbia River,60.000458,0,0,0
CalCurCEAS_001,2024-08-25 12:00:00,46.98461667,-125.48046917,Columbia River,60.000417,0,0,2
CalCurCEAS_001,2024-08-25 13:00:00,46.985405,-125.47918667,Columbia River,2.000042,0,0,0
CalCurCEAS_002,2024-08-20 13:00:00,45.55454,-125.22952,Columbia River,24.000167,0,0,1
CalCurCEAS_002,2024-08-20 13:59:59,45.55182333,-125.23024333,Columbia River,60.000375,0,0,0
CalCurCEAS_002,2024-08-20 15:00:00,45.54835667,-125.23149667,Columbia River,60.000292,0,0,0
CalCurCEAS_002,2024-08-20 16:00:00,45.54651,-125.23327667,Columbia River,60.000417,0,0,1
CalCurCEAS_002,2024-08-20 16:59:59,45.54664667,-125.23482333,Columbia River,60.000375,0,0,1
CalCurCEAS_002,2024-08-20 18:00:00,45.54776,-125.23576,Columbia River,60.000625,0,0,0
CalCurCEAS_002,2024-08-20 19:00:00,45.54950667,-125.23673333,Columbia River,59.999083,0,0,0
CalCurCEAS_002,2024-08-20 19:59:59,45.55172,-125.23808333,Columbia River,60.000375,0,0,1
CalCurCEAS_002,2024-08-20 21:00:00,45.55355667,-125.23820667,Columbia River,59.997833,0,0,4
CalCurCEAS_002,2024-08-20 22:00:00,45.55416,-125.23792667,Columbia River,60.000417,0,0,2
CalCurCEAS_002,2024-08-20 22:59:59,45.55372667,-125.23735333,Columbia River,60.000458,0,0,1
CalCurCEAS_002,2024-08-21 00:00:00,45.55201333,-125.23755333,Columbia River,60.000333,0,0,3
CalCurCEAS_002,2024-08-21 01:00:00,45.54982,-125.23781333,Columbia River,60.000333,0,0,0
CalCurCEAS_002,2024-08-21 01:59:59,45.54777333,-125.23589667,Columbia River,60.000333,0,0,0
CalCurCEAS_002,2024-08-21 03:00:00,45.54552,-125.23466667,Columbia River,60.000208,0,0,0
CalCurCEAS_002,2024-08-21 04:00:00,45.54335667,-125.23418333,Columbia River,60.000375,0,0,3
CalCurCEAS_002,2024-08-21 04:59:59,45.54181333,-125.23467,Columbia River,60.000333,0,0,1
CalCurCEAS_002,2024-08-21 06:00:00,45.54131,-125.23495667,Columbia River,59.997958,0,0,3
CalCurCEAS_002,2024-08-21 07:00:00,45.54128667,-125.23574333,Columbia River,60.000458,0,0,0
CalCurCEAS_002,2024-08-21 07:59:59,45.54112,-125.23796667,Columbia River,40.125208,0,0,2
CalCurCEAS_002,2024-08-21 10:59:59,45.53835,-125.24522333,Columbia River,20.325125,0,0,0
CalCurCEAS_002,2024-08-21 12:00:00,45.53560667,-125.24663,Columbia River,60.000417,0,0,0
CalCurCEAS_002,2024-08-21 13:00:00,45.53168667,-125.24847,Columbia River,60.000375,0,0,0
CalCurCEAS_002,2024-08-21 13:59:59,45.52798333,-125.25044667,Columbia River,60.000417,0,0,1
CalCurCEAS_002,2024-08-21 15:00:00,45.52449667,-125.25238667,Columbia River,60.000458,0,0,0
CalCurCEAS_002,2024-08-21 16:00:00,45.52253,-125.25291333,Columbia River,60.000292,0,0,0
CalCurCEAS_002,2024-08-21 16:59:59,45.52175667,-125.25256333,Columbia River,59.999167,0,0,0
CalCurCEAS_002,2024-08-21 18:00:00,45.52181667,-125.25267333,Columbia River,60.0005,0,0,0
CalCurCEAS_002,2024-08-21 19:00:00,45.52235667,-125.25248667,Columbia River,60.000458,0,0,0
CalCurCEAS_002,2024-08-21 19:59:59,45.52250667,-125.25283333,Columbia River,60.000333,0,0,0
CalCurCEAS_002,2024-08-21 21:00:00,45.52251333,-125.25449333,Columbia River,60.000375,0,0,4
CalCurCEAS_002,2024-08-21 22:00:00,45.52243667,-125.25371,Columbia River,60.000375,0,0,4
CalCurCEAS_002,2024-08-21 22:59:59,45.51998,-125.25133,Columbia River,60.000458,0,0,2
CalCurCEAS_002,2024-08-22 00:00:00,45.51529,-125.25137333,Columbia River,60.000417,0,0,1
CalCurCEAS_002,2024-08-22 01:00:00,45.50970333,-125.25267667,Columbia River,60.000375,0,0,0
CalCurCEAS_002,2024-08-22 01:59:59,45.50411,-125.25487667,Columbia River,60.000458,0,0,0
CalCurCEAS_002,2024-08-22 03:00:00,45.49803333,-125.2587,Columbia River,60.000292,0,0,0
CalCurCEAS_002,2024-08-22 04:00:00,45.49277,-125.26327,Columbia River,60.000458,0,0,0
CalCurCEAS_002,2024-08-22 04:59:59,45.48949,-125.26758667,Columbia River,60.000333,0,0,1
CalCurCEAS_002,2024-08-22 06:00:00,45.48799333,-125.27196667,Columbia River,60.0005,0,0,0
CalCurCEAS_002,2024-08-22 07:00:00,45.48806333,-125.27699667,Columbia River,60.000333,0,0,0
CalCurCEAS_002,2024-08-22 07:59:59,45.48851667,-125.28115,Columbia River,60.000458,0,0,0
CalCurCEAS_002,2024-08-22 09:00:00,45.48935667,-125.28611,Columbia River,60.000417,0,0,0
CalCurCEAS_002,2024-08-22 10:00:00,45.48951667,-125.29001333,Columbia River,60.000375,0,0,0
CalCurCEAS_002,2024-08-22 10:59:59,45.48854,-125.29162667,Columbia River,59.983667,0,0,0
CalCurCEAS_002,2024-08-22 12:00:00,45.48608,-125.29423333,Columbia River,60.000375,0,0,0
CalCurCEAS_002,2024-08-22 13:00:00,45.48193333,-125.2965,Columbia River,60.000375,0,0,0
CalCurCEAS_002,2024-08-22 13:59:59,45.47683667,-125.30012667,Columbia River,60.000333,0,0,0
CalCurCEAS_002,2024-08-22 15:00:00,45.47190333,-125.30411,Columbia River,60.00025,0,0,0
CalCurCEAS_002,2024-08-22 16:00:00,45.46831,-125.30774333,Columbia River,60.000417,0,0,0
CalCurCEAS_002,2024-08-22 16:59:59,45.46554667,-125.31024333,Columbia River,60.00025,0,0,0
CalCurCEAS_002,2024-08-22 18:00:00,45.46442667,-125.31252,Columbia River,60.000375,0,0,1
CalCurCEAS_002,2024-08-22 19:00:00,45.46420667,-125.31562333,Columbia River,60.000333,0,0,0
CalCurCEAS_002,2024-08-22 19:59:59,45.46484,-125.31866333,Columbia River,60.000417,0,0,0
CalCurCEAS_002,2024-08-22 21:00:00,45.46552333,-125.32196667,Columbia River,60.000417,0,0,1
CalCurCEAS_002,2024-08-22 22:00:00,45.46524333,-125.32492667,Columbia River,60.000333,0,0,0
CalCurCEAS_002,2024-08-22 22:59:59,45.46335667,-125.32767,Columbia River,60.000417,0,0,0
CalCurCEAS_002,2024-08-23 00:00:00,45.45994333,-125.33169,Columbia River,59.994042,0,0,0
CalCurCEAS_002,2024-08-23 01:00:00,45.45451,-125.3381325,Columbia River,60.000458,0,0,1
CalCurCEAS_002,2024-08-23 01:59:59,45.44881,-125.34721,Columbia River,60.000333,0,0,0
CalCurCEAS_002,2024-08-23 03:00:00,45.44535,-125.35377,Columbia River,60.000542,0,0,0
CalCurCEAS_002,2024-08-23 04:00:00,45.44203333,-125.36164667,Columbia River,60.0005,0,0,1
CalCurCEAS_002,2024-08-23 04:59:59,45.4405,-125.36716667,Columbia River,60.00025,0,0,2
CalCurCEAS_002,2024-08-23 06:00:00,45.44004667,-125.37252333,Columbia River,60.000417,0,0,0
CalCurCEAS_002,2024-08-23 07:00:00,45.44067,-125.37824667,Columbia River,60.000375,0,0,0
CalCurCEAS_002,2024-08-23 07:59:59,45.44260333,-125.38308,Columbia River,60.0005,0,0,0
CalCurCEAS_002,2024-08-23 09:00:00,45.44498333,-125.38690667,Columbia River,60.000417,0,0,0
CalCurCEAS_002,2024-08-23 10:00:00,45.44671667,-125.38927333,Columbia River,60.000333,0,0,0
CalCurCEAS_002,2024-08-23 10:59:59,45.44656333,-125.3895,Columbia River,60.000542,0,0,1
CalCurCEAS_002,2024-08-23 12:00:00,45.44298,-125.38971333,Columbia River,60.000375,0,0,1
CalCurCEAS_002,2024-08-23 13:00:00,45.43737,-125.39148,Columbia River,60.0005,0,0,0
CalCurCEAS_002,2024-08-23 13:59:59,45.43126,-125.39612,Columbia River,60.0005,0,0,1
CalCurCEAS_002,2024-08-23 15:00:00,45.4255,-125.40176,Columbia River,60.0005,0,0,2
CalCurCEAS_002,2024-08-23 16:00:00,45.42038667,-125.40778667,Columbia River,60.0005,0,0,1
CalCurCEAS_002,2024-08-23 16:59:59,45.41658667,-125.41413333,Columbia River,60.000417,0,0,0
CalCurCEAS_002,2024-08-23 18:00:00,45.41401667,-125.42124333,Columbia River,60.000417,0,0,0
CalCurCEAS_002,2024-08-23 19:00:00,45.4134,-125.42940667,Columbia River,60.000375,0,0,1
CalCurCEAS_002,2024-08-23 19:59:59,45.41526667,-125.43846,Columbia River,60.000417,0,0,3
CalCurCEAS_002,2024-08-23 21:00:00,45.41846,-125.44792667,Columbia River,60.000375,1,0,10
CalCurCEAS_002,2024-08-23 22:00:00,45.42217333,-125.45485667,Columbia River,60.000417,0,0,2
CalCurCEAS_002,2024-08-23 22:59:59,45.42467667,-125.45835,Columbia River,60.000333,0,0,2
CalCurCEAS_002,2024-08-24 00:00:00,45.42489333,-125.46114,Columbia River,60.000458,0,0,0
CalCurCEAS_002,2024-08-24 01:00:00,45.4231,-125.46389667,Columbia River,60.0005,0,0,0
CalCurCEAS_002,2024-08-24 01:59:59,45.41965333,-125.46629,Columbia River,60.000458,0,0,0
CalCurCEAS_002,2024-08-24 03:00:00,45.41473667,-125.46852667,Columbia River,60.000417,0,0,0
CalCurCEAS_002,2024-08-24 04:00:00,45.40945667,-125.47098667,Columbia River,60.000167,0,0,0
CalCurCEAS_002,2024-08-24 04:59:59,45.40479667,-125.47598333,Columbia River,60.000333,0,0,1
CalCurCEAS_002,2024-08-24 06:00:00,45.40136333,-125.48252333,Columbia River,60.000375,0,0,1
CalCurCEAS_002,2024-08-24 07:00:00,45.39922333,-125.49076,Columbia River,60.000458,0,0,0
CalCurCEAS_002,2024-08-24 07:59:59,45.39937,-125.49865333,Columbia River,60.000375,0,0,0
CalCurCEAS_002,2024-08-24 09:00:00,45.39992667,-125.50714333,Columbia River,60.000333,0,0,0
CalCurCEAS_002,2024-08-24 10:00:00,45.40187667,-125.51516,Columbia River,59.995292,0,0,1
CalCurCEAS_002,2024-08-24 10:59:59,45.40364667,-125.52143667,Columbia River,60.000417,0,0,0
CalCurCEAS_002,2024-08-24 12:00:00,45.40428667,-125.5281,Columbia River,60.000417,0,0,0
CalCurCEAS_002,2024-08-24 13:00:00,45.40393667,-125.53475333,Columbia River,60.000333,0,0,6
CalCurCEAS_002,2024-08-24 13:59:59,45.40290333,-125.54003333,Columbia River,60.0005,0,0,0
CalCurCEAS_002,2024-08-24 15:00:00,45.40095333,-125.54352,Columbia River,60.000375,0,0,0
CalCurCEAS_002,2024-08-24 16:00:00,45.39818,-125.54692667,Columbia River,59.999167,0,0,30
CalCurCEAS_002,2024-08-24 16:59:59,45.39708333,-125.55104333,Columbia River,60.000333,0,0,20
CalCurCEAS_002,2024-08-24 18:00:00,45.39656,-125.55662333,Columbia River,60.000542,0,0,3
CalCurCEAS_002,2024-08-24 19:00:00,45.39798,-125.5623,Columbia River,60.000458,0,0,16
CalCurCEAS_002,2024-08-24 19:59:59,45.39997333,-125.56765333,Columbia River,59.999125,0,0,0
CalCurCEAS_002,2024-08-24 21:00:00,45.40204333,-125.57177333,Columbia River,60.000333,0,0,7
CalCurCEAS_002,2024-08-24 22:00:00,45.40321667,-125.57406667,Columbia River,60.000458,0,0,4
CalCurCEAS_002,2024-08-24 22:59:59,45.40493333,-125.57561667,Columbia River,60.000375,0,0,5
CalCurCEAS_002,2024-08-25 00:00:00,45.40349667,-125.57933333,Columbia River,60.000417,0,0,36
CalCurCEAS_002,2024-08-25 01:00:00,45.40164667,-125.58279667,Columbia River,60.000375,0,0,1
CalCurCEAS_002,2024-08-25 01:59:59,45.39895,-125.58761667,Columbia River,60.000333,0,0,0
CalCurCEAS_002,2024-08-25 03:00:00,45.39501333,-125.59238333,Columbia River,60.000417,0,0,3
CalCurCEAS_002,2024-08-25 04:00:00,45.39044333,-125.59690333,Columbia River,60.000375,0,0,4
CalCurCEAS_002,2024-08-25 04:59:59,45.38541667,-125.60441667,Columbia River,60.000375,0,0,3
CalCurCEAS_002,2024-08-25 06:00:00,45.38273,-125.61468,Columbia River,60.000333,0,0,1
CalCurCEAS_002,2024-08-25 07:00:00,45.3831,-125.62584,Columbia River,60.000458,0,0,5
CalCurCEAS_002,2024-08-25 07:59:59,45.38527,-125.6362,Columbia River,60.000292,0,0,6
CalCurCEAS_002,2024-08-25 09:00:00,45.38893333,-125.64506,Columbia River,60.0005,0,0,1
CalCurCEAS_002,2024-08-25 10:00:00,45.393115,-125.650925,Columbia River,60.000417,0,0,3
CalCurCEAS_002,2024-08-25 10:59:59,45.39689,-125.65621667,Columbia River,59.996542,0,0,14
CalCurCEAS_002,2024-08-25 12:00:00,45.39864,-125.66000667,Columbia River,60.000417,0,0,31
CalCurCEAS_002,2024-08-25 13:00:00,45.39907,-125.66196333,Columbia River,60.000417,0,0,5
CalCurCEAS_002,2024-08-25 13:59:59,45.39840667,-125.66398667,Columbia River,60.000333,0,0,34
CalCurCEAS_002,2024-08-25 15:00:00,45.39736,-125.66628,Columbia River,60.00025,0,0,8
CalCurCEAS_002,2024-08-25 16:00:00,45.39608333,-125.66871667,Columbia River,60.000542,0,0,22
CalCurCEAS_002,2024-08-25 16:59:59,45.39443333,-125.67474667,Columbia River,60.000375,0,0,4
CalCurCEAS_002,2024-08-25 18:00:00,45.39313667,-125.68278667,Columbia River,60.000458,0,0,1
CalCurCEAS_002,2024-08-25 19:00:00,45.39272,-125.69256,Columbia River,60.000542,0,0,0
CalCurCEAS_002,2024-08-25 19:59:59,45.39343333,-125.70211667,Columbia River,60.000292,0,0,1
CalCurCEAS_002,2024-08-25 21:00:00,45.39679,-125.7097,Columbia River,60.000458,0,0,1
CalCurCEAS_002,2024-08-25 22:00:00,45.40026333,-125.71595667,Columbia River,60.000417,0,0,2
CalCurCEAS_002,2024-08-25 22:59:59,45.40383333,-125.72150333,Columbia River,60.000333,0,0,1
CalCurCEAS_002,2024-08-26 00:00:00,45.40710667,-125.72724,Columbia River,60.000417,0,0,0
CalCurCEAS_002,2024-08-26 01:00:00,45.40856333,-125.73165333,Columbia River,60.000458,0,0,1
CalCurCEAS_002,2024-08-26 01:59:59,45.40853,-125.73601667,Columbia River,60.000458,0,0,17
CalCurCEAS_002,2024-08-26 03:00:00,45.40764667,-125.74048333,Columbia River,60.0005,0,0,52
CalCurCEAS_002,2024-08-26 04:00:00,45.40658667,-125.74509,Columbia River,59.983667,0,0,28
CalCurCEAS_002,2024-08-26 04:59:59,45.40499667,-125.75136667,Columbia River,59.992542,0,0,30
CalCurCEAS_002,2024-08-26 06:00:00,45.40325667,-125.75834,Columbia River,60.000333,0,0,28
CalCurCEAS_002,2024-08-26 07:00:00,45.40277667,-125.76474667,Columbia River,60.000417,0,0,39
CalCurCEAS_002,2024-08-26 07:59:59,45.40322333,-125.77092,Columbia River,60.0005,0,0,46
CalCurCEAS_002,2024-08-26 09:00:00,45.40343667,-125.77601,Columbia River,60.000375,0,0,11
CalCurCEAS_002,2024-08-26 10:00:00,45.40457667,-125.78197667,Columbia River,60.000417,0,0,59
CalCurCEAS_002,2024-08-26 10:59:59,45.40592667,-125.78963333,Columbia River,59.997833,0,0,1
CalCurCEAS_002,2024-08-26 12:00:00,45.40734,-125.79498,Columbia River,60.000292,0,0,4
CalCurCEAS_002,2024-08-26 13:00:00,45.40858,-125.79869667,Columbia River,60.000417,0,0,55
CalCurCEAS_002,2024-08-26 13:59:59,45.41006,-125.8039575,Columbia River,60.000417,0,0,28
CalCurCEAS_002,2024-08-26 15:00:00,45.41142,-125.80971667,Columbia River,60.0005,0,0,24
CalCurCEAS_002,2024-08-26 16:00:00,45.412125,-125.81431,Columbia River,60.000417,0,0,25
CalCurCEAS_002,2024-08-26 16:59:59,45.41310333,-125.8196,Columbia River,60.000292,0,0,24
CalCurCEAS_002,2024-08-26 18:00:00,45.41474,-125.82559667,Columbia River,60.000417,0,0,22
CalCurCEAS_002,2024-08-26 19:00:00,45.41575667,-125.83039,Columbia River,60.000333,0,0,4
CalCurCEAS_002,2024-08-26 19:59:59,45.4183775,-125.834155,Columbia River,60.000333,0,0,2
CalCurCEAS_002,2024-08-26 21:00:00,45.42126333,-125.83591,Columbia River,60.0005,0,0,6
CalCurCEAS_002,2024-08-26 22:00:00,45.42276,-125.83879333,Columbia River,60.000417,0,0,2
CalCurCEAS_002,2024-08-26 22:59:59,45.4251,-125.84086,Columbia River,59.998,0,0,7
CalCurCEAS_002,2024-08-27 00:00:00,45.42728333,-125.84072,Columbia River,60.000333,0,0,9
CalCurCEAS_002,2024-08-27 01:00:00,45.42728333,-125.84134,Columbia River,60.000458,0,0,15
CalCurCEAS_002,2024-08-27 01:59:59,45.42604667,-125.84255,Columbia River,60.000417,0,0,9
CalCurCEAS_002,2024-08-27 03:00:00,45.42413333,-125.84666667,Columbia River,60.000542,0,0,7
CalCurCEAS_002,2024-08-27 04:00:00,45.42196667,-125.85297,Columbia River,60.000458,0,0,2
CalCurCEAS_002,2024-08-27 04:59:59,45.41864667,-125.86002,Columbia River,60.000458,0,0,3
CalCurCEAS_002,2024-08-27 06:00:00,45.41498333,-125.86826,Columbia River,60.000417,0,0,5
CalCurCEAS_002,2024-08-27 07:00:00,45.4124,-125.87653,Columbia River,60.000375,0,0,2
CalCurCEAS_002,2024-08-27 07:59:59,45.41076333,-125.88391333,Columbia River,60.000292,0,0,4
CalCurCEAS_002,2024-08-27 09:00:00,45.40938,-125.89148,Columbia River,60.000458,0,0,3
CalCurCEAS_002,2024-08-27 10:00:00,45.40873667,-125.89902667,Columbia River,60.000417,0,0,3
CalCurCEAS_002,2024-08-27 10:59:59,45.40897,-125.90478,Columbia River,60.000458,0,0,0
CalCurCEAS_002,2024-08-27 12:00:00,45.40909333,-125.91164333,Columbia River,25.708583,0,0,0
CalCurCEAS_004,2024-08-21 04:00:00,45.91847667,-127.67719333,Columbia River,58.000375,0,0,0
CalCurCEAS_004,2024-08-21 04:59:59,45.91653333,-127.67658667,Columbia River,60.000375,0,0,0
CalCurCEAS_004,2024-08-21 06:00:00,45.91425333,-127.67805667,Columbia River,60.0005,0,0,0
CalCurCEAS_004,2024-08-21 07:00:00,45.91215667,-127.6806,Columbia River,60.000542,0,0,0
CalCurCEAS_004,2024-08-21 07:59:59,45.90982,-127.68393,Columbia River,60.000292,0,0,1
CalCurCEAS_004,2024-08-21 09:00:00,45.90636667,-127.68739333,Columbia River,60.000458,0,0,0
CalCurCEAS_004,2024-08-21 10:00:00,45.90205,-127.69065,Columbia River,60.000375,0,0,1
CalCurCEAS_004,2024-08-21 10:59:59,45.89738,-127.69514333,Columbia River,60.000333,0,0,0
CalCurCEAS_004,2024-08-21 12:00:00,45.89278667,-127.70077,Columbia River,60.0005,0,0,6
CalCurCEAS_004,2024-08-21 13:00:00,45.8904,-127.70576,Columbia River,60.000417,0,0,12
CalCurCEAS_004,2024-08-21 13:59:59,45.88876333,-127.70875,Columbia River,60.000458,0,0,9
CalCurCEAS_004,2024-08-21 15:00:00,45.88799,-127.71035,Columbia River,60.000292,0,0,6
CalCurCEAS_004,2024-08-21 16:00:00,45.88728667,-127.71118333,Columbia River,60.000583,0,0,1
CalCurCEAS_004,2024-08-21 16:59:59,45.88642667,-127.71136667,Columbia River,60.000458,0,0,11
CalCurCEAS_004,2024-08-21 18:00:00,45.88594333,-127.71103333,Columbia River,60.000292,0,0,12
CalCurCEAS_004,2024-08-21 19:00:00,45.88524,-127.71000333,Columbia River,60.000458,0,0,5
CalCurCEAS_004,2024-08-21 19:59:59,45.88258667,-127.70944667,Columbia River,60.000333,0,0,4
CalCurCEAS_004,2024-08-21 21:00:00,45.87926333,-127.71015,Columbia River,60.000417,0,0,3
CalCurCEAS_004,2024-08-21 22:00:00,45.87467333,-127.71246667,Columbia River,60.000417,0,0,1
CalCurCEAS_004,2024-08-21 22:59:59,45.86961667,-127.71471,Columbia River,60.000333,0,0,1
CalCurCEAS_004,2024-08-22 00:00:00,45.86469667,-127.71684,Columbia River,60.000333,0,0,4
CalCurCEAS_004,2024-08-22 01:00:00,45.85873,-127.72027667,Columbia River,60.000333,0,0,2
CalCurCEAS_004,2024-08-22 01:59:59,45.85380333,-127.72440667,Columbia River,60.000458,0,0,1
CalCurCEAS_004,2024-08-22 03:00:00,45.85020667,-127.7283,Columbia River,60.000458,0,0,6
CalCurCEAS_004,2024-08-22 04:00:00,45.84771,-127.73213,Columbia River,59.98725,0,0,6
CalCurCEAS_004,2024-08-22 04:59:59,45.84599,-127.73491333,Columbia River,60.000417,0,0,4
CalCurCEAS_004,2024-08-22 06:00:00,45.84460333,-127.73638,Columbia River,60.000292,0,0,13
CalCurCEAS_004,2024-08-22 07:00:00,45.84359333,-127.73756,Columbia River,60.000625,0,0,3
CalCurCEAS_004,2024-08-22 07:59:59,45.84248,-127.74089667,Columbia River,60.000417,0,0,0
CalCurCEAS_004,2024-08-22 09:00:00,45.84206,-127.74424667,Columbia River,22.608458,0,0,0
CalCurCEAS_004,2024-08-23 00:00:00,45.80482333,-127.77111333,Columbia River,52.991917,0,0,0
CalCurCEAS_004,2024-08-23 01:00:00,45.80402333,-127.77618,Columbia River,60.000417,0,0,0
CalCurCEAS_004,2024-08-23 01:59:59,45.80459,-127.77897667,Columbia River,60.000292,0,0,0
CalCurCEAS_004,2024-08-23 03:00:00,45.80423,-127.78019,Columbia River,60.000333,0,0,1
CalCurCEAS_004,2024-08-23 04:00:00,45.80353333,-127.78073667,Columbia River,60.000458,0,0,2
CalCurCEAS_004,2024-08-23 04:59:59,45.80341667,-127.77997333,Columbia River,60.0005,0,0,0
CalCurCEAS_004,2024-08-23 06:00:00,45.80275,-127.77840667,Columbia River,60.000375,0,0,4
CalCurCEAS_004,2024-08-23 07:00:00,45.80133,-127.77574,Columbia River,60.000417,0,0,1
CalCurCEAS_004,2024-08-23 07:59:59,45.798515,-127.77466,Columbia River,60.0005,0,0,4
CalCurCEAS_004,2024-08-23 09:00:00,45.79478,-127.77638667,Columbia River,60.000542,0,0,1
CalCurCEAS_004,2024-08-23 10:00:00,45.79141667,-127.78029333,Columbia River,60.0005,0,0,4
CalCurCEAS_004,2024-08-23 10:59:59,45.78776333,-127.78572333,Columbia River,60.000375,0,2,11
CalCurCEAS_004,2024-08-23 12:00:00,45.78493,-127.79174667,Columbia River,60.000333,0,1,8
CalCurCEAS_004,2024-08-23 13:00:00,45.78263667,-127.79709333,Columbia River,60.000333,0,0,30
CalCurCEAS_004,2024-08-23 13:59:59,45.78185333,-127.80183667,Columbia River,59.983833,0,0,73
CalCurCEAS_004,2024-08-23 15:00:00,45.78161333,-127.80464667,Columbia River,60.000208,0,0,54
CalCurCEAS_004,2024-08-23 16:00:00,45.78037,-127.80649333,Columbia River,60.000417,0,0,45
CalCurCEAS_004,2024-08-23 16:59:59,45.77815,-127.80829333,Columbia River,60.000417,0,0,6
CalCurCEAS_004,2024-08-23 18:00:00,45.77695,-127.80999333,Columbia River,60.000208,0,0,2
CalCurCEAS_004,2024-08-23 19:00:00,45.77677333,-127.81183333,Columbia River,60.000375,0,0,1
CalCurCEAS_004,2024-08-23 19:59:59,45.77684333,-127.81335667,Columbia River,60.000417,0,0,0
CalCurCEAS_004,2024-08-23 21:00:00,45.77575333,-127.81585333,Columbia River,60.000417,0,0,1
CalCurCEAS_004,2024-08-23 22:00:00,45.77463,-127.81805,Columbia River,60.000333,0,0,5
CalCurCEAS_004,2024-08-23 22:59:59,45.77272,-127.82049,Columbia River,60.000458,0,0,2
CalCurCEAS_004,2024-08-24 00:00:00,45.77202667,-127.82228667,Columbia River,60.00025,0,0,4
CalCurCEAS_004,2024-08-24 01:00:00,45.76997333,-127.82339,Columbia River,60.000583,0,0,4
CalCurCEAS_004,2024-08-24 01:59:59,45.76760667,-127.82431333,Columbia River,60.000292,0,0,0
CalCurCEAS_004,2024-08-24 03:00:00,45.76361333,-127.82557333,Columbia River,60.000417,0,0,1
CalCurCEAS_004,2024-08-24 04:00:00,45.759405,-127.82814,Columbia River,60.000333,0,0,1
CalCurCEAS_004,2024-08-24 04:59:59,45.75523667,-127.83129667,Columbia River,60.000292,0,0,0
CalCurCEAS_004,2024-08-24 06:00:00,45.75179333,-127.83475,Columbia River,60.000458,0,0,1
CalCurCEAS_004,2024-08-24 07:00:00,45.75117333,-127.83793,Columbia River,60.000542,0,0,0
CalCurCEAS_004,2024-08-24 07:59:59,45.75128,-127.84010667,Columbia River,60.0005,0,0,0
CalCurCEAS_004,2024-08-24 09:00:00,45.75048,-127.84253333,Columbia River,60.000542,0,0,2
CalCurCEAS_004,2024-08-24 10:00:00,45.74917,-127.84575333,Columbia River,60.000417,0,0,1
CalCurCEAS_004,2024-08-24 10:59:59,45.74798667,-127.84921667,Columbia River,60.000458,0,0,7
CalCurCEAS_004,2024-08-24 12:00:00,45.74679333,-127.85304333,Columbia River,60.000458,0,0,7
CalCurCEAS_004,2024-08-24 13:00:00,45.74634667,-127.85458333,Columbia River,60.000417,0,0,2
CalCurCEAS_004,2024-08-24 13:59:59,45.74600667,-127.85462333,Columbia River,60.000292,0,0,0
CalCurCEAS_004,2024-08-24 15:00:00,45.74386667,-127.85484,Columbia River,60.000458,0,0,0
CalCurCEAS_004,2024-08-24 16:00:00,45.74196667,-127.85561,Columbia River,60.000333,0,0,18
CalCurCEAS_004,2024-08-24 16:59:59,45.74032,-127.85597,Columbia River,60.000542,0,0,8
CalCurCEAS_004,2024-08-24 18:00:00,45.73803667,-127.85609333,Columbia River,60.000333,0,0,39
CalCurCEAS_004,2024-08-24 19:00:00,45.73475,-127.85633667,Columbia River,60.000375,0,0,3
CalCurCEAS_004,2024-08-24 19:59:59,45.73132,-127.85677333,Columbia River,60.000333,0,0,1
CalCurCEAS_004,2024-08-24 21:00:00,45.72761333,-127.85839667,Columbia River,60.0005,0,0,3
CalCurCEAS_004,2024-08-24 22:00:00,45.72418333,-127.86347667,Columbia River,60.000542,0,0,0
CalCurCEAS_004,2024-08-24 22:59:59,45.72186333,-127.86956333,Columbia River,60.000375,0,0,14
CalCurCEAS_004,2024-08-25 00:00:00,45.72135,-127.87601333,Columbia River,60.000458,0,0,0
CalCurCEAS_004,2024-08-25 01:00:00,45.72212667,-127.88126667,Columbia River,60.000417,0,0,7
CalCurCEAS_004,2024-08-25 01:59:59,45.72372,-127.88396667,Columbia River,60.000458,0,0,0
CalCurCEAS_004,2024-08-25 03:00:00,45.72392667,-127.88639333,Columbia River,60.00025,0,0,1
CalCurCEAS_004,2024-08-25 04:00:00,45.72349,-127.88703,Columbia River,60.000458,0,0,19
CalCurCEAS_004,2024-08-25 04:59:59,45.72218667,-127.88646,Columbia River,60.000333,0,0,2
CalCurCEAS_004,2024-08-25 06:00:00,45.72023667,-127.88513667,Columbia River,60.000375,0,0,0
CalCurCEAS_004,2024-08-25 07:00:00,45.71861,-127.88332667,Columbia River,60.0005,0,0,7
CalCurCEAS_004,2024-08-25 07:59:59,45.71559333,-127.88290667,Columbia River,60.000292,0,0,0
CalCurCEAS_004,2024-08-25 09:00:00,45.710505,-127.883905,Columbia River,60.000542,0,0,0
CalCurCEAS_004,2024-08-25 10:00:00,45.706175,-127.88659,Columbia River,60.0005,0,0,0
CalCurCEAS_004,2024-08-25 10:59:59,45.70280333,-127.88902,Columbia River,60.000375,0,0,0
CalCurCEAS_004,2024-08-25 12:00:00,45.700135,-127.89277,Columbia River,60.000417,0,0,2
CalCurCEAS_004,2024-08-25 13:00:00,45.69937,-127.89705,Columbia River,60.000167,0,0,0
CalCurCEAS_004,2024-08-25 13:59:59,45.69831,-127.902175,Columbia River,60.000375,0,0,0
CalCurCEAS_004,2024-08-25 15:00:00,45.6976,-127.90803667,Columbia River,60.0005,0,0,0
CalCurCEAS_004,2024-08-25 16:00:00,45.69759333,-127.912,Columbia River,60.000292,0,0,0
CalCurCEAS_004,2024-08-25 16:59:59,45.69745,-127.91377667,Columbia River,60.000375,0,0,0
CalCurCEAS_004,2024-08-25 18:00:00,45.69672667,-127.91393,Columbia River,60.0005,0,0,1
CalCurCEAS_004,2024-08-25 19:00:00,45.696145,-127.91382,Columbia River,60.000292,0,0,0
CalCurCEAS_004,2024-08-25 19:59:59,45.69527,-127.91385,Columbia River,60.000417,0,0,0
CalCurCEAS_004,2024-08-25 21:00:00,45.69434,-127.91555,Columbia River,60.000417,0,0,0
CalCurCEAS_004,2024-08-25 22:00:00,45.69317333,-127.9183,Columbia River,60.000292,0,0,1
CalCurCEAS_004,2024-08-25 22:59:59,45.69122333,-127.92094667,Columbia River,60.0005,0,0,0
CalCurCEAS_004,2024-08-26 00:00:00,45.68983,-127.92272333,Columbia River,60.000375,0,0,2
CalCurCEAS_004,2024-08-26 01:00:00,45.68978,-127.92472667,Columbia River,60.000375,0,0,1
CalCurCEAS_004,2024-08-26 01:59:59,45.69010667,-127.92674667,Columbia River,60.0005,0,0,10
CalCurCEAS_004,2024-08-26 03:00:00,45.68853333,-127.92865667,Columbia River,60.000417,0,0,4
CalCurCEAS_004,2024-08-26 04:00:00,45.68629333,-127.93037333,Columbia River,60.000292,0,0,3
CalCurCEAS_004,2024-08-26 04:59:59,45.68262,-127.93088333,Columbia River,60.000375,0,0,17
CalCurCEAS_004,2024-08-26 06:00:00,45.67851,-127.93165,Columbia River,60.000375,0,0,17
CalCurCEAS_004,2024-08-26 07:00:00,45.67478333,-127.93303333,Columbia River,60.000458,0,0,10
CalCurCEAS_004,2024-08-26 07:59:59,45.67093667,-127.93532333,Columbia River,60.000542,0,0,9
CalCurCEAS_004,2024-08-26 09:00:00,45.66724,-127.94061667,Columbia River,60.0005,0,0,4
CalCurCEAS_004,2024-08-26 10:00:00,45.66546333,-127.94756,Columbia River,60.000542,0,0,3
CalCurCEAS_004,2024-08-26 10:59:59,45.66644333,-127.95257,Columbia River,60.000375,0,0,4
CalCurCEAS_004,2024-08-26 12:00:00,45.66818667,-127.95348,Columbia River,60.000333,0,0,3
CalCurCEAS_004,2024-08-26 13:00:00,45.67033667,-127.95429333,Columbia River,60.000667,0,1,6
CalCurCEAS_004,2024-08-26 13:59:59,45.67304333,-127.95499,Columbia River,60.000417,0,0,3
CalCurCEAS_004,2024-08-26 15:00:00,45.67459333,-127.95383333,Columbia River,60.000333,0,0,1
CalCurCEAS_004,2024-08-26 16:00:00,45.67508667,-127.95161,Columbia River,60.000333,0,0,6
CalCurCEAS_004,2024-08-26 16:59:59,45.67415333,-127.94822333,Columbia River,60.000292,0,0,3
CalCurCEAS_004,2024-08-26 18:00:00,45.6709,-127.94506667,Columbia River,59.981042,0,0,0
CalCurCEAS_004,2024-08-26 19:00:00,45.66622667,-127.94423333,Columbia River,60.000333,0,0,1
CalCurCEAS_004,2024-08-26 19:59:59,45.66122667,-127.94530667,Columbia River,60.000333,0,0,1
CalCurCEAS_004,2024-08-26 21:00:00,45.65638333,-127.94825667,Columbia River,60.000417,0,1,1
CalCurCEAS_004,2024-08-26 22:00:00,45.65293,-127.95307333,Columbia River,60.0005,0,0,2
CalCurCEAS_004,2024-08-26 22:59:59,45.65128333,-127.95809333,Columbia River,60.0005,0,0,0
CalCurCEAS_004,2024-08-27 00:00:00,45.65168,-127.96357333,Columbia River,60.000375,0,0,19
CalCurCEAS_004,2024-08-27 01:00:00,45.65287667,-127.96717667,Columbia River,59.979583,0,0,1
CalCurCEAS_004,2024-08-27 01:59:59,45.65360333,-127.96955667,Columbia River,60.000458,0,0,2
CalCurCEAS_004,2024-08-27 03:00:00,45.65271333,-127.97067,Columbia River,60.000417,0,0,7
CalCurCEAS_004,2024-08-27 04:00:00,45.64940333,-127.97148667,Columbia River,59.983708,0,0,2
CalCurCEAS_004,2024-08-27 04:59:59,45.64479,-127.97293,Columbia River,60.000417,0,0,0
CalCurCEAS_004,2024-08-27 06:00:00,45.640505,-127.9741,Columbia River,60.000542,0,0,0
CalCurCEAS_004,2024-08-27 07:00:00,45.635775,-127.975265,Columbia River,60.000375,0,0,1
CalCurCEAS_004,2024-08-27 07:59:59,45.628715,-127.977625,Columbia River,60.000375,0,0,0
CalCurCEAS_004,2024-08-27 09:00:00,45.62198,-127.98242,Columbia River,60.0005,0,0,0
CalCurCEAS_004,2024-08-27 10:00:00,45.616995,-127.98868,Columbia River,60.00025,0,0,1
CalCurCEAS_004,2024-08-27 10:59:59,45.614235,-127.99485,Columbia River,60.000417,0,0,1
CalCurCEAS_004,2024-08-27 12:00:00,45.614485,-128.00006,Columbia River,60.000417,0,0,8
CalCurCEAS_004,2024-08-27 13:00:00,45.61557,-128.004325,Columbia River,60.000333,0,0,6
CalCurCEAS_004,2024-08-27 13:59:59,45.61668,-128.00698,Columbia River,60.000375,0,0,4
CalCurCEAS_004,2024-08-27 15:00:00,45.61652,-128.00873,Columbia River,60.000333,0,0,0
CalCurCEAS_004,2024-08-27 16:00:00,45.615675,-128.00912,Columbia River,60.000375,0,0,0
CalCurCEAS_004,2024-08-27 16:59:59,45.61386,-128.0099,Columbia River,60.000417,0,0,0
CalCurCEAS_004,2024-08-27 18:00:00,45.61086,-128.010785,Columbia River,60.000333,0,0,0
CalCurCEAS_004,2024-08-27 19:00:00,45.606875,-128.010725,Columbia River,60.000167,0,0,1
CalCurCEAS_004,2024-08-27 19:59:59,45.60181,-128.01186,Columbia River,60.000375,0,0,0
CalCurCEAS_004,2024-08-27 21:00:00,45.597225,-128.014295,Columbia River,60.000542,0,0,0
CalCurCEAS_004,2024-08-27 22:00:00,45.591915,-128.020095,Columbia River,60.000375,0,0,0
CalCurCEAS_004,2024-08-27 22:59:59,45.5886,-128.026265,Columbia River,60.000417,0,0,0
CalCurCEAS_004,2024-08-28 00:00:00,45.58735,-128.031875,Columbia River,60.0005,0,0,0
CalCurCEAS_004,2024-08-28 01:00:00,45.58697,-128.038055,Columbia River,60.000417,0,0,0
CalCurCEAS_004,2024-08-28 01:59:59,45.58734,-128.04407,Columbia River,58.000333,0,0,0
CalCurCEAS_006,2024-08-23 00:00:00,44.81388,-128.041125,Oregon,10.0,0,0,0
CalCurCEAS_006,2024-08-23 01:00:00,44.81377,-128.04028,Oregon,60.0005,0,0,0
CalCurCEAS_006,2024-08-23 01:59:59,44.81398667,-128.03857,Oregon,60.00025,0,0,0
CalCurCEAS_006,2024-08-23 03:00:00,44.81371667,-128.03609,Oregon,60.00025,0,0,0
CalCurCEAS_006,2024-08-23 04:00:00,44.81357667,-128.03351,Oregon,60.000208,0,0,1
CalCurCEAS_006,2024-08-23 04:59:59,44.81382,-128.03079,Oregon,60.000417,0,0,0
CalCurCEAS_006,2024-08-23 06:00:00,44.81420667,-128.02823,Oregon,60.000542,0,0,0
CalCurCEAS_006,2024-08-23 07:00:00,44.81433,-128.02533333,Oregon,60.000458,0,0,0
CalCurCEAS_006,2024-08-23 07:59:59,44.81432,-128.02214,Oregon,60.000375,0,0,0
CalCurCEAS_006,2024-08-23 09:00:00,44.8142,-128.01945,Oregon,60.000208,0,1,0
CalCurCEAS_006,2024-08-23 10:00:00,44.81338667,-128.01745667,Oregon,60.000458,0,0,0
CalCurCEAS_006,2024-08-23 10:59:59,44.81164,-128.01640333,Oregon,60.000375,0,1,10
CalCurCEAS_006,2024-08-23 12:00:00,44.80834667,-128.01647667,Oregon,60.000458,0,0,2
CalCurCEAS_006,2024-08-23 13:00:00,44.80518,-128.01769,Oregon,60.000292,0,0,5
CalCurCEAS_006,2024-08-23 13:59:59,44.80332333,-128.01850667,Oregon,60.000333,0,0,0
CalCurCEAS_006,2024-08-23 15:00:00,44.80139333,-128.01824667,Oregon,60.000458,0,0,1
CalCurCEAS_006,2024-08-23 16:00:00,44.79922,-128.01805667,Oregon,60.0005,0,2,1
CalCurCEAS_006,2024-08-23 16:59:59,44.79836333,-128.01837333,Oregon,60.000333,0,0,0
CalCurCEAS_006,2024-08-23 18:00:00,44.79858,-128.01948333,Oregon,60.000333,0,0,0
CalCurCEAS_006,2024-08-23 19:00:00,44.80021333,-128.02062667,Oregon,60.0005,0,0,0
CalCurCEAS_006,2024-08-23 19:59:59,44.80337,-128.01918,Oregon,60.000417,0,0,0
CalCurCEAS_006,2024-08-23 21:00:00,44.80525333,-128.01570667,Oregon,60.000333,0,0,0
CalCurCEAS_006,2024-08-23 22:00:00,44.80618,-128.01229,Oregon,60.000292,0,0,0
CalCurCEAS_006,2024-08-23 22:59:59,44.80605333,-128.00945,Oregon,60.000375,0,0,0
CalCurCEAS_006,2024-08-24 00:00:00,44.80504,-128.00728,Oregon,60.00025,0,0,0
CalCurCEAS_006,2024-08-24 01:00:00,44.80224667,-128.00438667,Oregon,60.000417,0,0,0
CalCurCEAS_006,2024-08-24 01:59:59,44.79904,-128.00196333,Oregon,60.000458,0,0,1
CalCurCEAS_006,2024-08-24 03:00:00,44.79551333,-128.00028333,Oregon,60.000333,0,0,3
CalCurCEAS_006,2024-08-24 04:00:00,44.79225667,-127.99840333,Oregon,60.0005,0,0,2
CalCurCEAS_006,2024-08-24 04:59:59,44.78982333,-127.99707333,Oregon,60.0005,0,0,0
CalCurCEAS_006,2024-08-24 06:00:00,44.78808,-127.99723,Oregon,60.000417,0,0,0
CalCurCEAS_006,2024-08-24 07:00:00,44.78720333,-127.99807667,Oregon,60.000375,1,0,0
CalCurCEAS_006,2024-08-24 07:59:59,44.78832,-127.99832667,Oregon,60.000458,0,0,3
CalCurCEAS_006,2024-08-24 09:00:00,44.78859,-127.99645,Oregon,60.000417,0,0,4
CalCurCEAS_006,2024-08-24 10:00:00,44.7886,-127.9945,Oregon,60.000417,0,0,72
CalCurCEAS_006,2024-08-24 10:59:59,44.78848333,-127.99371333,Oregon,60.000458,0,0,35
CalCurCEAS_006,2024-08-24 12:00:00,44.78908333,-127.99166667,Oregon,60.000375,0,0,20
CalCurCEAS_006,2024-08-24 13:00:00,44.78933,-127.98880333,Oregon,60.000375,0,0,10
CalCurCEAS_006,2024-08-24 13:59:59,44.78822667,-127.98564667,Oregon,60.000375,0,0,0
CalCurCEAS_006,2024-08-24 15:00:00,44.78713333,-127.98315,Oregon,60.000375,0,0,2
CalCurCEAS_006,2024-08-24 16:00:00,44.78646,-127.98091333,Oregon,60.000292,0,0,0
CalCurCEAS_006,2024-08-24 16:59:59,44.78636333,-127.97723667,Oregon,60.000583,0,0,8
CalCurCEAS_006,2024-08-24 18:00:00,44.78583,-127.97216333,Oregon,60.000292,0,0,2
CalCurCEAS_006,2024-08-24 19:00:00,44.78505,-127.96792333,Oregon,60.000417,0,0,20
CalCurCEAS_006,2024-08-24 19:59:59,44.78373333,-127.96586333,Oregon,60.000458,0,0,1
CalCurCEAS_006,2024-08-24 21:00:00,44.78172,-127.96402667,Oregon,60.000417,0,0,1
CalCurCEAS_006,2024-08-24 22:00:00,44.77929333,-127.96331,Oregon,60.000292,0,0,11
CalCurCEAS_006,2024-08-24 22:59:59,44.77724667,-127.96450333,Oregon,60.000417,0,1,6
CalCurCEAS_006,2024-08-25 00:00:00,44.77652667,-127.96654,Oregon,60.000333,0,1,2
CalCurCEAS_006,2024-08-25 01:00:00,44.77580333,-127.96802,Oregon,60.000458,0,0,2
CalCurCEAS_006,2024-08-25 01:59:59,44.77494333,-127.96783667,Oregon,60.000417,0,0,30
CalCurCEAS_006,2024-08-25 03:00:00,44.77513,-127.96709333,Oregon,60.000375,0,0,11
CalCurCEAS_006,2024-08-25 04:00:00,44.77529,-127.96702667,Oregon,60.000458,0,0,94
CalCurCEAS_006,2024-08-25 04:59:59,44.77585667,-127.96446333,Oregon,60.000375,0,0,71
CalCurCEAS_006,2024-08-25 06:00:00,44.77642667,-127.96031667,Oregon,60.000417,0,0,5
CalCurCEAS_006,2024-08-25 07:00:00,44.77722333,-127.95492333,Oregon,60.000208,0,0,0
CalCurCEAS_006,2024-08-25 07:59:59,44.77722,-127.94973667,Oregon,60.000458,0,0,2
CalCurCEAS_006,2024-08-25 09:00:00,44.7768,-127.94619667,Oregon,60.000375,0,0,4
CalCurCEAS_006,2024-08-25 10:00:00,44.77520667,-127.94355,Oregon,60.000292,0,0,8
CalCurCEAS_006,2024-08-25 10:59:59,44.77254,-127.94134667,Oregon,60.000333,0,0,0
CalCurCEAS_006,2024-08-25 12:00:00,44.77110667,-127.93985667,Oregon,60.000417,0,0,3
CalCurCEAS_006,2024-08-25 13:00:00,44.77019667,-127.93891,Oregon,60.000417,0,0,6
CalCurCEAS_006,2024-08-25 13:59:59,44.76875333,-127.93883,Oregon,59.983917,0,0,0
CalCurCEAS_006,2024-08-25 15:00:00,44.76742667,-127.93882667,Oregon,60.000417,0,0,23
CalCurCEAS_006,2024-08-25 16:00:00,44.76527333,-127.93967,Oregon,60.000417,0,0,9
CalCurCEAS_006,2024-08-25 16:59:59,44.76388667,-127.94033667,Oregon,60.000458,0,0,0
CalCurCEAS_006,2024-08-25 18:00:00,44.76393333,-127.94077333,Oregon,60.000458,0,0,4
CalCurCEAS_006,2024-08-25 19:00:00,44.76506333,-127.93942,Oregon,60.000292,0,0,3
CalCurCEAS_006,2024-08-25 19:59:59,44.76609667,-127.93777667,Oregon,60.000375,0,4,2
CalCurCEAS_006,2024-08-25 21:00:00,44.76795667,-127.93649333,Oregon,60.000375,0,0,0
CalCurCEAS_006,2024-08-25 22:00:00,44.77003667,-127.93479333,Oregon,60.000417,0,0,0
CalCurCEAS_006,2024-08-25 22:59:59,44.77166333,-127.93282667,Oregon,60.000375,0,0,0
CalCurCEAS_006,2024-08-26 00:00:00,44.77208667,-127.93098667,Oregon,60.0005,0,0,0
CalCurCEAS_006,2024-08-26 01:00:00,44.77234667,-127.92958667,Oregon,60.000375,0,1,0
CalCurCEAS_006,2024-08-26 01:59:59,44.77234667,-127.92838333,Oregon,60.000458,0,0,0
CalCurCEAS_006,2024-08-26 03:00:00,44.77271,-127.92621333,Oregon,60.000417,0,0,0
CalCurCEAS_006,2024-08-26 04:00:00,44.77298667,-127.92288333,Oregon,60.000292,0,0,0
CalCurCEAS_006,2024-08-26 04:59:59,44.77186333,-127.91875667,Oregon,60.000375,0,0,1
CalCurCEAS_006,2024-08-26 06:00:00,44.76956667,-127.91519667,Oregon,60.000458,0,0,0
CalCurCEAS_006,2024-08-26 07:00:00,44.76739667,-127.91287,Oregon,60.000375,0,2,0
CalCurCEAS_006,2024-08-26 07:59:59,44.76601333,-127.91153667,Oregon,60.000292,0,0,0
CalCurCEAS_006,2024-08-26 09:00:00,44.76597333,-127.91034,Oregon,60.000333,0,0,1
CalCurCEAS_006,2024-08-26 10:00:00,44.76528333,-127.90977333,Oregon,60.000458,0,0,0
CalCurCEAS_006,2024-08-26 10:59:59,44.76356333,-127.90960333,Oregon,60.00025,0,1,0
CalCurCEAS_006,2024-08-26 12:00:00,44.76231333,-127.90972667,Oregon,60.000375,0,0,0
CalCurCEAS_006,2024-08-26 13:00:00,44.76184333,-127.90926,Oregon,60.00025,0,0,0
CalCurCEAS_006,2024-08-26 13:59:59,44.76333,-127.90869667,Oregon,60.000417,0,0,0
CalCurCEAS_006,2024-08-26 15:00:00,44.76537667,-127.90838667,Oregon,60.000333,0,0,6
CalCurCEAS_006,2024-08-26 16:00:00,44.76752,-127.90613333,Oregon,60.000417,0,0,5
CalCurCEAS_006,2024-08-26 16:59:59,44.76938333,-127.90231333,Oregon,60.000375,0,0,3
CalCurCEAS_006,2024-08-26 18:00:00,44.77080333,-127.89735667,Oregon,60.000333,0,0,0
CalCurCEAS_006,2024-08-26 19:00:00,44.7722775,-127.89155,Oregon,60.0005,0,0,0
CalCurCEAS_006,2024-08-26 19:59:59,44.77445667,-127.88467333,Oregon,60.000417,0,0,28
CalCurCEAS_006,2024-08-26 21:00:00,44.77534333,-127.87839,Oregon,60.000333,0,0,44
CalCurCEAS_006,2024-08-26 22:00:00,44.77482,-127.873355,Oregon,60.000333,0,0,6
CalCurCEAS_006,2024-08-26 22:59:59,44.7726725,-127.8683625,Oregon,60.000333,0,0,10
CalCurCEAS_006,2024-08-27 00:00:00,44.76915333,-127.86504,Oregon,60.000375,0,0,0
CalCurCEAS_006,2024-08-27 01:00:00,44.76623,-127.864065,Oregon,60.000375,0,0,0
CalCurCEAS_006,2024-08-27 01:59:59,44.76488333,-127.86322667,Oregon,60.000417,0,0,1
CalCurCEAS_006,2024-08-27 03:00:00,44.7632575,-127.8633225,Oregon,60.000542,0,0,1
CalCurCEAS_006,2024-08-27 04:00:00,44.76144,-127.863265,Oregon,60.0005,0,0,0
CalCurCEAS_006,2024-08-27 04:59:59,44.76125,-127.86113667,Oregon,60.000292,0,1,0
CalCurCEAS_006,2024-08-27 06:00:00,44.75939667,-127.85748333,Oregon,60.000417,0,0,1
CalCurCEAS_006,2024-08-27 07:00:00,44.75661,-127.85547,Oregon,60.000333,0,0,0
CalCurCEAS_006,2024-08-27 07:59:59,44.75396333,-127.85468,Oregon,60.000333,0,0,0
CalCurCEAS_006,2024-08-27 09:00:00,44.75248,-127.85377333,Oregon,60.000417,0,0,0
CalCurCEAS_006,2024-08-27 10:00:00,44.75161,-127.85318333,Oregon,60.000417,0,0,0
CalCurCEAS_006,2024-08-27 10:59:59,44.75050333,-127.85391,Oregon,60.000417,0,0,0
CalCurCEAS_006,2024-08-27 12:00:00,44.74930333,-127.85485333,Oregon,60.000417,0,0,0
CalCurCEAS_006,2024-08-27 13:00:00,44.74972667,-127.8553,Oregon,60.000333,0,0,0
CalCurCEAS_006,2024-08-27 13:59:59,44.75126667,-127.85396,Oregon,60.000292,0,0,0
CalCurCEAS_006,2024-08-27 15:00:00,44.75240333,-127.85144,Oregon,60.000417,0,0,0
CalCurCEAS_006,2024-08-27 16:00:00,44.75301667,-127.84943333,Oregon,60.000375,0,1,0
CalCurCEAS_006,2024-08-27 16:59:59,44.75364667,-127.84711,Oregon,60.000417,0,0,0
CalCurCEAS_006,2024-08-27 18:00:00,44.75375,-127.84266333,Oregon,60.000208,0,0,1
CalCurCEAS_006,2024-08-27 19:00:00,44.75351667,-127.83746667,Oregon,60.000333,0,0,0
CalCurCEAS_006,2024-08-27 19:59:59,44.75285333,-127.83375333,Oregon,60.000458,0,0,0
CalCurCEAS_006,2024-08-27 21:00:00,44.75162,-127.830155,Oregon,60.000417,0,0,0
CalCurCEAS_006,2024-08-27 22:00:00,44.7502,-127.82842333,Oregon,60.0005,0,0,0
CalCurCEAS_006,2024-08-27 22:59:59,44.74871,-127.82846,Oregon,60.000542,0,0,0
CalCurCEAS_006,2024-08-28 00:00:00,44.74632,-127.83039333,Oregon,60.000458,0,0,0
CalCurCEAS_006,2024-08-28 01:00:00,44.74431667,-127.83215333,Oregon,59.9785,0,0,0
CalCurCEAS_006,2024-08-28 01:59:59,44.74359,-127.83428,Oregon,60.0005,0,0,0
CalCurCEAS_006,2024-08-28 03:00:00,44.74438333,-127.83716667,Oregon,60.000417,0,0,0
CalCurCEAS_006,2024-08-28 04:00:00,44.74645,-127.84038333,Oregon,60.000458,0,0,0
CalCurCEAS_006,2024-08-28 04:59:59,44.74817333,-127.83971333,Oregon,60.000375,0,1,0
CalCurCEAS_006,2024-08-28 06:00:00,44.74865333,-127.83739,Oregon,60.000417,0,0,0
CalCurCEAS_006,2024-08-28 07:00:00,44.74853333,-127.83452333,Oregon,60.000375,0,0,0
CalCurCEAS_006,2024-08-28 07:59:59,44.74776667,-127.83096,Oregon,60.000542,0,0,0
CalCurCEAS_006,2024-08-28 09:00:00,44.74588,-127.82705,Oregon,60.000625,0,0,0
CalCurCEAS_006,2024-08-28 10:00:00,44.74415,-127.82418667,Oregon,60.0005,0,0,1
CalCurCEAS_006,2024-08-28 10:59:59,44.7425,-127.82215333,Oregon,60.000458,0,0,0
CalCurCEAS_006,2024-08-28 12:00:00,44.73891667,-127.82232,Oregon,60.000417,0,0,0
CalCurCEAS_006,2024-08-28 13:00:00,44.73476667,-127.82406667,Oregon,60.0005,0,0,0
CalCurCEAS_006,2024-08-28 13:59:59,44.73209333,-127.82547333,Oregon,60.000292,0,0,1
CalCurCEAS_006,2024-08-28 15:00:00,44.73068,-127.82708333,Oregon,60.000458,0,0,1
CalCurCEAS_006,2024-08-28 16:00:00,44.73056667,-127.82953,Oregon,60.000625,0,0,0
CalCurCEAS_006,2024-08-28 16:59:59,44.73055333,-127.83137667,Oregon,60.000292,0,0,0
CalCurCEAS_006,2024-08-28 18:00:00,44.73096,-127.83170667,Oregon,60.000292,0,0,0
CalCurCEAS_006,2024-08-28 19:00:00,44.731295,-127.830865,Oregon,60.000417,0,0,0
CalCurCEAS_006,2024-08-28 19:59:59,44.73063,-127.83017,Oregon,60.000375,0,0,2
CalCurCEAS_006,2024-08-28 21:00:00,44.72916,-127.83032333,Oregon,60.000375,0,0,1
CalCurCEAS_006,2024-08-28 22:00:00,44.72801,-127.83125,Oregon,60.000292,0,0,0
CalCurCEAS_006,2024-08-28 22:59:59,44.72772333,-127.83252667,Oregon,60.000375,0,0,0
CalCurCEAS_006,2024-08-29 00:00:00,44.72676667,-127.83363667,Oregon,60.000458,0,0,0
CalCurCEAS_006,2024-08-29 01:00:00,44.72551667,-127.83521667,Oregon,60.000375,0,0,0
CalCurCEAS_006,2024-08-29 01:59:59,44.72479333,-127.83805333,Oregon,60.000417,0,0,0
CalCurCEAS_006,2024-08-29 03:00:00,44.72606667,-127.83928333,Oregon,60.000292,0,0,2
CalCurCEAS_006,2024-08-29 04:00:00,44.72662667,-127.83962,Oregon,60.00025,0,0,1
CalCurCEAS_006,2024-08-29 04:59:59,44.72607,-127.83952333,Oregon,60.0005,0,0,1
CalCurCEAS_006,2024-08-29 06:00:00,44.72472,-127.83887667,Oregon,60.0005,0,0,0
CalCurCEAS_006,2024-08-29 07:00:00,44.72173667,-127.83695333,Oregon,59.983708,0,0,0
CalCurCEAS_006,2024-08-29 07:59:59,44.71801667,-127.83542333,Oregon,60.0005,0,0,0
CalCurCEAS_006,2024-08-29 09:00:00,44.71401667,-127.8369,Oregon,60.000417,0,0,0
CalCurCEAS_006,2024-08-29 10:00:00,44.71057,-127.84088,Oregon,60.000375,0,0,1
CalCurCEAS_006,2024-08-29 10:59:59,44.70776333,-127.84444,Oregon,60.000458,0,0,0
CalCurCEAS_006,2024-08-29 12:00:00,44.70549,-127.84871,Oregon,60.000333,0,0,1
CalCurCEAS_006,2024-08-29 13:00:00,44.70369,-127.85378667,Oregon,60.000292,0,0,1
CalCurCEAS_006,2024-08-29 13:59:59,44.70360333,-127.85965667,Oregon,60.000417,0,0,1
CalCurCEAS_006,2024-08-29 15:00:00,44.70604,-127.86486333,Oregon,60.000333,0,0,1
CalCurCEAS_006,2024-08-29 16:00:00,44.70899667,-127.86748667,Oregon,60.000292,0,0,0
CalCurCEAS_006,2024-08-29 16:59:59,44.71196333,-127.86782667,Oregon,60.000458,0,0,0
CalCurCEAS_006,2024-08-29 18:00:00,44.71347667,-127.86648,Oregon,60.00025,0,0,0
CalCurCEAS_006,2024-08-29 19:00:00,44.71412667,-127.86312667,Oregon,60.000292,0,0,0
CalCurCEAS_006,2024-08-29 19:59:59,44.71335667,-127.85953667,Oregon,60.000417,0,0,1
CalCurCEAS_006,2024-08-29 21:00:00,44.71058,-127.85687,Oregon,60.000542,0,0,0
CalCurCEAS_006,2024-08-29 22:00:00,44.7078,-127.856685,Oregon,60.000417,0,0,3
CalCurCEAS_006,2024-08-29 22:59:59,44.70424,-127.858015,Oregon,60.00025,0,0,0
CalCurCEAS_006,2024-08-30 00:00:00,44.70143,-127.861015,Oregon,60.000417,0,0,0
CalCurCEAS_006,2024-08-30 01:00:00,44.69795,-127.864625,Oregon,60.000333,0,0,1
CalCurCEAS_006,2024-08-30 01:59:59,44.69659,-127.86953,Oregon,60.000458,0,0,1
CalCurCEAS_006,2024-08-30 03:00:00,44.69608,-127.875185,Oregon,60.000333,0,0,0
CalCurCEAS_006,2024-08-30 04:00:00,44.69676,-127.88136,Oregon,60.000583,0,0,1
CalCurCEAS_006,2024-08-30 04:59:59,44.69848,-127.886095,Oregon,60.000292,0,0,1
CalCurCEAS_006,2024-08-30 06:00:00,44.70039,-127.89005,Oregon,60.000417,0,0,0
CalCurCEAS_006,2024-08-30 07:00:00,44.702055,-127.890305,Oregon,60.000375,0,0,0
CalCurCEAS_006,2024-08-30 07:59:59,44.702975,-127.88817,Oregon,60.000292,0,0,1
CalCurCEAS_006,2024-08-30 09:00:00,44.702355,-127.88633,Oregon,60.000458,0,0,0
CalCurCEAS_006,2024-08-30 10:00:00,44.7007,-127.884325,Oregon,60.000458,0,0,0
CalCurCEAS_006,2024-08-30 10:59:59,44.699225,-127.88255,Oregon,60.0005,0,0,0
CalCurCEAS_006,2024-08-30 12:00:00,44.695875,-127.880685,Oregon,60.000417,0,0,0
CalCurCEAS_006,2024-08-30 13:00:00,44.693465,-127.881395,Oregon,60.000375,0,0,0
CalCurCEAS_006,2024-08-30 13:59:59,44.69154,-127.882475,Oregon,60.000458,0,0,0
CalCurCEAS_006,2024-08-30 15:00:00,44.689385,-127.88362,Oregon,28.000125,0,0,1
CalCurCEAS_009,2024-09-14 13:59:59,43.41916,-126.96452,Oregon,53.983625,0,0,18
CalCurCEAS_009,2024-09-14 15:00:00,43.41098,-126.96002,Oregon,60.000417,0,0,7
CalCurCEAS_009,2024-09-14 16:00:00,43.404545,-126.95673,Oregon,60.000375,0,0,2
CalCurCEAS_009,2024-09-14 16:59:59,43.39738,-126.95269,Oregon,60.000333,0,0,10
CalCurCEAS_009,2024-09-14 18:00:00,43.39146,-126.9505,Oregon,60.000333,0,0,2
CalCurCEAS_009,2024-09-14 19:00:00,43.38561,-126.949715,Oregon,60.0005,0,0,1
CalCurCEAS_009,2024-09-14 19:59:59,43.380715,-126.9474,Oregon,60.000458,0,0,3
CalCurCEAS_009,2024-09-14 21:00:00,43.37622,-126.943525,Oregon,60.000292,0,0,0
CalCurCEAS_009,2024-09-14 22:00:00,43.37054,-126.93805,Oregon,60.000375,0,0,8
CalCurCEAS_009,2024-09-14 22:59:59,43.36717,-126.93331,Oregon,60.000375,1,0,3
CalCurCEAS_009,2024-09-15 00:00:00,43.36118,-126.924145,Oregon,60.000417,0,0,2
CalCurCEAS_009,2024-09-15 01:00:00,43.35498,-126.91526,Oregon,60.000458,0,0,47
CalCurCEAS_009,2024-09-15 01:59:59,43.34553,-126.90376,Oregon,60.000458,0,3,7
CalCurCEAS_009,2024-09-15 03:00:00,43.33767,-126.898085,Oregon,60.000458,0,0,66
CalCurCEAS_009,2024-09-15 04:00:00,43.328165,-126.892295,Oregon,60.000417,0,0,51
CalCurCEAS_009,2024-09-15 04:59:59,43.322545,-126.88985,Oregon,60.000417,0,0,29
CalCurCEAS_009,2024-09-15 06:00:00,43.310615,-126.886305,Oregon,60.000458,0,2,10
CalCurCEAS_009,2024-09-15 07:00:00,43.29871,-126.882595,Oregon,59.983708,0,0,2
CalCurCEAS_009,2024-09-15 07:59:59,43.28856,-126.88067,Oregon,60.000417,0,0,8
CalCurCEAS_009,2024-09-15 09:00:00,43.28143,-126.879935,Oregon,60.000542,0,0,3
CalCurCEAS_009,2024-09-15 10:00:00,43.27112,-126.879235,Oregon,60.000333,0,1,1
CalCurCEAS_009,2024-09-15 10:59:59,43.2614,-126.878595,Oregon,60.00025,0,1,2
CalCurCEAS_009,2024-09-15 12:00:00,43.251475,-126.87648,Oregon,60.000375,0,0,5
CalCurCEAS_009,2024-09-15 13:00:00,43.24459,-126.87297,Oregon,60.000458,0,0,6
CalCurCEAS_009,2024-09-15 13:59:59,43.239335,-126.86829,Oregon,60.000417,0,0,17
CalCurCEAS_009,2024-09-15 15:00:00,43.23239,-126.86192,Oregon,60.000458,0,0,10
CalCurCEAS_009,2024-09-15 16:00:00,43.22647,-126.85699,Oregon,59.98,0,0,4
CalCurCEAS_009,2024-09-15 16:59:59,43.218085,-126.852545,Oregon,60.000417,0,0,7
CalCurCEAS_009,2024-09-15 18:00:00,43.20571,-126.849615,Oregon,60.000292,0,1,0
CalCurCEAS_009,2024-09-15 19:00:00,43.19512,-126.84729,Oregon,60.0005,0,2,6
CalCurCEAS_009,2024-09-15 19:59:59,43.18761,-126.8481,Oregon,60.000333,0,7,7
CalCurCEAS_009,2024-09-15 21:00:00,43.177825,-126.849475,Oregon,60.00025,0,16,2
CalCurCEAS_009,2024-09-15 22:00:00,43.16803,-126.85143,Oregon,60.000417,0,0,4
CalCurCEAS_009,2024-09-15 22:59:59,43.16161,-126.85189,Oregon,60.000292,0,0,2
CalCurCEAS_009,2024-09-16 00:00:00,43.15399,-126.85027,Oregon,60.000417,0,0,4
CalCurCEAS_009,2024-09-16 01:00:00,43.147245,-126.847955,Oregon,60.000375,0,4,2
CalCurCEAS_009,2024-09-16 01:59:59,43.137635,-126.844335,Oregon,60.000375,0,0,1
CalCurCEAS_009,2024-09-16 03:00:00,43.12974,-126.84203,Oregon,60.000417,0,0,3
CalCurCEAS_009,2024-09-16 04:00:00,43.1249,-126.84083,Oregon,60.000417,0,1,4
CalCurCEAS_009,2024-09-16 04:59:59,43.118685,-126.839905,Oregon,60.000292,0,1,2
CalCurCEAS_009,2024-09-16 06:00:00,43.105815,-126.838625,Oregon,60.000458,0,0,2
CalCurCEAS_009,2024-09-16 07:00:00,43.096625,-126.83938,Oregon,60.000375,0,0,2
CalCurCEAS_009,2024-09-16 07:59:59,43.085865,-126.84165,Oregon,60.000458,0,2,0
CalCurCEAS_009,2024-09-16 09:00:00,43.072855,-126.846545,Oregon,60.000417,0,4,2
CalCurCEAS_009,2024-09-16 10:00:00,43.06319,-126.85106,Oregon,60.00025,0,6,2
CalCurCEAS_009,2024-09-16 10:59:59,43.053315,-126.855055,Oregon,60.000375,0,9,13
CalCurCEAS_009,2024-09-16 12:00:00,43.04582,-126.85756,Oregon,60.0005,0,1,2
CalCurCEAS_009,2024-09-16 13:00:00,43.03555,-126.8587,Oregon,60.0005,0,3,20
CalCurCEAS_009,2024-09-16 13:59:59,43.02895,-126.859035,Oregon,60.000292,0,1,2
CalCurCEAS_009,2024-09-16 15:00:00,43.02231,-126.85907,Oregon,60.000333,0,7,7
CalCurCEAS_009,2024-09-16 16:00:00,43.017625,-126.859195,Oregon,60.000375,0,10,1
CalCurCEAS_009,2024-09-16 16:59:59,43.01298,-126.8593,Oregon,60.000375,0,7,1
CalCurCEAS_009,2024-09-16 18:00:00,43.009785,-126.859495,Oregon,60.000458,0,2,0
CalCurCEAS_009,2024-09-16 19:00:00,43.005645,-126.85929,Oregon,60.0005,0,1,0
CalCurCEAS_009,2024-09-16 19:59:59,43.000205,-126.857835,Oregon,60.000292,0,2,0
CalCurCEAS_009,2024-09-16 21:00:00,42.99278,-126.856855,Oregon,60.000417,0,15,17
CalCurCEAS_009,2024-09-16 22:00:00,42.98655,-126.85647,Oregon,60.000583,0,15,7
CalCurCEAS_009,2024-09-16 22:59:59,42.976675,-126.85615,Oregon,60.000333,0,4,3
CalCurCEAS_009,2024-09-17 00:00:00,42.96769,-126.85741,Oregon,60.000417,0,0,5
CalCurCEAS_009,2024-09-17 01:00:00,42.95522,-126.85909,Oregon,60.000542,0,18,3
CalCurCEAS_009,2024-09-17 01:59:59,42.94616,-126.859815,Oregon,60.000417,0,2,0
CalCurCEAS_009,2024-09-17 03:00:00,42.938335,-126.862715,Oregon,60.000292,0,0,2
CalCurCEAS_009,2024-09-17 04:00:00,42.93355,-126.86675,Oregon,60.000458,0,0,6
CalCurCEAS_009,2024-09-17 04:59:59,42.93196,-126.87201667,Oregon,60.000375,0,0,5
CalCurCEAS_009,2024-09-17 06:00:00,42.93041,-126.878165,Oregon,60.000417,0,1,1
CalCurCEAS_009,2024-09-17 07:00:00,42.92864,-126.88286,Oregon,60.000375,0,0,3
CalCurCEAS_009,2024-09-17 07:59:59,42.926845,-126.88463,Oregon,60.000542,0,0,6
CalCurCEAS_009,2024-09-17 09:00:00,42.921375,-126.88533,Oregon,60.000208,0,3,13
CalCurCEAS_009,2024-09-17 10:00:00,42.91571,-126.88351,Oregon,60.0005,0,0,12
CalCurCEAS_009,2024-09-17 10:59:59,42.90766,-126.880915,Oregon,60.000333,0,6,4
CalCurCEAS_009,2024-09-17 12:00:00,42.89815,-126.87872,Oregon,60.000583,0,5,0
CalCurCEAS_009,2024-09-17 13:00:00,42.88836,-126.878035,Oregon,60.000292,0,1,3
CalCurCEAS_009,2024-09-17 13:59:59,42.87993,-126.8785,Oregon,60.000375,0,0,0
CalCurCEAS_009,2024-09-17 15:00:00,42.87353,-126.8804,Oregon,60.000375,0,0,0
CalCurCEAS_009,2024-09-17 16:00:00,42.869075,-126.88297,Oregon,60.000417,0,1,1
CalCurCEAS_009,2024-09-17 16:59:59,42.86658,-126.885835,Oregon,60.00025,0,0,7
CalCurCEAS_009,2024-09-17 18:00:00,42.86504,-126.889675,Oregon,60.000417,0,1,5
CalCurCEAS_009,2024-09-17 19:00:00,42.863325,-126.893795,Oregon,60.0005,0,5,1
CalCurCEAS_009,2024-09-17 19:59:59,42.86123,-126.89728,Oregon,60.000417,0,2,2
CalCurCEAS_009,2024-09-17 21:00:00,42.85779,-126.90116,Oregon,60.00025,0,0,5
CalCurCEAS_009,2024-09-17 22:00:00,42.85163,-126.905385,Oregon,60.000458,0,1,0
CalCurCEAS_009,2024-09-17 22:59:59,42.84549,-126.907925,Oregon,60.000458,0,1,1
CalCurCEAS_009,2024-09-18 00:00:00,42.84111,-126.90977,Oregon,60.000417,0,0,3
CalCurCEAS_009,2024-09-18 01:00:00,42.836595,-126.91251,Oregon,60.000292,0,0,1
CalCurCEAS_009,2024-09-18 01:59:59,42.83355,-126.91524,Oregon,60.000375,0,4,2
CalCurCEAS_009,2024-09-18 03:00:00,42.83133,-126.91747,Oregon,60.000417,0,1,3
CalCurCEAS_009,2024-09-18 04:00:00,42.83112,-126.91891,Oregon,60.000417,0,1,2
CalCurCEAS_009,2024-09-18 04:59:59,42.83126333,-126.91956,Oregon,60.000417,0,1,2
CalCurCEAS_009,2024-09-18 06:00:00,42.83,-126.92044,Oregon,60.000458,0,3,1
CalCurCEAS_009,2024-09-18 07:00:00,42.82787,-126.922655,Oregon,60.0005,0,5,3
CalCurCEAS_009,2024-09-18 07:59:59,42.82372,-126.92589,Oregon,60.000417,0,1,11
CalCurCEAS_009,2024-09-18 09:00:00,42.81827,-126.92887,Oregon,60.000375,0,0,2
CalCurCEAS_009,2024-09-18 10:00:00,42.80481,-126.93694,Oregon,60.0005,0,3,0
CalCurCEAS_009,2024-09-18 10:59:59,42.79793,-126.94245,Oregon,60.000292,0,0,2
CalCurCEAS_009,2024-09-18 12:00:00,42.788,-126.95181,Oregon,60.000292,0,1,2
CalCurCEAS_009,2024-09-18 13:00:00,42.780165,-126.96193,Oregon,60.000458,0,1,1
CalCurCEAS_009,2024-09-18 13:59:59,42.77453,-126.974565,Oregon,60.000417,0,2,1
CalCurCEAS_009,2024-09-18 15:00:00,42.77319,-126.98736,Oregon,60.000417,0,1,3
CalCurCEAS_009,2024-09-18 16:00:00,42.77496,-126.99575,Oregon,60.000333,0,0,2
CalCurCEAS_009,2024-09-18 16:59:59,42.778475,-127.004025,Oregon,60.000417,0,1,4
CalCurCEAS_009,2024-09-18 18:00:00,42.78229,-127.01071,Oregon,60.000333,0,0,11
CalCurCEAS_009,2024-09-18 19:00:00,42.784425,-127.01476,Oregon,60.00025,0,0,9
CalCurCEAS_009,2024-09-18 19:59:59,42.784525,-127.017425,Oregon,60.000375,0,4,8
CalCurCEAS_009,2024-09-18 21:00:00,42.78099,-127.01882,Oregon,60.0005,0,1,4
CalCurCEAS_009,2024-09-18 22:00:00,42.77424,-127.0219,Oregon,60.0005,0,6,5
CalCurCEAS_009,2024-09-18 22:59:59,42.765725,-127.02648,Oregon,60.000333,0,1,3
CalCurCEAS_009,2024-09-19 00:00:00,42.75637,-127.03447,Oregon,60.000417,0,0,10
CalCurCEAS_009,2024-09-19 01:00:00,42.74785,-127.04414,Oregon,60.000292,0,0,0
CalCurCEAS_009,2024-09-19 01:59:59,42.74316,-127.05268,Oregon,60.000333,0,0,3
CalCurCEAS_009,2024-09-19 03:00:00,42.736565,-127.06681,Oregon,60.000417,0,2,6
CalCurCEAS_009,2024-09-19 04:00:00,42.733745,-127.07804,Oregon,59.983792,0,8,1
CalCurCEAS_009,2024-09-19 04:59:59,42.73282,-127.08790667,Oregon,60.000333,0,0,0
CalCurCEAS_009,2024-09-19 06:00:00,42.732385,-127.10069,Oregon,36.691875,0,0,0
CalCurCEAS_009,2024-09-19 13:59:59,42.69662,-127.18143,Oregon,19.0585,0,0,0
CalCurCEAS_009,2024-09-19 15:00:00,42.694365,-127.19183,Oregon,60.000625,0,1,1
CalCurCEAS_009,2024-09-19 16:00:00,42.69194,-127.201415,Oregon,60.000375,0,1,0
CalCurCEAS_009,2024-09-19 16:59:59,42.690425,-127.210165,Oregon,60.000333,0,2,0
CalCurCEAS_009,2024-09-19 18:00:00,42.68957,-127.21905,Oregon,60.000333,0,3,0
CalCurCEAS_009,2024-09-19 19:00:00,42.68883,-127.22728,Oregon,60.000458,0,9,0
CalCurCEAS_009,2024-09-19 19:59:59,42.685555,-127.23467,Oregon,59.975208,0,4,4
CalCurCEAS_009,2024-09-20 01:00:00,42.640435,-127.298885,Oregon,16.14175,0,0,0
CalCurCEAS_009,2024-09-20 01:59:59,42.63487,-127.315,Oregon,60.0005,0,0,0
CalCurCEAS_009,2024-09-20 03:00:00,42.62959,-127.32825,Oregon,60.000458,0,0,2
CalCurCEAS_009,2024-09-20 04:00:00,42.62364,-127.34096,Oregon,60.000417,0,3,4
CalCurCEAS_009,2024-09-20 04:59:59,42.61878,-127.35434,Oregon,60.000583,0,2,4
CalCurCEAS_009,2024-09-20 06:00:00,42.611295,-127.367645,Oregon,60.000333,0,0,0
CalCurCEAS_009,2024-09-20 07:00:00,42.60457,-127.37714,Oregon,60.000333,0,0,5
CalCurCEAS_009,2024-09-20 07:59:59,42.598495,-127.38477,Oregon,60.000375,0,0,0
CalCurCEAS_009,2024-09-20 09:00:00,42.5882,-127.397825,Oregon,60.000292,0,0,0
CalCurCEAS_009,2024-09-20 10:00:00,42.57931,-127.4083,Oregon,60.000458,0,0,0
CalCurCEAS_009,2024-09-20 10:59:59,42.56997,-127.42383,Oregon,60.0005,0,0,2
CalCurCEAS_009,2024-09-20 12:00:00,42.562825,-127.43868,Oregon,60.00025,0,1,3
CalCurCEAS_009,2024-09-20 13:00:00,42.55733,-127.45061,Oregon,60.000417,0,3,0
CalCurCEAS_009,2024-09-20 13:59:59,42.552245,-127.460785,Oregon,60.000417,0,0,5
CalCurCEAS_009,2024-09-20 15:00:00,42.544535,-127.469195,Oregon,0.24175,0,0,0
CalCurCEAS_009,2024-09-20 19:00:00,42.51128,-127.515325,Oregon,44.041958,0,3,0
CalCurCEAS_009,2024-09-20 19:59:59,42.50434,-127.53113,Oregon,60.000292,0,0,0
CalCurCEAS_009,2024-09-20 21:00:00,42.49879,-127.54183,Oregon,60.000458,0,0,1
CalCurCEAS_009,2024-09-20 22:00:00,42.49239,-127.556215,Oregon,60.000542,0,0,2
CalCurCEAS_009,2024-09-20 22:59:59,42.48627,-127.5691,Oregon,60.000417,0,0,2
CalCurCEAS_009,2024-09-21 00:00:00,42.47847,-127.58369,Oregon,60.000417,0,0,1
CalCurCEAS_009,2024-09-21 01:00:00,42.47389,-127.59461,Oregon,60.000375,0,0,0
CalCurCEAS_009,2024-09-21 01:59:59,42.46803,-127.60546,Oregon,60.000333,0,0,2
CalCurCEAS_009,2024-09-21 03:00:00,42.45683,-127.61253,Oregon,53.903583,0,0,1
CalCurCEAS_009,2024-09-21 04:00:00,42.44847,-127.6165,Oregon,60.000292,0,2,0
CalCurCEAS_009,2024-09-21 04:59:59,42.43750667,-127.62292333,Oregon,60.000417,0,2,0
CalCurCEAS_009,2024-09-21 06:00:00,42.42263,-127.63521,Oregon,60.0005,0,1,0
CalCurCEAS_009,2024-09-21 07:00:00,42.41232,-127.650545,Oregon,60.000333,0,0,17
CalCurCEAS_009,2024-09-21 07:59:59,42.39757,-127.66784,Oregon,60.000417,0,1,0
CalCurCEAS_009,2024-09-21 09:00:00,42.38482,-127.68392,Oregon,60.000375,0,1,0
CalCurCEAS_009,2024-09-21 10:00:00,42.37611,-127.702355,Oregon,60.000417,0,1,0
CalCurCEAS_009,2024-09-21 10:59:59,42.367295,-127.72406,Oregon,60.000375,0,1,1
CalCurCEAS_009,2024-09-21 12:00:00,42.36237,-127.74018,Oregon,60.000458,0,3,7
CalCurCEAS_009,2024-09-21 13:00:00,42.35666,-127.75423,Oregon,60.000625,0,0,1
CalCurCEAS_009,2024-09-21 13:59:59,42.34815,-127.76577,Oregon,60.000333,0,2,0
CalCurCEAS_009,2024-09-21 15:00:00,42.33753,-127.77772,Oregon,60.000292,0,5,0
CalCurCEAS_009,2024-09-21 16:00:00,42.33035,-127.78445,Oregon,60.000375,0,5,0
CalCurCEAS_009,2024-09-21 16:59:59,42.32003,-127.79372,Oregon,60.000375,0,3,2
CalCurCEAS_009,2024-09-21 18:00:00,42.31208,-127.801445,Oregon,60.000375,0,6,1
CalCurCEAS_009,2024-09-21 19:00:00,42.30032,-127.81284,Oregon,60.000417,0,3,0
CalCurCEAS_009,2024-09-21 19:59:59,42.29057,-127.826285,Oregon,60.000333,0,6,0
CalCurCEAS_009,2024-09-21 21:00:00,42.28183,-127.84054,Oregon,60.000417,0,2,1
CalCurCEAS_009,2024-09-21 22:00:00,42.27466,-127.854145,Oregon,60.000542,0,0,8
CalCurCEAS_009,2024-09-21 22:59:59,42.26485,-127.87262,Oregon,60.000292,0,11,0
CalCurCEAS_009,2024-09-22 00:00:00,42.25674,-127.88082,Oregon,60.000375,0,2,0
CalCurCEAS_009,2024-09-22 01:00:00,42.245075,-127.88975,Oregon,60.000375,0,1,0
CalCurCEAS_009,2024-09-22 01:59:59,42.2337,-127.89622,Oregon,60.000333,0,0,3
CalCurCEAS_009,2024-09-22 03:00:00,42.218185,-127.904495,Oregon,60.000333,0,4,2
CalCurCEAS_009,2024-09-22 04:00:00,42.20252,-127.91383,Oregon,60.000458,0,0,3
CalCurCEAS_009,2024-09-22 04:59:59,42.18943667,-127.92104,Oregon,60.000458,0,1,1
CalCurCEAS_009,2024-09-22 06:00:00,42.17032,-127.93916,Oregon,60.000333,0,0,0
CalCurCEAS_009,2024-09-22 07:00:00,42.16068,-127.957395,Oregon,60.000458,0,0,1
CalCurCEAS_009,2024-09-22 07:59:59,42.154515,-127.977355,Oregon,60.0005,0,1,0
CalCurCEAS_009,2024-09-22 09:00:00,42.1505,-127.98875,Oregon,60.0005,0,1,0
CalCurCEAS_009,2024-09-22 10:00:00,42.14425,-128.000775,Oregon,60.000417,0,0,8
CalCurCEAS_009,2024-09-22 10:59:59,42.133545,-128.011955,Oregon,60.000458,0,3,0
CalCurCEAS_009,2024-09-22 12:00:00,42.119825,-128.022715,Oregon,60.000333,0,0,0
CalCurCEAS_009,2024-09-22 13:00:00,42.10635,-128.03171,Oregon,60.000375,0,1,1
CalCurCEAS_009,2024-09-22 13:59:59,42.093775,-128.040345,Oregon,60.000417,0,0,1
CalCurCEAS_009,2024-09-22 15:00:00,42.0777,-128.05349,Oregon,60.000417,0,0,0
CalCurCEAS_009,2024-09-22 16:00:00,42.06101,-128.06949,Oregon,60.000417,0,0,0
CalCurCEAS_009,2024-09-22 16:59:59,42.050005,-128.08004,Oregon,60.000375,0,0,0
CalCurCEAS_009,2024-09-22 18:00:00,42.04133,-128.093055,Oregon,60.000292,0,1,2
CalCurCEAS_009,2024-09-22 19:00:00,42.03443,-128.1052,Oregon,60.000458,0,0,0
CalCurCEAS_009,2024-09-22 19:59:59,42.027515,-128.114695,Oregon,60.000417,0,0,0
CalCurCEAS_009,2024-09-22 21:00:00,42.018545,-128.12231,Oregon,60.000417,0,3,4
CalCurCEAS_009,2024-09-22 22:00:00,42.0092,-128.12932,Oregon,60.000375,0,1,0
CalCurCEAS_009,2024-09-22 22:59:59,41.99366,-128.14118,Northern California,60.000417,0,2,0
CalCurCEAS_009,2024-09-23 00:00:00,41.981875,-128.15128,Northern California,60.00025,0,2,21
CalCurCEAS_009,2024-09-23 01:00:00,41.97092,-128.1617,Northern California,60.000208,0,0,57
CalCurCEAS_009,2024-09-23 01:59:59,41.95458,-128.17219,Northern California,60.000333,0,1,22
CalCurCEAS_009,2024-09-23 03:00:00,41.9374,-128.18285,Northern California,60.000417,0,1,31
CalCurCEAS_009,2024-09-23 04:00:00,41.91873,-128.19717,Northern California,60.000375,0,1,15
CalCurCEAS_009,2024-09-23 04:59:59,41.913545,-128.2013,Northern California,60.000458,0,0,0
CalCurCEAS_009,2024-09-23 06:00:00,41.895095,-128.21638,Northern California,60.000375,0,18,0
CalCurCEAS_009,2024-09-23 07:00:00,41.88439,-128.2291,Northern California,60.000375,0,12,1
CalCurCEAS_009,2024-09-23 07:59:59,41.87455,-128.239485,Northern California,60.000333,0,1,0
CalCurCEAS_009,2024-09-23 09:00:00,41.861465,-128.24978,Northern California,60.000292,0,2,0
CalCurCEAS_009,2024-09-23 10:00:00,41.851895,-128.25934,Northern California,60.000417,0,36,0
CalCurCEAS_009,2024-09-23 10:59:59,41.84337,-128.26607,Northern California,60.000375,0,28,0
CalCurCEAS_009,2024-09-23 12:00:00,41.83474,-128.27041,Northern California,60.000458,0,7,0
CalCurCEAS_009,2024-09-23 13:00:00,41.82433,-128.27408,Northern California,60.000417,0,11,0
CalCurCEAS_009,2024-09-23 13:59:59,41.8072,-128.274565,Northern California,5.333417,0,0,0
CalCurCEAS_009,2024-09-23 19:59:59,41.724415,-128.31954,Northern California,49.767083,0,0,0
CalCurCEAS_009,2024-09-23 21:00:00,41.71676,-128.32557,Northern California,22.000208,0,1,2
CalCurCEAS_011,2024-09-15 16:59:59,43.21613,-125.69411,Oregon,59.966917,0,0,22
CalCurCEAS_011,2024-09-15 18:00:00,43.229855,-125.68587,Oregon,60.000542,0,1,35
CalCurCEAS_011,2024-09-15 19:00:00,43.24306,-125.67748,Oregon,60.000375,0,0,8
CalCurCEAS_011,2024-09-15 19:59:59,43.2546,-125.668405,Oregon,60.000458,0,0,0
CalCurCEAS_011,2024-09-15 21:00:00,43.26559,-125.65757,Oregon,60.000375,0,3,3
CalCurCEAS_011,2024-09-15 22:00:00,43.27223,-125.650065,Oregon,60.000458,0,6,4
CalCurCEAS_011,2024-09-15 22:59:59,43.279435,-125.6398,Oregon,60.000375,0,0,15
CalCurCEAS_011,2024-09-16 00:00:00,43.28487,-125.63186,Oregon,60.0005,0,1,13
CalCurCEAS_011,2024-09-16 01:00:00,43.289865,-125.62595,Oregon,60.00025,0,0,2
CalCurCEAS_011,2024-09-16 01:59:59,43.296055,-125.619625,Oregon,60.000333,0,9,1
CalCurCEAS_011,2024-09-16 03:00:00,43.30278,-125.61373,Oregon,60.0005,0,0,27
CalCurCEAS_011,2024-09-16 04:00:00,43.31124,-125.60663,Oregon,60.00025,0,0,10
CalCurCEAS_011,2024-09-16 04:59:59,43.31714333,-125.60056333,Oregon,60.000417,0,0,19
CalCurCEAS_011,2024-09-16 06:00:00,43.323245,-125.59228,Oregon,60.000375,0,0,19
CalCurCEAS_011,2024-09-16 07:00:00,43.327305,-125.58553,Oregon,60.000417,0,1,4
CalCurCEAS_011,2024-09-16 07:59:59,43.32924,-125.57904,Oregon,60.000458,0,0,6
CalCurCEAS_011,2024-09-16 09:00:00,43.32952,-125.57227,Oregon,60.000292,0,0,9
CalCurCEAS_011,2024-09-16 10:00:00,43.327945,-125.566425,Oregon,60.000417,0,0,5
CalCurCEAS_011,2024-09-16 10:59:59,43.32585,-125.55987,Oregon,60.000417,0,0,11
CalCurCEAS_011,2024-09-16 12:00:00,43.32358,-125.554085,Oregon,60.000458,0,1,0
CalCurCEAS_011,2024-09-16 13:00:00,43.32316,-125.548485,Oregon,60.000417,0,0,2
CalCurCEAS_011,2024-09-16 13:59:59,43.32358,-125.54324,Oregon,60.0005,0,0,0
CalCurCEAS_011,2024-09-16 15:00:00,43.32484,-125.53633,Oregon,60.00025,0,7,0
CalCurCEAS_011,2024-09-16 16:00:00,43.32641,-125.52963,Oregon,60.000542,0,0,0
CalCurCEAS_011,2024-09-16 16:59:59,43.328915,-125.51998,Oregon,60.000333,0,0,0
CalCurCEAS_011,2024-09-16 18:00:00,43.33036,-125.50732,Oregon,60.000375,0,0,2
CalCurCEAS_011,2024-09-16 19:00:00,43.3295,-125.496365,Oregon,60.000208,0,0,0
CalCurCEAS_011,2024-09-16 19:59:59,43.327045,-125.483405,Oregon,60.000333,0,0,2
CalCurCEAS_011,2024-09-16 21:00:00,43.32188,-125.46801,Oregon,60.0005,0,0,2
CalCurCEAS_011,2024-09-16 22:00:00,43.31538,-125.4555,Oregon,60.000375,0,0,0
CalCurCEAS_011,2024-09-16 22:59:59,43.306175,-125.443245,Oregon,60.000417,0,0,0
CalCurCEAS_011,2024-09-17 00:00:00,43.29566,-125.431015,Oregon,60.0005,0,0,5
CalCurCEAS_011,2024-09-17 01:00:00,43.28706,-125.420585,Oregon,60.000417,0,0,3
CalCurCEAS_011,2024-09-17 01:59:59,43.28077,-125.41276,Oregon,60.000458,0,1,0
CalCurCEAS_011,2024-09-17 03:00:00,43.2709,-125.40224,Oregon,60.0005,0,0,14
CalCurCEAS_011,2024-09-17 04:00:00,43.26383,-125.39533,Oregon,60.000375,0,2,15
CalCurCEAS_011,2024-09-17 04:59:59,43.26049,-125.39162,Oregon,60.000542,0,6,10
CalCurCEAS_011,2024-09-17 06:00:00,43.25714,-125.38442,Oregon,60.000375,0,4,6
CalCurCEAS_011,2024-09-17 07:00:00,43.25364,-125.37616,Oregon,60.000417,0,0,5
CalCurCEAS_011,2024-09-17 07:59:59,43.249935,-125.36836,Oregon,60.000458,0,0,12
CalCurCEAS_011,2024-09-17 09:00:00,43.244825,-125.354885,Oregon,60.000417,0,0,13
CalCurCEAS_011,2024-09-17 10:00:00,43.23771,-125.34074,Oregon,60.000375,0,1,12
CalCurCEAS_011,2024-09-17 10:59:59,43.2297,-125.32556,Oregon,60.000375,0,1,1
CalCurCEAS_011,2024-09-17 12:00:00,43.219275,-125.310995,Oregon,60.000417,0,0,0
CalCurCEAS_011,2024-09-17 13:00:00,43.20777,-125.29627,Oregon,60.000417,0,0,2
CalCurCEAS_011,2024-09-17 13:59:59,43.19818,-125.2854,Oregon,60.000333,0,0,10
CalCurCEAS_011,2024-09-17 15:00:00,43.186005,-125.27505,Oregon,60.000458,0,0,6
CalCurCEAS_011,2024-09-17 16:00:00,43.17348,-125.265585,Oregon,60.000542,0,0,1
CalCurCEAS_011,2024-09-17 16:59:59,43.16424,-125.25899,Oregon,60.000417,0,0,2
CalCurCEAS_011,2024-09-17 18:00:00,43.15976,-125.25611,Oregon,60.000458,0,0,1
CalCurCEAS_011,2024-09-17 19:00:00,43.149505,-125.251845,Oregon,60.00025,0,0,0
CalCurCEAS_011,2024-09-17 19:59:59,43.141605,-125.245535,Oregon,60.000458,0,0,0
CalCurCEAS_011,2024-09-17 21:00:00,43.13725,-125.23959,Oregon,60.000375,0,0,2
CalCurCEAS_011,2024-09-17 22:00:00,43.13139,-125.23073,Oregon,60.000333,0,0,6
CalCurCEAS_011,2024-09-17 22:59:59,43.123155,-125.22024,Oregon,60.00025,0,6,1
CalCurCEAS_011,2024-09-18 00:00:00,43.11319,-125.210645,Oregon,60.0005,0,1,11
CalCurCEAS_011,2024-09-18 01:00:00,43.10503,-125.20363,Oregon,60.000333,0,6,1
CalCurCEAS_011,2024-09-18 01:59:59,43.09434,-125.1953,Oregon,60.000375,0,2,8
CalCurCEAS_011,2024-09-18 03:00:00,43.08586,-125.188865,Oregon,60.0005,0,0,3
CalCurCEAS_011,2024-09-18 04:00:00,43.07847,-125.18301,Oregon,60.000333,0,0,5
CalCurCEAS_011,2024-09-18 04:59:59,43.07260333,-125.18047,Oregon,60.00025,0,0,33
CalCurCEAS_011,2024-09-18 06:00:00,43.067885,-125.17918,Oregon,60.000458,0,1,23
CalCurCEAS_011,2024-09-18 07:00:00,43.063755,-125.177405,Oregon,60.000458,0,0,2
CalCurCEAS_011,2024-09-18 07:59:59,43.06152,-125.17462,Oregon,60.000333,0,0,7
CalCurCEAS_011,2024-09-18 09:00:00,43.058805,-125.17146,Oregon,60.000333,0,0,3
CalCurCEAS_011,2024-09-18 10:00:00,43.05376,-125.16547,Oregon,60.000333,0,0,7
CalCurCEAS_011,2024-09-18 10:59:59,43.0467,-125.158385,Oregon,60.000417,0,1,0
CalCurCEAS_011,2024-09-18 12:00:00,43.03772,-125.15224,Oregon,60.000292,0,0,3
CalCurCEAS_011,2024-09-18 13:00:00,43.0292,-125.14758,Oregon,60.000458,0,0,0
CalCurCEAS_011,2024-09-18 13:59:59,43.017355,-125.141735,Oregon,60.000417,0,2,1
CalCurCEAS_011,2024-09-18 15:00:00,43.00923,-125.13872,Oregon,59.983708,0,1,0
CalCurCEAS_011,2024-09-18 16:00:00,42.99991,-125.13672,Oregon,60.0005,0,0,1
CalCurCEAS_011,2024-09-18 16:59:59,42.99269,-125.13651,Oregon,60.000417,1,1,3
CalCurCEAS_011,2024-09-18 18:00:00,42.98677,-125.138795,Oregon,60.000375,0,0,50
CalCurCEAS_011,2024-09-18 19:00:00,42.98354,-125.14132,Oregon,60.000333,0,0,31
CalCurCEAS_011,2024-09-18 19:59:59,42.98061,-125.144385,Oregon,60.000458,0,0,5
CalCurCEAS_011,2024-09-18 21:00:00,42.97677,-125.14728,Oregon,60.000458,0,0,32
CalCurCEAS_011,2024-09-18 22:00:00,42.97227,-125.148655,Oregon,60.000375,0,0,67
CalCurCEAS_011,2024-09-18 22:59:59,42.96685,-125.14934,Oregon,60.000292,0,15,35
CalCurCEAS_011,2024-09-19 00:00:00,42.95885,-125.14687,Oregon,60.000417,0,5,14
CalCurCEAS_011,2024-09-19 01:00:00,42.951575,-125.145875,Oregon,60.000417,0,4,25
CalCurCEAS_011,2024-09-19 01:59:59,42.939735,-125.147055,Oregon,60.000333,0,8,28
CalCurCEAS_011,2024-09-19 03:00:00,42.93189,-125.14747,Oregon,60.000458,0,1,19
CalCurCEAS_011,2024-09-19 04:00:00,42.9265,-125.14814,Oregon,60.000208,0,5,21
CalCurCEAS_011,2024-09-19 04:59:59,42.92068667,-125.15127,Oregon,60.000375,0,12,0
CalCurCEAS_011,2024-09-19 06:00:00,42.91761,-125.15614,Oregon,60.000375,0,3,1
CalCurCEAS_011,2024-09-19 07:00:00,42.91582,-125.15979,Oregon,60.000417,0,4,5
CalCurCEAS_011,2024-09-19 07:59:59,42.91416,-125.16392,Oregon,60.000375,0,1,0
CalCurCEAS_011,2024-09-19 09:00:00,42.91013,-125.16783,Oregon,60.000458,0,3,20
CalCurCEAS_011,2024-09-19 10:00:00,42.90637,-125.17035,Oregon,60.000458,0,0,23
CalCurCEAS_011,2024-09-19 10:59:59,42.90201,-125.172795,Oregon,60.000375,0,0,31
CalCurCEAS_011,2024-09-19 12:00:00,42.89582,-125.17606,Oregon,60.000417,0,0,21
CalCurCEAS_011,2024-09-19 13:00:00,42.888415,-125.180455,Oregon,60.000542,0,0,1
CalCurCEAS_011,2024-09-19 13:59:59,42.88252,-125.18516,Oregon,60.000292,0,1,6
CalCurCEAS_011,2024-09-19 15:00:00,42.87743,-125.19045,Oregon,60.0005,0,0,10
CalCurCEAS_011,2024-09-19 16:00:00,42.8735,-125.197995,Oregon,60.000375,0,0,1
CalCurCEAS_011,2024-09-19 16:59:59,42.87187,-125.20663,Oregon,60.000417,0,17,19
CalCurCEAS_011,2024-09-19 18:00:00,42.872255,-125.21429,Oregon,60.000583,0,5,69
CalCurCEAS_011,2024-09-19 19:00:00,42.872495,-125.22208,Oregon,60.000375,0,0,5
CalCurCEAS_011,2024-09-19 19:59:59,42.87253,-125.22788,Oregon,60.000292,0,0,11
CalCurCEAS_011,2024-09-19 21:00:00,42.87233,-125.23511,Oregon,60.000333,0,5,1
CalCurCEAS_011,2024-09-19 22:00:00,42.87037,-125.238735,Oregon,60.000417,0,0,6
CalCurCEAS_011,2024-09-19 22:59:59,42.86627,-125.24444,Oregon,60.000375,0,0,4
CalCurCEAS_011,2024-09-20 00:00:00,42.86219,-125.24963,Oregon,60.000333,0,4,3
CalCurCEAS_011,2024-09-20 01:00:00,42.858055,-125.254395,Oregon,60.000458,0,0,14
CalCurCEAS_011,2024-09-20 01:59:59,42.85335,-125.260375,Oregon,60.000625,0,0,3
CalCurCEAS_011,2024-09-20 03:00:00,42.848,-125.270075,Oregon,60.000375,0,0,0
CalCurCEAS_011,2024-09-20 04:00:00,42.84633,-125.27731,Oregon,60.000417,0,0,5
CalCurCEAS_011,2024-09-20 04:59:59,42.84672667,-125.28601667,Oregon,60.000625,0,0,13
CalCurCEAS_011,2024-09-20 06:00:00,42.84898,-125.29547,Oregon,60.000333,0,0,19
CalCurCEAS_011,2024-09-20 07:00:00,42.85241,-125.30229,Oregon,60.000292,0,0,73
CalCurCEAS_011,2024-09-20 07:59:59,42.856245,-125.31083,Oregon,60.000375,0,0,29
CalCurCEAS_011,2024-09-20 09:00:00,42.86017,-125.31717,Oregon,60.000375,0,0,112
CalCurCEAS_011,2024-09-20 10:00:00,42.86085,-125.32188,Oregon,60.000458,0,0,68
CalCurCEAS_011,2024-09-20 10:59:59,42.859445,-125.325335,Oregon,60.0005,0,0,166
CalCurCEAS_011,2024-09-20 12:00:00,42.85755,-125.329325,Oregon,60.000333,0,0,132
CalCurCEAS_011,2024-09-20 13:00:00,42.85635,-125.33306,Oregon,60.0005,0,0,79
CalCurCEAS_011,2024-09-20 13:59:59,42.85355,-125.338955,Oregon,60.000417,0,0,100
CalCurCEAS_011,2024-09-20 15:00:00,42.85057,-125.347795,Oregon,60.000375,0,0,26
CalCurCEAS_011,2024-09-20 16:00:00,42.84999,-125.35671,Oregon,60.000333,0,0,33
CalCurCEAS_011,2024-09-20 16:59:59,42.851435,-125.36736,Oregon,60.0005,0,0,23
CalCurCEAS_011,2024-09-20 18:00:00,42.85389,-125.37632,Oregon,60.000458,0,0,38
CalCurCEAS_011,2024-09-20 19:00:00,42.85943,-125.3871,Oregon,60.000292,0,0,7
CalCurCEAS_011,2024-09-20 19:59:59,42.86421,-125.39587,Oregon,60.000375,0,0,7
CalCurCEAS_011,2024-09-20 21:00:00,42.868445,-125.40354,Oregon,60.000375,0,0,39
CalCurCEAS_011,2024-09-20 22:00:00,42.87075,-125.41295,Oregon,60.000458,0,0,13
CalCurCEAS_011,2024-09-20 22:59:59,42.87111,-125.41992,Oregon,60.000417,0,0,8
CalCurCEAS_011,2024-09-21 00:00:00,42.87097,-125.427055,Oregon,60.000417,0,0,41
CalCurCEAS_011,2024-09-21 01:00:00,42.86999,-125.434405,Oregon,60.000417,0,0,12
CalCurCEAS_011,2024-09-21 01:59:59,42.86856,-125.44151,Oregon,60.000417,0,0,2
CalCurCEAS_011,2024-09-21 03:00:00,42.86729,-125.44687,Oregon,60.000292,0,0,52
CalCurCEAS_011,2024-09-21 04:00:00,42.86648,-125.455585,Oregon,53.905917,0,0,157
CalCurCEAS_011,2024-09-21 04:59:59,42.86651333,-125.46421,Oregon,60.000583,0,0,77
CalCurCEAS_011,2024-09-21 06:00:00,42.86758,-125.47393,Oregon,60.000333,0,0,68
CalCurCEAS_011,2024-09-21 07:00:00,42.8707,-125.48824,Oregon,60.000375,0,0,98
CalCurCEAS_011,2024-09-21 07:59:59,42.8741,-125.500455,Oregon,60.000417,0,0,57
CalCurCEAS_011,2024-09-21 09:00:00,42.87775,-125.51288,Oregon,60.00025,0,0,62
CalCurCEAS_011,2024-09-21 10:00:00,42.880985,-125.523465,Oregon,60.000375,0,0,9
CalCurCEAS_011,2024-09-21 10:59:59,42.8863,-125.54062,Oregon,60.000333,0,2,45
CalCurCEAS_011,2024-09-21 12:00:00,42.888975,-125.555655,Oregon,60.000417,0,0,28
CalCurCEAS_011,2024-09-21 13:00:00,42.89231,-125.57139,Oregon,60.000417,0,2,12
CalCurCEAS_011,2024-09-21 13:59:59,42.898315,-125.586125,Oregon,60.000375,0,0,49
CalCurCEAS_011,2024-09-21 15:00:00,42.90423,-125.6012,Oregon,60.000417,0,1,44
CalCurCEAS_011,2024-09-21 16:00:00,42.91209,-125.614835,Oregon,60.000333,0,2,8
CalCurCEAS_011,2024-09-21 16:59:59,42.92141,-125.628545,Oregon,60.000333,0,10,0
CalCurCEAS_011,2024-09-21 18:00:00,42.932395,-125.641365,Oregon,60.0005,0,15,29
CalCurCEAS_011,2024-09-21 19:00:00,42.9414,-125.65134,Oregon,60.000417,0,1,63
CalCurCEAS_011,2024-09-21 19:59:59,42.94998,-125.66191,Oregon,60.000292,0,4,72
CalCurCEAS_011,2024-09-21 21:00:00,42.95971,-125.67511,Oregon,60.000458,0,23,2
CalCurCEAS_011,2024-09-21 22:00:00,42.96528,-125.690935,Oregon,60.000417,0,27,14
CalCurCEAS_011,2024-09-21 22:59:59,42.96949,-125.7034,Oregon,60.000458,1,35,3
CalCurCEAS_011,2024-09-22 00:00:00,42.9726,-125.71473,Oregon,60.000458,0,12,14
CalCurCEAS_011,2024-09-22 01:00:00,42.977195,-125.73224,Oregon,60.000333,0,6,12
CalCurCEAS_011,2024-09-22 01:59:59,42.98168,-125.751215,Oregon,60.000542,0,18,61
CalCurCEAS_011,2024-09-22 03:00:00,42.985195,-125.767525,Oregon,60.000417,0,2,77
CalCurCEAS_011,2024-09-22 04:00:00,42.990555,-125.785795,Oregon,60.000542,0,1,51
CalCurCEAS_011,2024-09-22 04:59:59,42.995225,-125.796685,Oregon,60.000417,0,0,51
CalCurCEAS_011,2024-09-22 06:00:00,43.00682,-125.81677,Oregon,60.000375,0,0,36
CalCurCEAS_011,2024-09-22 07:00:00,43.01528,-125.83028,Oregon,60.000333,0,0,10
CalCurCEAS_011,2024-09-22 07:59:59,43.02587,-125.85347,Oregon,60.000458,0,0,8
CalCurCEAS_011,2024-09-22 09:00:00,43.035355,-125.8689,Oregon,60.000417,0,0,12
CalCurCEAS_011,2024-09-22 10:00:00,43.04306,-125.88092,Oregon,60.000375,0,0,31
CalCurCEAS_011,2024-09-22 10:59:59,43.05249,-125.89609,Oregon,60.000458,0,0,5
CalCurCEAS_011,2024-09-22 12:00:00,43.059645,-125.91215,Oregon,60.000292,0,0,8
CalCurCEAS_011,2024-09-22 13:00:00,43.06657,-125.92531,Oregon,60.000333,0,0,42
CalCurCEAS_011,2024-09-22 13:59:59,43.074095,-125.93764,Oregon,55.000292,0,1,63
CalCurCEAS_012,2024-10-01 22:59:59,41.06199667,-124.61345667,Northern California,44.000292,0,4,25
CalCurCEAS_012,2024-10-02 00:00:00,41.06493667,-124.61345,Northern California,60.000375,0,6,23
CalCurCEAS_012,2024-10-02 01:00:00,41.06917,-124.61359,Northern California,60.000375,0,1,19
CalCurCEAS_012,2024-10-02 01:59:59,41.07587,-124.61312333,Northern California,60.000333,0,1,25
CalCurCEAS_012,2024-10-02 03:00:00,41.08346333,-124.61088,Northern California,60.000458,0,0,33
CalCurCEAS_012,2024-10-02 04:00:00,41.09139667,-124.60656667,Northern California,60.000333,0,2,18
CalCurCEAS_012,2024-10-02 04:59:59,41.09846667,-124.6008,Northern California,60.000417,0,0,15
CalCurCEAS_012,2024-10-02 06:00:00,41.10377,-124.59500333,Northern California,60.000417,0,2,8
CalCurCEAS_012,2024-10-02 07:00:00,41.10729,-124.59015667,Northern California,60.000333,0,5,8
CalCurCEAS_012,2024-10-02 07:59:59,41.10885667,-124.58725667,Northern California,60.00025,0,3,15
CalCurCEAS_012,2024-10-02 09:00:00,41.10926333,-124.58547,Northern California,60.000417,0,2,37
CalCurCEAS_012,2024-10-02 10:00:00,41.10888333,-124.58488333,Northern California,60.000458,0,6,98
CalCurCEAS_012,2024-10-02 10:59:59,41.10850667,-124.58703667,Northern California,60.000375,0,2,103
CalCurCEAS_012,2024-10-02 12:00:00,41.10998333,-124.58887667,Northern California,60.000542,0,1,134
CalCurCEAS_012,2024-10-02 13:00:00,41.11283667,-124.59015,Northern California,60.000417,0,2,59
CalCurCEAS_012,2024-10-02 13:59:59,41.11673667,-124.59149,Northern California,60.000375,0,1,42
CalCurCEAS_012,2024-10-02 15:00:00,41.12288,-124.59296,Northern California,60.000458,0,1,33
CalCurCEAS_012,2024-10-02 16:00:00,41.13006333,-124.5942,Northern California,60.000292,0,1,41
CalCurCEAS_012,2024-10-02 16:59:59,41.13837667,-124.59334333,Northern California,60.000375,0,0,59
CalCurCEAS_012,2024-10-02 18:00:00,41.14731333,-124.59127333,Northern California,60.000292,0,7,62
CalCurCEAS_012,2024-10-02 19:00:00,41.15449333,-124.58816667,Northern California,60.000333,0,8,77
CalCurCEAS_012,2024-10-02 19:59:59,41.16000667,-124.58475333,Northern California,60.000333,0,5,2
CalCurCEAS_012,2024-10-02 21:00:00,41.16284667,-124.58314,Northern California,60.0005,0,0,13
CalCurCEAS_012,2024-10-02 22:00:00,41.16458333,-124.5826,Northern California,60.0005,0,0,37
CalCurCEAS_012,2024-10-02 22:59:59,41.1657,-124.58228,Northern California,60.000417,0,0,54
CalCurCEAS_012,2024-10-03 00:00:00,41.16642,-124.58263667,Northern California,60.000292,0,0,30
CalCurCEAS_012,2024-10-03 01:00:00,41.16651667,-124.58494,Northern California,60.000333,0,0,12
CalCurCEAS_012,2024-10-03 01:59:59,41.16767333,-124.58858,Northern California,60.000458,0,1,16
CalCurCEAS_012,2024-10-03 03:00:00,41.17091,-124.59318667,Northern California,60.000417,0,1,1
CalCurCEAS_012,2024-10-03 04:00:00,41.17639667,-124.59832667,Northern California,60.000375,0,9,5
CalCurCEAS_012,2024-10-03 04:59:59,41.18391333,-124.60263333,Northern California,60.000542,0,8,3
CalCurCEAS_012,2024-10-03 06:00:00,41.19259667,-124.60519333,Northern California,60.000417,0,5,27
CalCurCEAS_012,2024-10-03 07:00:00,41.20132667,-124.60457333,Northern California,60.000375,0,13,36
CalCurCEAS_012,2024-10-03 07:59:59,41.20871333,-124.60317333,Northern California,60.000375,0,10,16
CalCurCEAS_012,2024-10-03 09:00:00,41.21427333,-124.60146,Northern California,60.000458,0,5,29
CalCurCEAS_012,2024-10-03 10:00:00,41.21792333,-124.6007,Northern California,60.000417,0,4,24
CalCurCEAS_012,2024-10-03 10:59:59,41.21950667,-124.60015,Northern California,60.000375,0,9,47
CalCurCEAS_012,2024-10-03 12:00:00,41.22181667,-124.60134,Northern California,60.000625,0,14,26
CalCurCEAS_012,2024-10-03 13:00:00,41.22417667,-124.60342,Northern California,60.000417,0,3,26
CalCurCEAS_012,2024-10-03 13:59:59,41.22528333,-124.60703667,Northern California,60.000417,0,2,59
CalCurCEAS_012,2024-10-03 15:00:00,41.22768333,-124.61205333,Northern California,60.000375,0,15,58
CalCurCEAS_012,2024-10-03 16:00:00,41.23079,-124.61812,Northern California,60.000375,0,14,35
CalCurCEAS_012,2024-10-03 16:59:59,41.23618333,-124.62343667,Northern California,60.000333,0,8,39
CalCurCEAS_012,2024-10-03 18:00:00,41.24329,-124.62713333,Northern California,60.000417,0,0,29
CalCurCEAS_012,2024-10-03 19:00:00,41.25049333,-124.62831333,Northern California,60.000583,0,1,52
CalCurCEAS_012,2024-10-03 19:59:59,41.25615,-124.62753333,Northern California,60.000375,0,3,19
CalCurCEAS_012,2024-10-03 21:00:00,41.25894667,-124.62642667,Northern California,60.000417,0,1,12
CalCurCEAS_012,2024-10-03 22:00:00,41.25944,-124.62556667,Northern California,60.00025,0,5,53
CalCurCEAS_012,2024-10-03 22:59:59,41.25866,-124.62559667,Northern California,60.00025,0,6,38
CalCurCEAS_012,2024-10-04 00:00:00,41.25821667,-124.62604333,Northern California,60.000375,0,7,40
CalCurCEAS_012,2024-10-04 01:00:00,41.25684,-124.62752,Northern California,60.000417,0,1,73
CalCurCEAS_012,2024-10-04 01:59:59,41.25646667,-124.63208667,Northern California,60.000333,0,1,54
CalCurCEAS_012,2024-10-04 03:00:00,41.25861333,-124.63836667,Northern California,60.000208,0,7,28
CalCurCEAS_012,2024-10-04 04:00:00,41.26288333,-124.64427,Northern California,60.000417,3,7,64
CalCurCEAS_012,2024-10-04 04:59:59,41.26923333,-124.64945,Northern California,60.000375,0,13,51
CalCurCEAS_012,2024-10-04 06:00:00,41.27724667,-124.65241333,Northern California,60.000333,0,14,70
CalCurCEAS_012,2024-10-04 07:00:00,41.28553667,-124.65324,Northern California,60.000292,0,10,51
CalCurCEAS_012,2024-10-04 07:59:59,41.29285,-124.65205333,Northern California,60.000417,0,8,38
CalCurCEAS_012,2024-10-04 09:00:00,41.29788333,-124.64971,Northern California,60.000375,0,4,54
CalCurCEAS_012,2024-10-04 10:00:00,41.30131,-124.64594,Northern California,60.000417,0,7,54
CalCurCEAS_012,2024-10-04 10:59:59,41.30230333,-124.64356667,Northern California,60.000458,0,6,21
CalCurCEAS_012,2024-10-04 12:00:00,41.30123333,-124.64398333,Northern California,59.98375,0,27,23
CalCurCEAS_012,2024-10-04 13:00:00,41.30065333,-124.64584333,Northern California,60.000333,1,6,79
CalCurCEAS_012,2024-10-04 13:59:59,41.30107667,-124.64789667,Northern California,60.000333,0,7,146
CalCurCEAS_012,2024-10-04 15:00:00,41.3022,-124.65198333,Northern California,60.000458,1,2,89
CalCurCEAS_012,2024-10-04 16:00:00,41.30561,-124.65542667,Northern California,60.000333,0,0,100
CalCurCEAS_012,2024-10-04 16:59:59,41.31111667,-124.65693667,Northern California,60.000375,0,0,52
CalCurCEAS_012,2024-10-04 18:00:00,41.31712333,-124.65826667,Northern California,60.0005,1,1,36
CalCurCEAS_012,2024-10-04 19:00:00,41.32355333,-124.65884667,Northern California,60.000458,0,0,50
CalCurCEAS_012,2024-10-04 19:59:59,41.32911667,-124.65831,Northern California,60.000542,0,11,60
CalCurCEAS_012,2024-10-04 21:00:00,41.33268667,-124.65782667,Northern California,60.000333,0,10,59
CalCurCEAS_012,2024-10-04 22:00:00,41.33522,-124.6565,Northern California,60.000333,1,18,76
CalCurCEAS_012,2024-10-04 22:59:59,41.33735667,-124.65589667,Northern California,60.000458,2,18,140
CalCurCEAS_012,2024-10-05 00:00:00,41.33811667,-124.65653,Northern California,60.000458,3,25,152
CalCurCEAS_012,2024-10-05 01:00:00,41.33896667,-124.65831333,Northern California,60.000333,2,16,211
CalCurCEAS_012,2024-10-05 01:59:59,41.34088333,-124.66297,Northern California,60.000375,4,16,130
CalCurCEAS_012,2024-10-05 03:00:00,41.34333,-124.66689,Northern California,2.0,0,1,3
CalCurCEAS_013,2024-10-02 01:00:00,40.89507333,-124.71924667,Northern California,50.000417,0,1,0
CalCurCEAS_013,2024-10-02 01:59:59,40.89878,-124.71383667,Northern California,60.00025,0,2,1
CalCurCEAS_013,2024-10-02 03:00:00,40.90366,-124.70624667,Northern California,60.000417,0,0,2
CalCurCEAS_013,2024-10-02 04:00:00,40.90849,-124.69846333,Northern California,60.000375,0,0,1
CalCurCEAS_013,2024-10-02 04:59:59,40.91226667,-124.69097667,Northern California,60.000458,0,0,1
CalCurCEAS_013,2024-10-02 06:00:00,40.91462,-124.68303667,Northern California,60.000375,0,0,6
CalCurCEAS_013,2024-10-02 07:00:00,40.91541,-124.67508333,Northern California,60.0005,0,3,8
CalCurCEAS_013,2024-10-02 07:59:59,40.91431333,-124.66852,Northern California,60.000417,0,0,3
CalCurCEAS_013,2024-10-02 09:00:00,40.91225333,-124.66517,Northern California,60.00025,0,0,1
CalCurCEAS_013,2024-10-02 10:00:00,40.91042667,-124.66522333,Northern California,60.000458,0,1,0
CalCurCEAS_013,2024-10-02 10:59:59,40.90983,-124.66740667,Northern California,60.000292,0,1,0
CalCurCEAS_013,2024-10-02 12:00:00,40.91137,-124.66909,Northern California,60.000375,0,0,0
CalCurCEAS_013,2024-10-02 13:00:00,40.91598,-124.66916667,Northern California,60.000333,0,0,0
CalCurCEAS_013,2024-10-02 13:59:59,40.919735,-124.66637,Northern California,59.975833,1,0,0
CalCurCEAS_013,2024-10-02 15:00:00,40.92501667,-124.65859333,Northern California,60.000458,0,0,0
CalCurCEAS_013,2024-10-02 16:00:00,40.92917333,-124.65013333,Northern California,60.000375,0,0,0
CalCurCEAS_013,2024-10-02 16:59:59,40.93270667,-124.64162,Northern California,59.977083,0,0,0
CalCurCEAS_013,2024-10-02 18:00:00,40.93551,-124.63489,Northern California,60.000292,0,0,0
CalCurCEAS_013,2024-10-02 19:00:00,40.93715,-124.63024,Northern California,60.000417,0,0,10
CalCurCEAS_013,2024-10-02 19:59:59,40.937145,-124.62425,Northern California,60.000333,0,0,6
CalCurCEAS_013,2024-10-02 21:00:00,40.936985,-124.6223825,Northern California,60.000417,0,0,7
CalCurCEAS_013,2024-10-02 22:00:00,40.937735,-124.622135,Northern California,60.000292,0,0,9
CalCurCEAS_013,2024-10-02 22:59:59,40.9397975,-124.6223775,Northern California,59.997792,0,1,4
CalCurCEAS_013,2024-10-03 00:00:00,40.94371667,-124.62061667,Northern California,60.000292,0,0,0
CalCurCEAS_013,2024-10-03 01:00:00,40.94851667,-124.61723333,Northern California,60.000458,0,0,1
CalCurCEAS_013,2024-10-03 01:59:59,40.95408333,-124.61177667,Northern California,60.000375,0,0,1
CalCurCEAS_013,2024-10-03 03:00:00,40.95957333,-124.60434333,Northern California,60.000458,0,0,1
CalCurCEAS_013,2024-10-03 04:00:00,40.96499667,-124.59370667,Northern California,60.0005,0,5,0
CalCurCEAS_013,2024-10-03 04:59:59,40.96889667,-124.5817,Northern California,60.000292,0,5,0
CalCurCEAS_013,2024-10-03 06:00:00,40.97077,-124.57155,Northern California,60.0005,0,5,1
CalCurCEAS_013,2024-10-03 07:00:00,40.97059333,-124.56398667,Northern California,60.000417,1,6,1
CalCurCEAS_013,2024-10-03 07:59:59,40.96874667,-124.55992667,Northern California,60.000458,1,7,0
CalCurCEAS_013,2024-10-03 09:00:00,40.96658333,-124.55836667,Northern California,59.980833,3,8,0
CalCurCEAS_013,2024-10-03 10:00:00,40.96494667,-124.55965667,Northern California,60.000333,3,21,1
CalCurCEAS_013,2024-10-03 10:59:59,40.96562,-124.56271,Northern California,60.000458,3,7,2
CalCurCEAS_013,2024-10-03 12:00:00,40.96862333,-124.56464667,Northern California,60.000417,3,12,0
CalCurCEAS_013,2024-10-03 13:00:00,40.97321333,-124.56421333,Northern California,60.000292,1,10,0
CalCurCEAS_013,2024-10-03 13:59:59,40.97942,-124.56112333,Northern California,60.000375,1,7,0
CalCurCEAS_013,2024-10-03 15:00:00,40.98676,-124.55604,Northern California,60.000417,1,20,4
CalCurCEAS_013,2024-10-03 16:00:00,40.99458333,-124.54833333,Northern California,60.000458,3,31,4
CalCurCEAS_013,2024-10-03 16:59:59,41.00187333,-124.53918333,Northern California,60.000375,1,17,7
CalCurCEAS_013,2024-10-03 18:00:00,41.00764333,-124.52911,Northern California,60.000292,2,13,21
CalCurCEAS_013,2024-10-03 19:00:00,41.01176667,-124.51981,Northern California,60.000417,0,5,5
CalCurCEAS_013,2024-10-03 19:59:59,41.01370333,-124.51217,Northern California,60.000417,0,3,2
CalCurCEAS_013,2024-10-03 21:00:00,41.01369667,-124.50767333,Northern California,60.000333,0,2,7
CalCurCEAS_013,2024-10-03 22:00:00,41.01223333,-124.50601,Northern California,60.000417,0,0,11
CalCurCEAS_013,2024-10-03 22:59:59,41.01116,-124.50654667,Northern California,60.000417,3,2,11
CalCurCEAS_013,2024-10-04 00:00:00,41.01201,-124.50789667,Northern California,60.00025,0,3,33
CalCurCEAS_013,2024-10-04 01:00:00,41.01491667,-124.50769333,Northern California,60.000375,0,3,34
CalCurCEAS_013,2024-10-04 01:59:59,41.01936,-124.50707333,Northern California,60.000375,0,1,8
CalCurCEAS_013,2024-10-04 03:00:00,41.024075,-124.506045,Northern California,49.983667,5,7,5
CalCurCEAS_015,2024-10-05 13:59:59,40.82085,-126.193865,Northern California,29.993958,0,4,12
CalCurCEAS_015,2024-10-05 15:00:00,40.81633,-126.19744,Northern California,60.000333,0,17,4
CalCurCEAS_015,2024-10-05 16:00:00,40.81388,-126.2022,Northern California,60.000542,0,16,7
CalCurCEAS_015,2024-10-05 16:59:59,40.81567,-126.204575,Northern California,60.000417,0,32,8
CalCurCEAS_015,2024-10-05 18:00:00,40.820295,-126.205425,Northern California,60.000458,0,9,2
CalCurCEAS_015,2024-10-05 19:00:00,40.824075,-126.20305,Northern California,60.000333,0,7,5
CalCurCEAS_015,2024-10-05 19:59:59,40.82551,-126.20068,Northern California,59.99675,0,13,8
CalCurCEAS_015,2024-10-05 21:00:00,40.82591,-126.19745,Northern California,60.000333,0,17,4
CalCurCEAS_015,2024-10-05 22:00:00,40.824675,-126.19447,Northern California,60.000542,0,19,9
CalCurCEAS_015,2024-10-05 22:59:59,40.822595,-126.19007,Northern California,60.000458,0,12,4
CalCurCEAS_015,2024-10-06 00:00:00,40.818805,-126.186595,Northern California,59.99625,0,9,32
CalCurCEAS_015,2024-10-06 01:00:00,40.81332,-126.18519,Northern California,60.000458,0,7,4
CalCurCEAS_015,2024-10-06 01:59:59,40.80652,-126.18491,Northern California,60.000333,0,9,23
CalCurCEAS_015,2024-10-06 03:00:00,40.80333,-126.18483,Northern California,60.000458,0,6,30
CalCurCEAS_015,2024-10-06 04:00:00,40.80056,-126.18491,Northern California,60.000375,1,6,41
CalCurCEAS_015,2024-10-06 04:59:59,40.79964,-126.184985,Northern California,59.995375,0,2,42
CalCurCEAS_015,2024-10-06 06:00:00,40.798895,-126.184005,Northern California,60.0005,0,0,10
CalCurCEAS_015,2024-10-06 07:00:00,40.79907,-126.18271,Northern California,60.000417,0,0,3
CalCurCEAS_015,2024-10-06 07:59:59,40.799695,-126.181455,Northern California,60.000375,0,1,21
CalCurCEAS_015,2024-10-06 09:00:00,40.801015,-126.180175,Northern California,60.000375,0,1,22
CalCurCEAS_015,2024-10-06 10:00:00,40.80156,-126.17862,Northern California,60.000417,0,7,42
CalCurCEAS_015,2024-10-06 10:59:59,40.801635,-126.17613,Northern California,60.000417,0,29,1
CalCurCEAS_015,2024-10-06 12:00:00,40.79941,-126.17455,Northern California,60.000375,0,11,0
CalCurCEAS_015,2024-10-06 13:00:00,40.795955,-126.174835,Northern California,60.000458,0,5,2
CalCurCEAS_015,2024-10-06 13:59:59,40.793185,-126.176625,Northern California,60.0005,0,1,23
CalCurCEAS_015,2024-10-06 15:00:00,40.79179,-126.17833,Northern California,60.000417,0,8,5
CalCurCEAS_015,2024-10-06 16:00:00,40.79096,-126.18017,Northern California,60.000417,0,15,24
CalCurCEAS_015,2024-10-06 16:59:59,40.792065,-126.18062,Northern California,60.000292,0,8,28
CalCurCEAS_015,2024-10-06 18:00:00,40.79409,-126.17963,Northern California,60.000542,0,0,1
CalCurCEAS_015,2024-10-06 19:00:00,40.7946,-126.1763,Northern California,60.000375,0,3,20
CalCurCEAS_015,2024-10-06 19:59:59,40.794045,-126.174275,Northern California,60.000375,0,6,16
CalCurCEAS_015,2024-10-06 21:00:00,40.793905,-126.17063,Northern California,60.000417,0,0,3
CalCurCEAS_015,2024-10-06 22:00:00,40.792865,-126.166885,Northern California,60.000542,0,9,0
CalCurCEAS_015,2024-10-06 22:59:59,40.788715,-126.164825,Northern California,60.000333,0,7,6
CalCurCEAS_015,2024-10-07 00:00:00,40.78372,-126.1648,Northern California,60.000458,0,12,0
CalCurCEAS_015,2024-10-07 01:00:00,40.777065,-126.167195,Northern California,60.000375,0,16,1
CalCurCEAS_015,2024-10-07 01:59:59,40.76893,-126.171715,Northern California,60.000417,0,1,2
CalCurCEAS_015,2024-10-07 03:00:00,40.76477,-126.17611,Northern California,60.000458,0,3,0
CalCurCEAS_015,2024-10-07 04:00:00,40.76309,-126.17954,Northern California,60.000333,0,7,2
CalCurCEAS_015,2024-10-07 04:59:59,40.76252,-126.185,Northern California,59.99525,0,4,2
CalCurCEAS_015,2024-10-07 06:00:00,40.76467,-126.187305,Northern California,59.995417,0,0,1
CalCurCEAS_015,2024-10-07 07:00:00,40.76743,-126.18748,Northern California,60.000375,0,0,4
CalCurCEAS_015,2024-10-07 07:59:59,40.76972,-126.185115,Northern California,60.000458,0,1,4
CalCurCEAS_015,2024-10-07 09:00:00,40.77195,-126.181,Northern California,60.000375,1,4,4
CalCurCEAS_015,2024-10-07 10:00:00,40.77281,-126.177045,Northern California,60.000375,0,4,14
CalCurCEAS_015,2024-10-07 10:59:59,40.77221,-126.172605,Northern California,60.000333,0,6,1
CalCurCEAS_015,2024-10-07 12:00:00,40.77031,-126.169295,Northern California,60.000542,0,0,5
CalCurCEAS_015,2024-10-07 13:00:00,40.76708,-126.16742,Northern California,60.000292,0,2,7
CalCurCEAS_015,2024-10-07 13:59:59,40.76211,-126.167575,Northern California,60.000375,0,1,9
CalCurCEAS_015,2024-10-07 15:00:00,40.75668,-126.17059,Northern California,60.000375,0,3,11
CalCurCEAS_015,2024-10-07 16:00:00,40.75466,-126.17291,Northern California,60.0005,0,16,5
CalCurCEAS_015,2024-10-07 16:59:59,40.754415,-126.17432,Northern California,60.000417,0,5,25
CalCurCEAS_015,2024-10-07 18:00:00,40.755715,-126.175715,Northern California,59.995292,0,3,5
CalCurCEAS_015,2024-10-07 19:00:00,40.75757,-126.175155,Northern California,60.000375,0,10,2
CalCurCEAS_015,2024-10-07 19:59:59,40.759165,-126.17157,Northern California,60.000417,0,8,5
CalCurCEAS_015,2024-10-07 21:00:00,40.75982,-126.1677,Northern California,60.000375,0,4,12
CalCurCEAS_015,2024-10-07 22:00:00,40.75864,-126.16432,Northern California,60.000458,0,4,41
CalCurCEAS_015,2024-10-07 22:59:59,40.75637,-126.16328,Northern California,60.000375,0,1,14
CalCurCEAS_015,2024-10-08 00:00:00,40.75132,-126.163045,Northern California,60.000417,0,4,1
CalCurCEAS_015,2024-10-08 01:00:00,40.74372,-126.166765,Northern California,60.000417,0,7,5
CalCurCEAS_015,2024-10-08 01:59:59,40.74053,-126.17094,Northern California,60.000375,0,4,5
CalCurCEAS_015,2024-10-08 03:00:00,40.74019,-126.173935,Northern California,60.000458,0,2,40
CalCurCEAS_015,2024-10-08 04:00:00,40.741,-126.17515,Northern California,60.000542,0,2,48
CalCurCEAS_015,2024-10-08 04:59:59,40.74221,-126.17384,Northern California,60.000417,0,2,7
CalCurCEAS_015,2024-10-08 06:00:00,40.74256,-126.17251,Northern California,60.000417,0,3,5
CalCurCEAS_015,2024-10-08 07:00:00,40.74323,-126.16754,Northern California,60.000417,0,1,10
CalCurCEAS_015,2024-10-08 07:59:59,40.7437,-126.16384,Northern California,60.0005,0,1,33
CalCurCEAS_015,2024-10-08 09:00:00,40.741145,-126.158625,Northern California,60.000375,0,1,8
CalCurCEAS_015,2024-10-08 10:00:00,40.73859,-126.15341,Northern California,60.000417,0,0,42
CalCurCEAS_015,2024-10-08 10:59:59,40.73678,-126.15234,Northern California,59.983792,0,0,56
CalCurCEAS_015,2024-10-08 12:00:00,40.73179,-126.1518,Northern California,60.000417,0,0,22
CalCurCEAS_015,2024-10-08 13:00:00,40.726465,-126.15381,Northern California,60.000375,4,1,54
CalCurCEAS_015,2024-10-08 13:59:59,40.72177,-126.15743,Northern California,60.000542,0,0,34
CalCurCEAS_015,2024-10-08 15:00:00,40.71928,-126.16122,Northern California,60.000417,0,1,4
CalCurCEAS_015,2024-10-08 16:00:00,40.718945,-126.164655,Northern California,60.000458,0,1,7
CalCurCEAS_015,2024-10-08 16:59:59,40.721325,-126.166015,Northern California,60.000292,0,0,15
CalCurCEAS_015,2024-10-08 18:00:00,40.72439,-126.16528,Northern California,60.000458,0,0,10
CalCurCEAS_015,2024-10-08 19:00:00,40.72636,-126.16196,Northern California,60.000375,0,2,25
CalCurCEAS_015,2024-10-08 19:59:59,40.728375,-126.154985,Northern California,60.000417,0,3,16
CalCurCEAS_015,2024-10-08 21:00:00,40.72801,-126.15043,Northern California,60.000458,0,7,5
CalCurCEAS_015,2024-10-08 22:00:00,40.72597,-126.14766,Northern California,60.0005,0,10,6
CalCurCEAS_015,2024-10-08 22:59:59,40.72221,-126.1462,Northern California,60.000417,0,6,4
CalCurCEAS_015,2024-10-09 00:00:00,40.71894,-126.14434,Northern California,60.000417,0,0,3
CalCurCEAS_015,2024-10-09 01:00:00,40.714545,-126.142195,Northern California,60.000333,0,2,2
CalCurCEAS_015,2024-10-09 01:59:59,40.70955,-126.14133,Northern California,60.000583,0,2,14
CalCurCEAS_015,2024-10-09 03:00:00,40.703675,-126.1416,Northern California,60.000375,0,0,33
CalCurCEAS_015,2024-10-09 04:00:00,40.69758,-126.14131,Northern California,60.000417,0,0,4
CalCurCEAS_015,2024-10-09 04:59:59,40.69392667,-126.14231,Northern California,60.000375,0,1,34
CalCurCEAS_015,2024-10-09 06:00:00,40.6908,-126.14507,Northern California,60.000375,0,0,18
CalCurCEAS_015,2024-10-09 07:00:00,40.68998,-126.14635,Northern California,60.000333,0,2,11
CalCurCEAS_015,2024-10-09 07:59:59,40.6897,-126.145215,Northern California,60.000375,0,0,2
CalCurCEAS_015,2024-10-09 09:00:00,40.689755,-126.14214,Northern California,60.000375,0,1,12
CalCurCEAS_015,2024-10-09 10:00:00,40.688835,-126.13857,Northern California,60.000542,0,2,8
CalCurCEAS_015,2024-10-09 10:59:59,40.68739,-126.13657,Northern California,60.000417,0,2,26
CalCurCEAS_015,2024-10-09 12:00:00,40.685655,-126.133605,Northern California,60.000333,0,0,4
CalCurCEAS_015,2024-10-09 13:00:00,40.68277,-126.13058,Northern California,60.000208,0,2,10
CalCurCEAS_015,2024-10-09 13:59:59,40.67893,-126.128195,Northern California,60.000542,0,0,60
CalCurCEAS_015,2024-10-09 15:00:00,40.67441,-126.12498,Northern California,59.995458,0,0,27
CalCurCEAS_015,2024-10-09 16:00:00,40.66972,-126.123585,Northern California,60.000542,0,1,0
CalCurCEAS_015,2024-10-09 16:59:59,40.66631,-126.12401,Northern California,60.000292,0,0,6
CalCurCEAS_015,2024-10-09 18:00:00,40.664405,-126.12586,Northern California,59.996583,0,0,7
CalCurCEAS_015,2024-10-09 19:00:00,40.661695,-126.127995,Northern California,60.000458,0,7,4
CalCurCEAS_015,2024-10-09 19:59:59,40.66014,-126.12884,Northern California,60.000333,0,3,1
CalCurCEAS_015,2024-10-09 21:00:00,40.65808,-126.12894,Northern California,60.000375,0,8,0
CalCurCEAS_015,2024-10-09 22:00:00,40.655765,-126.1281,Northern California,60.000458,0,9,3
CalCurCEAS_015,2024-10-09 22:59:59,40.651765,-126.1251,Northern California,60.000458,0,0,5
CalCurCEAS_015,2024-10-10 00:00:00,40.64905,-126.12191,Northern California,60.000417,0,5,3
CalCurCEAS_015,2024-10-10 01:00:00,40.645185,-126.118435,Northern California,59.994042,0,3,0
CalCurCEAS_015,2024-10-10 01:59:59,40.637565,-126.11307,Northern California,60.000458,0,3,2
CalCurCEAS_015,2024-10-10 03:00:00,40.63091,-126.11071,Northern California,59.993875,0,1,25
CalCurCEAS_015,2024-10-10 04:00:00,40.62364333,-126.11036,Northern California,60.000458,0,0,32
CalCurCEAS_015,2024-10-10 04:59:59,40.619035,-126.11157,Northern California,60.000375,0,2,20
CalCurCEAS_015,2024-10-10 06:00:00,40.613505,-126.11528,Northern California,60.000333,0,0,5
CalCurCEAS_015,2024-10-10 07:00:00,40.609115,-126.11781,Northern California,60.000417,0,0,1
CalCurCEAS_015,2024-10-10 07:59:59,40.60653,-126.11693,Northern California,60.000417,1,0,7
CalCurCEAS_015,2024-10-10 09:00:00,40.60391,-126.11431,Northern California,59.99425,0,1,5
CalCurCEAS_015,2024-10-10 10:00:00,40.600105,-126.11278,Northern California,60.000458,0,1,0
CalCurCEAS_015,2024-10-10 10:59:59,40.59612,-126.110495,Northern California,59.994208,0,1,2
CalCurCEAS_015,2024-10-10 12:00:00,40.59222,-126.10719,Northern California,60.000458,0,0,10
CalCurCEAS_015,2024-10-10 13:00:00,40.59007,-126.104865,Northern California,59.992917,0,1,3
CalCurCEAS_015,2024-10-10 13:59:59,40.58604,-126.10076,Northern California,60.000208,0,3,2
CalCurCEAS_015,2024-10-10 15:00:00,40.582415,-126.09752,Northern California,60.000375,0,0,3
CalCurCEAS_015,2024-10-10 16:00:00,40.57836,-126.09523,Northern California,59.993875,0,3,0
CalCurCEAS_015,2024-10-10 16:59:59,40.57331,-126.095345,Northern California,60.000458,0,7,1
CalCurCEAS_015,2024-10-10 18:00:00,40.56965,-126.09655,Northern California,60.0005,0,15,3
CalCurCEAS_015,2024-10-10 19:00:00,40.565685,-126.09632,Northern California,60.000417,0,2,0
CalCurCEAS_015,2024-10-10 19:59:59,40.56138,-126.095385,Northern California,59.996667,0,4,10
CalCurCEAS_015,2024-10-10 21:00:00,40.55899,-126.093555,Northern California,60.000333,0,1,15
CalCurCEAS_015,2024-10-10 22:00:00,40.55671,-126.09084,Northern California,60.000375,0,1,4
CalCurCEAS_015,2024-10-10 22:59:59,40.55418,-126.08801,Northern California,60.000375,0,0,4
CalCurCEAS_015,2024-10-11 00:00:00,40.55196,-126.0861,Northern California,60.000458,0,1,0
CalCurCEAS_015,2024-10-11 01:00:00,40.55061,-126.08408,Northern California,60.000333,0,1,2
CalCurCEAS_015,2024-10-11 01:59:59,40.54902,-126.08217,Northern California,60.000542,0,3,30
CalCurCEAS_015,2024-10-11 03:00:00,40.54573,-126.07908,Northern California,60.000292,0,1,67
CalCurCEAS_015,2024-10-11 04:00:00,40.541885,-126.075815,Northern California,59.999083,0,1,58
CalCurCEAS_015,2024-10-11 04:59:59,40.53763667,-126.07408667,Northern California,60.000333,0,1,72
CalCurCEAS_015,2024-10-11 06:00:00,40.53202,-126.07301,Northern California,60.000333,0,0,92
CalCurCEAS_015,2024-10-11 07:00:00,40.528995,-126.07185,Northern California,60.000417,0,0,40
CalCurCEAS_015,2024-10-11 07:59:59,40.52616,-126.07045,Northern California,60.000458,0,0,61
CalCurCEAS_015,2024-10-11 09:00:00,40.52375,-126.069685,Northern California,60.000292,0,2,24
CalCurCEAS_015,2024-10-11 10:00:00,40.51956,-126.06837,Northern California,60.000375,0,0,40
CalCurCEAS_015,2024-10-11 10:59:59,40.518635,-126.065925,Northern California,60.000458,0,0,55
CalCurCEAS_015,2024-10-11 12:00:00,40.517575,-126.060165,Northern California,60.000417,0,0,60
CalCurCEAS_015,2024-10-11 13:00:00,40.51663,-126.0552,Northern California,60.000417,0,0,81
CalCurCEAS_015,2024-10-11 13:59:59,40.516115,-126.05023,Northern California,33.000292,0,0,9
CalCurCEAS_016,2024-10-06 01:59:59,39.67294333,-126.56251667,Northern California,60.000375,0,1,0
CalCurCEAS_016,2024-10-06 03:00:00,39.6645,-126.56884,Northern California,60.000417,0,0,0
CalCurCEAS_016,2024-10-06 04:00:00,39.65421667,-126.57491,Northern California,60.000333,0,0,0
CalCurCEAS_016,2024-10-06 04:59:59,39.64018667,-126.58382,Northern California,60.000375,0,1,0
CalCurCEAS_016,2024-10-06 06:00:00,39.62627667,-126.59571667,Northern California,60.000458,0,0,1
CalCurCEAS_016,2024-10-06 07:00:00,39.61395333,-126.60994667,Northern California,60.000375,0,1,0
CalCurCEAS_016,2024-10-06 07:59:59,39.6017,-126.62341,Northern California,60.000417,0,1,0
CalCurCEAS_016,2024-10-06 09:00:00,39.59055667,-126.63491333,Northern California,60.000417,0,1,0
CalCurCEAS_016,2024-10-06 10:00:00,39.57853,-126.6476,Northern California,60.000375,0,1,0
CalCurCEAS_016,2024-10-06 10:59:59,39.56818,-126.65849333,Northern California,60.000375,0,1,1
CalCurCEAS_016,2024-10-06 12:00:00,39.56140333,-126.66732,Northern California,60.000458,0,2,0
CalCurCEAS_016,2024-10-06 13:00:00,39.55761333,-126.67385,Northern California,60.0005,0,1,0
CalCurCEAS_016,2024-10-06 13:59:59,39.55508333,-126.67796667,Northern California,60.000375,0,0,0
CalCurCEAS_016,2024-10-06 15:00:00,39.55280333,-126.67960333,Northern California,60.000375,0,3,0
CalCurCEAS_016,2024-10-06 16:00:00,39.54884667,-126.67842667,Northern California,60.000333,0,0,0
CalCurCEAS_016,2024-10-06 16:59:59,39.540445,-126.6752725,Northern California,60.000292,0,2,0
CalCurCEAS_016,2024-10-06 18:00:00,39.52813667,-126.67051667,Northern California,60.000375,0,1,0
CalCurCEAS_016,2024-10-06 19:00:00,39.5157,-126.66735,Northern California,60.000583,0,0,1
CalCurCEAS_016,2024-10-06 19:59:59,39.50443,-126.66633333,Northern California,60.000417,0,0,0
CalCurCEAS_016,2024-10-06 21:00:00,39.49348333,-126.66567667,Northern California,60.000333,0,2,0
CalCurCEAS_016,2024-10-06 22:00:00,39.48434667,-126.66436,Northern California,60.000333,0,3,0
CalCurCEAS_016,2024-10-06 22:59:59,39.47446,-126.66184333,Northern California,60.000375,0,0,0
CalCurCEAS_016,2024-10-07 00:00:00,39.46522667,-126.65934667,Northern California,60.000417,0,1,0
CalCurCEAS_016,2024-10-07 01:00:00,39.45782667,-126.65870333,Northern California,60.000375,0,2,0
CalCurCEAS_016,2024-10-07 01:59:59,39.45243333,-126.65868667,Northern California,59.981167,1,1,13
CalCurCEAS_016,2024-10-07 03:00:00,39.44947333,-126.65872667,Northern California,60.000542,0,0,4
CalCurCEAS_016,2024-10-07 04:00:00,39.44871667,-126.65919333,Northern California,60.000417,0,1,1
CalCurCEAS_016,2024-10-07 04:59:59,39.44997333,-126.6582,Northern California,60.000333,0,0,0
CalCurCEAS_016,2024-10-07 06:00:00,39.45101,-126.65217333,Northern California,60.000417,0,0,1
CalCurCEAS_016,2024-10-07 07:00:00,39.45001667,-126.64178,Northern California,60.000375,0,4,1
CalCurCEAS_016,2024-10-07 07:59:59,39.44713333,-126.632,Northern California,60.000417,0,5,0
CalCurCEAS_016,2024-10-07 09:00:00,39.44434667,-126.62202667,Northern California,60.000458,0,0,0
CalCurCEAS_016,2024-10-07 10:00:00,39.442738,-126.614564,Northern California,60.000292,0,1,2
CalCurCEAS_016,2024-10-07 10:59:59,39.442,-126.60909,Northern California,60.000417,0,2,0
CalCurCEAS_016,2024-10-07 12:00:00,39.44190333,-126.60422,Northern California,60.000333,0,1,0
CalCurCEAS_016,2024-10-07 13:00:00,39.44172333,-126.60036667,Northern California,60.000417,0,0,0
CalCurCEAS_016,2024-10-07 13:59:59,39.44232667,-126.59848667,Northern California,60.000208,0,2,0
CalCurCEAS_016,2024-10-07 15:00:00,39.44437333,-126.59645667,Northern California,60.000458,0,8,0
CalCurCEAS_016,2024-10-07 16:00:00,39.44814,-126.59633333,Northern California,60.000292,0,0,0
CalCurCEAS_016,2024-10-07 16:59:59,39.45444667,-126.59669667,Northern California,59.985042,0,0,0
CalCurCEAS_016,2024-10-07 18:00:00,39.463105,-126.59487,Northern California,60.000292,0,4,0
CalCurCEAS_016,2024-10-07 19:00:00,39.46953667,-126.58958333,Northern California,60.000292,0,0,0
CalCurCEAS_016,2024-10-07 19:59:59,39.47491667,-126.58049,Northern California,60.000458,0,0,0
CalCurCEAS_016,2024-10-07 21:00:00,39.47770667,-126.57171,Northern California,60.000333,0,1,0
CalCurCEAS_016,2024-10-07 22:00:00,39.47982,-126.56434667,Northern California,60.000292,0,0,1
CalCurCEAS_016,2024-10-07 22:59:59,39.47999667,-126.55956667,Northern California,60.000458,0,0,1
CalCurCEAS_016,2024-10-08 00:00:00,39.47963333,-126.55919333,Northern California,60.000333,0,2,1
CalCurCEAS_016,2024-10-08 01:00:00,39.47845,-126.56111667,Northern California,60.000458,0,5,2
CalCurCEAS_016,2024-10-08 01:59:59,39.47853667,-126.56524667,Northern California,60.000375,0,4,0
CalCurCEAS_016,2024-10-08 03:00:00,39.48117667,-126.57075,Northern California,60.000417,0,1,0
CalCurCEAS_016,2024-10-08 04:00:00,39.48722,-126.57713333,Northern California,60.0005,0,0,0
CalCurCEAS_016,2024-10-08 04:59:59,39.49488,-126.58227,Northern California,60.000417,0,0,1
CalCurCEAS_016,2024-10-08 06:00:00,39.50448,-126.58703667,Northern California,60.000417,0,1,0
CalCurCEAS_016,2024-10-08 07:00:00,39.51628,-126.58764,Northern California,60.000417,0,2,0
CalCurCEAS_016,2024-10-08 07:59:59,39.52757333,-126.58305333,Northern California,60.000417,0,3,0
CalCurCEAS_016,2024-10-08 09:00:00,39.53538,-126.57783,Northern California,60.000417,1,1,0
CalCurCEAS_016,2024-10-08 10:00:00,39.5405,-126.57446,Northern California,60.00025,1,0,0
CalCurCEAS_016,2024-10-08 10:59:59,39.54382333,-126.57338,Northern California,60.000333,0,1,0
CalCurCEAS_016,2024-10-08 12:00:00,39.54559667,-126.57333,Northern California,60.000333,0,1,0
CalCurCEAS_016,2024-10-08 13:00:00,39.54635,-126.57556333,Northern California,59.983917,0,1,4
CalCurCEAS_016,2024-10-08 13:59:59,39.54911,-126.58172,Northern California,60.000292,0,1,4
CalCurCEAS_016,2024-10-08 15:00:00,39.5514,-126.58917333,Northern California,60.000542,0,1,0
CalCurCEAS_016,2024-10-08 16:00:00,39.55383333,-126.59769,Northern California,60.0005,0,2,0
CalCurCEAS_016,2024-10-08 16:59:59,39.55732333,-126.60553,Northern California,60.000333,0,10,0
CalCurCEAS_016,2024-10-08 18:00:00,39.56218333,-126.61284333,Northern California,60.000458,0,2,0
CalCurCEAS_016,2024-10-08 19:00:00,39.56437333,-126.61711,Northern California,60.000333,0,1,0
CalCurCEAS_016,2024-10-08 19:59:59,39.56531333,-126.62129667,Northern California,60.000583,0,0,0
CalCurCEAS_016,2024-10-08 21:00:00,39.56548667,-126.62764667,Northern California,60.000375,0,0,0
CalCurCEAS_016,2024-10-08 22:00:00,39.56568667,-126.63621,Northern California,60.000458,1,7,0
CalCurCEAS_016,2024-10-08 22:59:59,39.56526667,-126.64491667,Northern California,60.000375,0,4,0
CalCurCEAS_016,2024-10-09 00:00:00,39.56527333,-126.65366333,Northern California,60.000375,0,5,0
CalCurCEAS_016,2024-10-09 01:00:00,39.56644333,-126.66375333,Northern California,60.000375,0,4,0
CalCurCEAS_016,2024-10-09 01:59:59,39.56740667,-126.67385333,Northern California,60.000542,0,2,0
CalCurCEAS_016,2024-10-09 03:00:00,39.56983333,-126.68274667,Northern California,60.000333,0,0,0
CalCurCEAS_016,2024-10-09 04:00:00,39.57280667,-126.69032333,Northern California,60.000542,0,0,0
CalCurCEAS_016,2024-10-09 04:59:59,39.57315667,-126.69691667,Northern California,60.00025,0,1,0
CalCurCEAS_016,2024-10-09 06:00:00,39.57134667,-126.70135667,Northern California,60.000417,0,2,0
CalCurCEAS_016,2024-10-09 07:00:00,39.56771333,-126.70474667,Northern California,60.000333,0,1,1
CalCurCEAS_016,2024-10-09 07:59:59,39.56326667,-126.70987,Northern California,60.000292,0,0,0
CalCurCEAS_016,2024-10-09 09:00:00,39.55878667,-126.72,Northern California,60.000333,0,1,0
CalCurCEAS_016,2024-10-09 10:00:00,39.55378667,-126.73134333,Northern California,60.000333,0,0,0
CalCurCEAS_016,2024-10-09 10:59:59,39.54918667,-126.74440333,Northern California,60.000375,0,2,1
CalCurCEAS_016,2024-10-09 12:00:00,39.545,-126.76000333,Northern California,60.00025,0,1,0
CalCurCEAS_016,2024-10-09 13:00:00,39.54119333,-126.77764333,Northern California,60.000292,0,1,0
CalCurCEAS_016,2024-10-09 13:59:59,39.53998667,-126.79574333,Northern California,60.000333,0,0,0
CalCurCEAS_016,2024-10-09 15:00:00,39.54075333,-126.81195,Northern California,60.000458,0,0,0
CalCurCEAS_016,2024-10-09 16:00:00,39.54225,-126.82757667,Northern California,60.000542,0,6,0
CalCurCEAS_016,2024-10-09 16:59:59,39.54452667,-126.84039333,Northern California,60.000292,0,2,0
CalCurCEAS_016,2024-10-09 18:00:00,39.54622333,-126.85308667,Northern California,60.000417,0,0,0
CalCurCEAS_016,2024-10-09 19:00:00,39.54577,-126.86269667,Northern California,60.000458,0,0,0
CalCurCEAS_016,2024-10-09 19:59:59,39.54176667,-126.86961333,Northern California,60.000375,0,0,0
CalCurCEAS_016,2024-10-09 21:00:00,39.53513,-126.87621,Northern California,60.000458,0,1,0
CalCurCEAS_016,2024-10-09 22:00:00,39.52518333,-126.88472667,Northern California,60.000458,0,1,0
CalCurCEAS_016,2024-10-09 22:59:59,39.51354,-126.89669333,Northern California,60.000333,0,0,0
CalCurCEAS_016,2024-10-10 00:00:00,39.50212333,-126.91179667,Northern California,60.000417,0,0,0
CalCurCEAS_016,2024-10-10 01:00:00,39.49170667,-126.92859333,Northern California,60.000292,0,0,0
CalCurCEAS_016,2024-10-10 01:59:59,39.48283667,-126.94543,Northern California,60.0005,0,0,0
CalCurCEAS_016,2024-10-10 03:00:00,39.47583333,-126.96309333,Northern California,60.000292,0,0,0
CalCurCEAS_016,2024-10-10 04:00:00,39.47122667,-126.97865667,Northern California,60.000583,0,0,0
CalCurCEAS_016,2024-10-10 04:59:59,39.46690333,-126.98972,Northern California,60.000542,0,1,0
CalCurCEAS_016,2024-10-10 06:00:00,39.46204333,-126.99981,Northern California,60.000417,0,0,0
CalCurCEAS_016,2024-10-10 07:00:00,39.45861333,-127.00919,Northern California,60.000542,0,0,0
CalCurCEAS_016,2024-10-10 07:59:59,39.45255667,-127.01657,Northern California,60.000417,0,0,0
CalCurCEAS_016,2024-10-10 09:00:00,39.44473667,-127.02056667,Northern California,60.000417,0,0,0
CalCurCEAS_016,2024-10-10 10:00:00,39.435,-127.02598333,Northern California,60.000417,0,2,0
CalCurCEAS_016,2024-10-10 10:59:59,39.42466,-127.03209,Northern California,60.0005,0,0,0
CalCurCEAS_016,2024-10-10 12:00:00,39.41486333,-127.03877333,Northern California,60.000292,0,0,0
CalCurCEAS_016,2024-10-10 13:00:00,39.40516,-127.04648667,Northern California,59.999083,0,0,0
CalCurCEAS_016,2024-10-10 13:59:59,39.39758667,-127.05460333,Northern California,60.000375,0,4,0
CalCurCEAS_016,2024-10-10 15:00:00,39.38903667,-127.06137667,Northern California,60.000417,0,1,2
CalCurCEAS_016,2024-10-10 16:00:00,39.38125667,-127.06787667,Northern California,60.0005,0,0,0
CalCurCEAS_016,2024-10-10 16:59:59,39.37393,-127.07514667,Northern California,60.000375,0,0,0
CalCurCEAS_016,2024-10-10 18:00:00,39.36848667,-127.08201667,Northern California,60.000375,0,1,0
CalCurCEAS_016,2024-10-10 19:00:00,39.36368,-127.08713333,Northern California,60.000458,1,0,1
CalCurCEAS_016,2024-10-10 19:59:59,39.35937,-127.08915333,Northern California,60.000375,0,0,2
CalCurCEAS_016,2024-10-10 21:00:00,39.35549667,-127.08949667,Northern California,60.000333,0,1,0
CalCurCEAS_016,2024-10-10 22:00:00,39.35159333,-127.08882667,Northern California,60.000375,0,0,0
CalCurCEAS_016,2024-10-10 22:59:59,39.34527667,-127.08762,Northern California,60.000417,0,0,0
CalCurCEAS_016,2024-10-11 00:00:00,39.33715,-127.08549333,Northern California,60.00025,0,0,0
CalCurCEAS_016,2024-10-11 01:00:00,39.32496,-127.083225,Northern California,60.000333,0,2,0
CalCurCEAS_016,2024-10-11 01:59:59,39.31290667,-127.08248,Northern California,60.000417,0,5,0
CalCurCEAS_016,2024-10-11 03:00:00,39.30307667,-127.08423333,Northern California,60.000458,0,0,0
CalCurCEAS_016,2024-10-11 04:00:00,39.29548667,-127.08749667,Northern California,60.000208,0,0,0
CalCurCEAS_016,2024-10-11 04:59:59,39.28931,-127.09111,Northern California,60.000375,0,0,0
CalCurCEAS_016,2024-10-11 06:00:00,39.28496333,-127.09393,Northern California,60.000333,0,0,0
CalCurCEAS_016,2024-10-11 07:00:00,39.28225,-127.09521,Northern California,60.000375,0,1,0
CalCurCEAS_016,2024-10-11 07:59:59,39.28171333,-127.09367333,Northern California,60.000458,0,2,0
CalCurCEAS_016,2024-10-11 09:00:00,39.28209,-127.08861333,Northern California,60.000417,0,1,0
CalCurCEAS_016,2024-10-11 10:00:00,39.28159333,-127.08212667,Northern California,60.000375,0,2,0
CalCurCEAS_016,2024-10-11 10:59:59,39.28033333,-127.07527333,Northern California,60.000208,0,2,0
CalCurCEAS_016,2024-10-11 12:00:00,39.27850667,-127.06847,Northern California,59.997917,0,0,0
CalCurCEAS_016,2024-10-11 13:00:00,39.27575667,-127.06292333,Northern California,60.000458,0,0,0
CalCurCEAS_016,2024-10-11 13:59:59,39.27286667,-127.05570667,Northern California,60.000417,0,0,0
CalCurCEAS_016,2024-10-11 15:00:00,39.26822,-127.05073,Northern California,60.000417,0,0,0
CalCurCEAS_016,2024-10-11 16:00:00,39.26350667,-127.04954,Northern California,60.000417,0,0,0
CalCurCEAS_016,2024-10-11 16:59:59,39.26025333,-127.05236333,Northern California,60.000417,0,2,0
CalCurCEAS_016,2024-10-11 18:00:00,39.26015667,-127.05711333,Northern California,60.000458,0,0,0
CalCurCEAS_016,2024-10-11 19:00:00,39.26170333,-127.06331,Northern California,13.841708,0,1,0
CalCurCEAS_016,2024-10-13 04:59:59,39.22693667,-127.32291667,Northern California,4.408333,0,0,0
CalCurCEAS_016,2024-10-13 06:00:00,39.21593333,-127.33568333,Northern California,60.000333,0,0,0
CalCurCEAS_016,2024-10-13 07:00:00,39.20635667,-127.34866,Northern California,60.000458,0,1,0
CalCurCEAS_016,2024-10-13 07:59:59,39.19655,-127.36405,Northern California,60.000458,0,1,1
CalCurCEAS_016,2024-10-13 09:00:00,39.18783333,-127.37905667,Northern California,60.0005,0,0,0
CalCurCEAS_016,2024-10-13 10:00:00,39.18046667,-127.39034667,Northern California,60.000417,0,1,0
CalCurCEAS_016,2024-10-13 10:59:59,39.17444333,-127.39637333,Northern California,60.000333,0,1,0
CalCurCEAS_016,2024-10-13 12:00:00,39.16840667,-127.39977,Northern California,60.000333,0,0,0
CalCurCEAS_016,2024-10-13 13:00:00,39.16107333,-127.40226333,Northern California,60.000375,0,0,0
CalCurCEAS_016,2024-10-13 13:59:59,39.15374667,-127.40425,Northern California,60.000333,0,0,0
CalCurCEAS_016,2024-10-13 15:00:00,39.14573333,-127.40662333,Northern California,54.000417,0,0,0
CalCurCEAS_017,2024-10-06 13:59:59,41.0785,-127.481667,Northern California,15.000125,0,1,0
CalCurCEAS_017,2024-10-06 15:00:00,41.096665,-127.46074,Northern California,60.0005,0,1,0
CalCurCEAS_017,2024-10-06 16:00:00,41.10358,-127.438605,Northern California,34.191875,0,0,0
CalCurCEAS_017,2024-10-06 19:59:59,41.10935,-127.37967,Northern California,17.575125,0,1,11
CalCurCEAS_017,2024-10-06 21:00:00,41.10666,-127.376495,Northern California,60.00025,0,3,10
CalCurCEAS_017,2024-10-06 22:00:00,41.10579,-127.374295,Northern California,60.000375,0,0,15
CalCurCEAS_017,2024-10-06 22:59:59,41.110095,-127.372805,Northern California,60.000333,0,0,9
CalCurCEAS_017,2024-10-07 00:00:00,41.11723,-127.36952,Northern California,17.975167,0,0,4
CalCurCEAS_017,2024-10-07 04:00:00,41.15455,-127.330535,Northern California,54.675208,0,19,0
CalCurCEAS_017,2024-10-07 04:59:59,41.15787,-127.325815,Northern California,60.0005,0,4,0
CalCurCEAS_017,2024-10-07 06:00:00,41.1644,-127.31606,Northern California,60.000417,3,3,1
CalCurCEAS_017,2024-10-07 07:00:00,41.170195,-127.308315,Northern California,60.000458,0,4,0
CalCurCEAS_017,2024-10-07 07:59:59,41.174195,-127.301235,Northern California,60.00025,0,4,0
CalCurCEAS_017,2024-10-07 09:00:00,41.17638,-127.29599,Northern California,60.000458,0,2,0
CalCurCEAS_017,2024-10-07 10:00:00,41.17785,-127.28979,Northern California,60.000333,0,5,0
CalCurCEAS_017,2024-10-07 10:59:59,41.1781,-127.2864,Northern California,60.000292,0,6,0
CalCurCEAS_017,2024-10-07 12:00:00,41.17919,-127.28135,Northern California,60.000375,0,1,0
CalCurCEAS_017,2024-10-07 13:00:00,41.180135,-127.27791,Northern California,60.000375,1,2,0
CalCurCEAS_017,2024-10-07 13:59:59,41.1818,-127.27483,Northern California,60.0005,0,1,0
CalCurCEAS_017,2024-10-07 15:00:00,41.185325,-127.27217,Northern California,60.000292,0,1,0
CalCurCEAS_017,2024-10-07 16:00:00,41.189895,-127.2707,Northern California,60.000417,0,0,0
CalCurCEAS_017,2024-10-07 16:59:59,41.19501,-127.26951,Northern California,60.000375,0,1,0
CalCurCEAS_017,2024-10-07 18:00:00,41.202425,-127.267835,Northern California,60.000458,4,2,1
CalCurCEAS_017,2024-10-07 19:00:00,41.21037,-127.26499,Northern California,60.000375,0,4,0
CalCurCEAS_017,2024-10-07 19:59:59,41.217325,-127.259305,Northern California,60.000417,0,1,0
CalCurCEAS_017,2024-10-07 21:00:00,41.22031,-127.254605,Northern California,60.000375,0,1,1
CalCurCEAS_017,2024-10-07 22:00:00,41.221605,-127.253405,Northern California,60.000542,0,6,0
CalCurCEAS_017,2024-10-07 22:59:59,41.22224,-127.25181,Northern California,60.000292,0,0,0
CalCurCEAS_017,2024-10-08 00:00:00,41.222315,-127.25055,Northern California,60.000292,0,8,0
CalCurCEAS_017,2024-10-08 01:00:00,41.22225,-127.25024,Northern California,60.000292,0,10,1
CalCurCEAS_017,2024-10-08 01:59:59,41.22178,-127.25058,Northern California,60.0005,1,1,2
CalCurCEAS_017,2024-10-08 03:00:00,41.221925,-127.251955,Northern California,7.44175,0,0,1
CalCurCEAS_017,2024-10-08 04:00:00,41.22558,-127.25287,Northern California,2.541667,0,0,0
CalCurCEAS_017,2024-10-08 04:59:59,41.2314525,-127.2532175,Northern California,6.375083,0,0,0
CalCurCEAS_017,2024-10-08 09:00:00,41.25309,-127.24911,Northern California,40.908625,0,3,0
CalCurCEAS_017,2024-10-08 10:00:00,41.25754,-127.24648,Northern California,60.000375,0,7,0
CalCurCEAS_017,2024-10-08 10:59:59,41.257635,-127.2477,Northern California,60.0005,1,0,0
CalCurCEAS_017,2024-10-08 12:00:00,41.2572,-127.25127,Northern California,60.000542,0,4,0
CalCurCEAS_017,2024-10-08 13:00:00,41.25715,-127.25537,Northern California,60.000458,0,3,7
CalCurCEAS_017,2024-10-08 13:59:59,41.25829,-127.261965,Northern California,60.000333,0,0,0
CalCurCEAS_017,2024-10-08 15:00:00,41.26138,-127.27026,Northern California,60.000292,0,0,2
CalCurCEAS_017,2024-10-08 16:00:00,41.27038,-127.27824,Northern California,60.000458,0,1,3
CalCurCEAS_017,2024-10-08 16:59:59,41.279725,-127.282145,Northern California,60.000458,0,5,1
CalCurCEAS_017,2024-10-08 18:00:00,41.29128,-127.28508,Northern California,60.000375,0,7,0
CalCurCEAS_017,2024-10-08 19:00:00,41.30185,-127.286675,Northern California,60.000375,0,5,0
CalCurCEAS_017,2024-10-08 19:59:59,41.30944,-127.28556,Northern California,60.000375,0,7,0
CalCurCEAS_017,2024-10-08 21:00:00,41.31583,-127.283185,Northern California,60.000375,0,3,0
CalCurCEAS_017,2024-10-08 22:00:00,41.31991,-127.28077,Northern California,60.000458,0,0,0
CalCurCEAS_017,2024-10-08 22:59:59,41.322005,-127.278185,Northern California,60.000417,0,5,0
CalCurCEAS_017,2024-10-09 00:00:00,41.319875,-127.281565,Northern California,60.000417,0,7,0
CalCurCEAS_017,2024-10-09 01:00:00,41.3159,-127.28884,Northern California,60.000458,0,16,0
CalCurCEAS_017,2024-10-09 01:59:59,41.312805,-127.298315,Northern California,60.000333,0,7,0
CalCurCEAS_017,2024-10-09 03:00:00,41.31099,-127.30884,Northern California,60.000333,0,1,21
CalCurCEAS_017,2024-10-09 04:00:00,41.311215,-127.31932,Northern California,60.000417,0,7,17
CalCurCEAS_017,2024-10-09 04:59:59,41.31641667,-127.33369333,Northern California,60.000333,0,1,0
CalCurCEAS_017,2024-10-09 06:00:00,41.327545,-127.34429,Northern California,60.000417,0,10,0
CalCurCEAS_017,2024-10-09 07:00:00,41.33612,-127.34892,Northern California,60.000333,0,15,0
CalCurCEAS_017,2024-10-09 07:59:59,41.34607,-127.351405,Northern California,60.0005,0,10,0
CalCurCEAS_017,2024-10-09 09:00:00,41.35687,-127.352215,Northern California,60.000417,0,7,2
CalCurCEAS_017,2024-10-09 10:00:00,41.36582,-127.35342,Northern California,59.983792,0,0,0
CalCurCEAS_017,2024-10-09 10:59:59,41.37182,-127.3544,Northern California,60.000375,0,2,0
CalCurCEAS_017,2024-10-09 12:00:00,41.375005,-127.35789,Northern California,60.000375,0,1,15
CalCurCEAS_017,2024-10-09 13:00:00,41.37619,-127.36231,Northern California,60.000333,0,2,5
CalCurCEAS_017,2024-10-09 13:59:59,41.375485,-127.370435,Northern California,60.000417,0,17,0
CalCurCEAS_017,2024-10-09 15:00:00,41.37577,-127.382405,Northern California,19.875208,0,3,0
CalCurCEAS_017,2024-10-09 16:59:59,41.382505,-127.40837,Northern California,8.591667,0,0,0
CalCurCEAS_017,2024-10-09 18:00:00,41.390045,-127.421965,Northern California,60.000333,0,0,0
CalCurCEAS_017,2024-10-09 19:00:00,41.402995,-127.436185,Northern California,60.000417,0,5,0
CalCurCEAS_017,2024-10-09 19:59:59,41.41286,-127.44385,Northern California,60.000375,0,1,0
CalCurCEAS_017,2024-10-09 21:00:00,41.424305,-127.450245,Northern California,60.000458,0,0,3
CalCurCEAS_017,2024-10-09 22:00:00,41.4345,-127.45649,Northern California,60.000417,0,0,0
CalCurCEAS_017,2024-10-09 22:59:59,41.444085,-127.46424,Northern California,60.000333,0,0,0
CalCurCEAS_017,2024-10-10 00:00:00,41.45281,-127.47123,Northern California,60.000333,0,0,1
CalCurCEAS_017,2024-10-10 01:00:00,41.45936,-127.47915,Northern California,60.00025,0,0,0
CalCurCEAS_017,2024-10-10 01:59:59,41.464715,-127.48749,Northern California,60.0005,0,0,0
CalCurCEAS_017,2024-10-10 03:00:00,41.471205,-127.499805,Northern California,60.000458,0,0,0
CalCurCEAS_017,2024-10-10 04:00:00,41.47648,-127.50868,Northern California,60.000417,0,3,1
CalCurCEAS_017,2024-10-10 04:59:59,41.48045,-127.51624,Northern California,60.000417,0,0,3
CalCurCEAS_017,2024-10-10 06:00:00,41.48969,-127.53183,Northern California,60.000458,0,0,0
CalCurCEAS_017,2024-10-10 07:00:00,41.49533,-127.540715,Northern California,60.000375,0,0,0
CalCurCEAS_017,2024-10-10 07:59:59,41.50583,-127.55126,Northern California,60.000417,0,0,0
CalCurCEAS_017,2024-10-10 09:00:00,41.51504,-127.55962,Northern California,60.000458,0,1,0
CalCurCEAS_017,2024-10-10 10:00:00,41.5267,-127.567665,Northern California,60.0005,0,0,0
CalCurCEAS_017,2024-10-10 10:59:59,41.538695,-127.57449,Northern California,60.000208,0,0,1
CalCurCEAS_017,2024-10-10 12:00:00,41.54927,-127.582555,Northern California,60.000333,0,0,0
CalCurCEAS_017,2024-10-10 13:00:00,41.55789,-127.59221,Northern California,60.0005,0,3,4
CalCurCEAS_017,2024-10-10 13:59:59,41.568395,-127.60634,Northern California,60.000458,0,1,0
CalCurCEAS_017,2024-10-10 15:00:00,41.58005,-127.61852,Northern California,60.000542,0,1,0
CalCurCEAS_017,2024-10-10 16:00:00,41.592515,-127.63052,Northern California,59.985167,0,0,0
CalCurCEAS_017,2024-10-10 16:59:59,41.60309,-127.63922,Northern California,60.000458,0,0,0
CalCurCEAS_017,2024-10-10 18:00:00,41.6157,-127.64858,Northern California,60.000417,0,0,0
CalCurCEAS_017,2024-10-10 19:00:00,41.629735,-127.65861,Northern California,60.000417,0,0,0
CalCurCEAS_017,2024-10-10 19:59:59,41.64137,-127.66673,Northern California,59.992583,0,1,0
CalCurCEAS_017,2024-10-10 21:00:00,41.6545,-127.674275,Northern California,60.000333,0,0,0
CalCurCEAS_017,2024-10-10 22:00:00,41.672465,-127.685135,Northern California,60.000292,0,0,0
CalCurCEAS_017,2024-10-10 22:59:59,41.68262,-127.69124,Northern California,60.000375,0,4,0
CalCurCEAS_017,2024-10-11 00:00:00,41.697915,-127.70064,Northern California,60.000333,0,2,1
CalCurCEAS_017,2024-10-11 01:00:00,41.714835,-127.709645,Northern California,60.000417,0,4,0
CalCurCEAS_017,2024-10-11 01:59:59,41.72704,-127.71619,Northern California,60.000458,0,0,0
CalCurCEAS_017,2024-10-11 03:00:00,41.738385,-127.723875,Northern California,60.000417,0,0,0
CalCurCEAS_017,2024-10-11 04:00:00,41.755255,-127.73337,Northern California,60.00025,0,0,0
CalCurCEAS_017,2024-10-11 04:59:59,41.76609667,-127.73839,Northern California,60.000417,0,0,0
CalCurCEAS_017,2024-10-11 06:00:00,41.78699,-127.74543,Northern California,60.000292,0,0,0
CalCurCEAS_017,2024-10-11 07:00:00,41.80003,-127.74756,Northern California,60.000542,0,0,0
CalCurCEAS_017,2024-10-11 07:59:59,41.815445,-127.749815,Northern California,60.000375,0,0,0
CalCurCEAS_017,2024-10-11 09:00:00,41.83108,-127.75231,Northern California,60.000458,0,2,0
CalCurCEAS_017,2024-10-11 10:00:00,41.84402,-127.756585,Northern California,60.00025,0,0,0
CalCurCEAS_017,2024-10-11 10:59:59,41.858095,-127.763475,Northern California,60.000542,0,0,0
CalCurCEAS_017,2024-10-11 12:00:00,41.874825,-127.77241,Northern California,60.000333,0,7,0
CalCurCEAS_017,2024-10-11 13:00:00,41.89693,-127.78147,Northern California,60.000375,0,3,0
CalCurCEAS_017,2024-10-11 13:59:59,41.91378,-127.78745,Northern California,60.000375,0,1,0
CalCurCEAS_017,2024-10-11 15:00:00,41.933205,-127.79224,Northern California,59.980125,0,0,0
CalCurCEAS_017,2024-10-11 16:00:00,41.95873333,-127.79706667,Northern California,0.058375,0,0,0
CalCurCEAS_017,2024-10-12 03:00:00,42.173325,-127.791435,Oregon,7.958375,0,0,0
CalCurCEAS_017,2024-10-12 04:00:00,42.18869,-127.79106,Oregon,60.000375,0,2,1
CalCurCEAS_017,2024-10-12 04:59:59,42.20411333,-127.79111333,Oregon,60.000375,0,2,0
CalCurCEAS_017,2024-10-12 06:00:00,42.22067,-127.79145,Oregon,60.000208,0,0,1
CalCurCEAS_017,2024-10-12 07:00:00,42.23831,-127.79252,Oregon,21.575208,0,0,0
CalCurCEAS_017,2024-10-12 13:00:00,42.33019,-127.78828,Oregon,31.425208,0,0,0
CalCurCEAS_018,2024-10-06 22:59:59,40.038188,-127.711952,Northern California,6.0,0,0,0
CalCurCEAS_018,2024-10-07 00:00:00,40.039,-127.713915,Northern California,60.000375,0,0,0
CalCurCEAS_018,2024-10-07 01:00:00,40.03793,-127.71952,Northern California,60.000333,0,1,0
CalCurCEAS_018,2024-10-07 01:59:59,40.035985,-127.727455,Northern California,60.000458,0,1,0
CalCurCEAS_018,2024-10-07 03:00:00,40.034985,-127.737725,Northern California,60.000417,0,0,1
CalCurCEAS_018,2024-10-07 04:00:00,40.03713,-127.747765,Northern California,60.000458,0,1,0
CalCurCEAS_018,2024-10-07 04:59:59,40.04022,-127.75398,Northern California,60.000417,0,0,0
CalCurCEAS_018,2024-10-07 06:00:00,40.048875,-127.766685,Northern California,60.0005,0,1,0
CalCurCEAS_018,2024-10-07 07:00:00,40.05912,-127.77738,Northern California,60.000458,0,1,0
CalCurCEAS_018,2024-10-07 07:59:59,40.072745,-127.784935,Northern California,60.000458,0,0,0
CalCurCEAS_018,2024-10-07 09:00:00,40.082575,-127.789235,Northern California,60.0005,0,1,0
CalCurCEAS_018,2024-10-07 10:00:00,40.08911,-127.78951,Northern California,60.000375,0,1,1
CalCurCEAS_018,2024-10-07 10:59:59,40.09381,-127.788355,Northern California,60.000417,0,0,2
CalCurCEAS_018,2024-10-07 12:00:00,40.09777,-127.789095,Northern California,60.000417,0,3,0
CalCurCEAS_018,2024-10-07 13:00:00,40.100705,-127.791575,Northern California,60.000542,0,1,0
CalCurCEAS_018,2024-10-07 13:59:59,40.10353,-127.79464,Northern California,60.000375,0,1,0
CalCurCEAS_018,2024-10-07 15:00:00,40.107405,-127.797455,Northern California,60.000417,0,4,0
CalCurCEAS_018,2024-10-07 16:00:00,40.113695,-127.80063,Northern California,60.000333,0,5,0
CalCurCEAS_018,2024-10-07 16:59:59,40.12051,-127.80391,Northern California,60.000417,0,4,0
CalCurCEAS_018,2024-10-07 18:00:00,40.12625,-127.80682,Northern California,60.000417,0,9,0
CalCurCEAS_018,2024-10-07 19:00:00,40.13214,-127.80947,Northern California,60.000375,0,7,0
CalCurCEAS_018,2024-10-07 19:59:59,40.137025,-127.812095,Northern California,60.000292,0,9,4
CalCurCEAS_018,2024-10-07 21:00:00,40.142335,-127.813655,Northern California,60.000458,0,10,0
CalCurCEAS_018,2024-10-07 22:00:00,40.14695,-127.81436,Northern California,60.000375,0,1,0
CalCurCEAS_018,2024-10-07 22:59:59,40.15098,-127.813855,Northern California,60.000458,0,9,3
CalCurCEAS_018,2024-10-08 00:00:00,40.15406,-127.8139,Northern California,60.000417,0,1,0
CalCurCEAS_018,2024-10-08 01:00:00,40.156835,-127.81627,Northern California,60.000458,0,9,0
CalCurCEAS_018,2024-10-08 01:59:59,40.159145,-127.818955,Northern California,60.000458,0,1,0
CalCurCEAS_018,2024-10-08 03:00:00,40.16358,-127.822045,Northern California,60.000417,0,1,0
CalCurCEAS_018,2024-10-08 04:00:00,40.16864,-127.82385,Northern California,60.00025,0,1,0
CalCurCEAS_018,2024-10-08 04:59:59,40.17565333,-127.82505333,Northern California,60.000417,2,1,5
CalCurCEAS_018,2024-10-08 06:00:00,40.18706,-127.82595,Northern California,60.000375,0,3,0
CalCurCEAS_018,2024-10-08 07:00:00,40.19487,-127.82464,Northern California,60.000292,0,2,0
CalCurCEAS_018,2024-10-08 07:59:59,40.20353,-127.820745,Northern California,60.000458,1,2,0
CalCurCEAS_018,2024-10-08 09:00:00,40.215055,-127.81358,Northern California,60.000375,0,2,0
CalCurCEAS_018,2024-10-08 10:00:00,40.22235,-127.80923,Northern California,60.000417,3,4,1
CalCurCEAS_018,2024-10-08 10:59:59,40.229105,-127.802035,Northern California,60.000292,0,5,0
CalCurCEAS_018,2024-10-08 12:00:00,40.23382,-127.79385,Northern California,60.000333,0,2,0
CalCurCEAS_018,2024-10-08 13:00:00,40.23708,-127.787915,Northern California,60.000417,0,0,2
CalCurCEAS_018,2024-10-08 13:59:59,40.24145,-127.78512,Northern California,60.000375,0,3,0
CalCurCEAS_018,2024-10-08 15:00:00,40.247305,-127.78449,Northern California,60.000375,0,1,0
CalCurCEAS_018,2024-10-08 16:00:00,40.25566,-127.784965,Northern California,60.000333,0,2,0
CalCurCEAS_018,2024-10-08 16:59:59,40.264375,-127.78533,Northern California,60.000375,0,6,1
CalCurCEAS_018,2024-10-08 18:00:00,40.27233,-127.78507,Northern California,60.000375,0,5,0
CalCurCEAS_018,2024-10-08 19:00:00,40.28591,-127.783965,Northern California,60.0005,0,5,1
CalCurCEAS_018,2024-10-08 19:59:59,40.30116,-127.77896,Northern California,60.000458,0,3,0
CalCurCEAS_018,2024-10-08 21:00:00,40.312955,-127.77029,Northern California,60.000417,0,2,1
CalCurCEAS_018,2024-10-08 22:00:00,40.326145,-127.75603,Northern California,60.000292,0,2,0
CalCurCEAS_018,2024-10-08 22:59:59,40.332995,-127.7442,Northern California,60.000417,0,5,0
CalCurCEAS_018,2024-10-09 00:00:00,40.338125,-127.73349,Northern California,60.000458,0,3,0
CalCurCEAS_018,2024-10-09 01:00:00,40.34116,-127.72617,Northern California,60.000333,0,1,0
CalCurCEAS_018,2024-10-09 01:59:59,40.346485,-127.72042,Northern California,60.000333,0,2,0
CalCurCEAS_018,2024-10-09 03:00:00,40.35319,-127.71506,Northern California,60.000458,0,0,0
CalCurCEAS_018,2024-10-09 04:00:00,40.36148,-127.70791,Northern California,60.000333,0,0,0
CalCurCEAS_018,2024-10-09 04:59:59,40.36994333,-127.70043333,Northern California,59.999042,0,1,2
CalCurCEAS_018,2024-10-09 06:00:00,40.37936,-127.69261,Northern California,59.98375,0,2,0
CalCurCEAS_018,2024-10-09 07:00:00,40.38849,-127.685585,Northern California,60.0005,0,0,0
CalCurCEAS_018,2024-10-09 07:59:59,40.39675,-127.67832,Northern California,60.000458,0,1,1
CalCurCEAS_018,2024-10-09 09:00:00,40.40481,-127.66881,Northern California,60.00025,0,4,0
CalCurCEAS_018,2024-10-09 10:00:00,40.40999,-127.661445,Northern California,60.000333,0,3,0
CalCurCEAS_018,2024-10-09 10:59:59,40.41502,-127.65549,Northern California,60.000375,0,0,0
CalCurCEAS_018,2024-10-09 12:00:00,40.418785,-127.65075,Northern California,60.000375,0,0,0
CalCurCEAS_018,2024-10-09 13:00:00,40.425025,-127.645875,Northern California,60.000375,0,2,0
CalCurCEAS_018,2024-10-09 13:59:59,40.43168,-127.642935,Northern California,60.000458,0,1,1
CalCurCEAS_018,2024-10-09 15:00:00,40.440855,-127.639695,Northern California,60.00025,0,3,1
CalCurCEAS_018,2024-10-09 16:00:00,40.45042,-127.63435,Northern California,60.000542,0,6,0
CalCurCEAS_018,2024-10-09 16:59:59,40.462255,-127.62639,Northern California,60.000375,0,2,0
CalCurCEAS_018,2024-10-09 18:00:00,40.47483,-127.61586,Northern California,60.000417,0,3,0
CalCurCEAS_018,2024-10-09 19:00:00,40.485925,-127.600505,Northern California,60.000375,0,8,2
CalCurCEAS_018,2024-10-09 19:59:59,40.49611,-127.583425,Northern California,60.000417,0,1,1
CalCurCEAS_018,2024-10-09 21:00:00,40.50449,-127.56768,Northern California,60.000375,0,1,0
CalCurCEAS_018,2024-10-09 22:00:00,40.51105,-127.55425,Northern California,60.000417,0,4,0
CalCurCEAS_018,2024-10-09 22:59:59,40.5199,-127.53092,Northern California,60.000417,0,4,0
CalCurCEAS_018,2024-10-10 00:00:00,40.5255,-127.51123,Northern California,60.000375,0,13,0
CalCurCEAS_018,2024-10-10 01:00:00,40.52853,-127.49926,Northern California,60.000542,0,1,1
CalCurCEAS_018,2024-10-10 01:59:59,40.52955,-127.487145,Northern California,60.000292,0,14,0
CalCurCEAS_018,2024-10-10 03:00:00,40.53073,-127.47619,Northern California,60.0005,0,8,0
CalCurCEAS_018,2024-10-10 04:00:00,40.532725,-127.46681,Northern California,60.000375,1,4,1
CalCurCEAS_018,2024-10-10 04:59:59,40.53522,-127.45709,Northern California,60.000417,2,3,0
CalCurCEAS_018,2024-10-10 06:00:00,40.539475,-127.44739,Northern California,60.000375,0,17,3
CalCurCEAS_018,2024-10-10 07:00:00,40.544825,-127.43718,Northern California,60.000417,0,10,0
CalCurCEAS_018,2024-10-10 07:59:59,40.552355,-127.421825,Northern California,60.000292,0,10,0
CalCurCEAS_018,2024-10-10 09:00:00,40.55741,-127.41102,Northern California,60.000333,0,8,0
CalCurCEAS_018,2024-10-10 10:00:00,40.56316,-127.40006,Northern California,60.000458,0,2,13
CalCurCEAS_018,2024-10-10 10:59:59,40.56858,-127.38929,Northern California,60.000542,0,2,3
CalCurCEAS_018,2024-10-10 12:00:00,40.571825,-127.3798,Northern California,59.993958,0,0,18
CalCurCEAS_018,2024-10-10 13:00:00,40.576075,-127.36255,Northern California,59.98375,1,1,0
CalCurCEAS_018,2024-10-10 13:59:59,40.5783,-127.34824,Northern California,60.000333,0,1,1
CalCurCEAS_018,2024-10-10 15:00:00,40.57894,-127.335145,Northern California,60.000375,0,5,0
CalCurCEAS_018,2024-10-10 16:00:00,40.57875,-127.32074,Northern California,60.000417,0,1,0
CalCurCEAS_018,2024-10-10 16:59:59,40.578915,-127.307845,Northern California,59.99025,0,4,1
CalCurCEAS_018,2024-10-10 18:00:00,40.57926,-127.29704,Northern California,60.000333,0,4,1
CalCurCEAS_018,2024-10-10 19:00:00,40.579475,-127.28445,Northern California,60.000375,0,1,3
CalCurCEAS_018,2024-10-10 19:59:59,40.57919,-127.27264,Northern California,60.000417,0,22,3
CalCurCEAS_018,2024-10-10 21:00:00,40.5779,-127.26007,Northern California,60.000458,0,5,0
CalCurCEAS_018,2024-10-10 22:00:00,40.57761,-127.25005,Northern California,60.000542,0,17,0
CalCurCEAS_018,2024-10-10 22:59:59,40.57738,-127.237925,Northern California,60.000333,0,8,1
CalCurCEAS_018,2024-10-11 00:00:00,40.576415,-127.22521,Northern California,60.0005,0,11,1
CalCurCEAS_018,2024-10-11 01:00:00,40.57581,-127.21522,Northern California,60.000417,0,22,0
CalCurCEAS_018,2024-10-11 01:59:59,40.574795,-127.20288,Northern California,60.000542,0,9,1
CalCurCEAS_018,2024-10-11 03:00:00,40.57244,-127.18847,Northern California,60.000375,0,9,4
CalCurCEAS_018,2024-10-11 04:00:00,40.5706,-127.18044,Northern California,60.000375,0,14,1
CalCurCEAS_018,2024-10-11 04:59:59,40.56683667,-127.16858333,Northern California,60.000417,0,0,0
CalCurCEAS_018,2024-10-11 06:00:00,40.56124,-127.153445,Northern California,60.000333,0,4,0
CalCurCEAS_018,2024-10-11 07:00:00,40.55704,-127.14246,Northern California,60.000458,0,0,9
CalCurCEAS_018,2024-10-11 07:59:59,40.554125,-127.132685,Northern California,60.000458,0,1,0
CalCurCEAS_018,2024-10-11 09:00:00,40.551295,-127.119435,Northern California,60.000292,0,3,1
CalCurCEAS_018,2024-10-11 10:00:00,40.54992,-127.107085,Northern California,60.000333,0,4,1
CalCurCEAS_018,2024-10-11 10:59:59,40.54812,-127.09287,Northern California,60.000333,0,4,0
CalCurCEAS_018,2024-10-11 12:00:00,40.54588,-127.0812,Northern California,60.000333,0,2,0
CalCurCEAS_018,2024-10-11 13:00:00,40.54305,-127.066485,Northern California,60.000333,0,1,0
CalCurCEAS_018,2024-10-11 13:59:59,40.5396,-127.0515,Northern California,60.000375,0,2,0
CalCurCEAS_018,2024-10-11 15:00:00,40.5358,-127.0387,Northern California,60.000458,0,6,0
CalCurCEAS_018,2024-10-11 16:00:00,40.531375,-127.026405,Northern California,60.000375,0,12,4
CalCurCEAS_018,2024-10-11 16:59:59,40.526115,-127.014075,Northern California,60.000292,0,3,1
CalCurCEAS_018,2024-10-11 18:00:00,40.52012,-126.99966,Northern California,60.000375,0,15,1
CalCurCEAS_018,2024-10-11 19:00:00,40.51556,-126.9891,Northern California,60.000333,0,11,3
CalCurCEAS_018,2024-10-11 19:59:59,40.509585,-126.97789,Northern California,60.000375,0,9,1
CalCurCEAS_018,2024-10-11 21:00:00,40.504665,-126.966475,Northern California,40.000292,0,2,0
CalCurCEAS_020,2024-10-26 13:59:59,36.552167,-124.549167,Central California,11.983375,0,0,0
CalCurCEAS_020,2024-10-26 15:00:00,36.549535,-124.54975,Central California,60.000292,0,1,5
CalCurCEAS_020,2024-10-26 16:00:00,36.5468,-124.55344,Central California,60.000458,0,2,4
CalCurCEAS_020,2024-10-26 16:59:59,36.544765,-124.5595,Central California,60.0005,0,2,2
CalCurCEAS_020,2024-10-26 18:00:00,36.54337,-124.56619,Central California,60.000333,0,2,8
CalCurCEAS_020,2024-10-26 19:00:00,36.54334,-124.57204,Central California,60.000292,2,2,39
CalCurCEAS_020,2024-10-26 19:59:59,36.543465,-124.57788,Central California,60.000417,0,1,17
CalCurCEAS_020,2024-10-26 21:00:00,36.54374,-124.58249,Central California,60.000292,0,6,43
CalCurCEAS_020,2024-10-26 22:00:00,36.54375,-124.58539,Central California,60.000458,0,0,25
CalCurCEAS_020,2024-10-26 22:59:59,36.544145,-124.586515,Central California,60.0005,0,0,21
CalCurCEAS_020,2024-10-27 00:00:00,36.543535,-124.58662,Central California,60.000417,0,6,35
CalCurCEAS_020,2024-10-27 01:00:00,36.54247,-124.58863,Central California,60.000375,1,14,21
CalCurCEAS_020,2024-10-27 01:59:59,36.541615,-124.59176,Central California,60.000458,0,3,5
CalCurCEAS_020,2024-10-27 03:00:00,36.54036,-124.59378,Central California,60.000333,1,0,2
CalCurCEAS_020,2024-10-27 04:00:00,36.538005,-124.595895,Central California,60.000375,0,3,33
CalCurCEAS_020,2024-10-27 04:59:59,36.53444333,-124.59807667,Central California,60.000375,0,10,9
CalCurCEAS_020,2024-10-27 06:00:00,36.52909,-124.6015,Central California,60.000417,0,7,32
CalCurCEAS_020,2024-10-27 07:00:00,36.52392,-124.604585,Central California,60.000292,0,3,4
CalCurCEAS_020,2024-10-27 07:59:59,36.51983,-124.61069,Central California,60.000417,0,8,12
CalCurCEAS_020,2024-10-27 09:00:00,36.515815,-124.617095,Central California,60.000417,0,7,7
CalCurCEAS_020,2024-10-27 10:00:00,36.51186,-124.62253,Central California,60.000417,1,9,15
CalCurCEAS_020,2024-10-27 10:59:59,36.5101,-124.627575,Central California,59.99275,0,9,10
CalCurCEAS_020,2024-10-27 12:00:00,36.509775,-124.633875,Central California,60.000333,0,13,14
CalCurCEAS_020,2024-10-27 13:00:00,36.51144,-124.63738,Central California,60.000292,0,2,11
CalCurCEAS_020,2024-10-27 13:59:59,36.512205,-124.64093,Central California,60.000333,8,1,5
CalCurCEAS_020,2024-10-27 15:00:00,36.51359,-124.645275,Central California,60.000333,5,5,12
CalCurCEAS_020,2024-10-27 16:00:00,36.51456,-124.64833,Central California,60.000375,7,3,10
CalCurCEAS_020,2024-10-27 16:59:59,36.515475,-124.649635,Central California,60.00025,13,1,7
CalCurCEAS_020,2024-10-27 18:00:00,36.51426,-124.650095,Central California,60.000417,6,10,59
CalCurCEAS_020,2024-10-27 19:00:00,36.512,-124.65069,Central California,60.000333,5,14,27
CalCurCEAS_020,2024-10-27 19:59:59,36.508375,-124.651975,Central California,60.000417,6,5,8
CalCurCEAS_020,2024-10-27 21:00:00,36.5052175,-124.65443,Central California,60.0005,0,0,38
CalCurCEAS_020,2024-10-27 22:00:00,36.50206,-124.656885,Central California,60.000292,1,2,21
CalCurCEAS_020,2024-10-27 22:59:59,36.49854,-124.661985,Central California,60.0005,0,4,23
CalCurCEAS_020,2024-10-28 00:00:00,36.4974,-124.66652,Central California,60.000292,0,0,32
CalCurCEAS_020,2024-10-28 01:00:00,36.49707,-124.668805,Central California,60.000208,0,1,13
CalCurCEAS_020,2024-10-28 01:59:59,36.49528,-124.67075,Central California,60.000375,0,1,5
CalCurCEAS_020,2024-10-28 03:00:00,36.494305,-124.67447,Central California,60.000458,0,2,6
CalCurCEAS_020,2024-10-28 04:00:00,36.49238,-124.67734,Central California,60.00025,0,4,13
CalCurCEAS_020,2024-10-28 04:59:59,36.49130333,-124.68027,Central California,60.000375,0,1,18
CalCurCEAS_020,2024-10-28 06:00:00,36.489335,-124.68543,Central California,60.000417,0,1,39
CalCurCEAS_020,2024-10-28 07:00:00,36.48704,-124.68772,Central California,60.000417,0,0,98
CalCurCEAS_020,2024-10-28 07:59:59,36.48409,-124.69251,Central California,60.000417,0,6,76
CalCurCEAS_020,2024-10-28 09:00:00,36.48147,-124.698,Central California,60.000375,0,3,61
CalCurCEAS_020,2024-10-28 10:00:00,36.478955,-124.70225,Central California,60.000292,0,3,15
CalCurCEAS_020,2024-10-28 10:59:59,36.47627,-124.7054,Central California,60.000458,0,0,25
CalCurCEAS_020,2024-10-28 12:00:00,36.474445,-124.708075,Central California,60.000375,0,4,4
CalCurCEAS_020,2024-10-28 13:00:00,36.47298,-124.71251,Central California,60.000333,0,0,5
CalCurCEAS_020,2024-10-28 13:59:59,36.471365,-124.71755,Central California,59.999,0,4,2
CalCurCEAS_020,2024-10-28 15:00:00,36.471095,-124.7232,Central California,60.000458,0,2,7
CalCurCEAS_020,2024-10-28 16:00:00,36.4705,-124.72716,Central California,60.000292,0,0,25
CalCurCEAS_020,2024-10-28 16:59:59,36.46998,-124.73009,Central California,60.0005,0,1,22
CalCurCEAS_020,2024-10-28 18:00:00,36.46856,-124.732965,Central California,60.000375,0,1,23
CalCurCEAS_020,2024-10-28 19:00:00,36.46686,-124.73396,Central California,60.000333,0,32,3
CalCurCEAS_020,2024-10-28 19:59:59,36.4633,-124.7357,Central California,60.0005,0,30,23
CalCurCEAS_020,2024-10-28 21:00:00,36.45918,-124.73907,Central California,60.000458,0,7,17
CalCurCEAS_020,2024-10-28 22:00:00,36.45222,-124.74574,Central California,60.000458,0,5,23
CalCurCEAS_020,2024-10-28 22:59:59,36.44564,-124.75012,Central California,60.000458,0,7,38
CalCurCEAS_020,2024-10-29 00:00:00,36.43913,-124.75336,Central California,60.000375,0,18,9
CalCurCEAS_020,2024-10-29 01:00:00,36.43204,-124.7593,Central California,60.000208,0,20,26
CalCurCEAS_020,2024-10-29 01:59:59,36.42462,-124.766495,Central California,60.000375,0,13,47
CalCurCEAS_020,2024-10-29 03:00:00,36.41793,-124.77535,Central California,60.0005,0,6,78
CalCurCEAS_020,2024-10-29 04:00:00,36.41292,-124.78397,Central California,60.00025,0,5,2
CalCurCEAS_020,2024-10-29 04:59:59,36.40969333,-124.79149,Central California,60.000417,0,1,32
CalCurCEAS_020,2024-10-29 06:00:00,36.405465,-124.798795,Central California,60.000375,0,6,20
CalCurCEAS_020,2024-10-29 07:00:00,36.398405,-124.808445,Central California,60.000417,1,9,7
CalCurCEAS_020,2024-10-29 07:59:59,36.39383,-124.81428,Central California,60.000458,1,9,50
CalCurCEAS_020,2024-10-29 09:00:00,36.3857,-124.82535,Central California,60.000333,0,8,36
CalCurCEAS_020,2024-10-29 10:00:00,36.381465,-124.8324,Central California,60.000333,0,9,2
CalCurCEAS_020,2024-10-29 10:59:59,36.37797,-124.83898,Central California,60.000292,0,4,4
CalCurCEAS_020,2024-10-29 12:00:00,36.373135,-124.845765,Central California,60.000333,0,15,0
CalCurCEAS_020,2024-10-29 13:00:00,36.36982,-124.85089,Central California,60.000333,0,6,5
CalCurCEAS_020,2024-10-29 13:59:59,36.36259,-124.85825,Central California,60.000375,0,4,0
CalCurCEAS_020,2024-10-29 15:00:00,36.35827,-124.863375,Central California,60.000458,0,10,18
CalCurCEAS_020,2024-10-29 16:00:00,36.353825,-124.870175,Central California,59.983833,0,14,10
CalCurCEAS_020,2024-10-29 16:59:59,36.34899,-124.87545,Central California,60.000375,0,4,15
CalCurCEAS_020,2024-10-29 18:00:00,36.343115,-124.881595,Central California,60.000458,0,4,6
CalCurCEAS_020,2024-10-29 19:00:00,36.33665,-124.88835,Central California,60.000417,0,14,7
CalCurCEAS_020,2024-10-29 19:59:59,36.329905,-124.89438,Central California,60.000375,0,6,4
CalCurCEAS_020,2024-10-29 21:00:00,36.32336,-124.89983,Central California,60.000417,0,14,9
CalCurCEAS_020,2024-10-29 22:00:00,36.31722,-124.903985,Central California,60.000333,0,13,6
CalCurCEAS_020,2024-10-29 22:59:59,36.31033,-124.909505,Central California,60.000375,0,10,17
CalCurCEAS_020,2024-10-30 00:00:00,36.30415,-124.915845,Central California,60.000458,0,2,4
CalCurCEAS_020,2024-10-30 01:00:00,36.29945,-124.92,Central California,60.000458,0,0,6
CalCurCEAS_020,2024-10-30 01:59:59,36.29456,-124.922865,Central California,60.000458,0,1,4
CalCurCEAS_020,2024-10-30 03:00:00,36.28942,-124.925115,Central California,59.97975,0,7,3
CalCurCEAS_020,2024-10-30 04:00:00,36.28586,-124.92721,Central California,60.000333,0,9,3
CalCurCEAS_020,2024-10-30 04:59:59,36.2823,-124.92933333,Central California,60.000375,0,0,8
CalCurCEAS_020,2024-10-30 06:00:00,36.27595,-124.9323,Central California,60.0005,0,0,4
CalCurCEAS_020,2024-10-30 07:00:00,36.270225,-124.935375,Central California,60.000292,0,2,6
CalCurCEAS_020,2024-10-30 07:59:59,36.26225,-124.939285,Central California,60.000417,0,13,7
CalCurCEAS_020,2024-10-30 09:00:00,36.25696,-124.94165,Central California,60.000375,0,3,13
CalCurCEAS_020,2024-10-30 10:00:00,36.25128,-124.943775,Central California,60.000375,0,6,5
CalCurCEAS_020,2024-10-30 10:59:59,36.24377,-124.946555,Central California,60.000333,0,20,6
CalCurCEAS_020,2024-10-30 12:00:00,36.2397,-124.94837,Central California,60.000458,0,14,2
CalCurCEAS_020,2024-10-30 13:00:00,36.23624,-124.95076,Central California,60.000292,0,3,6
CalCurCEAS_020,2024-10-30 13:59:59,36.23207,-124.95287,Central California,60.000208,0,3,12
CalCurCEAS_020,2024-10-30 15:00:00,36.2263,-124.95478,Central California,60.000333,0,4,8
CalCurCEAS_020,2024-10-30 16:00:00,36.22347,-124.95605,Central California,60.000458,0,1,4
CalCurCEAS_020,2024-10-30 16:59:59,36.21969,-124.958315,Central California,60.000417,0,4,8
CalCurCEAS_020,2024-10-30 18:00:00,36.21578,-124.960935,Central California,60.000458,0,0,32
CalCurCEAS_020,2024-10-30 19:00:00,36.21154,-124.96121,Central California,60.000458,0,0,26
CalCurCEAS_020,2024-10-30 19:59:59,36.20638,-124.95948,Central California,60.0005,0,0,4
CalCurCEAS_020,2024-10-30 21:00:00,36.200455,-124.9585,Central California,60.000292,0,3,3
CalCurCEAS_020,2024-10-30 22:00:00,36.19347,-124.95665,Central California,60.000375,0,4,2
CalCurCEAS_020,2024-10-30 22:59:59,36.18677,-124.95609,Central California,60.000417,0,0,10
CalCurCEAS_020,2024-10-31 00:00:00,36.178555,-124.955665,Central California,59.990208,0,17,7
CalCurCEAS_020,2024-10-31 01:00:00,36.171635,-124.955555,Central California,60.000417,0,12,4
CalCurCEAS_020,2024-10-31 01:59:59,36.165905,-124.954775,Central California,60.0005,3,3,5
CalCurCEAS_020,2024-10-31 03:00:00,36.16068,-124.95388,Central California,60.000333,0,0,6
CalCurCEAS_020,2024-10-31 04:00:00,36.15514,-124.95255,Central California,60.000417,0,0,10
CalCurCEAS_020,2024-10-31 04:59:59,36.14829333,-124.95172667,Central California,60.000333,0,1,15
CalCurCEAS_020,2024-10-31 06:00:00,36.14117,-124.95167,Central California,60.0005,10,3,2
CalCurCEAS_020,2024-10-31 07:00:00,36.13616,-124.95197,Central California,60.000417,0,2,13
CalCurCEAS_020,2024-10-31 07:59:59,36.12577,-124.95146,Central California,60.000292,0,2,34
CalCurCEAS_020,2024-10-31 09:00:00,36.11809,-124.94993,Central California,60.000458,0,2,0
CalCurCEAS_020,2024-10-31 10:00:00,36.10978,-124.9473,Central California,59.995292,0,0,1
CalCurCEAS_020,2024-10-31 10:59:59,36.10352,-124.94487,Central California,60.000417,0,0,2
CalCurCEAS_020,2024-10-31 12:00:00,36.09513,-124.94178,Central California,60.000292,0,5,3
CalCurCEAS_020,2024-10-31 13:00:00,36.08817,-124.93906,Central California,60.000417,0,2,9
CalCurCEAS_020,2024-10-31 13:59:59,36.08106,-124.936715,Central California,60.0005,0,14,14
CalCurCEAS_020,2024-10-31 15:00:00,36.07151,-124.93337,Central California,60.000458,0,0,8
CalCurCEAS_020,2024-10-31 16:00:00,36.06594,-124.93197,Central California,60.000333,0,1,8
CalCurCEAS_020,2024-10-31 16:59:59,36.058915,-124.93031,Central California,60.000375,0,1,3
CalCurCEAS_020,2024-10-31 18:00:00,36.05238,-124.92936,Central California,60.000333,0,1,0
CalCurCEAS_020,2024-10-31 19:00:00,36.046715,-124.92658,Central California,60.000667,0,0,1
CalCurCEAS_020,2024-10-31 19:59:59,36.039255,-124.920045,Central California,60.000375,0,0,2
CalCurCEAS_020,2024-10-31 21:00:00,36.03271,-124.91322,Central California,60.000292,0,7,0
CalCurCEAS_020,2024-10-31 22:00:00,36.027515,-124.90803,Central California,60.000417,0,12,2
CalCurCEAS_020,2024-10-31 22:59:59,36.01860667,-124.89883667,Central California,60.000292,0,11,0
CalCurCEAS_020,2024-11-01 00:00:00,36.00809,-124.88846,Central California,60.0005,0,11,2
CalCurCEAS_020,2024-11-01 01:00:00,36.000315,-124.882845,Central California,60.000542,0,18,1
CalCurCEAS_020,2024-11-01 01:59:59,35.9908,-124.87713,Central California,60.00025,0,8,1
CalCurCEAS_020,2024-11-01 03:00:00,35.97969,-124.87007,Central California,60.0005,0,3,5
CalCurCEAS_020,2024-11-01 04:00:00,35.973245,-124.86628,Central California,60.000292,0,6,2
CalCurCEAS_020,2024-11-01 04:59:59,35.968045,-124.86305,Central California,60.000375,0,12,10
CalCurCEAS_020,2024-11-01 06:00:00,35.960425,-124.85769,Central California,60.000417,0,4,6
CalCurCEAS_020,2024-11-01 07:00:00,35.954855,-124.851195,Central California,60.000417,0,2,3
CalCurCEAS_020,2024-11-01 07:59:59,35.94966,-124.84554,Central California,59.985083,7,22,5
CalCurCEAS_020,2024-11-01 09:00:00,35.94242,-124.838675,Central California,60.000292,0,5,12
CalCurCEAS_020,2024-11-01 10:00:00,35.9358,-124.83232,Central California,60.000375,3,6,4
CalCurCEAS_020,2024-11-01 10:59:59,35.92914,-124.82462,Central California,60.000375,1,30,17
CalCurCEAS_020,2024-11-01 12:00:00,35.92425,-124.81818,Central California,60.000375,0,28,17
CalCurCEAS_020,2024-11-01 13:00:00,35.920345,-124.810085,Central California,60.000458,0,9,1
CalCurCEAS_020,2024-11-01 13:59:59,35.916655,-124.80123,Central California,60.000417,7,9,4
CalCurCEAS_020,2024-11-01 15:00:00,35.912675,-124.791555,Central California,60.000458,0,10,0
CalCurCEAS_020,2024-11-01 16:00:00,35.905955,-124.77747,Central California,60.000458,0,2,1
CalCurCEAS_020,2024-11-01 16:59:59,35.89964,-124.76662,Central California,60.000458,0,0,1
CalCurCEAS_020,2024-11-01 18:00:00,35.893715,-124.75836,Central California,60.000417,0,0,1
CalCurCEAS_020,2024-11-01 19:00:00,35.887225,-124.74745,Central California,60.000333,0,3,7
CalCurCEAS_020,2024-11-01 19:59:59,35.88147,-124.7358,Central California,60.000333,0,3,8
CalCurCEAS_020,2024-11-01 21:00:00,35.87632,-124.72748,Central California,60.000542,0,2,32
CalCurCEAS_020,2024-11-01 22:00:00,35.8696,-124.7189,Central California,60.000333,0,0,45
CalCurCEAS_020,2024-11-01 22:59:59,35.86398,-124.71167,Central California,60.000417,0,3,34
CalCurCEAS_020,2024-11-02 00:00:00,35.85844667,-124.70143667,Central California,60.000125,0,9,15
CalCurCEAS_020,2024-11-02 01:00:00,35.85416,-124.688045,Central California,60.000417,0,6,6
CalCurCEAS_020,2024-11-02 01:59:59,35.85046,-124.67646,Central California,60.000375,0,10,11
CalCurCEAS_020,2024-11-02 03:00:00,35.84684,-124.667185,Central California,60.000458,0,11,22
CalCurCEAS_020,2024-11-02 04:00:00,35.84275,-124.65122,Central California,60.000333,0,0,5
CalCurCEAS_020,2024-11-02 04:59:59,35.84034333,-124.63942667,Central California,60.00025,0,6,14
CalCurCEAS_020,2024-11-02 06:00:00,35.83718,-124.62569,Central California,60.000375,0,5,0
CalCurCEAS_020,2024-11-02 07:00:00,35.833325,-124.61188,Central California,60.000417,0,3,3
CalCurCEAS_020,2024-11-02 07:59:59,35.828835,-124.597815,Central California,60.000375,0,0,14
CalCurCEAS_020,2024-11-02 09:00:00,35.82501,-124.58651,Central California,60.000292,0,3,7
CalCurCEAS_020,2024-11-02 10:00:00,35.81954,-124.56919,Central California,60.000417,0,30,10
CalCurCEAS_020,2024-11-02 10:59:59,35.814545,-124.55828,Central California,60.000292,0,37,20
CalCurCEAS_020,2024-11-02 12:00:00,35.80849,-124.545105,Central California,60.000292,1,32,26
CalCurCEAS_020,2024-11-02 13:00:00,35.80315,-124.53499,Central California,60.000208,1,4,31
CalCurCEAS_020,2024-11-02 13:59:59,35.79624,-124.5222,Central California,59.98375,0,1,12
CalCurCEAS_020,2024-11-02 15:00:00,35.79242,-124.51383,Central California,60.000375,0,3,5
CalCurCEAS_020,2024-11-02 16:00:00,35.78887,-124.50396,Central California,60.000375,0,1,20
CalCurCEAS_020,2024-11-02 16:59:59,35.787315,-124.49323,Central California,60.000333,0,4,58
CalCurCEAS_020,2024-11-02 18:00:00,35.786605,-124.481675,Central California,60.000458,0,44,6
CalCurCEAS_020,2024-11-02 19:00:00,35.78525,-124.467075,Central California,60.000375,1,29,29
CalCurCEAS_020,2024-11-02 19:59:59,35.78328,-124.45645,Central California,60.000417,0,24,47
CalCurCEAS_020,2024-11-02 21:00:00,35.778535,-124.43994,Central California,60.000375,0,12,27
CalCurCEAS_020,2024-11-02 22:00:00,35.77259,-124.42407,Central California,60.000417,0,11,9
CalCurCEAS_020,2024-11-02 22:59:59,35.767915,-124.41151,Central California,60.00025,1,22,59
CalCurCEAS_020,2024-11-03 00:00:00,35.76077,-124.393805,Central California,60.000333,8,1,28
CalCurCEAS_020,2024-11-03 01:00:00,35.75469,-124.38038,Central California,60.000542,8,2,47
CalCurCEAS_020,2024-11-03 01:59:59,35.74856,-124.367185,Central California,60.000417,4,2,100
CalCurCEAS_020,2024-11-03 03:00:00,35.7438,-124.35616,Central California,60.000375,1,0,102
CalCurCEAS_020,2024-11-03 04:00:00,35.739975,-124.34423,Central California,60.000458,0,2,84
CalCurCEAS_020,2024-11-03 04:59:59,35.73777333,-124.33286333,Central California,60.000375,0,5,71
CalCurCEAS_020,2024-11-03 06:00:00,35.73617,-124.31535,Central California,60.000375,3,14,57
CalCurCEAS_020,2024-11-03 07:00:00,35.733555,-124.300335,Central California,60.000292,13,39,47
CalCurCEAS_020,2024-11-03 07:59:59,35.72979,-124.28361,Central California,60.000375,2,12,15
CalCurCEAS_020,2024-11-03 09:00:00,35.72577,-124.26799,Central California,60.000292,1,4,72
CalCurCEAS_020,2024-11-03 10:00:00,35.72179,-124.254415,Central California,60.000333,4,2,42
CalCurCEAS_020,2024-11-03 10:59:59,35.716785,-124.236285,Central California,60.000458,0,1,39
CalCurCEAS_020,2024-11-03 12:00:00,35.71151,-124.21943,Central California,60.000417,0,4,1
CalCurCEAS_020,2024-11-03 13:00:00,35.70458,-124.203715,Central California,60.000417,0,2,0
CalCurCEAS_020,2024-11-03 13:59:59,35.69702,-124.18973,Central California,60.000583,0,5,19
CalCurCEAS_020,2024-11-03 15:00:00,35.689755,-124.177455,Central California,60.000375,0,23,6
CalCurCEAS_020,2024-11-03 16:00:00,35.68237,-124.166,Central California,60.000375,0,5,4
CalCurCEAS_020,2024-11-03 16:59:59,35.674945,-124.15727,Central California,60.0005,0,28,1
CalCurCEAS_020,2024-11-03 18:00:00,35.665685,-124.14666,Central California,60.00025,2,35,0
CalCurCEAS_020,2024-11-03 19:00:00,35.6603,-124.13961,Central California,60.000542,0,29,5
CalCurCEAS_020,2024-11-03 19:59:59,35.65498,-124.13006,Central California,60.000292,0,36,0
CalCurCEAS_020,2024-11-03 21:00:00,35.6494,-124.11821,Central California,60.000333,0,6,0
CalCurCEAS_020,2024-11-03 22:00:00,35.64334,-124.108945,Central California,60.000542,0,17,0
CalCurCEAS_020,2024-11-03 22:59:59,35.63713,-124.09822,Central California,60.000333,0,8,2
CalCurCEAS_020,2024-11-04 00:00:00,35.62834,-124.08092,Central California,60.000333,0,16,2
CalCurCEAS_020,2024-11-04 01:00:00,35.619905,-124.06735,Central California,60.000333,0,12,2
CalCurCEAS_020,2024-11-04 01:59:59,35.61218,-124.0553,Central California,60.000333,0,0,0
CalCurCEAS_020,2024-11-04 03:00:00,35.60462,-124.04238,Central California,60.00025,0,1,0
CalCurCEAS_020,2024-11-04 04:00:00,35.59739,-124.03116,Central California,60.000375,0,2,0
CalCurCEAS_020,2024-11-04 04:59:59,35.59299,-124.0235,Central California,60.000458,0,16,0
CalCurCEAS_020,2024-11-04 06:00:00,35.58783,-124.01379,Central California,60.0005,0,17,0
CalCurCEAS_020,2024-11-04 07:00:00,35.578155,-123.994675,Central California,60.000375,0,18,0
CalCurCEAS_020,2024-11-04 07:59:59,35.57264,-123.98232,Central California,60.000417,0,28,0
CalCurCEAS_020,2024-11-04 09:00:00,35.56654,-123.97021,Central California,60.000417,0,23,0
CalCurCEAS_020,2024-11-04 10:00:00,35.558895,-123.95529,Central California,60.000375,0,16,0
CalCurCEAS_020,2024-11-04 10:59:59,35.55154,-123.94213,Central California,60.000458,0,14,0
CalCurCEAS_020,2024-11-04 12:00:00,35.543225,-123.92673,Central California,60.0005,0,7,2
CalCurCEAS_020,2024-11-04 13:00:00,35.53578,-123.91419,Central California,60.000292,0,0,0
CalCurCEAS_020,2024-11-04 13:59:59,35.525955,-123.90131,Central California,60.000375,0,6,5
CalCurCEAS_020,2024-11-04 15:00:00,35.512345,-123.886095,Central California,60.000375,0,16,1
CalCurCEAS_020,2024-11-04 16:00:00,35.501665,-123.87677,Central California,60.000375,0,29,0
CalCurCEAS_020,2024-11-04 16:59:59,35.49491,-123.87147,Central California,60.000458,0,27,1
CalCurCEAS_020,2024-11-04 18:00:00,35.48559667,-123.86322667,Central California,60.000458,0,21,0
CalCurCEAS_020,2024-11-04 19:00:00,35.4767,-123.85729,Central California,60.000375,5,22,0
CalCurCEAS_020,2024-11-04 19:59:59,35.47073,-123.85111,Central California,60.000375,0,6,1
CalCurCEAS_020,2024-11-04 21:00:00,35.465805,-123.84334,Central California,60.000417,0,0,2
CalCurCEAS_020,2024-11-04 22:00:00,35.459875,-123.83424,Central California,60.000542,0,1,0
CalCurCEAS_020,2024-11-04 22:59:59,35.451355,-123.821445,Central California,60.000333,0,1,0
CalCurCEAS_020,2024-11-05 00:00:00,35.44332,-123.80905,Central California,60.000458,0,1,0
CalCurCEAS_020,2024-11-05 01:00:00,35.4346,-123.797,Central California,60.000458,0,0,0
CalCurCEAS_020,2024-11-05 01:59:59,35.42804,-123.78738,Central California,60.000417,0,0,0
CalCurCEAS_020,2024-11-05 03:00:00,35.41943,-123.77399,Central California,60.000583,0,3,0
CalCurCEAS_020,2024-11-05 04:00:00,35.40705,-123.75783,Central California,60.000417,0,3,0
CalCurCEAS_020,2024-11-05 04:59:59,35.395105,-123.745035,Central California,60.0005,0,0,3
CalCurCEAS_020,2024-11-05 06:00:00,35.38444333,-123.73703333,Central California,60.000292,1,3,0
CalCurCEAS_020,2024-11-05 07:00:00,35.37172,-123.72908,Central California,60.000458,0,25,1
CalCurCEAS_020,2024-11-05 07:59:59,35.358805,-123.72265,Central California,60.0005,0,6,1
CalCurCEAS_020,2024-11-05 09:00:00,35.343575,-123.71615,Central California,60.00025,0,6,0
CalCurCEAS_020,2024-11-05 10:00:00,35.33227,-123.71156,Central California,60.000458,0,1,1
CalCurCEAS_020,2024-11-05 10:59:59,35.318185,-123.705035,Central California,60.000333,0,0,1
CalCurCEAS_020,2024-11-05 12:00:00,35.30847,-123.70136,Central California,60.0005,0,1,0
CalCurCEAS_020,2024-11-05 13:00:00,35.299535,-123.698735,Central California,60.000333,0,0,0
CalCurCEAS_020,2024-11-05 13:59:59,35.28911,-123.696435,Central California,60.000458,0,0,0
CalCurCEAS_020,2024-11-05 15:00:00,35.27975,-123.69318,Central California,60.000375,1,3,1
CalCurCEAS_020,2024-11-05 16:00:00,35.270115,-123.69156,Central California,60.000333,0,0,0
CalCurCEAS_020,2024-11-05 16:59:59,35.26173,-123.68988,Central California,60.000333,0,0,12
CalCurCEAS_020,2024-11-05 18:00:00,35.253655,-123.686,Central California,60.000417,0,9,11
CalCurCEAS_020,2024-11-05 19:00:00,35.24406,-123.679835,Central California,60.000333,0,42,0
CalCurCEAS_020,2024-11-05 19:59:59,35.23451,-123.672645,Central California,60.000375,0,35,0
CalCurCEAS_020,2024-11-05 21:00:00,35.2243,-123.66597,Central California,60.000458,0,5,0
CalCurCEAS_020,2024-11-05 22:00:00,35.21578,-123.662365,Central California,60.000417,0,7,1
CalCurCEAS_020,2024-11-05 22:59:59,35.20394,-123.65793,Central California,60.0005,0,1,0
CalCurCEAS_020,2024-11-06 00:00:00,35.18998,-123.65286,Central California,60.00025,0,0,0
CalCurCEAS_020,2024-11-06 01:00:00,35.179445,-123.648925,Central California,60.000375,0,7,0
CalCurCEAS_020,2024-11-06 01:59:59,35.1647,-123.64318,Central California,60.000417,0,2,0
CalCurCEAS_020,2024-11-06 03:00:00,35.149775,-123.63912,Central California,60.000375,0,3,10
CalCurCEAS_020,2024-11-06 04:00:00,35.13229,-123.63474,Central California,60.000375,0,9,21
CalCurCEAS_020,2024-11-06 04:59:59,35.1191,-123.63293,Central California,60.000333,0,0,2
CalCurCEAS_020,2024-11-06 06:00:00,35.10695,-123.63413,Central California,60.000417,0,0,8
CalCurCEAS_020,2024-11-06 07:00:00,35.09382,-123.63537,Central California,60.0005,0,0,1
CalCurCEAS_020,2024-11-06 07:59:59,35.08368,-123.63604,Central California,56.691958,0,1,1
CalCurCEAS_020,2024-11-06 10:59:59,35.04505,-123.64517,Central California,6.441708,0,0,0
CalCurCEAS_020,2024-11-06 12:00:00,35.03776,-123.64584,Central California,60.000417,0,0,2
CalCurCEAS_020,2024-11-06 13:00:00,35.02963,-123.647485,Central California,60.000417,0,1,5
CalCurCEAS_020,2024-11-06 13:59:59,35.019335,-123.649275,Central California,60.000292,0,1,0
CalCurCEAS_020,2024-11-06 15:00:00,35.00754,-123.65094,Central California,60.000375,0,8,1
CalCurCEAS_020,2024-11-06 16:00:00,34.99845,-123.65318,Central California,60.000333,0,5,0
CalCurCEAS_020,2024-11-06 16:59:59,34.990575,-123.65421,Central California,60.000458,0,0,1
CalCurCEAS_020,2024-11-06 18:00:00,34.980055,-123.65457,Central California,60.0005,0,3,0
CalCurCEAS_020,2024-11-06 19:00:00,34.97212,-123.65475,Central California,60.000375,0,1,1
CalCurCEAS_020,2024-11-06 19:59:59,34.95895,-123.6552,Central California,60.000417,0,0,0
CalCurCEAS_020,2024-11-06 21:00:00,34.9481,-123.654215,Central California,60.0005,0,1,0
CalCurCEAS_020,2024-11-06 22:00:00,34.93583,-123.65275,Central California,60.0005,0,2,2
CalCurCEAS_020,2024-11-06 22:59:59,34.92325,-123.653785,Central California,60.000375,0,2,0
CalCurCEAS_020,2024-11-07 00:00:00,34.908595,-123.656745,Central California,60.000333,0,1,0
CalCurCEAS_020,2024-11-07 01:00:00,34.89674,-123.66018,Central California,60.0005,0,1,0
CalCurCEAS_020,2024-11-07 01:59:59,34.884345,-123.663765,Central California,60.000458,2,0,0
CalCurCEAS_020,2024-11-07 03:00:00,34.87228,-123.66807,Central California,60.0005,0,0,0
CalCurCEAS_020,2024-11-07 04:00:00,34.86038,-123.674235,Central California,60.000292,3,0,0
CalCurCEAS_020,2024-11-07 04:59:59,34.84946,-123.6791,Central California,60.000417,0,1,0
CalCurCEAS_020,2024-11-07 06:00:00,34.84298333,-123.68275333,Central California,59.866583,0,0,0
CalCurCEAS_020,2024-11-07 07:00:00,34.8331,-123.68892,Central California,60.00025,0,0,1
CalCurCEAS_020,2024-11-07 07:59:59,34.8268,-123.69191,Central California,60.000375,0,1,1
CalCurCEAS_020,2024-11-07 09:00:00,34.82212,-123.69434,Central California,60.000417,0,0,0
CalCurCEAS_020,2024-11-07 10:00:00,34.80989,-123.69875,Central California,60.00025,0,0,0
CalCurCEAS_020,2024-11-07 10:59:59,34.799105,-123.704385,Central California,60.0005,0,0,0
CalCurCEAS_020,2024-11-07 12:00:00,34.79068,-123.70801,Central California,60.0005,0,0,1
CalCurCEAS_020,2024-11-07 13:00:00,34.780095,-123.713225,Central California,60.00025,0,0,0
CalCurCEAS_020,2024-11-07 13:59:59,34.7689,-123.7194,Central California,60.000417,0,0,1
CalCurCEAS_020,2024-11-07 15:00:00,34.76,-123.72352,Central California,60.000375,0,0,2
CalCurCEAS_020,2024-11-07 16:00:00,34.75211,-123.727115,Central California,60.000417,0,0,1
CalCurCEAS_020,2024-11-07 16:59:59,34.741305,-123.732105,Central California,60.000333,0,3,0
CalCurCEAS_020,2024-11-07 18:00:00,34.73251,-123.73592,Central California,60.000458,0,0,0
CalCurCEAS_020,2024-11-07 19:00:00,34.72019333,-123.74347,Central California,60.000458,0,1,0
CalCurCEAS_020,2024-11-07 19:59:59,34.71218,-123.74991,Central California,60.00025,0,0,2
CalCurCEAS_020,2024-11-07 21:00:00,34.7038,-123.75807,Central California,60.000458,0,1,1
CalCurCEAS_020,2024-11-07 22:00:00,34.69286,-123.767115,Central California,60.000417,0,0,0
CalCurCEAS_020,2024-11-07 22:59:59,34.6846,-123.775535,Central California,60.0005,0,0,0
CalCurCEAS_020,2024-11-08 00:00:00,34.67576,-123.7832,Central California,60.000333,0,0,0
CalCurCEAS_020,2024-11-08 01:00:00,34.66813,-123.788165,Central California,60.000458,0,1,0
CalCurCEAS_020,2024-11-08 01:59:59,34.65713,-123.795265,Central California,60.000458,0,1,0
CalCurCEAS_020,2024-11-08 03:00:00,34.64694,-123.802295,Central California,60.000417,0,0,0
CalCurCEAS_020,2024-11-08 04:00:00,34.632635,-123.811495,Central California,60.000375,0,0,0
CalCurCEAS_020,2024-11-08 04:59:59,34.618595,-123.821335,Central California,60.000375,0,0,0
CalCurCEAS_020,2024-11-08 06:00:00,34.613415,-123.82653,Central California,59.999083,0,0,0
CalCurCEAS_020,2024-11-08 07:00:00,34.603825,-123.83528,Central California,60.000375,0,0,1
CalCurCEAS_020,2024-11-08 07:59:59,34.59358,-123.841315,Central California,60.000375,0,0,0
CalCurCEAS_020,2024-11-08 09:00:00,34.5845,-123.84735,Central California,60.000292,0,0,1
CalCurCEAS_020,2024-11-08 10:00:00,34.574965,-123.85554,Central California,60.000333,0,0,1
CalCurCEAS_020,2024-11-08 10:59:59,34.561785,-123.867575,Central California,60.000417,0,0,0
CalCurCEAS_020,2024-11-08 12:00:00,34.55084,-123.876525,Central California,60.0005,0,1,1
CalCurCEAS_020,2024-11-08 13:00:00,34.54158,-123.88763,Central California,60.000458,0,0,0
CalCurCEAS_020,2024-11-08 13:59:59,34.53391,-123.897675,Central California,60.000292,0,0,0
CalCurCEAS_020,2024-11-08 15:00:00,34.525545,-123.90872,Central California,60.000375,0,1,0
CalCurCEAS_020,2024-11-08 16:00:00,34.51547,-123.921145,Central California,60.000417,0,0,1
CalCurCEAS_020,2024-11-08 16:59:59,34.5097,-123.9269,Central California,60.000375,0,0,0
CalCurCEAS_020,2024-11-08 18:00:00,34.502155,-123.933785,Central California,60.000458,0,1,2
CalCurCEAS_020,2024-11-08 19:00:00,34.493865,-123.942,Southern California,60.000333,0,4,4
CalCurCEAS_020,2024-11-08 19:59:59,34.48274,-123.952905,Southern California,60.000417,0,1,2
CalCurCEAS_020,2024-11-08 21:00:00,34.47528,-123.95825,Southern California,60.000333,0,0,8
CalCurCEAS_020,2024-11-08 22:00:00,34.463615,-123.96689,Southern California,60.000458,0,0,12
CalCurCEAS_020,2024-11-08 22:59:59,34.45042,-123.981775,Southern California,60.000333,0,0,6
CalCurCEAS_020,2024-11-09 00:00:00,34.43771,-123.9976,Southern California,60.000458,0,0,9
CalCurCEAS_020,2024-11-09 01:00:00,34.42712,-124.01132,Southern California,60.000375,0,0,1
CalCurCEAS_020,2024-11-09 01:59:59,34.4145,-124.0278,Southern California,60.00025,0,2,5
CalCurCEAS_020,2024-11-09 03:00:00,34.403245,-124.043155,Southern California,60.000375,0,0,11
CalCurCEAS_020,2024-11-09 04:00:00,34.39332,-124.05654,Southern California,60.0005,0,0,1
CalCurCEAS_020,2024-11-09 04:59:59,34.38418,-124.070865,Southern California,60.000333,0,0,11
CalCurCEAS_020,2024-11-09 06:00:00,34.37551333,-124.08507667,Southern California,60.000375,0,0,0
CalCurCEAS_020,2024-11-09 07:00:00,34.3664,-124.10058,Southern California,60.000375,0,0,3
CalCurCEAS_020,2024-11-09 07:59:59,34.35872,-124.11482,Southern California,60.000417,0,0,1
CalCurCEAS_020,2024-11-09 09:00:00,34.35087,-124.13177,Southern California,35.000292,0,0,1
CalCurCEAS_021,2024-10-27 01:00:00,36.23228,-123.35574,Central California,53.983583,0,23,36
CalCurCEAS_021,2024-10-27 01:59:59,36.23161,-123.35105,Central California,60.000417,0,10,25
CalCurCEAS_021,2024-10-27 03:00:00,36.23061,-123.348005,Central California,60.000417,0,0,42
CalCurCEAS_021,2024-10-27 04:00:00,36.22991,-123.34754,Central California,60.000333,0,5,40
CalCurCEAS_021,2024-10-27 04:59:59,36.22893333,-123.34894333,Central California,60.000292,0,1,13
CalCurCEAS_021,2024-10-27 06:00:00,36.229255,-123.354095,Central California,60.000333,0,4,5
CalCurCEAS_021,2024-10-27 07:00:00,36.230445,-123.35679,Central California,60.000583,2,7,53
CalCurCEAS_021,2024-10-27 07:59:59,36.23187,-123.3582,Central California,60.0005,0,4,18
CalCurCEAS_021,2024-10-27 09:00:00,36.234355,-123.359345,Central California,60.000417,0,6,12
CalCurCEAS_021,2024-10-27 10:00:00,36.239495,-123.358365,Central California,60.0005,0,10,55
CalCurCEAS_021,2024-10-27 10:59:59,36.245875,-123.35445,Central California,60.000417,0,11,51
CalCurCEAS_021,2024-10-27 12:00:00,36.25084,-123.35125,Central California,60.000333,0,4,29
CalCurCEAS_021,2024-10-27 13:00:00,36.254025,-123.34825,Central California,60.000375,0,5,34
CalCurCEAS_021,2024-10-27 13:59:59,36.25614,-123.3445,Central California,60.000458,0,1,37
CalCurCEAS_021,2024-10-27 15:00:00,36.257085,-123.340845,Central California,60.000292,0,3,44
CalCurCEAS_021,2024-10-27 16:00:00,36.25753,-123.33962,Central California,60.000458,0,2,38
CalCurCEAS_021,2024-10-27 16:59:59,36.25802,-123.339535,Central California,60.000333,0,0,51
CalCurCEAS_021,2024-10-27 18:00:00,36.26044,-123.34031,Central California,60.000458,0,1,100
CalCurCEAS_021,2024-10-27 19:00:00,36.264235,-123.3411,Central California,60.000375,0,1,14
CalCurCEAS_021,2024-10-27 19:59:59,36.26718,-123.33956,Central California,60.000417,0,1,43
CalCurCEAS_021,2024-10-27 21:00:00,36.268665,-123.33727,Central California,60.000417,0,4,75
CalCurCEAS_021,2024-10-27 22:00:00,36.27017,-123.33458,Central California,60.0005,0,1,85
CalCurCEAS_021,2024-10-27 22:59:59,36.27313,-123.330805,Central California,60.0005,1,0,51
CalCurCEAS_021,2024-10-28 00:00:00,36.276465,-123.326565,Central California,60.000292,0,1,27
CalCurCEAS_021,2024-10-28 01:00:00,36.277705,-123.321225,Central California,60.0005,0,0,20
CalCurCEAS_021,2024-10-28 01:59:59,36.27693,-123.31791,Central California,60.000292,4,0,27
CalCurCEAS_021,2024-10-28 03:00:00,36.27546,-123.316055,Central California,60.000417,8,0,16
CalCurCEAS_021,2024-10-28 04:00:00,36.27391,-123.31537,Central California,60.000292,6,4,12
CalCurCEAS_021,2024-10-28 04:59:59,36.272715,-123.31758,Central California,60.000375,3,5,2
CalCurCEAS_021,2024-10-28 06:00:00,36.273845,-123.323205,Central California,60.000375,0,0,3
CalCurCEAS_021,2024-10-28 07:00:00,36.27563,-123.32546,Central California,60.000375,0,1,9
CalCurCEAS_021,2024-10-28 07:59:59,36.277505,-123.326565,Central California,60.000625,0,2,9
CalCurCEAS_021,2024-10-28 09:00:00,36.28043,-123.32753,Central California,60.000417,0,0,9
CalCurCEAS_021,2024-10-28 10:00:00,36.28282,-123.32769,Central California,60.000417,0,1,35
CalCurCEAS_021,2024-10-28 10:59:59,36.28607,-123.324665,Central California,60.00025,3,1,35
CalCurCEAS_021,2024-10-28 12:00:00,36.29015,-123.31962,Central California,60.0005,1,1,27
CalCurCEAS_021,2024-10-28 13:00:00,36.293915,-123.3131,Central California,60.000417,0,2,42
CalCurCEAS_021,2024-10-28 13:59:59,36.29597,-123.30842,Central California,60.000417,0,1,26
CalCurCEAS_021,2024-10-28 15:00:00,36.29662,-123.30559,Central California,60.000417,0,7,32
CalCurCEAS_021,2024-10-28 16:00:00,36.295315,-123.30181,Central California,60.000417,0,8,17
CalCurCEAS_021,2024-10-28 16:59:59,36.2929,-123.30132,Central California,60.00025,0,4,3
CalCurCEAS_021,2024-10-28 18:00:00,36.292175,-123.30265,Central California,60.000292,0,6,8
CalCurCEAS_021,2024-10-28 19:00:00,36.293375,-123.3047,Central California,60.000458,0,0,13
CalCurCEAS_021,2024-10-28 19:59:59,36.29439,-123.30557,Central California,60.000292,0,0,10
CalCurCEAS_021,2024-10-28 21:00:00,36.29514333,-123.30565333,Central California,60.000333,0,0,5
CalCurCEAS_021,2024-10-28 22:00:00,36.29612,-123.30469,Central California,60.0005,0,2,21
CalCurCEAS_021,2024-10-28 22:59:59,36.29742,-123.30413,Central California,60.000208,0,0,26
CalCurCEAS_021,2024-10-29 00:00:00,36.29968,-123.29984,Central California,60.000333,0,3,2
CalCurCEAS_021,2024-10-29 01:00:00,36.301505,-123.29498,Central California,60.000292,0,3,8
CalCurCEAS_021,2024-10-29 01:59:59,36.30219,-123.29104,Central California,60.000458,1,2,5
CalCurCEAS_021,2024-10-29 03:00:00,36.3013,-123.28789,Central California,60.000375,1,0,34
CalCurCEAS_021,2024-10-29 04:00:00,36.29852,-123.28632,Central California,60.000292,0,0,40
CalCurCEAS_021,2024-10-29 04:59:59,36.29717667,-123.28744,Central California,60.000458,0,0,43
CalCurCEAS_021,2024-10-29 06:00:00,36.29562,-123.289615,Central California,60.000375,0,0,65
CalCurCEAS_021,2024-10-29 07:00:00,36.29408,-123.29119,Central California,60.000458,0,2,46
CalCurCEAS_021,2024-10-29 07:59:59,36.293475,-123.29307,Central California,60.000417,0,5,26
CalCurCEAS_021,2024-10-29 09:00:00,36.29293,-123.29439,Central California,60.000417,0,0,18
CalCurCEAS_021,2024-10-29 10:00:00,36.292415,-123.29515,Central California,60.000333,0,2,50
CalCurCEAS_021,2024-10-29 10:59:59,36.2912,-123.29527,Central California,60.000458,0,0,26
CalCurCEAS_021,2024-10-29 12:00:00,36.291865,-123.29399,Central California,60.000375,0,0,59
CalCurCEAS_021,2024-10-29 13:00:00,36.290795,-123.290625,Central California,60.000333,0,3,20
CalCurCEAS_021,2024-10-29 13:59:59,36.288955,-123.28864,Central California,60.000417,0,2,34
CalCurCEAS_021,2024-10-29 15:00:00,36.287115,-123.286655,Central California,60.000417,0,3,4
CalCurCEAS_021,2024-10-29 16:00:00,36.283235,-123.28762,Central California,59.904542,0,26,1
CalCurCEAS_021,2024-10-29 16:59:59,36.27967,-123.290375,Central California,60.000458,0,26,1
CalCurCEAS_021,2024-10-29 18:00:00,36.27684,-123.293125,Central California,60.000292,0,13,0
CalCurCEAS_021,2024-10-29 19:00:00,36.27637,-123.29684,Central California,60.000333,0,5,0
CalCurCEAS_021,2024-10-29 19:59:59,36.277585,-123.30149,Central California,60.000375,0,5,1
CalCurCEAS_021,2024-10-29 21:00:00,36.27942,-123.30411,Central California,60.000333,1,4,3
CalCurCEAS_021,2024-10-29 22:00:00,36.28111,-123.305225,Central California,60.000333,3,19,0
CalCurCEAS_021,2024-10-29 22:59:59,36.28374,-123.30335,Central California,60.000458,0,16,2
CalCurCEAS_021,2024-10-30 00:00:00,36.28536,-123.29882,Central California,60.000375,0,10,1
CalCurCEAS_021,2024-10-30 01:00:00,36.28632,-123.29317,Central California,60.000375,0,12,3
CalCurCEAS_021,2024-10-30 01:59:59,36.2859,-123.288575,Central California,60.000375,0,4,1
CalCurCEAS_021,2024-10-30 03:00:00,36.28375,-123.281055,Central California,60.000333,0,0,0
CalCurCEAS_021,2024-10-30 04:00:00,36.28127,-123.27754,Central California,60.000375,1,15,2
CalCurCEAS_021,2024-10-30 04:59:59,36.27863,-123.277015,Central California,60.000333,0,12,1
CalCurCEAS_021,2024-10-30 06:00:00,36.273775,-123.277575,Central California,60.00025,4,11,6
CalCurCEAS_021,2024-10-30 07:00:00,36.27227,-123.28008,Central California,60.000458,0,7,2
CalCurCEAS_021,2024-10-30 07:59:59,36.271975,-123.28495,Central California,60.000417,0,0,0
CalCurCEAS_021,2024-10-30 09:00:00,36.2735,-123.28963,Central California,60.000292,1,11,1
CalCurCEAS_021,2024-10-30 10:00:00,36.27626,-123.291525,Central California,60.000458,4,2,1
CalCurCEAS_021,2024-10-30 10:59:59,36.27971,-123.291535,Central California,60.000375,0,0,1
CalCurCEAS_021,2024-10-30 12:00:00,36.28369,-123.29031,Central California,60.000417,0,4,0
CalCurCEAS_021,2024-10-30 13:00:00,36.28623,-123.28838,Central California,60.000292,0,1,1
CalCurCEAS_021,2024-10-30 13:59:59,36.29015,-123.284765,Central California,59.997833,0,6,2
CalCurCEAS_021,2024-10-30 15:00:00,36.29322,-123.279335,Central California,60.000333,1,0,16
CalCurCEAS_021,2024-10-30 16:00:00,36.29413,-123.274735,Central California,60.000292,0,2,26
CalCurCEAS_021,2024-10-30 16:59:59,36.29385,-123.27201,Central California,60.000208,0,6,12
CalCurCEAS_021,2024-10-30 18:00:00,36.29262,-123.27111,Central California,60.000375,1,4,2
CalCurCEAS_021,2024-10-30 19:00:00,36.29218,-123.271495,Central California,60.000375,0,6,10
CalCurCEAS_021,2024-10-30 19:59:59,36.292765,-123.272525,Central California,60.000458,0,0,63
CalCurCEAS_021,2024-10-30 21:00:00,36.29371,-123.273275,Central California,60.000208,1,1,71
CalCurCEAS_021,2024-10-30 22:00:00,36.29586,-123.27347,Central California,60.000292,1,1,54
CalCurCEAS_021,2024-10-30 22:59:59,36.29867,-123.27249,Central California,60.000292,0,0,69
CalCurCEAS_021,2024-10-31 00:00:00,36.30147,-123.26988,Central California,59.983625,0,0,26
CalCurCEAS_021,2024-10-31 01:00:00,36.304865,-123.264935,Central California,60.000375,0,0,20
CalCurCEAS_021,2024-10-31 01:59:59,36.30723,-123.2601,Central California,60.000542,1,0,58
CalCurCEAS_021,2024-10-31 03:00:00,36.30864,-123.25451,Central California,60.000333,0,0,85
CalCurCEAS_021,2024-10-31 04:00:00,36.30925,-123.24999,Central California,60.000292,0,0,30
CalCurCEAS_021,2024-10-31 04:59:59,36.30918667,-123.24784,Central California,60.000333,0,0,31
CalCurCEAS_021,2024-10-31 06:00:00,36.30884,-123.24517,Central California,60.000375,0,1,32
CalCurCEAS_021,2024-10-31 07:00:00,36.31022,-123.24508,Central California,60.000375,0,0,8
CalCurCEAS_021,2024-10-31 07:59:59,36.31193,-123.24605,Central California,60.000333,0,8,31
CalCurCEAS_021,2024-10-31 09:00:00,36.310565,-123.246505,Central California,60.000333,0,7,33
CalCurCEAS_021,2024-10-31 10:00:00,36.31008,-123.24793,Central California,59.996375,0,2,25
CalCurCEAS_021,2024-10-31 10:59:59,36.31083,-123.24807,Central California,60.00025,0,0,32
CalCurCEAS_021,2024-10-31 12:00:00,36.31284,-123.245795,Central California,59.994792,0,1,70
CalCurCEAS_021,2024-10-31 13:00:00,36.31435,-123.24203,Central California,60.000417,0,0,70
CalCurCEAS_021,2024-10-31 13:59:59,36.314945,-123.238295,Central California,60.000292,0,2,20
CalCurCEAS_021,2024-10-31 15:00:00,36.3153,-123.233355,Central California,60.000458,0,6,10
CalCurCEAS_021,2024-10-31 16:00:00,36.31506,-123.23023,Central California,60.000417,1,0,19
CalCurCEAS_021,2024-10-31 16:59:59,36.31479,-123.22969,Central California,60.000375,1,3,44
CalCurCEAS_021,2024-10-31 18:00:00,36.313935,-123.229305,Central California,60.000292,1,7,9
CalCurCEAS_021,2024-10-31 19:00:00,36.31362,-123.228855,Central California,60.000292,0,5,15
CalCurCEAS_021,2024-10-31 19:59:59,36.31336,-123.228075,Central California,60.0005,0,4,36
CalCurCEAS_021,2024-10-31 21:00:00,36.31387,-123.22769,Central California,60.000375,0,10,20
CalCurCEAS_021,2024-10-31 22:00:00,36.316035,-123.22709,Central California,60.000375,0,0,16
CalCurCEAS_021,2024-10-31 22:59:59,36.31731,-123.22502,Central California,60.0005,0,0,8
CalCurCEAS_021,2024-11-01 00:00:00,36.317545,-123.22239,Central California,59.995292,0,1,21
CalCurCEAS_021,2024-11-01 01:00:00,36.318525,-123.218685,Central California,60.000458,0,10,21
CalCurCEAS_021,2024-11-01 01:59:59,36.31953,-123.21341,Central California,60.000333,1,12,4
CalCurCEAS_021,2024-11-01 03:00:00,36.320075,-123.209115,Central California,60.000458,2,16,3
CalCurCEAS_021,2024-11-01 04:00:00,36.31985,-123.20362,Central California,60.000375,0,18,0
CalCurCEAS_021,2024-11-01 04:59:59,36.3188,-123.201295,Central California,60.000292,0,17,15
CalCurCEAS_021,2024-11-01 06:00:00,36.316175,-123.198335,Central California,60.000375,0,10,14
CalCurCEAS_021,2024-11-01 07:00:00,36.31408,-123.198645,Central California,60.000333,1,7,18
CalCurCEAS_021,2024-11-01 07:59:59,36.312795,-123.200985,Central California,60.000333,0,13,0
CalCurCEAS_021,2024-11-01 09:00:00,36.3139375,-123.2027275,Central California,60.000375,0,9,2
CalCurCEAS_021,2024-11-01 10:00:00,36.31508,-123.20447,Central California,60.00025,0,11,8
CalCurCEAS_021,2024-11-01 10:59:59,36.317745,-123.20493,Central California,60.000417,0,16,12
CalCurCEAS_021,2024-11-01 12:00:00,36.32048,-123.20401,Central California,60.000417,2,13,8
CalCurCEAS_021,2024-11-01 13:00:00,36.32383,-123.201035,Central California,60.000417,0,12,4
CalCurCEAS_021,2024-11-01 13:59:59,36.32606,-123.19659,Central California,59.997958,12,1,6
CalCurCEAS_021,2024-11-01 15:00:00,36.32748,-123.19328,Central California,60.000292,4,2,5
CalCurCEAS_021,2024-11-01 16:00:00,36.32903,-123.19034,Central California,60.00025,0,2,32
CalCurCEAS_021,2024-11-01 16:59:59,36.329415,-123.188785,Central California,60.000417,0,7,15
CalCurCEAS_021,2024-11-01 18:00:00,36.329815,-123.187755,Central California,60.000333,0,4,13
CalCurCEAS_021,2024-11-01 19:00:00,36.33075,-123.18605,Central California,60.000417,0,3,22
CalCurCEAS_021,2024-11-01 19:59:59,36.33137,-123.18489,Central California,60.000375,0,0,8
CalCurCEAS_021,2024-11-01 21:00:00,36.332245,-123.183145,Central California,60.000417,0,2,15
CalCurCEAS_021,2024-11-01 22:00:00,36.33274,-123.1809,Central California,60.000375,0,1,3
CalCurCEAS_021,2024-11-01 22:59:59,36.333695,-123.180305,Central California,60.000333,0,1,4
CalCurCEAS_021,2024-11-02 00:00:00,36.335495,-123.17771,Central California,60.000333,0,0,1
CalCurCEAS_021,2024-11-02 01:00:00,36.33707,-123.17504,Central California,60.000375,0,0,31
CalCurCEAS_021,2024-11-02 01:59:59,36.338825,-123.16969,Central California,60.00025,0,0,39
CalCurCEAS_021,2024-11-02 03:00:00,36.3405,-123.16642,Central California,60.000333,0,0,64
CalCurCEAS_021,2024-11-02 04:00:00,36.34161,-123.1634,Central California,60.000458,0,0,63
CalCurCEAS_021,2024-11-02 04:59:59,36.34278,-123.16008,Central California,60.000208,0,1,21
CalCurCEAS_021,2024-11-02 06:00:00,36.343025,-123.15662,Central California,60.000375,0,0,36
CalCurCEAS_021,2024-11-02 07:00:00,36.34263,-123.154545,Central California,60.000375,1,0,33
CalCurCEAS_021,2024-11-02 07:59:59,36.34234,-123.15337,Central California,60.000333,0,0,23
CalCurCEAS_021,2024-11-02 09:00:00,36.34213,-123.15188,Central California,60.000417,0,1,9
CalCurCEAS_021,2024-11-02 10:00:00,36.34209,-123.15133,Central California,60.000292,4,0,7
CalCurCEAS_021,2024-11-02 10:59:59,36.34263,-123.15114,Central California,60.000292,0,1,3
CalCurCEAS_021,2024-11-02 12:00:00,36.34353,-123.150945,Central California,60.000333,0,0,1
CalCurCEAS_021,2024-11-02 13:00:00,36.346615,-123.148555,Central California,60.000333,0,2,2
CalCurCEAS_021,2024-11-02 13:59:59,36.34932,-123.14485,Central California,60.000458,0,0,2
CalCurCEAS_021,2024-11-02 15:00:00,36.35129,-123.14073,Central California,60.000292,0,1,9
CalCurCEAS_021,2024-11-02 16:00:00,36.352635,-123.134455,Central California,60.000417,0,1,1
CalCurCEAS_021,2024-11-02 16:59:59,36.350895,-123.129695,Central California,60.000292,0,11,6
CalCurCEAS_021,2024-11-02 18:00:00,36.345895,-123.127725,Central California,60.000458,1,14,4
CalCurCEAS_021,2024-11-02 19:00:00,36.34181,-123.12805,Central California,60.000417,1,11,13
CalCurCEAS_021,2024-11-02 19:59:59,36.337525,-123.130465,Central California,60.000458,0,0,9
CalCurCEAS_021,2024-11-02 21:00:00,36.33285,-123.134335,Central California,60.000417,0,1,5
CalCurCEAS_021,2024-11-02 22:00:00,36.33081,-123.13824,Central California,60.000417,0,0,7
CalCurCEAS_021,2024-11-02 22:59:59,36.329855,-123.14067,Central California,60.000458,0,0,11
CalCurCEAS_021,2024-11-03 00:00:00,36.32974,-123.142225,Central California,60.000417,0,0,3
CalCurCEAS_021,2024-11-03 01:00:00,36.332215,-123.14033,Central California,60.000333,0,0,9
CalCurCEAS_021,2024-11-03 01:59:59,36.33387,-123.13577,Central California,60.0005,0,0,7
CalCurCEAS_021,2024-11-03 03:00:00,36.33412,-123.1318,Central California,60.000417,0,0,9
CalCurCEAS_021,2024-11-03 04:00:00,36.333175,-123.127345,Central California,60.00025,0,1,12
CalCurCEAS_021,2024-11-03 04:59:59,36.33099,-123.12142667,Central California,60.000292,0,0,11
CalCurCEAS_021,2024-11-03 06:00:00,36.32748,-123.11773,Central California,60.0005,0,0,16
CalCurCEAS_021,2024-11-03 07:00:00,36.324025,-123.115645,Central California,60.0005,0,5,1
CalCurCEAS_021,2024-11-03 07:59:59,36.31872,-123.11642,Central California,60.0005,4,6,7
CalCurCEAS_021,2024-11-03 09:00:00,36.31494,-123.11884,Central California,60.000417,2,3,3
CalCurCEAS_021,2024-11-03 10:00:00,36.31177,-123.12125,Central California,60.000292,0,1,3
CalCurCEAS_021,2024-11-03 10:59:59,36.31048,-123.12259,Central California,60.000375,0,2,2
CalCurCEAS_021,2024-11-03 12:00:00,36.309665,-123.123285,Central California,60.000333,0,6,3
CalCurCEAS_021,2024-11-03 13:00:00,36.30988,-123.12249,Central California,60.000375,0,1,1
CalCurCEAS_021,2024-11-03 13:59:59,36.30926,-123.120435,Central California,60.000375,0,0,4
CalCurCEAS_021,2024-11-03 15:00:00,36.306745,-123.1144,Central California,60.000542,0,2,2
CalCurCEAS_021,2024-11-03 16:00:00,36.30292,-123.11082,Central California,60.000458,0,8,0
CalCurCEAS_021,2024-11-03 16:59:59,36.297875,-123.11058,Central California,60.000417,0,5,1
CalCurCEAS_021,2024-11-03 18:00:00,36.29227,-123.11174,Central California,60.000417,0,13,2
CalCurCEAS_021,2024-11-03 19:00:00,36.287045,-123.115045,Central California,60.000208,0,5,2
CalCurCEAS_021,2024-11-03 19:59:59,36.28273,-123.121075,Central California,60.000458,0,0,6
CalCurCEAS_021,2024-11-03 21:00:00,36.27947,-123.12678,Central California,60.000292,0,1,0
CalCurCEAS_021,2024-11-03 22:00:00,36.27652,-123.13067,Central California,60.00025,7,13,13
CalCurCEAS_021,2024-11-03 22:59:59,36.27375,-123.13438,Central California,60.0005,1,3,7
CalCurCEAS_021,2024-11-04 00:00:00,36.271775,-123.135545,Central California,59.98375,6,19,0
CalCurCEAS_021,2024-11-04 01:00:00,36.26974,-123.134775,Central California,60.000333,12,23,0
CalCurCEAS_021,2024-11-04 01:59:59,36.267195,-123.132555,Central California,60.000333,21,5,2
CalCurCEAS_021,2024-11-04 03:00:00,36.2644,-123.12897,Central California,60.000417,15,2,0
CalCurCEAS_021,2024-11-04 04:00:00,36.26204,-123.124855,Central California,60.000292,11,12,6
CalCurCEAS_021,2024-11-04 04:59:59,36.25978,-123.12245,Central California,60.000417,0,34,5
CalCurCEAS_021,2024-11-04 06:00:00,36.25507,-123.12142,Central California,60.000542,6,32,7
CalCurCEAS_021,2024-11-04 07:00:00,36.24768,-123.12247,Central California,60.00025,0,2,10
CalCurCEAS_021,2024-11-04 07:59:59,36.243435,-123.12486,Central California,60.000375,0,3,32
CalCurCEAS_021,2024-11-04 09:00:00,36.23985,-123.131525,Central California,60.000292,0,2,41
CalCurCEAS_021,2024-11-04 10:00:00,36.23904,-123.13517,Central California,60.00025,0,16,25
CalCurCEAS_021,2024-11-04 10:59:59,36.236885,-123.13981,Central California,60.000292,0,15,38
CalCurCEAS_021,2024-11-04 12:00:00,36.234455,-123.144455,Central California,60.000333,0,5,27
CalCurCEAS_021,2024-11-04 13:00:00,36.23333,-123.1456,Central California,60.0005,2,4,28
CalCurCEAS_021,2024-11-04 13:59:59,36.23252,-123.145805,Central California,60.000375,0,6,46
CalCurCEAS_021,2024-11-04 15:00:00,36.23043,-123.14704,Central California,60.000417,0,3,73
CalCurCEAS_021,2024-11-04 16:00:00,36.2297,-123.14659,Central California,60.00025,0,17,15
CalCurCEAS_021,2024-11-04 16:59:59,36.2295,-123.144295,Central California,60.0005,2,2,8
CalCurCEAS_021,2024-11-04 18:00:00,36.22787,-123.141645,Central California,60.000375,0,0,4
CalCurCEAS_021,2024-11-04 19:00:00,36.224775,-123.1432,Central California,60.000208,0,5,8
CalCurCEAS_021,2024-11-04 19:59:59,36.22103,-123.14674,Central California,60.000333,0,9,44
CalCurCEAS_021,2024-11-04 21:00:00,36.217545,-123.151035,Central California,60.000375,0,2,104
CalCurCEAS_021,2024-11-04 22:00:00,36.21478,-123.15425,Central California,60.000292,2,12,5
CalCurCEAS_021,2024-11-04 22:59:59,36.211195,-123.156595,Central California,60.000333,3,9,18
CalCurCEAS_021,2024-11-05 00:00:00,36.20829,-123.15749,Central California,60.000417,14,4,6
CalCurCEAS_021,2024-11-05 01:00:00,36.20433,-123.15583,Central California,60.000333,12,8,22
CalCurCEAS_021,2024-11-05 01:59:59,36.20065,-123.15395,Central California,60.000292,0,0,6
CalCurCEAS_021,2024-11-05 03:00:00,36.1969,-123.15208,Central California,60.000458,0,4,20
CalCurCEAS_021,2024-11-05 04:00:00,36.19353,-123.149335,Central California,60.000375,3,3,21
CalCurCEAS_021,2024-11-05 04:59:59,36.19042,-123.1477,Central California,60.000292,0,2,4
CalCurCEAS_021,2024-11-05 06:00:00,36.18647333,-123.14682,Central California,60.000542,0,5,25
CalCurCEAS_021,2024-11-05 07:00:00,36.181095,-123.147715,Central California,60.000458,0,7,5
CalCurCEAS_021,2024-11-05 07:59:59,36.17713,-123.15264,Central California,60.0005,1,4,12
CalCurCEAS_021,2024-11-05 09:00:00,36.17549,-123.15712,Central California,60.000417,2,5,9
CalCurCEAS_021,2024-11-05 10:00:00,36.1742,-123.1644,Central California,60.000375,0,4,31
CalCurCEAS_021,2024-11-05 10:59:59,36.172875,-123.16875,Central California,60.00025,1,6,8
CalCurCEAS_021,2024-11-05 12:00:00,36.170755,-123.173175,Central California,60.000458,0,5,25
CalCurCEAS_021,2024-11-05 13:00:00,36.16842,-123.17607,Central California,60.000333,0,2,32
CalCurCEAS_021,2024-11-05 13:59:59,36.16481,-123.177505,Central California,60.000292,0,2,35
CalCurCEAS_021,2024-11-05 15:00:00,36.162545,-123.177195,Central California,60.000375,3,9,29
CalCurCEAS_021,2024-11-05 16:00:00,36.160895,-123.176615,Central California,60.00025,2,1,45
CalCurCEAS_021,2024-11-05 16:59:59,36.15915,-123.17639,Central California,60.000333,2,1,17
CalCurCEAS_021,2024-11-05 18:00:00,36.155665,-123.1771,Central California,60.000375,0,1,0
CalCurCEAS_021,2024-11-05 19:00:00,36.15293,-123.17835,Central California,60.000417,1,8,9
CalCurCEAS_021,2024-11-05 19:59:59,36.15074,-123.180785,Central California,60.0005,0,20,28
CalCurCEAS_021,2024-11-05 21:00:00,36.14883,-123.18416,Central California,60.00025,1,21,30
CalCurCEAS_021,2024-11-05 22:00:00,36.14862,-123.18814,Central California,60.000417,0,24,1
CalCurCEAS_021,2024-11-05 22:59:59,36.148955,-123.191875,Central California,60.000375,0,16,35
CalCurCEAS_021,2024-11-06 00:00:00,36.1483,-123.192455,Central California,60.000458,0,19,60
CalCurCEAS_021,2024-11-06 01:00:00,36.14456,-123.19156,Central California,60.000375,0,3,9
CalCurCEAS_021,2024-11-06 01:59:59,36.1393,-123.190225,Central California,60.000208,0,2,92
CalCurCEAS_021,2024-11-06 03:00:00,36.132315,-123.188925,Central California,60.000417,0,0,104
CalCurCEAS_021,2024-11-06 04:00:00,36.126485,-123.18693,Central California,60.000375,0,4,109
CalCurCEAS_021,2024-11-06 04:59:59,36.12362,-123.18599,Central California,60.000375,0,1,54
CalCurCEAS_021,2024-11-06 06:00:00,36.12102,-123.18597333,Central California,60.000292,0,14,24
CalCurCEAS_021,2024-11-06 07:00:00,36.1178,-123.18594,Central California,60.00025,0,11,104
CalCurCEAS_021,2024-11-06 07:59:59,36.115615,-123.186875,Central California,60.000333,0,8,46
CalCurCEAS_021,2024-11-06 09:00:00,36.113315,-123.19064,Central California,60.000333,0,1,8
CalCurCEAS_021,2024-11-06 10:00:00,36.11314,-123.195965,Central California,60.000292,0,1,2
CalCurCEAS_021,2024-11-06 10:59:59,36.11476,-123.19856,Central California,60.000417,0,4,1
CalCurCEAS_021,2024-11-06 12:00:00,36.114925,-123.200805,Central California,60.000292,0,1,2
CalCurCEAS_021,2024-11-06 13:00:00,36.1143,-123.20457,Central California,60.000333,0,0,5
CalCurCEAS_021,2024-11-06 13:59:59,36.11409,-123.20555,Central California,60.000375,0,0,4
CalCurCEAS_021,2024-11-06 15:00:00,36.11275,-123.20635,Central California,60.000292,0,0,9
CalCurCEAS_021,2024-11-06 16:00:00,36.11208,-123.20751,Central California,60.00025,0,2,26
CalCurCEAS_021,2024-11-06 16:59:59,36.1101,-123.2097,Central California,60.000292,0,1,6
CalCurCEAS_021,2024-11-06 18:00:00,36.109195,-123.211295,Central California,60.000375,0,0,1
CalCurCEAS_021,2024-11-06 19:00:00,36.10921,-123.21496,Central California,60.000458,0,7,1
CalCurCEAS_021,2024-11-06 19:59:59,36.110035,-123.21961,Central California,60.000167,0,1,1
CalCurCEAS_021,2024-11-06 21:00:00,36.11322,-123.22383,Central California,60.000333,0,0,1
CalCurCEAS_021,2024-11-06 22:00:00,36.11666,-123.22686,Central California,60.000458,0,1,4
CalCurCEAS_021,2024-11-06 22:59:59,36.11985,-123.22962,Central California,60.000375,0,1,10
CalCurCEAS_021,2024-11-07 00:00:00,36.12188,-123.23143,Central California,60.000333,0,1,27
CalCurCEAS_021,2024-11-07 01:00:00,36.12283,-123.23182,Central California,60.000375,0,0,46
CalCurCEAS_021,2024-11-07 01:59:59,36.121925,-123.23052,Central California,60.000333,0,0,19
CalCurCEAS_021,2024-11-07 03:00:00,36.11835,-123.23027,Central California,60.000292,0,4,50
CalCurCEAS_021,2024-11-07 04:00:00,36.11479,-123.230555,Central California,60.000375,0,0,8
CalCurCEAS_021,2024-11-07 04:59:59,36.11055,-123.23254,Central California,60.000417,0,0,5
CalCurCEAS_021,2024-11-07 06:00:00,36.109475,-123.234695,Central California,60.000417,0,2,4
CalCurCEAS_021,2024-11-07 07:00:00,36.10797,-123.24141,Central California,60.000292,0,0,29
CalCurCEAS_021,2024-11-07 07:59:59,36.10775,-123.246925,Central California,59.859583,0,3,9
CalCurCEAS_021,2024-11-07 09:00:00,36.109,-123.25328,Central California,60.000417,0,9,4
CalCurCEAS_021,2024-11-07 10:00:00,36.11307,-123.258095,Central California,59.984792,0,0,9
CalCurCEAS_021,2024-11-07 10:59:59,36.119785,-123.263105,Central California,60.000375,0,3,4
CalCurCEAS_021,2024-11-07 12:00:00,36.12619,-123.26615,Central California,60.000417,0,17,9
CalCurCEAS_021,2024-11-07 13:00:00,36.13036,-123.26904,Central California,60.000375,0,3,12
CalCurCEAS_021,2024-11-07 13:59:59,36.13348,-123.27085,Central California,56.000375,0,23,18
CalCurCEAS_022,2024-10-27 13:59:59,34.95005,-123.6134,Central California,54.00025,0,5,8
CalCurCEAS_022,2024-10-27 15:00:00,34.943495,-123.622875,Central California,60.000292,0,7,4
CalCurCEAS_022,2024-10-27 16:00:00,34.93458,-123.63753,Central California,60.000458,1,14,14
CalCurCEAS_022,2024-10-27 16:59:59,34.924935,-123.65402,Central California,60.00025,4,0,0
CalCurCEAS_022,2024-10-27 18:00:00,34.91665,-123.6687,Central California,60.000417,0,3,9
CalCurCEAS_022,2024-10-27 19:00:00,34.9076,-123.68533,Central California,60.000333,2,13,7
CalCurCEAS_022,2024-10-27 19:59:59,34.89778,-123.70331,Central California,60.000333,0,15,9
CalCurCEAS_022,2024-10-27 21:00:00,34.88785,-123.72129,Central California,60.00025,0,16,4
CalCurCEAS_022,2024-10-27 22:00:00,34.880765,-123.738735,Central California,60.000542,0,18,0
CalCurCEAS_022,2024-10-27 22:59:59,34.875745,-123.7562,Central California,60.000333,0,4,4
CalCurCEAS_022,2024-10-28 00:00:00,34.872255,-123.77547,Central California,60.000417,2,13,4
CalCurCEAS_022,2024-10-28 01:00:00,34.870625,-123.791605,Central California,60.0005,1,46,0
CalCurCEAS_022,2024-10-28 01:59:59,34.86841,-123.8068,Central California,59.995208,0,9,2
CalCurCEAS_022,2024-10-28 03:00:00,34.86567,-123.82173,Central California,60.000375,4,4,3
CalCurCEAS_022,2024-10-28 04:00:00,34.86352,-123.83487,Central California,60.000333,8,7,6
CalCurCEAS_022,2024-10-28 04:59:59,34.86254,-123.844675,Central California,60.000333,3,8,1
CalCurCEAS_022,2024-10-28 06:00:00,34.85967,-123.868475,Central California,60.000417,2,0,2
CalCurCEAS_022,2024-10-28 07:00:00,34.85864,-123.88186,Central California,60.000458,0,0,0
CalCurCEAS_022,2024-10-28 07:59:59,34.8556,-123.893325,Central California,60.000417,0,5,3
CalCurCEAS_022,2024-10-28 09:00:00,34.85102,-123.907145,Central California,60.000292,1,11,0
CalCurCEAS_022,2024-10-28 10:00:00,34.84751,-123.91761,Central California,59.983833,0,5,18
CalCurCEAS_022,2024-10-28 10:59:59,34.84215,-123.934695,Central California,60.000208,0,4,11
CalCurCEAS_022,2024-10-28 12:00:00,34.83816,-123.9526,Central California,60.000292,1,4,3
CalCurCEAS_022,2024-10-28 13:00:00,34.837205,-123.96814,Central California,60.000375,0,4,5
CalCurCEAS_022,2024-10-28 13:59:59,34.837595,-123.98894,Central California,60.000458,0,10,1
CalCurCEAS_022,2024-10-28 15:00:00,34.83886,-124.00009,Central California,60.000208,0,3,11
CalCurCEAS_022,2024-10-28 16:00:00,34.839925,-124.014945,Central California,60.000458,0,6,0
CalCurCEAS_022,2024-10-28 16:59:59,34.841175,-124.0353,Central California,60.000292,0,6,0
CalCurCEAS_022,2024-10-28 18:00:00,34.84188,-124.04813,Central California,60.000375,0,22,1
CalCurCEAS_022,2024-10-28 19:00:00,34.843195,-124.06166,Central California,60.000417,0,11,0
CalCurCEAS_022,2024-10-28 19:59:59,34.844585,-124.077055,Central California,60.0005,0,3,0
CalCurCEAS_022,2024-10-28 21:00:00,34.84651,-124.09181,Central California,59.981,0,3,0
CalCurCEAS_022,2024-10-28 22:00:00,34.848705,-124.10642,Central California,60.0005,0,2,0
CalCurCEAS_022,2024-10-28 22:59:59,34.851435,-124.12187,Central California,60.000458,0,20,0
CalCurCEAS_022,2024-10-29 00:00:00,34.85425,-124.13227,Central California,60.000375,0,3,1
CalCurCEAS_022,2024-10-29 01:00:00,34.85727,-124.14249,Central California,60.000417,0,7,0
CalCurCEAS_022,2024-10-29 01:59:59,34.86199,-124.1535,Central California,59.975958,0,7,0
CalCurCEAS_022,2024-10-29 03:00:00,34.86531,-124.16057,Central California,60.000292,0,9,0
CalCurCEAS_022,2024-10-29 04:00:00,34.868785,-124.16924,Central California,60.0005,0,16,0
CalCurCEAS_022,2024-10-29 04:59:59,34.870795,-124.17453,Central California,60.00025,0,18,0
CalCurCEAS_022,2024-10-29 06:00:00,34.872595,-124.187145,Central California,60.000333,0,13,0
CalCurCEAS_022,2024-10-29 07:00:00,34.87065,-124.19724,Central California,60.000375,0,2,0
CalCurCEAS_022,2024-10-29 07:59:59,34.867425,-124.207285,Central California,60.000292,0,5,0
CalCurCEAS_022,2024-10-29 09:00:00,34.86281,-124.2187,Central California,60.000375,0,15,0
CalCurCEAS_022,2024-10-29 10:00:00,34.860445,-124.23061,Central California,60.000375,0,0,0
CalCurCEAS_022,2024-10-29 10:59:59,34.85873,-124.247935,Central California,60.000458,0,7,0
CalCurCEAS_022,2024-10-29 12:00:00,34.85897,-124.263085,Central California,60.000417,0,1,2
CalCurCEAS_022,2024-10-29 13:00:00,34.86146,-124.27734,Central California,60.000292,0,4,0
CalCurCEAS_022,2024-10-29 13:59:59,34.86439,-124.28872,Central California,60.000375,0,15,0
CalCurCEAS_022,2024-10-29 15:00:00,34.8695,-124.30573,Central California,60.000375,0,22,0
CalCurCEAS_022,2024-10-29 16:00:00,34.87573,-124.318345,Central California,60.000417,0,23,0
CalCurCEAS_022,2024-10-29 16:59:59,34.88323,-124.33135,Central California,60.000333,0,33,0
CalCurCEAS_022,2024-10-29 18:00:00,34.890065,-124.341605,Central California,60.000375,0,14,0
CalCurCEAS_022,2024-10-29 19:00:00,34.896615,-124.349305,Central California,60.0005,0,28,0
CalCurCEAS_022,2024-10-29 19:59:59,34.9017,-124.35521,Central California,60.000583,0,18,0
CalCurCEAS_022,2024-10-29 21:00:00,34.90475,-124.359805,Central California,60.000375,0,5,0
CalCurCEAS_022,2024-10-29 22:00:00,34.90878,-124.36448,Central California,60.000333,0,10,0
CalCurCEAS_022,2024-10-29 22:59:59,34.91133,-124.36874,Central California,60.000417,0,1,0
CalCurCEAS_022,2024-10-30 00:00:00,34.913435,-124.37415,Central California,60.000333,0,29,1
CalCurCEAS_022,2024-10-30 01:00:00,34.91605,-124.37841,Central California,60.000292,0,34,1
CalCurCEAS_022,2024-10-30 01:59:59,34.9178,-124.38183,Central California,60.000417,0,22,0
CalCurCEAS_022,2024-10-30 03:00:00,34.92068,-124.386845,Central California,59.977333,0,23,2
CalCurCEAS_022,2024-10-30 04:00:00,34.92446,-124.39176,Central California,60.00025,0,27,0
CalCurCEAS_022,2024-10-30 04:59:59,34.92740333,-124.39541,Central California,60.000417,0,27,0
CalCurCEAS_022,2024-10-30 06:00:00,34.930505,-124.40327,Central California,60.0005,0,4,0
CalCurCEAS_022,2024-10-30 07:00:00,34.933725,-124.412195,Central California,60.000375,0,4,0
CalCurCEAS_022,2024-10-30 07:59:59,34.93608,-124.41922,Central California,60.000333,0,9,0
CalCurCEAS_022,2024-10-30 09:00:00,34.938885,-124.425015,Central California,60.00025,0,8,0
CalCurCEAS_022,2024-10-30 10:00:00,34.94378,-124.4342,Central California,60.000417,0,0,1
CalCurCEAS_022,2024-10-30 10:59:59,34.94808,-124.43999,Central California,60.000375,0,5,0
CalCurCEAS_022,2024-10-30 12:00:00,34.952415,-124.44583,Central California,60.000292,0,1,0
CalCurCEAS_022,2024-10-30 13:00:00,34.95773,-124.45237,Central California,60.00025,0,1,7
CalCurCEAS_022,2024-10-30 13:59:59,34.962295,-124.45729,Central California,60.000417,0,0,0
CalCurCEAS_022,2024-10-30 15:00:00,34.969975,-124.462085,Central California,59.996542,0,2,1
CalCurCEAS_022,2024-10-30 16:00:00,34.980965,-124.46485,Central California,60.000333,0,1,0
CalCurCEAS_022,2024-10-30 16:59:59,34.98656,-124.46628,Central California,60.000333,0,2,0
CalCurCEAS_022,2024-10-30 18:00:00,34.99374,-124.4682675,Central California,60.000333,0,1,0
CalCurCEAS_022,2024-10-30 19:00:00,35.00092,-124.470255,Central California,60.000458,0,2,0
CalCurCEAS_022,2024-10-30 19:59:59,35.008855,-124.471365,Central California,60.000542,0,6,4
CalCurCEAS_022,2024-10-30 21:00:00,35.01441,-124.47121,Central California,60.000417,0,5,1
CalCurCEAS_022,2024-10-30 22:00:00,35.01784,-124.47085,Central California,60.000417,0,8,1
CalCurCEAS_022,2024-10-30 22:59:59,35.02201,-124.46838,Central California,60.000333,0,0,25
CalCurCEAS_022,2024-10-31 00:00:00,35.02357,-124.46686,Central California,60.000333,0,2,1
CalCurCEAS_022,2024-10-31 01:00:00,35.02468667,-124.46464,Central California,60.000292,0,8,8
CalCurCEAS_022,2024-10-31 01:59:59,35.02549,-124.46563,Central California,60.000333,0,4,4
CalCurCEAS_022,2024-10-31 03:00:00,35.02787,-124.468385,Central California,60.000375,0,0,2
CalCurCEAS_022,2024-10-31 04:00:00,35.032265,-124.47088,Central California,60.000458,0,28,0
CalCurCEAS_022,2024-10-31 04:59:59,35.03606333,-124.47218,Central California,59.972417,0,27,0
CalCurCEAS_022,2024-10-31 06:00:00,35.041785,-124.474055,Central California,60.000375,0,11,1
CalCurCEAS_022,2024-10-31 07:00:00,35.0465,-124.47544,Central California,60.000458,0,9,0
CalCurCEAS_022,2024-10-31 07:59:59,35.05195,-124.47628,Central California,60.000458,0,16,0
CalCurCEAS_022,2024-10-31 09:00:00,35.05629,-124.47591,Central California,60.000417,0,26,0
CalCurCEAS_022,2024-10-31 10:00:00,35.05804,-124.47566,Central California,60.000333,0,15,2
CalCurCEAS_022,2024-10-31 10:59:59,35.059115,-124.475625,Central California,60.000417,0,9,2
CalCurCEAS_022,2024-10-31 12:00:00,35.05963,-124.47617,Central California,60.000292,0,22,9
CalCurCEAS_022,2024-10-31 13:00:00,35.06042,-124.47847,Central California,60.000292,0,18,20
CalCurCEAS_022,2024-10-31 13:59:59,35.06297,-124.480645,Central California,60.000375,0,18,8
CalCurCEAS_022,2024-10-31 15:00:00,35.06669,-124.48246,Central California,60.000458,1,9,0
CalCurCEAS_022,2024-10-31 16:00:00,35.07051,-124.484305,Central California,60.000292,0,0,1
CalCurCEAS_022,2024-10-31 16:59:59,35.07582,-124.4854,Central California,60.000333,0,2,2
CalCurCEAS_022,2024-10-31 18:00:00,35.082395,-124.48631,Central California,60.000375,0,0,0
CalCurCEAS_022,2024-10-31 19:00:00,35.090575,-124.486795,Central California,60.000417,0,6,0
CalCurCEAS_022,2024-10-31 19:59:59,35.0967,-124.48647,Central California,60.000333,0,12,1
CalCurCEAS_022,2024-10-31 21:00:00,35.102575,-124.48413,Central California,60.000375,0,1,0
CalCurCEAS_022,2024-10-31 22:00:00,35.10546,-124.48143,Central California,60.000583,0,16,0
CalCurCEAS_022,2024-10-31 22:59:59,35.10933,-124.47649,Central California,60.000292,0,11,1
CalCurCEAS_022,2024-11-01 00:00:00,35.1123,-124.472885,Central California,60.000292,0,13,5
CalCurCEAS_022,2024-11-01 01:00:00,35.114185,-124.46999,Central California,60.000333,0,12,0
CalCurCEAS_022,2024-11-01 01:59:59,35.11473,-124.46821,Central California,60.000292,0,5,10
CalCurCEAS_022,2024-11-01 03:00:00,35.115675,-124.466355,Central California,60.000375,0,2,2
CalCurCEAS_022,2024-11-01 04:00:00,35.11739,-124.46405,Central California,60.000417,0,3,0
CalCurCEAS_022,2024-11-01 04:59:59,35.12037333,-124.46247333,Central California,60.000417,0,1,1
CalCurCEAS_022,2024-11-01 06:00:00,35.12533,-124.461215,Central California,60.000292,0,1,0
CalCurCEAS_022,2024-11-01 07:00:00,35.12854,-124.46023,Central California,60.000417,0,4,0
CalCurCEAS_022,2024-11-01 07:59:59,35.132195,-124.45882,Central California,60.00025,0,13,1
CalCurCEAS_022,2024-11-01 09:00:00,35.13582,-124.45714,Central California,60.000375,0,23,3
CalCurCEAS_022,2024-11-01 10:00:00,35.138965,-124.456355,Central California,60.0005,0,2,1
CalCurCEAS_022,2024-11-01 10:59:59,35.141335,-124.45573,Central California,60.000458,0,1,0
CalCurCEAS_022,2024-11-01 12:00:00,35.14357,-124.45529,Central California,60.000375,0,5,0
CalCurCEAS_022,2024-11-01 13:00:00,35.14592,-124.455225,Central California,60.0005,0,0,0
CalCurCEAS_022,2024-11-01 13:59:59,35.15183,-124.45528,Central California,60.000417,0,0,2
CalCurCEAS_022,2024-11-01 15:00:00,35.158375,-124.454745,Central California,60.0005,0,0,0
CalCurCEAS_022,2024-11-01 16:00:00,35.165645,-124.452695,Central California,60.000458,0,7,0
CalCurCEAS_022,2024-11-01 16:59:59,35.173875,-124.448225,Central California,59.983667,0,7,0
CalCurCEAS_022,2024-11-01 18:00:00,35.18006,-124.44392,Central California,60.000375,0,3,0
CalCurCEAS_022,2024-11-01 19:00:00,35.1876,-124.43776,Central California,60.000417,0,3,0
CalCurCEAS_022,2024-11-01 19:59:59,35.193365,-124.429295,Central California,60.0005,0,0,1
CalCurCEAS_022,2024-11-01 21:00:00,35.196625,-124.42378,Central California,60.000458,0,10,0
CalCurCEAS_022,2024-11-01 22:00:00,35.19758,-124.41891,Central California,60.000333,0,2,0
CalCurCEAS_022,2024-11-01 22:59:59,35.19677,-124.41476,Central California,60.00025,0,1,1
CalCurCEAS_022,2024-11-02 00:00:00,35.19734,-124.412365,Central California,60.000417,0,8,0
CalCurCEAS_022,2024-11-02 01:00:00,35.19864,-124.40824,Central California,60.000292,0,0,0
CalCurCEAS_022,2024-11-02 01:59:59,35.200915,-124.40459,Central California,60.000458,0,2,0
CalCurCEAS_022,2024-11-02 03:00:00,35.20469,-124.401305,Central California,60.000292,0,3,0
CalCurCEAS_022,2024-11-02 04:00:00,35.209935,-124.397785,Central California,60.000375,0,0,0
CalCurCEAS_022,2024-11-02 04:59:59,35.21412667,-124.39405333,Central California,60.000458,0,0,0
CalCurCEAS_022,2024-11-02 06:00:00,35.22052,-124.38761,Central California,60.000333,0,5,2
CalCurCEAS_022,2024-11-02 07:00:00,35.22372,-124.38395,Central California,60.000375,0,8,0
CalCurCEAS_022,2024-11-02 07:59:59,35.22932,-124.37541,Central California,60.000333,0,5,0
CalCurCEAS_022,2024-11-02 09:00:00,35.231615,-124.370255,Central California,60.000458,0,2,0
CalCurCEAS_022,2024-11-02 10:00:00,35.23392,-124.36339,Central California,60.000333,0,2,0
CalCurCEAS_022,2024-11-02 10:59:59,35.235005,-124.356415,Central California,60.000417,0,6,0
CalCurCEAS_022,2024-11-02 12:00:00,35.23476,-124.34971,Central California,60.000583,0,7,0
CalCurCEAS_022,2024-11-02 13:00:00,35.23391,-124.34513,Central California,60.000417,0,2,0
CalCurCEAS_022,2024-11-02 13:59:59,35.233635,-124.340535,Central California,60.000333,0,23,1
CalCurCEAS_022,2024-11-02 15:00:00,35.234825,-124.337255,Central California,60.000375,0,4,3
CalCurCEAS_022,2024-11-02 16:00:00,35.238675,-124.33598,Central California,60.000333,0,11,9
CalCurCEAS_022,2024-11-02 16:59:59,35.24267,-124.335,Central California,60.000375,0,7,0
CalCurCEAS_022,2024-11-02 18:00:00,35.246415,-124.332755,Central California,60.000375,0,24,0
CalCurCEAS_022,2024-11-02 19:00:00,35.25049,-124.32853,Central California,60.0005,0,9,2
CalCurCEAS_022,2024-11-02 19:59:59,35.253715,-124.325685,Central California,60.000333,0,7,0
CalCurCEAS_022,2024-11-02 21:00:00,35.2563,-124.32429,Central California,60.000458,0,15,0
CalCurCEAS_022,2024-11-02 22:00:00,35.25727,-124.322425,Central California,60.000292,1,31,0
CalCurCEAS_022,2024-11-02 22:59:59,35.25725,-124.318485,Central California,60.000375,0,29,0
CalCurCEAS_022,2024-11-03 00:00:00,35.25667,-124.31489,Central California,60.000542,0,1,3
CalCurCEAS_022,2024-11-03 01:00:00,35.257025,-124.31015,Central California,60.000333,0,17,1
CalCurCEAS_022,2024-11-03 01:59:59,35.257375,-124.303735,Central California,60.000542,0,26,0
CalCurCEAS_022,2024-11-03 03:00:00,35.25811,-124.29975,Central California,60.00025,0,31,0
CalCurCEAS_022,2024-11-03 04:00:00,35.2595,-124.295645,Central California,60.000417,0,1,2
CalCurCEAS_022,2024-11-03 04:59:59,35.26070333,-124.28984,Central California,60.000417,0,15,0
CalCurCEAS_022,2024-11-03 06:00:00,35.260045,-124.28167,Central California,60.000333,0,5,2
CalCurCEAS_022,2024-11-03 07:00:00,35.257695,-124.27432,Central California,60.000292,0,11,0
CalCurCEAS_022,2024-11-03 07:59:59,35.2556,-124.27082,Central California,60.000417,0,16,1
CalCurCEAS_022,2024-11-03 09:00:00,35.25299,-124.26817,Central California,60.000375,0,14,0
CalCurCEAS_022,2024-11-03 10:00:00,35.25026,-124.26704,Central California,60.000417,0,5,0
CalCurCEAS_022,2024-11-03 10:59:59,35.2475,-124.26686,Central California,60.000292,0,14,0
CalCurCEAS_022,2024-11-03 12:00:00,35.243475,-124.26722,Central California,60.000333,0,12,0
CalCurCEAS_022,2024-11-03 13:00:00,35.24105,-124.26697,Central California,60.000542,0,16,0
CalCurCEAS_022,2024-11-03 13:59:59,35.2389,-124.26653,Central California,60.000292,0,21,2
CalCurCEAS_022,2024-11-03 15:00:00,35.238375,-124.26597,Central California,60.000292,0,10,0
CalCurCEAS_022,2024-11-03 16:00:00,35.23808,-124.26392,Central California,60.000458,0,11,0
CalCurCEAS_022,2024-11-03 16:59:59,35.23731,-124.26194,Central California,60.000375,0,24,0
CalCurCEAS_022,2024-11-03 18:00:00,35.23428,-124.25868,Central California,60.000458,0,6,0
CalCurCEAS_022,2024-11-03 19:00:00,35.23256,-124.25696,Central California,60.000375,0,8,0
CalCurCEAS_022,2024-11-03 19:59:59,35.229115,-124.25548,Central California,60.000458,0,0,0
CalCurCEAS_022,2024-11-03 21:00:00,35.22465,-124.25669,Central California,60.000417,0,7,0
CalCurCEAS_022,2024-11-03 22:00:00,35.22048,-124.25767,Central California,60.000333,0,15,1
CalCurCEAS_022,2024-11-03 22:59:59,35.21459,-124.25956,Central California,60.000333,0,7,0
CalCurCEAS_022,2024-11-04 00:00:00,35.210325,-124.260555,Central California,60.00025,0,11,0
CalCurCEAS_022,2024-11-04 01:00:00,35.20543,-124.26222,Central California,60.0005,0,3,0
CalCurCEAS_022,2024-11-04 01:59:59,35.20312,-124.26357,Central California,60.000333,0,2,0
CalCurCEAS_022,2024-11-04 03:00:00,35.20359,-124.26391,Central California,60.000458,0,5,0
CalCurCEAS_022,2024-11-04 04:00:00,35.20559,-124.26255,Central California,60.000375,0,13,0
CalCurCEAS_022,2024-11-04 04:59:59,35.20714,-124.26001,Central California,60.000417,0,5,0
CalCurCEAS_022,2024-11-04 06:00:00,35.207275,-124.256895,Central California,60.000375,0,3,1
CalCurCEAS_022,2024-11-04 07:00:00,35.207725,-124.250155,Central California,60.000375,0,1,0
CalCurCEAS_022,2024-11-04 07:59:59,35.20795,-124.24629,Central California,60.000542,1,2,0
CalCurCEAS_022,2024-11-04 09:00:00,35.20787,-124.243125,Central California,60.000375,2,0,0
CalCurCEAS_022,2024-11-04 10:00:00,35.20657,-124.23885,Central California,60.000333,0,1,0
CalCurCEAS_022,2024-11-04 10:59:59,35.20529,-124.234985,Central California,60.000542,0,0,0
CalCurCEAS_022,2024-11-04 12:00:00,35.201975,-124.227615,Central California,60.0005,0,0,0
CalCurCEAS_022,2024-11-04 13:00:00,35.19829,-124.22213,Central California,60.000292,0,0,0
CalCurCEAS_022,2024-11-04 13:59:59,35.194665,-124.217465,Central California,60.000375,0,1,0
CalCurCEAS_022,2024-11-04 15:00:00,35.19051,-124.214255,Central California,60.000208,0,0,0
CalCurCEAS_022,2024-11-04 16:00:00,35.18828,-124.210365,Central California,60.000417,0,1,0
CalCurCEAS_022,2024-11-04 16:59:59,35.1859,-124.20634,Central California,60.000375,0,3,0
CalCurCEAS_022,2024-11-04 18:00:00,35.18397,-124.20336,Central California,60.000375,2,16,0
CalCurCEAS_022,2024-11-04 19:00:00,35.181645,-124.20134,Central California,60.0005,0,15,2
CalCurCEAS_022,2024-11-04 19:59:59,35.18034,-124.20087,Central California,60.00025,0,2,2
CalCurCEAS_022,2024-11-04 21:00:00,35.17926,-124.20101,Central California,60.000292,0,0,0
CalCurCEAS_022,2024-11-04 22:00:00,35.179485,-124.200585,Central California,60.000458,0,16,0
CalCurCEAS_022,2024-11-04 22:59:59,35.17921,-124.19857,Central California,60.0005,0,4,0
CalCurCEAS_022,2024-11-05 00:00:00,35.17691,-124.1943,Central California,60.000458,0,4,1
CalCurCEAS_022,2024-11-05 01:00:00,35.173275,-124.18887,Central California,60.000208,0,2,0
CalCurCEAS_022,2024-11-05 01:59:59,35.17017,-124.1831,Central California,60.000542,0,1,0
CalCurCEAS_022,2024-11-05 03:00:00,35.167315,-124.17634,Central California,60.000333,0,34,0
CalCurCEAS_022,2024-11-05 04:00:00,35.1635,-124.166265,Central California,60.000458,0,18,0
CalCurCEAS_022,2024-11-05 04:59:59,35.16061,-124.16012,Central California,60.000333,0,26,0
CalCurCEAS_022,2024-11-05 06:00:00,35.15688,-124.15408667,Central California,60.000458,0,22,0
CalCurCEAS_022,2024-11-05 07:00:00,35.149765,-124.14649,Central California,60.000375,0,32,0
CalCurCEAS_022,2024-11-05 07:59:59,35.1438,-124.142535,Central California,60.0005,0,8,0
CalCurCEAS_022,2024-11-05 09:00:00,35.13802,-124.14006,Central California,60.000333,0,1,0
CalCurCEAS_022,2024-11-05 10:00:00,35.133,-124.13887,Central California,60.000375,0,8,0
CalCurCEAS_022,2024-11-05 10:59:59,35.12719,-124.13893,Central California,60.000417,0,0,0
CalCurCEAS_022,2024-11-05 12:00:00,35.12318,-124.13986,Central California,60.000375,0,0,0
CalCurCEAS_022,2024-11-05 13:00:00,35.12024,-124.140745,Central California,60.00025,0,0,0
CalCurCEAS_022,2024-11-05 13:59:59,35.11885,-124.13853,Central California,60.000375,0,0,0
CalCurCEAS_022,2024-11-05 15:00:00,35.11729,-124.13586,Central California,60.000375,0,1,0
CalCurCEAS_022,2024-11-05 16:00:00,35.11523,-124.13233,Central California,60.000333,0,0,1
CalCurCEAS_022,2024-11-05 16:59:59,35.113485,-124.129375,Central California,60.000333,0,5,0
CalCurCEAS_022,2024-11-05 18:00:00,35.112,-124.126,Central California,60.000458,0,11,0
CalCurCEAS_022,2024-11-05 19:00:00,35.110735,-124.12247,Central California,60.000417,0,35,0
CalCurCEAS_022,2024-11-05 19:59:59,35.1096,-124.12057,Central California,60.000417,0,12,0
CalCurCEAS_022,2024-11-05 21:00:00,35.10676,-124.11828,Central California,60.000417,0,21,0
CalCurCEAS_022,2024-11-05 22:00:00,35.102145,-124.116295,Central California,59.983667,0,1,0
CalCurCEAS_022,2024-11-05 22:59:59,35.095925,-124.11549,Central California,60.000375,0,2,0
CalCurCEAS_022,2024-11-06 00:00:00,35.09151,-124.115135,Central California,60.00025,0,10,0
CalCurCEAS_022,2024-11-06 01:00:00,35.08652,-124.11341,Central California,60.000625,0,13,0
CalCurCEAS_022,2024-11-06 01:59:59,35.08062,-124.1101,Central California,60.000625,0,4,0
CalCurCEAS_022,2024-11-06 03:00:00,35.073615,-124.105185,Central California,60.000375,0,3,0
CalCurCEAS_022,2024-11-06 04:00:00,35.06695,-124.09974,Central California,60.000417,0,17,0
CalCurCEAS_022,2024-11-06 04:59:59,35.06123,-124.0955,Central California,60.000333,0,22,0
CalCurCEAS_022,2024-11-06 06:00:00,35.05459667,-124.09108667,Central California,60.0005,0,6,0
CalCurCEAS_022,2024-11-06 07:00:00,35.04641,-124.08831,Central California,60.000417,0,2,0
CalCurCEAS_022,2024-11-06 07:59:59,35.04082,-124.08807,Central California,60.00025,0,3,0
CalCurCEAS_022,2024-11-06 09:00:00,35.03452,-124.089645,Central California,60.00025,0,1,0
CalCurCEAS_022,2024-11-06 10:00:00,35.02848,-124.093555,Central California,60.000375,0,0,0
CalCurCEAS_022,2024-11-06 10:59:59,35.02528,-124.09624,Central California,60.000417,0,0,0
CalCurCEAS_022,2024-11-06 12:00:00,35.021675,-124.100105,Central California,60.000458,0,0,0
CalCurCEAS_022,2024-11-06 13:00:00,35.018435,-124.102785,Central California,60.000417,0,6,0
CalCurCEAS_022,2024-11-06 13:59:59,35.01651,-124.10319,Central California,60.000375,0,4,1
CalCurCEAS_022,2024-11-06 15:00:00,35.01424,-124.10254,Central California,60.000333,0,1,0
CalCurCEAS_022,2024-11-06 16:00:00,35.01206,-124.100155,Central California,60.000458,0,5,0
CalCurCEAS_022,2024-11-06 16:59:59,35.00974,-124.09781,Central California,60.000333,0,2,1
CalCurCEAS_022,2024-11-06 18:00:00,35.00827,-124.09637,Central California,60.000458,0,2,1
CalCurCEAS_022,2024-11-06 19:00:00,35.005315,-124.09401,Central California,60.000333,0,13,1
CalCurCEAS_022,2024-11-06 19:59:59,35.00295,-124.0909,Central California,60.000292,0,3,0
CalCurCEAS_022,2024-11-06 21:00:00,34.999265,-124.086965,Central California,60.000458,0,0,0
CalCurCEAS_022,2024-11-06 22:00:00,34.992955,-124.083925,Central California,60.000417,0,0,1
CalCurCEAS_022,2024-11-06 22:59:59,34.98709,-124.08238,Central California,60.000458,0,2,0
CalCurCEAS_022,2024-11-07 00:00:00,34.98116,-124.08165,Central California,60.000417,0,1,0
CalCurCEAS_022,2024-11-07 01:00:00,34.97484,-124.08019,Central California,60.000375,0,0,0
CalCurCEAS_022,2024-11-07 01:59:59,34.966485,-124.079975,Central California,60.000417,0,1,1
CalCurCEAS_022,2024-11-07 03:00:00,34.96153,-124.08038,Central California,60.0005,0,0,0
CalCurCEAS_022,2024-11-07 04:00:00,34.95552,-124.078965,Central California,60.000333,0,0,0
CalCurCEAS_022,2024-11-07 04:59:59,34.94902,-124.07611,Central California,60.000333,0,1,0
CalCurCEAS_022,2024-11-07 06:00:00,34.94482333,-124.07173667,Central California,60.000333,0,0,0
CalCurCEAS_022,2024-11-07 07:00:00,34.938765,-124.06693,Central California,60.000542,0,0,0
CalCurCEAS_022,2024-11-07 07:59:59,34.932765,-124.064055,Central California,60.000417,0,1,0
CalCurCEAS_022,2024-11-07 09:00:00,34.92899,-124.06247,Central California,60.000458,0,1,4
CalCurCEAS_022,2024-11-07 10:00:00,34.92507,-124.062405,Central California,60.000458,0,1,1
CalCurCEAS_022,2024-11-07 10:59:59,34.91938,-124.063205,Central California,60.000458,0,0,0
CalCurCEAS_022,2024-11-07 12:00:00,34.91424,-124.06338,Central California,60.000417,0,0,0
CalCurCEAS_022,2024-11-07 13:00:00,34.90985,-124.0642,Central California,60.000417,0,0,2
CalCurCEAS_022,2024-11-07 13:59:59,34.90552,-124.06457,Central California,60.000417,0,2,0
CalCurCEAS_022,2024-11-07 15:00:00,34.899675,-124.06415,Central California,60.000375,0,0,0
CalCurCEAS_022,2024-11-07 16:00:00,34.89262,-124.063635,Central California,60.000375,0,1,5
CalCurCEAS_022,2024-11-07 16:59:59,34.88752,-124.06375,Central California,60.000333,0,8,0
CalCurCEAS_022,2024-11-07 18:00:00,34.88293,-124.063265,Central California,53.89675,0,8,0
CalCurCEAS_022,2024-11-07 19:00:00,34.8797,-124.06152,Central California,60.000583,0,1,0
CalCurCEAS_022,2024-11-07 19:59:59,34.87202,-124.05777,Central California,60.000417,0,2,0
CalCurCEAS_022,2024-11-07 21:00:00,34.86616,-124.056245,Central California,60.000375,0,1,3
CalCurCEAS_022,2024-11-07 22:00:00,34.85969,-124.05601,Central California,60.000458,0,1,0
CalCurCEAS_022,2024-11-07 22:59:59,34.853015,-124.056975,Central California,60.00025,0,0,0
CalCurCEAS_022,2024-11-08 00:00:00,34.84404,-124.05944,Central California,60.000375,0,0,0
CalCurCEAS_022,2024-11-08 01:00:00,34.83654,-124.06124,Central California,60.000458,0,1,0
CalCurCEAS_022,2024-11-08 01:59:59,34.82955,-124.06279,Central California,60.000292,0,0,0
CalCurCEAS_022,2024-11-08 03:00:00,34.820255,-124.06343,Central California,60.000333,0,0,0
CalCurCEAS_022,2024-11-08 04:00:00,34.81184,-124.06367,Central California,60.000458,0,0,1
CalCurCEAS_022,2024-11-08 04:59:59,34.803975,-124.064525,Central California,60.000208,0,0,0
CalCurCEAS_022,2024-11-08 06:00:00,34.79667,-124.06528333,Central California,60.000417,0,0,4
CalCurCEAS_022,2024-11-08 07:00:00,34.78678,-124.06635,Central California,60.000417,0,0,1
CalCurCEAS_022,2024-11-08 07:59:59,34.78049,-124.068445,Central California,60.000417,0,0,0
CalCurCEAS_022,2024-11-08 09:00:00,34.770575,-124.072245,Central California,60.000208,0,0,0
CalCurCEAS_022,2024-11-08 10:00:00,34.7608,-124.076155,Central California,60.000542,0,0,0
CalCurCEAS_022,2024-11-08 10:59:59,34.75466,-124.07847,Central California,60.000333,0,0,0
CalCurCEAS_022,2024-11-08 12:00:00,34.748185,-124.08155,Central California,60.000333,0,0,0
CalCurCEAS_022,2024-11-08 13:00:00,34.73973333,-124.08667,Central California,60.00025,0,0,0
CalCurCEAS_022,2024-11-08 13:59:59,34.73291,-124.0909,Central California,60.000458,0,0,0
CalCurCEAS_022,2024-11-08 15:00:00,34.72747,-124.09362,Central California,60.000417,0,0,0
CalCurCEAS_022,2024-11-08 16:00:00,34.71957,-124.095725,Central California,60.000375,0,2,1
CalCurCEAS_022,2024-11-08 16:59:59,34.71028,-124.09742,Central California,60.000333,0,3,0
CalCurCEAS_022,2024-11-08 18:00:00,34.70091,-124.09867,Central California,60.00025,0,4,0
CalCurCEAS_022,2024-11-08 19:00:00,34.693315,-124.09774,Central California,60.000625,0,1,0
CalCurCEAS_022,2024-11-08 19:59:59,34.68183,-124.099985,Central California,60.000208,0,0,1
CalCurCEAS_022,2024-11-08 21:00:00,34.669875,-124.103545,Central California,60.000375,0,0,3
CalCurCEAS_022,2024-11-08 22:00:00,34.65875,-124.10866,Central California,60.000458,0,0,5
CalCurCEAS_022,2024-11-08 22:59:59,34.65019,-124.11403,Central California,60.000333,0,0,5
CalCurCEAS_022,2024-11-09 00:00:00,34.63746,-124.124555,Central California,60.000375,0,0,10
CalCurCEAS_022,2024-11-09 01:00:00,34.623615,-124.134765,Central California,60.000375,0,1,1
CalCurCEAS_022,2024-11-09 01:59:59,34.61323,-124.14081,Central California,60.000292,0,0,3
CalCurCEAS_022,2024-11-09 03:00:00,34.60417,-124.14609,Central California,60.000458,0,0,3
CalCurCEAS_022,2024-11-09 04:00:00,34.59399,-124.152535,Central California,60.000333,0,0,1
CalCurCEAS_022,2024-11-09 04:59:59,34.583565,-124.1594,Central California,60.000333,0,0,0
CalCurCEAS_022,2024-11-09 06:00:00,34.57472,-124.16632667,Central California,60.0005,0,0,1
CalCurCEAS_022,2024-11-09 07:00:00,34.5672,-124.17154,Central California,40.00025,0,0,0
CalCurCEAS_023,2024-10-28 00:00:00,34.61254,-122.444995,Central California,60.000417,0,10,2
CalCurCEAS_023,2024-10-28 01:00:00,34.613765,-122.44091,Central California,60.000333,0,13,9
CalCurCEAS_023,2024-10-28 01:59:59,34.614155,-122.435985,Central California,60.000417,0,3,12
CalCurCEAS_023,2024-10-28 03:00:00,34.61374,-122.43304,Central California,60.000417,0,5,10
CalCurCEAS_023,2024-10-28 04:00:00,34.612355,-122.429935,Central California,59.983667,4,4,5
CalCurCEAS_023,2024-10-28 04:59:59,34.6104,-122.42681,Central California,60.000417,1,2,0
CalCurCEAS_023,2024-10-28 06:00:00,34.60685,-122.42307,Central California,60.000458,0,1,4
CalCurCEAS_023,2024-10-28 07:00:00,34.601505,-122.41916,Central California,60.000417,2,15,15
CalCurCEAS_023,2024-10-28 07:59:59,34.59717,-122.41663,Central California,60.000417,0,2,7
CalCurCEAS_023,2024-10-28 09:00:00,34.593075,-122.41422,Central California,60.0005,0,4,12
CalCurCEAS_023,2024-10-28 10:00:00,34.59015,-122.41366,Central California,60.000583,0,1,10
CalCurCEAS_023,2024-10-28 10:59:59,34.588345,-122.41382,Central California,60.000375,0,1,9
CalCurCEAS_023,2024-10-28 12:00:00,34.58623,-122.413755,Central California,60.000417,2,0,13
CalCurCEAS_023,2024-10-28 13:00:00,34.58426,-122.41483,Central California,60.000208,4,4,1
CalCurCEAS_023,2024-10-28 13:59:59,34.5839,-122.4154,Central California,60.000417,0,9,7
CalCurCEAS_023,2024-10-28 15:00:00,34.58434,-122.41484,Central California,60.000375,1,1,2
CalCurCEAS_023,2024-10-28 16:00:00,34.58481,-122.41387,Central California,60.000417,3,5,3
CalCurCEAS_023,2024-10-28 16:59:59,34.585315,-122.41174,Central California,60.000375,0,5,5
CalCurCEAS_023,2024-10-28 18:00:00,34.58524,-122.40763,Central California,60.000333,0,4,1
CalCurCEAS_023,2024-10-28 19:00:00,34.5845,-122.404195,Central California,60.000375,0,17,2
CalCurCEAS_023,2024-10-28 19:59:59,34.582565,-122.399295,Central California,59.974917,0,2,0
CalCurCEAS_023,2024-10-28 21:00:00,34.58056,-122.39568,Central California,59.98375,0,3,1
CalCurCEAS_023,2024-10-28 22:00:00,34.579525,-122.394895,Central California,60.000375,0,1,1
CalCurCEAS_023,2024-10-28 22:59:59,34.57843,-122.39351,Central California,60.0005,1,1,0
CalCurCEAS_023,2024-10-29 00:00:00,34.57794,-122.39074333,Central California,60.0005,0,0,4
CalCurCEAS_023,2024-10-29 01:00:00,34.57733,-122.38739,Central California,60.000375,0,3,0
CalCurCEAS_023,2024-10-29 01:59:59,34.57673,-122.384895,Central California,60.000375,1,8,1
CalCurCEAS_023,2024-10-29 03:00:00,34.57539,-122.3822,Central California,59.9955,0,0,4
CalCurCEAS_023,2024-10-29 04:00:00,34.573835,-122.380615,Central California,60.000375,0,0,2
CalCurCEAS_023,2024-10-29 04:59:59,34.57111667,-122.3782,Central California,60.000333,0,3,3
CalCurCEAS_023,2024-10-29 06:00:00,34.567785,-122.375955,Central California,60.000333,0,6,3
CalCurCEAS_023,2024-10-29 07:00:00,34.563535,-122.374155,Central California,60.000292,0,3,5
CalCurCEAS_023,2024-10-29 07:59:59,34.56178,-122.37267,Central California,60.000458,0,3,1
CalCurCEAS_023,2024-10-29 09:00:00,34.55892,-122.37129,Central California,60.000458,0,0,0
CalCurCEAS_023,2024-10-29 10:00:00,34.55471,-122.37115,Central California,60.000458,0,0,0
CalCurCEAS_023,2024-10-29 10:59:59,34.55155,-122.37044,Central California,60.000333,0,1,2
CalCurCEAS_023,2024-10-29 12:00:00,34.54939,-122.37145,Central California,60.000333,0,5,0
CalCurCEAS_023,2024-10-29 13:00:00,34.54829,-122.37142,Central California,60.000333,0,5,0
CalCurCEAS_023,2024-10-29 13:59:59,34.5475,-122.37107,Central California,60.000417,0,8,0
CalCurCEAS_023,2024-10-29 15:00:00,34.54687,-122.37104,Central California,60.000375,0,0,0
CalCurCEAS_023,2024-10-29 16:00:00,34.5479,-122.37051,Central California,60.000458,0,0,0
CalCurCEAS_023,2024-10-29 16:59:59,34.5474,-122.37062,Central California,60.000458,0,0,4
CalCurCEAS_023,2024-10-29 18:00:00,34.54491,-122.36997,Central California,60.000333,0,4,2
CalCurCEAS_023,2024-10-29 19:00:00,34.540995,-122.36815,Central California,60.000417,0,9,2
CalCurCEAS_023,2024-10-29 19:59:59,34.53583,-122.366365,Central California,60.000375,1,5,1
CalCurCEAS_023,2024-10-29 21:00:00,34.531305,-122.3667,Central California,60.000333,0,2,0
CalCurCEAS_023,2024-10-29 22:00:00,34.52816,-122.36807,Central California,60.000458,0,4,0
CalCurCEAS_023,2024-10-29 22:59:59,34.52615,-122.36714,Central California,60.000375,0,3,5
CalCurCEAS_023,2024-10-30 00:00:00,34.52503,-122.36656,Central California,60.000417,0,3,4
CalCurCEAS_023,2024-10-30 01:00:00,34.52381,-122.36435,Central California,60.000417,3,2,0
CalCurCEAS_023,2024-10-30 01:59:59,34.52178,-122.362515,Central California,59.998875,4,2,0
CalCurCEAS_023,2024-10-30 03:00:00,34.51884,-122.3601,Central California,60.000375,1,2,0
CalCurCEAS_023,2024-10-30 04:00:00,34.51569,-122.35772,Central California,60.000417,4,6,0
CalCurCEAS_023,2024-10-30 04:59:59,34.51397,-122.357365,Central California,60.000458,0,4,1
CalCurCEAS_023,2024-10-30 06:00:00,34.510385,-122.357255,Central California,60.000542,0,3,1
CalCurCEAS_023,2024-10-30 07:00:00,34.50638,-122.357075,Central California,60.000458,2,2,0
CalCurCEAS_023,2024-10-30 07:59:59,34.50373,-122.35716,Central California,60.00025,0,9,1
CalCurCEAS_023,2024-10-30 09:00:00,34.50249,-122.357685,Central California,60.000583,0,2,3
CalCurCEAS_023,2024-10-30 10:00:00,34.50083,-122.35838,Central California,60.000542,0,6,1
CalCurCEAS_023,2024-10-30 10:59:59,34.49808,-122.359125,Southern California,60.000292,0,1,1
CalCurCEAS_023,2024-10-30 12:00:00,34.49531,-122.36195,Southern California,60.000542,0,16,6
CalCurCEAS_023,2024-10-30 13:00:00,34.49419,-122.36246,Southern California,60.00025,0,14,6
CalCurCEAS_023,2024-10-30 13:59:59,34.491855,-122.36274,Southern California,60.000292,7,4,16
CalCurCEAS_023,2024-10-30 15:00:00,34.48913,-122.36162,Southern California,60.000417,0,0,25
CalCurCEAS_023,2024-10-30 16:00:00,34.48664,-122.36077,Southern California,60.000375,0,2,5
CalCurCEAS_023,2024-10-30 16:59:59,34.48366,-122.359835,Southern California,60.000458,0,7,22
CalCurCEAS_023,2024-10-30 18:00:00,34.479775,-122.359305,Southern California,60.000417,2,4,4
CalCurCEAS_023,2024-10-30 19:00:00,34.47592,-122.358485,Southern California,60.000333,4,0,6
CalCurCEAS_023,2024-10-30 19:59:59,34.47301,-122.35718,Southern California,60.000542,0,4,12
CalCurCEAS_023,2024-10-30 21:00:00,34.46895,-122.35551,Southern California,60.000375,1,1,2
CalCurCEAS_023,2024-10-30 22:00:00,34.46724,-122.35422,Southern California,60.000417,0,4,19
CalCurCEAS_023,2024-10-30 22:59:59,34.46432,-122.35188,Southern California,60.000375,0,3,23
CalCurCEAS_023,2024-10-31 00:00:00,34.460925,-122.349825,Southern California,60.000458,0,2,6
CalCurCEAS_023,2024-10-31 01:00:00,34.45772,-122.3464,Southern California,60.0005,0,3,0
CalCurCEAS_023,2024-10-31 01:59:59,34.454445,-122.342605,Southern California,60.000417,0,3,5
CalCurCEAS_023,2024-10-31 03:00:00,34.45112,-122.34085,Southern California,60.000458,0,2,10
CalCurCEAS_023,2024-10-31 04:00:00,34.4471,-122.34081,Southern California,60.000292,1,3,13
CalCurCEAS_023,2024-10-31 04:59:59,34.444875,-122.341305,Southern California,60.000458,1,0,13
CalCurCEAS_023,2024-10-31 06:00:00,34.44153,-122.341565,Southern California,60.000333,0,5,9
CalCurCEAS_023,2024-10-31 07:00:00,34.43911,-122.339695,Southern California,60.000417,0,8,3
CalCurCEAS_023,2024-10-31 07:59:59,34.43792,-122.33751,Southern California,60.00025,0,0,0
CalCurCEAS_023,2024-10-31 09:00:00,34.436045,-122.33534,Southern California,60.000333,0,0,1
CalCurCEAS_023,2024-10-31 10:00:00,34.43271,-122.33437,Southern California,60.00025,0,0,2
CalCurCEAS_023,2024-10-31 10:59:59,34.430045,-122.333835,Southern California,60.000333,3,2,10
CalCurCEAS_023,2024-10-31 12:00:00,34.42616,-122.33326,Southern California,60.000583,1,1,14
CalCurCEAS_023,2024-10-31 13:00:00,34.42167,-122.328815,Southern California,60.000292,0,2,1
CalCurCEAS_023,2024-10-31 13:59:59,34.419605,-122.324805,Southern California,59.970667,0,1,8
CalCurCEAS_023,2024-10-31 15:00:00,34.4157,-122.32208,Southern California,60.0005,0,1,19
CalCurCEAS_023,2024-10-31 16:00:00,34.41232,-122.32126,Southern California,59.97975,0,1,13
CalCurCEAS_023,2024-10-31 16:59:59,34.40669,-122.32017,Southern California,60.000292,0,12,0
CalCurCEAS_023,2024-10-31 18:00:00,34.40508,-122.31905,Southern California,60.000458,6,21,0
CalCurCEAS_023,2024-10-31 19:00:00,34.40145,-122.31764,Southern California,60.000417,0,4,1
CalCurCEAS_023,2024-10-31 19:59:59,34.398485,-122.31786,Southern California,60.000458,1,4,5
CalCurCEAS_023,2024-10-31 21:00:00,34.39427,-122.31618,Southern California,59.98375,1,2,2
CalCurCEAS_023,2024-10-31 22:00:00,34.39182,-122.31184,Southern California,60.000375,0,1,0
CalCurCEAS_023,2024-10-31 22:59:59,34.3897,-122.30877,Southern California,60.000375,3,5,2
CalCurCEAS_023,2024-11-01 00:00:00,34.38815,-122.30502,Southern California,60.000375,2,3,2
CalCurCEAS_023,2024-11-01 01:00:00,34.384815,-122.298335,Southern California,60.0005,0,8,20
CalCurCEAS_023,2024-11-01 01:59:59,34.38137,-122.29298,Southern California,60.000375,0,5,11
CalCurCEAS_023,2024-11-01 03:00:00,34.377325,-122.291695,Southern California,60.000458,0,6,3
CalCurCEAS_023,2024-11-01 04:00:00,34.37328,-122.29041,Southern California,60.000375,0,13,1
CalCurCEAS_023,2024-11-01 04:59:59,34.36978333,-122.29036333,Southern California,60.0005,0,7,1
CalCurCEAS_023,2024-11-01 06:00:00,34.36674,-122.29221,Southern California,60.00025,0,5,1
CalCurCEAS_023,2024-11-01 07:00:00,34.36545,-122.29399,Southern California,60.0005,0,14,0
CalCurCEAS_023,2024-11-01 07:59:59,34.364515,-122.294945,Southern California,60.000292,0,9,4
CalCurCEAS_023,2024-11-01 09:00:00,34.36496,-122.29431,Southern California,60.000583,0,1,7
CalCurCEAS_023,2024-11-01 10:00:00,34.36629,-122.29239,Southern California,60.000417,0,0,4
CalCurCEAS_023,2024-11-01 10:59:59,34.36663,-122.29002,Southern California,60.00025,0,4,4
CalCurCEAS_023,2024-11-01 12:00:00,34.36576,-122.28693,Southern California,60.000375,0,2,1
CalCurCEAS_023,2024-11-01 13:00:00,34.363605,-122.283905,Southern California,60.000333,0,0,4
CalCurCEAS_023,2024-11-01 13:59:59,34.361485,-122.282395,Southern California,60.0005,0,7,7
CalCurCEAS_023,2024-11-01 15:00:00,34.35906,-122.280785,Southern California,60.000375,0,5,0
CalCurCEAS_023,2024-11-01 16:00:00,34.35686,-122.28024,Southern California,60.000333,0,3,2
CalCurCEAS_023,2024-11-01 16:59:59,34.355295,-122.2819,Southern California,60.00025,0,0,3
CalCurCEAS_023,2024-11-01 18:00:00,34.35362,-122.283515,Southern California,60.000417,0,5,3
CalCurCEAS_023,2024-11-01 19:00:00,34.35243,-122.28405,Southern California,60.00025,0,9,1
CalCurCEAS_023,2024-11-01 19:59:59,34.351745,-122.284515,Southern California,60.00025,0,2,2
CalCurCEAS_023,2024-11-01 21:00:00,34.3511,-122.28343,Southern California,60.000375,0,5,5
CalCurCEAS_023,2024-11-01 22:00:00,34.34956,-122.28138,Southern California,60.000458,0,0,11
CalCurCEAS_023,2024-11-01 22:59:59,34.34714,-122.2787,Southern California,23.858458,0,0,0
CalCurCEAS_023,2024-11-02 01:59:59,34.33951,-122.270065,Southern California,20.208458,0,1,5
CalCurCEAS_023,2024-11-02 03:00:00,34.33603,-122.26975,Southern California,60.000333,0,0,0
CalCurCEAS_023,2024-11-02 04:00:00,34.33474,-122.26976,Southern California,60.000292,0,0,1
CalCurCEAS_023,2024-11-02 04:59:59,34.334805,-122.269675,Southern California,60.000333,0,0,3
CalCurCEAS_023,2024-11-02 06:00:00,34.335975,-122.26897,Southern California,60.000375,0,0,0
CalCurCEAS_023,2024-11-02 07:00:00,34.33842,-122.268795,Southern California,60.000375,0,1,0
CalCurCEAS_023,2024-11-02 07:59:59,34.34047,-122.26841,Southern California,60.000333,1,0,1
CalCurCEAS_023,2024-11-02 09:00:00,34.341755,-122.2669,Southern California,60.000417,0,0,1
CalCurCEAS_023,2024-11-02 10:00:00,34.34261,-122.26466,Southern California,60.000417,0,10,0
CalCurCEAS_023,2024-11-02 10:59:59,34.3425,-122.26088,Southern California,60.000458,0,1,3
CalCurCEAS_023,2024-11-02 12:00:00,34.34108,-122.25707,Southern California,60.000333,0,4,3
CalCurCEAS_023,2024-11-02 13:00:00,34.339465,-122.253975,Southern California,60.000458,0,2,1
CalCurCEAS_023,2024-11-02 13:59:59,34.33797,-122.25142,Southern California,60.000292,0,2,9
CalCurCEAS_023,2024-11-02 15:00:00,34.33582,-122.25017,Southern California,60.000458,0,6,3
CalCurCEAS_023,2024-11-02 16:00:00,34.33525,-122.25114,Southern California,60.000417,0,8,5
CalCurCEAS_023,2024-11-02 16:59:59,34.33549,-122.25174,Southern California,60.000375,0,6,6
CalCurCEAS_023,2024-11-02 18:00:00,34.33559,-122.25269,Southern California,60.000458,0,5,4
CalCurCEAS_023,2024-11-02 19:00:00,34.33591,-122.25275,Southern California,60.0005,0,0,6
CalCurCEAS_023,2024-11-02 19:59:59,34.334495,-122.25232,Southern California,60.00025,0,3,36
CalCurCEAS_023,2024-11-02 21:00:00,34.33334,-122.251135,Southern California,60.0005,0,5,17
CalCurCEAS_023,2024-11-02 22:00:00,34.33148,-122.24989,Southern California,60.0005,1,2,7
CalCurCEAS_023,2024-11-02 22:59:59,34.32878,-122.24776,Southern California,60.000458,9,5,0
CalCurCEAS_023,2024-11-03 00:00:00,34.3254,-122.24432,Southern California,60.000333,1,4,2
CalCurCEAS_023,2024-11-03 01:00:00,34.31647,-122.23854,Southern California,60.000333,0,8,1
CalCurCEAS_023,2024-11-03 01:59:59,34.31018,-122.23719,Southern California,60.000375,0,1,15
CalCurCEAS_023,2024-11-03 03:00:00,34.306355,-122.238125,Southern California,60.000417,0,1,15
CalCurCEAS_023,2024-11-03 04:00:00,34.30158,-122.241085,Southern California,60.000417,0,0,2
CalCurCEAS_023,2024-11-03 04:59:59,34.29963667,-122.24248333,Southern California,60.0005,0,1,4
CalCurCEAS_023,2024-11-03 06:00:00,34.29817,-122.24234,Southern California,60.000292,0,0,8
CalCurCEAS_023,2024-11-03 07:00:00,34.297765,-122.2418,Southern California,60.0005,0,0,2
CalCurCEAS_023,2024-11-03 07:59:59,34.29738,-122.24026,Southern California,60.000333,0,0,0
CalCurCEAS_023,2024-11-03 09:00:00,34.29688,-122.23829,Southern California,60.0005,0,0,3
CalCurCEAS_023,2024-11-03 10:00:00,34.294135,-122.23616,Southern California,60.000375,0,5,1
CalCurCEAS_023,2024-11-03 10:59:59,34.28909,-122.23247,Southern California,60.0005,0,2,3
CalCurCEAS_023,2024-11-03 12:00:00,34.28206333,-122.2282,Southern California,60.000417,0,10,3
CalCurCEAS_023,2024-11-03 13:00:00,34.27245,-122.22477,Southern California,60.000292,0,5,1
CalCurCEAS_023,2024-11-03 13:59:59,34.267035,-122.224695,Southern California,60.000417,0,4,1
CalCurCEAS_023,2024-11-03 15:00:00,34.261145,-122.22588,Southern California,60.000333,0,6,1
CalCurCEAS_023,2024-11-03 16:00:00,34.2591,-122.229585,Southern California,60.000458,0,1,1
CalCurCEAS_023,2024-11-03 16:59:59,34.25859,-122.23251,Southern California,60.000375,0,1,0
CalCurCEAS_023,2024-11-03 18:00:00,34.257615,-122.235245,Southern California,60.000458,0,1,1
CalCurCEAS_023,2024-11-03 19:00:00,34.25483,-122.23779,Southern California,60.000333,0,9,0
CalCurCEAS_023,2024-11-03 19:59:59,34.25264,-122.23753,Southern California,60.0005,0,1,1
CalCurCEAS_023,2024-11-03 21:00:00,34.248975,-122.236815,Southern California,60.000417,0,0,1
CalCurCEAS_023,2024-11-03 22:00:00,34.24258,-122.236055,Southern California,60.0005,1,1,0
CalCurCEAS_023,2024-11-03 22:59:59,34.23647,-122.23423,Southern California,60.000292,0,4,6
CalCurCEAS_023,2024-11-04 00:00:00,34.229125,-122.231635,Southern California,60.000333,0,7,3
CalCurCEAS_023,2024-11-04 01:00:00,34.22137,-122.228365,Southern California,60.000375,0,2,1
CalCurCEAS_023,2024-11-04 01:59:59,34.214965,-122.2282825,Southern California,60.000417,0,2,2
CalCurCEAS_023,2024-11-04 03:00:00,34.20856,-122.2282,Southern California,60.000333,0,2,5
CalCurCEAS_023,2024-11-04 04:00:00,34.206035,-122.230915,Southern California,60.000458,0,0,0
CalCurCEAS_023,2024-11-04 04:59:59,34.20571,-122.23382,Southern California,60.000417,1,4,0
CalCurCEAS_023,2024-11-04 06:00:00,34.207625,-122.234615,Southern California,60.000542,0,3,0
CalCurCEAS_023,2024-11-04 07:00:00,34.211905,-122.23335,Southern California,60.000458,0,6,1
CalCurCEAS_023,2024-11-04 07:59:59,34.21236,-122.23022,Southern California,60.000375,0,5,3
CalCurCEAS_023,2024-11-04 09:00:00,34.21128,-122.226835,Southern California,60.000417,0,13,0
CalCurCEAS_023,2024-11-04 10:00:00,34.20752,-122.219885,Southern California,60.000458,0,5,1
CalCurCEAS_023,2024-11-04 10:59:59,34.20251,-122.21451,Southern California,60.000417,0,13,1
CalCurCEAS_023,2024-11-04 12:00:00,34.196,-122.210005,Southern California,60.000333,0,5,3
CalCurCEAS_023,2024-11-04 13:00:00,34.19036,-122.205415,Southern California,60.000333,0,16,0
CalCurCEAS_023,2024-11-04 13:59:59,34.18593,-122.202515,Southern California,60.000417,0,10,2
CalCurCEAS_023,2024-11-04 15:00:00,34.18234,-122.20142,Southern California,60.000417,1,17,1
CalCurCEAS_023,2024-11-04 16:00:00,34.18083,-122.201385,Southern California,59.983833,0,12,0
CalCurCEAS_023,2024-11-04 16:59:59,34.18025,-122.20146,Southern California,52.375333,0,4,1
CalCurCEAS_023,2024-11-04 19:59:59,34.1811,-122.198995,Southern California,27.125042,0,1,1
CalCurCEAS_023,2024-11-04 21:00:00,34.17905,-122.1945,Southern California,60.000417,0,2,10
CalCurCEAS_023,2024-11-04 22:00:00,34.17428,-122.1902,Southern California,60.000375,0,9,13
CalCurCEAS_023,2024-11-04 22:59:59,34.169085,-122.18596,Southern California,60.000375,0,7,4
CalCurCEAS_023,2024-11-05 00:00:00,34.161315,-122.181325,Southern California,60.000542,0,15,1
CalCurCEAS_023,2024-11-05 01:00:00,34.1567,-122.1799,Southern California,60.000333,0,6,0
CalCurCEAS_023,2024-11-05 01:59:59,34.151355,-122.17885,Southern California,60.000458,0,3,3
CalCurCEAS_023,2024-11-05 03:00:00,34.146425,-122.17723,Southern California,60.000458,0,6,7
CalCurCEAS_023,2024-11-05 04:00:00,34.14499,-122.17462,Southern California,60.000417,0,11,0
CalCurCEAS_023,2024-11-05 04:59:59,34.14394,-122.172625,Southern California,60.000375,0,12,2
CalCurCEAS_023,2024-11-05 06:00:00,34.14321,-122.17039333,Southern California,60.000458,1,25,0
CalCurCEAS_023,2024-11-05 07:00:00,34.14154,-122.165265,Southern California,60.000292,1,14,8
CalCurCEAS_023,2024-11-05 07:59:59,34.13944,-122.16228,Southern California,60.0005,0,6,0
CalCurCEAS_023,2024-11-05 09:00:00,34.13366,-122.1573,Southern California,60.0005,0,0,0
CalCurCEAS_023,2024-11-05 10:00:00,34.12871,-122.1536,Southern California,60.000375,0,2,1
CalCurCEAS_023,2024-11-05 10:59:59,34.12192,-122.14924,Southern California,60.0005,0,6,0
CalCurCEAS_023,2024-11-05 12:00:00,34.116405,-122.147275,Southern California,60.000333,0,15,0
CalCurCEAS_023,2024-11-05 13:00:00,34.11099,-122.14665,Southern California,60.000333,0,26,1
CalCurCEAS_023,2024-11-05 13:59:59,34.106955,-122.14654,Southern California,60.000458,3,8,0
CalCurCEAS_023,2024-11-05 15:00:00,34.10391,-122.14677,Southern California,60.000458,1,3,0
CalCurCEAS_023,2024-11-05 16:00:00,34.1004,-122.145835,Southern California,60.000375,0,1,6
CalCurCEAS_023,2024-11-05 16:59:59,34.096955,-122.143655,Southern California,60.000333,0,2,2
CalCurCEAS_023,2024-11-05 18:00:00,34.09499,-122.14095,Southern California,60.000375,0,0,5
CalCurCEAS_023,2024-11-05 19:00:00,34.093695,-122.137255,Southern California,60.000375,0,3,3
CalCurCEAS_023,2024-11-05 19:59:59,34.08996,-122.12961,Southern California,60.000333,0,2,1
CalCurCEAS_023,2024-11-05 21:00:00,34.08533,-122.12486,Southern California,60.000375,0,2,0
CalCurCEAS_023,2024-11-05 22:00:00,34.08038,-122.119355,Southern California,60.000292,0,4,0
CalCurCEAS_023,2024-11-05 22:59:59,34.07521,-122.11426,Southern California,60.000292,0,4,0
CalCurCEAS_023,2024-11-06 00:00:00,34.069895,-122.10997,Southern California,60.000417,0,5,3
CalCurCEAS_023,2024-11-06 01:00:00,34.06343,-122.10475,Southern California,60.000375,0,2,2
CalCurCEAS_023,2024-11-06 01:59:59,34.056625,-122.100515,Southern California,60.000542,0,0,0
CalCurCEAS_023,2024-11-06 03:00:00,34.05069,-122.09544,Southern California,60.0005,0,1,4
CalCurCEAS_023,2024-11-06 04:00:00,34.045525,-122.09072,Southern California,60.000375,0,5,0
CalCurCEAS_023,2024-11-06 04:59:59,34.04039,-122.083845,Southern California,60.000417,0,8,0
CalCurCEAS_023,2024-11-06 06:00:00,34.03588333,-122.07704,Southern California,60.000375,0,8,1
CalCurCEAS_023,2024-11-06 07:00:00,34.03091,-122.06965,Southern California,60.0005,0,8,1
CalCurCEAS_023,2024-11-06 07:59:59,34.026625,-122.06505,Southern California,60.000375,1,6,0
CalCurCEAS_023,2024-11-06 09:00:00,34.021645,-122.06155,Southern California,60.000417,0,12,0
CalCurCEAS_023,2024-11-06 10:00:00,34.01743,-122.05787,Southern California,60.000333,0,6,0
CalCurCEAS_023,2024-11-06 10:59:59,34.01354,-122.05446,Southern California,60.000458,0,8,0
CalCurCEAS_023,2024-11-06 12:00:00,34.009775,-122.050495,Southern California,60.000458,0,7,0
CalCurCEAS_023,2024-11-06 13:00:00,34.00357,-122.044375,Southern California,60.000375,0,4,0
CalCurCEAS_023,2024-11-06 13:59:59,33.99958,-122.03957,Southern California,60.000542,0,12,0
CalCurCEAS_023,2024-11-06 15:00:00,33.995105,-122.035115,Southern California,60.000542,0,6,1
CalCurCEAS_023,2024-11-06 16:00:00,33.990475,-122.030295,Southern California,60.000458,0,4,0
CalCurCEAS_023,2024-11-06 16:59:59,33.987375,-122.024965,Southern California,60.000375,0,18,6
CalCurCEAS_023,2024-11-06 18:00:00,33.98483,-122.016845,Southern California,60.0005,0,15,5
CalCurCEAS_023,2024-11-06 19:00:00,33.98319,-122.01176,Southern California,60.000458,0,12,5
CalCurCEAS_023,2024-11-06 19:59:59,33.98161,-122.00777,Southern California,60.0005,0,26,2
CalCurCEAS_023,2024-11-06 21:00:00,33.98049,-122.00388,Southern California,60.000417,0,39,15
CalCurCEAS_023,2024-11-06 22:00:00,33.97838,-121.998935,Southern California,60.000292,0,17,8
CalCurCEAS_023,2024-11-06 22:59:59,33.97643,-121.99444,Southern California,60.000375,0,27,2
CalCurCEAS_023,2024-11-07 00:00:00,33.97257,-121.98684,Southern California,60.000375,1,10,1
CalCurCEAS_023,2024-11-07 01:00:00,33.97021,-121.98266,Southern California,60.000458,0,16,0
CalCurCEAS_023,2024-11-07 01:59:59,33.96364,-121.97296,Southern California,60.0005,0,2,0
CalCurCEAS_023,2024-11-07 03:00:00,33.958405,-121.9641,Southern California,60.000292,9,3,0
CalCurCEAS_023,2024-11-07 04:00:00,33.95127,-121.95451,Southern California,60.000333,11,4,0
CalCurCEAS_023,2024-11-07 04:59:59,33.94798,-121.950495,Southern California,60.0005,1,1,2
CalCurCEAS_023,2024-11-07 06:00:00,33.94583,-121.947395,Southern California,60.000417,0,6,0
CalCurCEAS_023,2024-11-07 07:00:00,33.943695,-121.94087,Southern California,60.000292,0,13,1
CalCurCEAS_023,2024-11-07 07:59:59,33.94311,-121.93732,Southern California,60.000417,0,7,0
CalCurCEAS_023,2024-11-07 09:00:00,33.94144,-121.932335,Southern California,60.000375,0,3,0
CalCurCEAS_023,2024-11-07 10:00:00,33.938545,-121.927075,Southern California,60.000417,0,2,0
CalCurCEAS_023,2024-11-07 10:59:59,33.93474,-121.920905,Southern California,60.000375,0,1,2
CalCurCEAS_023,2024-11-07 12:00:00,33.93149,-121.91556,Southern California,60.000375,0,0,5
CalCurCEAS_023,2024-11-07 13:00:00,33.92752,-121.910455,Southern California,60.000458,0,0,0
CalCurCEAS_023,2024-11-07 13:59:59,33.921935,-121.903725,Southern California,60.000292,9,11,0
CalCurCEAS_023,2024-11-07 15:00:00,33.91896,-121.89837,Southern California,60.000417,0,0,1
CalCurCEAS_023,2024-11-07 16:00:00,33.91705,-121.895415,Southern California,60.000583,0,1,2
CalCurCEAS_023,2024-11-07 16:59:59,33.91603,-121.890555,Southern California,60.0005,0,7,0
CalCurCEAS_023,2024-11-07 18:00:00,33.915915,-121.886155,Southern California,60.000542,0,22,1
CalCurCEAS_023,2024-11-07 19:00:00,33.91624,-121.88237,Southern California,60.00025,0,17,2
CalCurCEAS_023,2024-11-07 19:59:59,33.91631,-121.87815,Southern California,60.000292,0,30,5
CalCurCEAS_023,2024-11-07 21:00:00,33.91611,-121.87285,Southern California,60.000583,1,10,3
CalCurCEAS_023,2024-11-07 22:00:00,33.915375,-121.865605,Southern California,59.876042,0,5,0
CalCurCEAS_023,2024-11-07 22:59:59,33.9142,-121.85836,Southern California,60.0005,0,3,2
CalCurCEAS_023,2024-11-08 00:00:00,33.91078,-121.84838,Southern California,60.000375,1,8,3
CalCurCEAS_023,2024-11-08 01:00:00,33.90696,-121.840185,Southern California,60.0005,1,6,1
CalCurCEAS_023,2024-11-08 01:59:59,33.90213,-121.83252,Southern California,59.983625,0,4,2
CalCurCEAS_023,2024-11-08 03:00:00,33.89427,-121.82096,Southern California,60.0005,2,2,0
CalCurCEAS_023,2024-11-08 04:00:00,33.890375,-121.815505,Southern California,60.000333,0,1,1
CalCurCEAS_023,2024-11-08 04:59:59,33.88804,-121.81012,Southern California,60.000333,0,4,1
CalCurCEAS_023,2024-11-08 06:00:00,33.88593333,-121.80537667,Southern California,60.000333,0,2,4
CalCurCEAS_023,2024-11-08 07:00:00,33.881395,-121.79791,Southern California,60.000458,0,7,12
CalCurCEAS_023,2024-11-08 07:59:59,33.87766,-121.79207,Southern California,60.000375,0,9,11
CalCurCEAS_023,2024-11-08 09:00:00,33.87363,-121.786635,Southern California,60.000375,0,8,0
CalCurCEAS_023,2024-11-08 10:00:00,33.87036,-121.78137,Southern California,60.000333,0,12,1
CalCurCEAS_023,2024-11-08 10:59:59,33.86595,-121.77407,Southern California,60.000542,0,6,0
CalCurCEAS_023,2024-11-08 12:00:00,33.86224,-121.76965,Southern California,60.000417,0,4,2
CalCurCEAS_023,2024-11-08 13:00:00,33.85837,-121.76557,Southern California,60.000292,0,14,1
CalCurCEAS_023,2024-11-08 13:59:59,33.854225,-121.76187,Southern California,60.0005,0,13,0
CalCurCEAS_023,2024-11-08 15:00:00,33.851505,-121.757225,Southern California,60.000417,3,8,6
CalCurCEAS_023,2024-11-08 16:00:00,33.84954,-121.750735,Southern California,60.000292,0,18,8
CalCurCEAS_023,2024-11-08 16:59:59,33.8488,-121.74532,Southern California,60.0005,0,21,1
CalCurCEAS_023,2024-11-08 18:00:00,33.84769,-121.73536,Southern California,60.0005,1,19,11
CalCurCEAS_023,2024-11-08 19:00:00,33.845265,-121.72878,Southern California,60.000375,0,16,0
CalCurCEAS_023,2024-11-08 19:59:59,33.84195,-121.72362,Southern California,60.000333,0,17,12
CalCurCEAS_023,2024-11-08 21:00:00,33.83774,-121.71872,Southern California,60.000458,0,5,9
CalCurCEAS_023,2024-11-08 22:00:00,33.831855,-121.71213,Southern California,60.000417,3,8,0
CalCurCEAS_023,2024-11-08 22:59:59,33.82586,-121.70347,Southern California,60.000292,0,6,3
CalCurCEAS_023,2024-11-09 00:00:00,33.821525,-121.697895,Southern California,60.000375,1,2,9
CalCurCEAS_023,2024-11-09 01:00:00,33.816005,-121.69131,Southern California,60.000417,1,3,3
CalCurCEAS_023,2024-11-09 01:59:59,33.81177,-121.68609,Southern California,60.000375,0,1,2
CalCurCEAS_023,2024-11-09 03:00:00,33.80618,-121.67828,Southern California,60.000292,0,0,1
CalCurCEAS_023,2024-11-09 04:00:00,33.802235,-121.67338,Southern California,60.0005,0,8,4
CalCurCEAS_023,2024-11-09 04:59:59,33.797545,-121.66631,Southern California,60.000417,3,2,4
CalCurCEAS_023,2024-11-09 06:00:00,33.795165,-121.661665,Southern California,60.000375,0,6,9
CalCurCEAS_023,2024-11-09 07:00:00,33.790825,-121.6531,Southern California,60.000375,1,5,1
CalCurCEAS_023,2024-11-09 07:59:59,33.7837,-121.64408,Southern California,60.000417,2,7,5
CalCurCEAS_023,2024-11-09 09:00:00,33.77694,-121.63897,Southern California,60.000458,0,12,4
CalCurCEAS_023,2024-11-09 10:00:00,33.771115,-121.63603,Southern California,60.000375,0,7,12
CalCurCEAS_023,2024-11-09 10:59:59,33.76633,-121.633395,Southern California,60.000458,0,5,20
CalCurCEAS_023,2024-11-09 12:00:00,33.762685,-121.62951,Southern California,9.024958,0,0,0
CalCurCEAS_023,2024-11-09 13:59:59,33.759225,-121.61738,Southern California,37.2585,0,0,5
CalCurCEAS_023,2024-11-09 15:00:00,33.75713,-121.60978,Southern California,60.000417,8,4,3
CalCurCEAS_023,2024-11-09 16:00:00,33.753685,-121.60214,Southern California,60.000458,1,6,0
CalCurCEAS_023,2024-11-09 16:59:59,33.749225,-121.59329,Southern California,60.000292,0,6,2
CalCurCEAS_023,2024-11-09 18:00:00,33.74645,-121.58692,Southern California,60.0005,2,6,0
CalCurCEAS_023,2024-11-09 19:00:00,33.739845,-121.577135,Southern California,60.000292,4,4,1
CalCurCEAS_023,2024-11-09 19:59:59,33.731455,-121.56932,Southern California,60.000458,0,13,0
CalCurCEAS_023,2024-11-09 21:00:00,33.72468,-121.56426,Southern California,60.000458,0,11,1
CalCurCEAS_023,2024-11-09 22:00:00,33.717505,-121.56041,Southern California,60.000583,0,22,1
CalCurCEAS_023,2024-11-09 22:59:59,33.71166,-121.5581,Southern California,60.000292,3,6,1
CalCurCEAS_023,2024-11-10 00:00:00,33.70399,-121.555045,Southern California,60.000333,5,5,5
CalCurCEAS_023,2024-11-10 01:00:00,33.69993,-121.55155,Southern California,60.000375,0,6,0
CalCurCEAS_023,2024-11-10 01:59:59,33.698025,-121.54588,Southern California,60.000333,0,0,4
CalCurCEAS_023,2024-11-10 03:00:00,33.694775,-121.538055,Southern California,59.997792,0,0,0
CalCurCEAS_023,2024-11-10 04:00:00,33.689545,-121.529015,Southern California,60.000292,0,0,6
CalCurCEAS_023,2024-11-10 04:59:59,33.68405,-121.521215,Southern California,60.000458,0,0,1
CalCurCEAS_023,2024-11-10 06:00:00,33.67804333,-121.51331,Southern California,60.000333,0,0,1
CalCurCEAS_023,2024-11-10 07:00:00,33.67078,-121.50589,Southern California,60.000542,0,0,0
CalCurCEAS_023,2024-11-10 07:59:59,33.66475,-121.500435,Southern California,60.000333,0,0,0
CalCurCEAS_023,2024-11-10 09:00:00,33.658115,-121.49673,Southern California,60.000458,0,0,0
CalCurCEAS_023,2024-11-10 10:00:00,33.651545,-121.494155,Southern California,60.000417,0,2,1
CalCurCEAS_023,2024-11-10 10:59:59,33.64681,-121.4925,Southern California,60.000542,0,0,6
CalCurCEAS_023,2024-11-10 12:00:00,33.64365,-121.488985,Southern California,60.000417,0,1,5
CalCurCEAS_023,2024-11-10 13:00:00,33.64115,-121.481195,Southern California,60.000458,0,13,1
CalCurCEAS_023,2024-11-10 13:59:59,33.63905,-121.47559,Southern California,60.000375,0,0,0
CalCurCEAS_023,2024-11-10 15:00:00,33.635585,-121.469275,Southern California,60.000375,0,1,1
CalCurCEAS_023,2024-11-10 16:00:00,33.63175,-121.46321,Southern California,60.000458,0,1,0
CalCurCEAS_023,2024-11-10 16:59:59,33.62729,-121.456915,Southern California,60.000458,0,0,3
CalCurCEAS_023,2024-11-10 18:00:00,33.62173,-121.4496,Southern California,60.000417,0,10,7
CalCurCEAS_023,2024-11-10 19:00:00,33.61726,-121.44394,Southern California,60.000542,0,6,4
CalCurCEAS_023,2024-11-10 19:59:59,33.61245,-121.43829,Southern California,60.00025,0,22,2
CalCurCEAS_023,2024-11-10 21:00:00,33.605595,-121.431125,Southern California,60.000458,0,24,0
CalCurCEAS_023,2024-11-10 22:00:00,33.60101,-121.42727,Southern California,60.000458,0,23,2
CalCurCEAS_023,2024-11-10 22:59:59,33.59535,-121.423225,Southern California,60.00025,0,13,0
CalCurCEAS_023,2024-11-11 00:00:00,33.59014,-121.41935,Southern California,60.000375,0,19,0
CalCurCEAS_023,2024-11-11 01:00:00,33.58493,-121.414695,Southern California,60.000333,0,6,0
CalCurCEAS_023,2024-11-11 01:59:59,33.58153,-121.41043,Southern California,60.000292,0,0,2
CalCurCEAS_023,2024-11-11 03:00:00,33.57592,-121.40317,Southern California,60.000458,0,0,5
CalCurCEAS_023,2024-11-11 04:00:00,33.57296,-121.3985,Southern California,60.000333,0,1,5
CalCurCEAS_023,2024-11-11 04:59:59,33.569315,-121.394065,Southern California,60.000417,1,19,5
CalCurCEAS_023,2024-11-11 06:00:00,33.56781,-121.39255,Southern California,27.000167,0,2,2
CalCurCEAS_024,2024-11-11 01:59:59,34.27711,-121.315445,Southern California,60.000417,0,0,129
CalCurCEAS_024,2024-11-11 03:00:00,34.277445,-121.320805,Southern California,60.000333,0,0,78
CalCurCEAS_024,2024-11-11 04:00:00,34.27717,-121.324145,Southern California,60.000292,0,1,25
CalCurCEAS_024,2024-11-11 04:59:59,34.27637,-121.32629,Southern California,60.000333,0,1,35
CalCurCEAS_024,2024-11-11 06:00:00,34.27456,-121.32820667,Southern California,60.000333,5,10,36
CalCurCEAS_024,2024-11-11 07:00:00,34.271225,-121.33197,Southern California,60.000375,3,12,29
CalCurCEAS_024,2024-11-11 07:59:59,34.26852,-121.335755,Southern California,60.00025,6,10,52
CalCurCEAS_024,2024-11-11 09:00:00,34.2672,-121.33857,Southern California,60.000375,0,0,9
CalCurCEAS_024,2024-11-11 10:00:00,34.266855,-121.343025,Southern California,60.000333,0,0,31
CalCurCEAS_024,2024-11-11 10:59:59,34.26824,-121.350185,Southern California,60.000458,0,6,26
CalCurCEAS_024,2024-11-11 12:00:00,34.270465,-121.35716,Southern California,60.000417,4,7,17
CalCurCEAS_024,2024-11-11 13:00:00,34.27331,-121.36333,Southern California,60.00025,13,2,29
CalCurCEAS_024,2024-11-11 13:59:59,34.27636,-121.36865,Southern California,60.000333,7,10,30
CalCurCEAS_024,2024-11-11 15:00:00,34.27825,-121.370945,Southern California,60.000292,0,3,27
CalCurCEAS_024,2024-11-11 16:00:00,34.28061,-121.37449,Southern California,60.000333,0,0,39
CalCurCEAS_024,2024-11-11 16:59:59,34.281525,-121.37681,Southern California,60.000333,0,2,61
CalCurCEAS_024,2024-11-11 18:00:00,34.281575,-121.379185,Southern California,60.000333,0,0,98
CalCurCEAS_024,2024-11-11 19:00:00,34.2808,-121.381545,Southern California,60.000458,0,0,128
CalCurCEAS_024,2024-11-11 19:59:59,34.28053,-121.38311,Southern California,60.000333,0,0,45
CalCurCEAS_024,2024-11-11 21:00:00,34.28093,-121.38572,Southern California,60.000333,1,2,100
CalCurCEAS_024,2024-11-11 22:00:00,34.2799,-121.38957,Southern California,60.000417,0,4,72
CalCurCEAS_024,2024-11-11 22:59:59,34.27758,-121.39397,Southern California,60.000417,0,0,65
CalCurCEAS_024,2024-11-12 00:00:00,34.275765,-121.399375,Southern California,60.000458,0,1,48
CalCurCEAS_024,2024-11-12 01:00:00,34.275895,-121.40582,Southern California,59.983833,0,2,67
CalCurCEAS_024,2024-11-12 01:59:59,34.27724,-121.4118,Southern California,60.0005,0,4,48
CalCurCEAS_024,2024-11-12 03:00:00,34.27869,-121.41617,Southern California,60.00025,0,0,41
CalCurCEAS_024,2024-11-12 04:00:00,34.278965,-121.420735,Southern California,60.000417,0,1,5
CalCurCEAS_024,2024-11-12 04:59:59,34.27773,-121.42287,Southern California,60.000333,0,1,6
CalCurCEAS_024,2024-11-12 06:00:00,34.27582,-121.42508,Southern California,60.000375,0,0,5
CalCurCEAS_024,2024-11-12 07:00:00,34.273,-121.42768,Southern California,60.000417,0,0,37
CalCurCEAS_024,2024-11-12 07:59:59,34.27037,-121.430115,Southern California,60.000417,0,0,6
CalCurCEAS_024,2024-11-12 09:00:00,34.266675,-121.437305,Southern California,60.000375,0,0,7
CalCurCEAS_024,2024-11-12 10:00:00,34.2645,-121.44324,Southern California,60.000375,0,0,1
CalCurCEAS_024,2024-11-12 10:59:59,34.263565,-121.45182,Southern California,60.00025,0,0,10
CalCurCEAS_024,2024-11-12 12:00:00,34.26415,-121.46193,Southern California,60.000417,0,0,0
CalCurCEAS_024,2024-11-12 13:00:00,34.26586,-121.47141,Southern California,60.000333,0,0,26
CalCurCEAS_024,2024-11-12 13:59:59,34.26851,-121.48128,Southern California,60.000375,0,0,11
CalCurCEAS_024,2024-11-12 15:00:00,34.2717,-121.48823,Southern California,60.000292,0,2,31
CalCurCEAS_024,2024-11-12 16:00:00,34.27616,-121.495965,Southern California,60.000375,0,8,4
CalCurCEAS_024,2024-11-12 16:59:59,34.27946,-121.50101,Southern California,60.00025,0,9,38
CalCurCEAS_024,2024-11-12 18:00:00,34.28171,-121.50531,Southern California,60.000375,0,9,15
CalCurCEAS_024,2024-11-12 19:00:00,34.282805,-121.5101,Southern California,60.000417,0,8,51
CalCurCEAS_024,2024-11-12 19:59:59,34.28273,-121.51402,Southern California,60.0005,0,0,37
CalCurCEAS_024,2024-11-12 21:00:00,34.281855,-121.5193,Southern California,60.000375,0,7,26
CalCurCEAS_024,2024-11-12 22:00:00,34.28048,-121.52526,Southern California,60.000333,0,0,37
CalCurCEAS_024,2024-11-12 22:59:59,34.27993,-121.530495,Southern California,60.000417,0,0,17
CalCurCEAS_024,2024-11-13 00:00:00,34.27972,-121.53529,Southern California,60.00025,0,0,15
CalCurCEAS_024,2024-11-13 01:00:00,34.28057,-121.53866,Southern California,60.0005,0,0,8
CalCurCEAS_024,2024-11-13 01:59:59,34.28085,-121.54063,Southern California,60.000458,0,0,18
CalCurCEAS_024,2024-11-13 03:00:00,34.28131,-121.54501,Southern California,60.000458,0,0,5
CalCurCEAS_024,2024-11-13 04:00:00,34.28222,-121.550395,Southern California,60.000417,0,0,22
CalCurCEAS_024,2024-11-13 04:59:59,34.282995,-121.555695,Southern California,60.00025,0,0,47
CalCurCEAS_024,2024-11-13 06:00:00,34.282995,-121.559075,Southern California,60.000375,0,2,6
CalCurCEAS_024,2024-11-13 07:00:00,34.28299,-121.566675,Southern California,60.000208,0,15,39
CalCurCEAS_024,2024-11-13 07:59:59,34.283645,-121.57462,Southern California,60.0005,0,0,30
CalCurCEAS_024,2024-11-13 09:00:00,34.28456,-121.58121,Southern California,60.000292,0,0,5
CalCurCEAS_024,2024-11-13 10:00:00,34.2851,-121.586035,Southern California,60.000458,0,5,9
CalCurCEAS_024,2024-11-13 10:59:59,34.285265,-121.592635,Southern California,60.000458,0,4,18
CalCurCEAS_024,2024-11-13 12:00:00,34.28624,-121.599305,Southern California,60.000333,0,1,19
CalCurCEAS_024,2024-11-13 13:00:00,34.28747,-121.6037,Southern California,60.000333,0,0,19
CalCurCEAS_024,2024-11-13 13:59:59,34.290105,-121.60594,Southern California,60.000375,0,1,12
CalCurCEAS_024,2024-11-13 15:00:00,34.295185,-121.608795,Southern California,60.000375,0,4,5
CalCurCEAS_024,2024-11-13 16:00:00,34.29852,-121.61099,Southern California,60.000458,0,0,2
CalCurCEAS_024,2024-11-13 16:59:59,34.301035,-121.613375,Southern California,60.000292,1,0,5
CalCurCEAS_024,2024-11-13 18:00:00,34.30301,-121.61498,Southern California,60.000333,4,3,4
CalCurCEAS_024,2024-11-13 19:00:00,34.302995,-121.61719,Southern California,60.000542,0,13,10
CalCurCEAS_024,2024-11-13 19:59:59,34.30175,-121.62022,Southern California,60.000417,0,7,1
CalCurCEAS_024,2024-11-13 21:00:00,34.298375,-121.623535,Southern California,60.000333,0,1,1
CalCurCEAS_024,2024-11-13 22:00:00,34.29633,-121.62513,Southern California,60.00025,0,6,1
CalCurCEAS_024,2024-11-13 22:59:59,34.293135,-121.628705,Southern California,60.000417,14,15,6
CalCurCEAS_024,2024-11-14 00:00:00,34.28996,-121.63484,Southern California,60.000375,9,8,2
CalCurCEAS_024,2024-11-14 01:00:00,34.28825,-121.64173,Southern California,60.000333,0,3,8
CalCurCEAS_024,2024-11-14 01:59:59,34.28816,-121.64749,Southern California,60.000292,0,5,5
CalCurCEAS_024,2024-11-14 03:00:00,34.2889,-121.65071,Southern California,60.0005,0,6,4
CalCurCEAS_024,2024-11-14 04:00:00,34.291375,-121.65581,Southern California,60.000458,0,5,11
CalCurCEAS_024,2024-11-14 04:59:59,34.29427,-121.66116,Southern California,60.000292,2,6,5
CalCurCEAS_024,2024-11-14 06:00:00,34.2976075,-121.665525,Southern California,60.000542,1,1,2
CalCurCEAS_024,2024-11-14 07:00:00,34.30222,-121.6706,Southern California,60.000458,0,0,2
CalCurCEAS_024,2024-11-14 07:59:59,34.30491,-121.673305,Southern California,60.000333,0,0,0
CalCurCEAS_024,2024-11-14 09:00:00,34.30729,-121.67528,Southern California,60.000417,0,0,33
CalCurCEAS_024,2024-11-14 10:00:00,34.3086,-121.67678,Southern California,60.000208,0,0,19
CalCurCEAS_024,2024-11-14 10:59:59,34.309145,-121.677705,Southern California,60.0005,0,0,3
CalCurCEAS_024,2024-11-14 12:00:00,34.30937,-121.67858,Southern California,60.00025,0,0,9
CalCurCEAS_024,2024-11-14 13:00:00,34.30965,-121.67944,Southern California,60.000583,0,0,0
CalCurCEAS_024,2024-11-14 13:59:59,34.30995,-121.6823,Southern California,60.000292,0,0,1
CalCurCEAS_024,2024-11-14 15:00:00,34.311,-121.685385,Southern California,60.000292,0,0,9
CalCurCEAS_024,2024-11-14 16:00:00,34.31263,-121.688025,Southern California,60.000333,0,0,2
CalCurCEAS_024,2024-11-14 16:59:59,34.31454,-121.69002,Southern California,60.000292,0,0,0
CalCurCEAS_024,2024-11-14 18:00:00,34.31569,-121.69199,Southern California,60.00025,0,0,0
CalCurCEAS_024,2024-11-14 19:00:00,34.31648,-121.69411,Southern California,60.0005,0,0,0
CalCurCEAS_024,2024-11-14 19:59:59,34.31491,-121.69725,Southern California,60.000458,0,1,1
CalCurCEAS_024,2024-11-14 21:00:00,34.312605,-121.69942,Southern California,60.000292,0,1,0
CalCurCEAS_024,2024-11-14 22:00:00,34.31179,-121.70144,Southern California,60.000375,0,1,8
CalCurCEAS_024,2024-11-14 22:59:59,34.311975,-121.702585,Southern California,60.0005,0,3,3
CalCurCEAS_024,2024-11-15 00:00:00,34.31251,-121.70411,Southern California,60.000417,1,0,5
CalCurCEAS_024,2024-11-15 01:00:00,34.3119,-121.70599,Southern California,60.000458,0,1,6
CalCurCEAS_024,2024-11-15 01:59:59,34.311335,-121.708175,Southern California,60.000333,0,0,13
CalCurCEAS_024,2024-11-15 03:00:00,34.31187,-121.70928,Southern California,60.000333,0,6,27
CalCurCEAS_024,2024-11-15 04:00:00,34.31342,-121.7112,Southern California,60.000292,0,0,5
CalCurCEAS_024,2024-11-15 04:59:59,34.316275,-121.71179,Southern California,60.000333,0,4,8
CalCurCEAS_024,2024-11-15 06:00:00,34.31994,-121.7115,Southern California,60.000375,0,3,4
CalCurCEAS_024,2024-11-15 07:00:00,34.32466,-121.71053,Southern California,60.0005,0,6,10
CalCurCEAS_024,2024-11-15 07:59:59,34.32557,-121.7099,Southern California,60.000375,0,0,8
CalCurCEAS_024,2024-11-15 09:00:00,34.325745,-121.709235,Southern California,60.00025,0,2,13
CalCurCEAS_024,2024-11-15 10:00:00,34.325565,-121.70933,Southern California,60.000208,0,7,14
CalCurCEAS_024,2024-11-15 10:59:59,34.32558,-121.709105,Southern California,60.000375,0,1,18
CalCurCEAS_024,2024-11-15 12:00:00,34.32523,-121.70877,Southern California,59.977542,0,0,27
CalCurCEAS_024,2024-11-15 13:00:00,34.32462,-121.709665,Southern California,60.000208,0,0,1
CalCurCEAS_024,2024-11-15 13:59:59,34.32443,-121.71139,Southern California,60.000417,0,0,0
CalCurCEAS_024,2024-11-15 15:00:00,34.32468667,-121.71379,Southern California,60.000417,0,0,3
CalCurCEAS_024,2024-11-15 16:00:00,34.32541,-121.71561,Southern California,60.000417,0,3,2
CalCurCEAS_024,2024-11-15 16:59:59,34.32562,-121.71714,Southern California,60.000375,0,0,7
CalCurCEAS_024,2024-11-15 18:00:00,34.32661,-121.71903,Southern California,60.000417,1,0,59
CalCurCEAS_024,2024-11-15 19:00:00,34.32984,-121.720685,Southern California,60.000417,0,0,13
CalCurCEAS_024,2024-11-15 19:59:59,34.33212,-121.71928,Southern California,60.000458,0,8,62
CalCurCEAS_024,2024-11-15 21:00:00,34.332395,-121.718345,Southern California,60.000375,0,0,11
CalCurCEAS_024,2024-11-15 22:00:00,34.33192,-121.71825,Southern California,60.000458,0,2,2
CalCurCEAS_024,2024-11-15 22:59:59,34.33133,-121.71764,Southern California,60.000292,0,10,1
CalCurCEAS_024,2024-11-16 00:00:00,34.329365,-121.716295,Southern California,60.000333,0,18,1
CalCurCEAS_024,2024-11-16 01:00:00,34.32742,-121.71528,Southern California,60.000375,1,0,6
CalCurCEAS_024,2024-11-16 01:59:59,34.32472,-121.71352333,Southern California,60.000208,7,2,17
CalCurCEAS_024,2024-11-16 03:00:00,34.32185,-121.712915,Southern California,60.0005,2,7,6
CalCurCEAS_024,2024-11-16 04:00:00,34.32018,-121.71309,Southern California,60.000292,0,6,2
CalCurCEAS_024,2024-11-16 04:59:59,34.32007,-121.71264,Southern California,60.000417,0,1,9
CalCurCEAS_024,2024-11-16 06:00:00,34.32052,-121.713045,Southern California,60.0005,0,0,11
CalCurCEAS_024,2024-11-16 07:00:00,34.321235,-121.713655,Southern California,60.0005,0,6,1
CalCurCEAS_024,2024-11-16 07:59:59,34.321675,-121.713465,Southern California,60.000208,0,12,10
CalCurCEAS_024,2024-11-16 09:00:00,34.32081,-121.714365,Southern California,60.000417,0,20,6
CalCurCEAS_024,2024-11-16 10:00:00,34.31949,-121.71665,Southern California,60.000333,0,17,3
CalCurCEAS_024,2024-11-16 10:59:59,34.31941,-121.71976,Southern California,59.983792,1,15,9
CalCurCEAS_024,2024-11-16 12:00:00,34.31996,-121.72075,Southern California,60.000375,0,28,3
CalCurCEAS_024,2024-11-16 13:00:00,34.320285,-121.721155,Southern California,60.000292,0,25,13
CalCurCEAS_024,2024-11-16 13:59:59,34.319955,-121.722365,Southern California,60.0005,0,18,12
CalCurCEAS_024,2024-11-16 15:00:00,34.3195,-121.72422,Southern California,60.000375,0,13,16
CalCurCEAS_024,2024-11-16 16:00:00,34.320135,-121.72723,Southern California,60.000417,0,16,2
CalCurCEAS_024,2024-11-16 16:59:59,34.322055,-121.72992,Southern California,60.000417,0,8,3
CalCurCEAS_024,2024-11-16 18:00:00,34.32405,-121.73036,Southern California,60.000125,0,11,4
CalCurCEAS_024,2024-11-16 19:00:00,34.326825,-121.72885,Southern California,60.000292,0,25,4
CalCurCEAS_024,2024-11-16 19:59:59,34.32954,-121.724875,Southern California,60.000417,0,11,3
CalCurCEAS_024,2024-11-16 21:00:00,34.33022,-121.72089,Southern California,60.000417,1,17,15
CalCurCEAS_024,2024-11-16 22:00:00,34.3291,-121.71854,Southern California,60.000417,0,18,11
CalCurCEAS_024,2024-11-16 22:59:59,34.327415,-121.71606,Southern California,60.000375,0,16,1
CalCurCEAS_024,2024-11-17 00:00:00,34.324675,-121.713745,Southern California,60.000333,0,17,4
CalCurCEAS_024,2024-11-17 01:00:00,34.32141,-121.71266,Southern California,60.000375,0,38,7
CalCurCEAS_024,2024-11-17 01:59:59,34.31862,-121.71066,Southern California,60.0005,2,10,2
CalCurCEAS_024,2024-11-17 03:00:00,34.316505,-121.708495,Southern California,60.000333,2,10,2
CalCurCEAS_024,2024-11-17 04:00:00,34.31375,-121.706025,Southern California,60.000458,0,15,12
CalCurCEAS_024,2024-11-17 04:59:59,34.3117,-121.70583,Southern California,60.000333,0,32,4
CalCurCEAS_024,2024-11-17 06:00:00,34.31080667,-121.70603333,Southern California,60.000458,0,27,9
CalCurCEAS_024,2024-11-17 07:00:00,34.311435,-121.70769,Southern California,60.000417,0,16,2
CalCurCEAS_024,2024-11-17 07:59:59,34.31303,-121.70912,Southern California,60.000167,0,18,0
CalCurCEAS_024,2024-11-17 09:00:00,34.31522,-121.709995,Southern California,60.000458,0,6,1
CalCurCEAS_024,2024-11-17 10:00:00,34.31648,-121.71102,Southern California,60.000458,0,1,7
CalCurCEAS_024,2024-11-17 10:59:59,34.31761,-121.711625,Southern California,60.00025,0,2,21
CalCurCEAS_024,2024-11-17 12:00:00,34.31856,-121.71134,Southern California,60.000417,0,5,14
CalCurCEAS_024,2024-11-17 13:00:00,34.31881,-121.71124,Southern California,60.000417,0,18,10
CalCurCEAS_024,2024-11-17 13:59:59,34.318365,-121.710815,Southern California,60.000417,0,17,6
CalCurCEAS_024,2024-11-17 15:00:00,34.31818,-121.71083,Southern California,60.000333,0,5,19
CalCurCEAS_024,2024-11-17 16:00:00,34.318065,-121.71033,Southern California,60.00025,0,3,11
CalCurCEAS_024,2024-11-17 16:59:59,34.318685,-121.70985,Southern California,60.00025,0,1,24
CalCurCEAS_024,2024-11-17 18:00:00,34.32068,-121.70978,Southern California,60.000417,0,0,14
CalCurCEAS_024,2024-11-17 19:00:00,34.32315,-121.70862,Southern California,60.000458,0,0,59
CalCurCEAS_024,2024-11-17 19:59:59,34.32509,-121.706725,Southern California,60.000375,0,0,51
CalCurCEAS_024,2024-11-17 21:00:00,34.32931,-121.702255,Southern California,60.000208,0,2,17
CalCurCEAS_024,2024-11-17 22:00:00,34.3314,-121.69863,Southern California,60.000458,0,3,42
CalCurCEAS_024,2024-11-17 22:59:59,34.331445,-121.69529,Southern California,60.00025,0,11,119
CalCurCEAS_024,2024-11-18 00:00:00,34.33003,-121.69275,Southern California,60.000333,0,4,109
CalCurCEAS_024,2024-11-18 01:00:00,34.327645,-121.68946,Southern California,60.000542,4,14,96
CalCurCEAS_024,2024-11-18 01:59:59,34.32272,-121.6858,Southern California,60.000375,0,2,142
CalCurCEAS_024,2024-11-18 03:00:00,34.31923,-121.68433,Southern California,60.0005,2,2,106
CalCurCEAS_024,2024-11-18 04:00:00,34.31559,-121.6831,Southern California,60.000208,0,5,51
CalCurCEAS_024,2024-11-18 04:59:59,34.3111,-121.68133,Southern California,60.000208,0,23,45
CalCurCEAS_024,2024-11-18 06:00:00,34.30910333,-121.68058667,Southern California,60.000417,0,11,56
CalCurCEAS_024,2024-11-18 07:00:00,34.30733,-121.6809,Southern California,60.000292,0,5,29
CalCurCEAS_024,2024-11-18 07:59:59,34.306995,-121.681805,Southern California,60.000417,0,14,37
CalCurCEAS_024,2024-11-18 09:00:00,34.30643,-121.6837,Southern California,60.000417,0,11,24
CalCurCEAS_024,2024-11-18 10:00:00,34.30507,-121.6859,Southern California,60.000333,0,3,29
CalCurCEAS_024,2024-11-18 10:59:59,34.30336,-121.68779,Southern California,60.000417,0,8,4
CalCurCEAS_024,2024-11-18 12:00:00,34.301365,-121.68912,Southern California,60.000333,0,5,2
CalCurCEAS_024,2024-11-18 13:00:00,34.29814,-121.69026,Southern California,60.000333,0,1,15
CalCurCEAS_024,2024-11-18 13:59:59,34.294155,-121.69114,Southern California,60.000417,0,5,4
CalCurCEAS_024,2024-11-18 15:00:00,34.28919,-121.69247,Southern California,60.000333,0,16,23
CalCurCEAS_024,2024-11-18 16:00:00,34.28539,-121.69374,Southern California,60.000458,0,17,7
CalCurCEAS_024,2024-11-18 16:59:59,34.277965,-121.69707,Southern California,60.000375,0,38,21
CalCurCEAS_024,2024-11-18 18:00:00,34.2741,-121.70023,Southern California,60.000375,0,29,18
CalCurCEAS_024,2024-11-18 19:00:00,34.27148,-121.703035,Southern California,60.00025,0,31,28
CalCurCEAS_024,2024-11-18 19:59:59,34.269745,-121.705065,Southern California,60.000417,0,5,7
CalCurCEAS_024,2024-11-18 21:00:00,34.267545,-121.7074,Southern California,60.000417,0,6,9
CalCurCEAS_024,2024-11-18 22:00:00,34.2642,-121.70871,Southern California,60.000458,0,10,29
CalCurCEAS_024,2024-11-18 22:59:59,34.26057,-121.70925,Southern California,60.000292,0,2,11
CalCurCEAS_024,2024-11-19 00:00:00,34.25454,-121.71038,Southern California,60.000375,0,1,48
CalCurCEAS_024,2024-11-19 01:00:00,34.24777,-121.711555,Southern California,60.000458,0,6,75
CalCurCEAS_024,2024-11-19 01:59:59,34.238955,-121.71279,Southern California,60.000333,0,5,19
CalCurCEAS_024,2024-11-19 03:00:00,34.229725,-121.7146,Southern California,60.000417,0,14,9
CalCurCEAS_024,2024-11-19 04:00:00,34.22369,-121.71646,Southern California,60.000417,0,2,6
CalCurCEAS_024,2024-11-19 04:59:59,34.21699,-121.720245,Southern California,60.000375,0,4,4
CalCurCEAS_024,2024-11-19 06:00:00,34.21373667,-121.72536333,Southern California,60.000333,0,0,0
CalCurCEAS_024,2024-11-19 07:00:00,34.2138,-121.73085,Southern California,60.000333,1,6,0
CalCurCEAS_024,2024-11-19 07:59:59,34.21568,-121.733785,Southern California,60.000375,0,0,1
CalCurCEAS_024,2024-11-19 09:00:00,34.218285,-121.73582,Southern California,60.00025,0,8,1
CalCurCEAS_024,2024-11-19 10:00:00,34.21946,-121.736,Southern California,60.000375,5,1,7
CalCurCEAS_024,2024-11-19 10:59:59,34.219545,-121.7349,Southern California,60.000458,0,0,4
CalCurCEAS_024,2024-11-19 12:00:00,34.21693,-121.73455,Southern California,60.000417,0,1,17
CalCurCEAS_024,2024-11-19 13:00:00,34.213395,-121.73315,Southern California,60.000333,0,10,0
CalCurCEAS_024,2024-11-19 13:59:59,34.21007,-121.73165,Southern California,60.000292,0,1,0
CalCurCEAS_024,2024-11-19 15:00:00,34.206425,-121.73052,Southern California,60.000292,0,8,3
CalCurCEAS_024,2024-11-19 16:00:00,34.200485,-121.72858,Southern California,60.000333,0,8,15
CalCurCEAS_024,2024-11-19 16:59:59,34.19604,-121.72802,Southern California,60.000458,0,0,5
CalCurCEAS_024,2024-11-19 18:00:00,34.19219,-121.72853,Southern California,60.000542,0,3,6
CalCurCEAS_024,2024-11-19 19:00:00,34.19065,-121.73171,Southern California,60.000458,0,6,7
CalCurCEAS_024,2024-11-19 19:59:59,34.190285,-121.73564,Southern California,60.000333,0,0,0
CalCurCEAS_024,2024-11-19 21:00:00,34.19106,-121.73985,Southern California,60.000333,0,0,3
CalCurCEAS_024,2024-11-19 22:00:00,34.19167,-121.742625,Southern California,60.000458,0,1,4
CalCurCEAS_024,2024-11-19 22:59:59,34.19115,-121.74364,Southern California,60.000292,0,2,9
CalCurCEAS_024,2024-11-20 00:00:00,34.1892,-121.74331,Southern California,60.000292,0,13,7
CalCurCEAS_024,2024-11-20 01:00:00,34.18604,-121.74164,Southern California,60.000417,0,17,16
CalCurCEAS_024,2024-11-20 01:59:59,34.1836,-121.73942,Southern California,60.000333,0,7,16
CalCurCEAS_024,2024-11-20 03:00:00,34.180255,-121.736585,Southern California,60.000375,0,0,25
CalCurCEAS_024,2024-11-20 04:00:00,34.175825,-121.73346,Southern California,60.000375,0,0,5
CalCurCEAS_024,2024-11-20 04:59:59,34.17277,-121.731915,Southern California,60.000458,0,1,0
CalCurCEAS_024,2024-11-20 06:00:00,34.17165,-121.732075,Southern California,60.000458,0,0,2
CalCurCEAS_024,2024-11-20 07:00:00,34.17189,-121.73336,Southern California,60.000292,0,0,21
CalCurCEAS_024,2024-11-20 07:59:59,34.17222,-121.73345,Southern California,60.000375,0,7,16
CalCurCEAS_024,2024-11-20 09:00:00,34.173395,-121.73417,Southern California,60.000333,0,0,2
CalCurCEAS_024,2024-11-20 10:00:00,34.17542,-121.73375,Southern California,60.00025,0,0,0
CalCurCEAS_024,2024-11-20 10:59:59,34.17701,-121.73246,Southern California,60.000458,0,0,2
CalCurCEAS_024,2024-11-20 12:00:00,34.17751,-121.729975,Southern California,60.000458,0,1,5
CalCurCEAS_024,2024-11-20 13:00:00,34.177,-121.72811,Southern California,60.000375,0,5,0
CalCurCEAS_024,2024-11-20 13:59:59,34.17543,-121.725995,Southern California,60.000375,0,3,6
CalCurCEAS_024,2024-11-20 15:00:00,34.173635,-121.72387,Southern California,60.000292,0,9,2
CalCurCEAS_024,2024-11-20 16:00:00,34.17217,-121.72214,Southern California,60.000458,0,3,4
CalCurCEAS_024,2024-11-20 16:59:59,34.170475,-121.72079,Southern California,59.983667,0,7,1
CalCurCEAS_024,2024-11-20 18:00:00,34.168625,-121.71904,Southern California,60.000333,0,18,7
CalCurCEAS_024,2024-11-20 19:00:00,34.16744,-121.71922,Southern California,60.000125,0,2,18
CalCurCEAS_024,2024-11-20 19:59:59,34.16758,-121.719395,Southern California,60.000375,0,0,67
CalCurCEAS_024,2024-11-20 21:00:00,34.17003,-121.71813,Southern California,60.000458,0,0,97
CalCurCEAS_024,2024-11-20 22:00:00,34.17249,-121.71549,Southern California,60.000333,0,1,25
CalCurCEAS_024,2024-11-20 22:59:59,34.173715,-121.71267,Southern California,60.000417,0,0,19
CalCurCEAS_024,2024-11-21 00:00:00,34.17232,-121.70809,Southern California,60.000375,0,13,2
CalCurCEAS_024,2024-11-21 01:00:00,34.167155,-121.702915,Southern California,60.00025,0,7,4
CalCurCEAS_024,2024-11-21 01:59:59,34.15955,-121.69944,Southern California,60.000208,0,0,5
CalCurCEAS_024,2024-11-21 03:00:00,34.15348,-121.698025,Southern California,60.000417,0,2,16
CalCurCEAS_024,2024-11-21 04:00:00,34.146625,-121.696305,Southern California,60.000292,0,1,9
CalCurCEAS_024,2024-11-21 04:59:59,34.14321,-121.69584,Southern California,60.000208,0,3,10
CalCurCEAS_024,2024-11-21 06:00:00,34.14029333,-121.69584333,Southern California,60.000375,0,14,19
CalCurCEAS_024,2024-11-21 07:00:00,34.136935,-121.69726,Southern California,60.000417,0,5,29
CalCurCEAS_024,2024-11-21 07:59:59,34.13549,-121.69798,Southern California,60.000375,0,0,1
CalCurCEAS_024,2024-11-21 09:00:00,34.13417,-121.69768,Southern California,60.000458,0,0,2
CalCurCEAS_024,2024-11-21 10:00:00,34.13368,-121.69682,Southern California,60.000333,0,0,2
CalCurCEAS_024,2024-11-21 10:59:59,34.13385,-121.695115,Southern California,60.000375,0,0,7
CalCurCEAS_024,2024-11-21 12:00:00,34.132335,-121.692165,Southern California,60.000458,0,0,3
CalCurCEAS_024,2024-11-21 13:00:00,34.128375,-121.688275,Southern California,60.000458,0,1,29
CalCurCEAS_024,2024-11-21 13:59:59,34.12395,-121.68517,Southern California,60.000292,0,1,1
CalCurCEAS_024,2024-11-21 15:00:00,34.117815,-121.683315,Southern California,60.000375,1,3,3
CalCurCEAS_024,2024-11-21 16:00:00,34.110265,-121.68281,Southern California,60.000375,1,2,13
CalCurCEAS_024,2024-11-21 16:59:59,34.10422,-121.68327,Southern California,60.0005,0,0,113
CalCurCEAS_024,2024-11-21 18:00:00,34.09909,-121.68348,Southern California,60.000375,0,0,58
CalCurCEAS_024,2024-11-21 19:00:00,34.0942,-121.685415,Southern California,60.000417,1,0,61
CalCurCEAS_024,2024-11-21 19:59:59,34.09074,-121.689615,Southern California,60.000458,0,0,47
CalCurCEAS_024,2024-11-21 21:00:00,34.08942,-121.692495,Southern California,60.000333,0,0,36
CalCurCEAS_024,2024-11-21 22:00:00,34.08824,-121.69373,Southern California,60.00025,0,0,8
CalCurCEAS_024,2024-11-21 22:59:59,34.087185,-121.69213,Southern California,60.000333,0,0,18
CalCurCEAS_024,2024-11-22 00:00:00,34.08516,-121.69013,Southern California,60.000375,0,0,12
CalCurCEAS_024,2024-11-22 01:00:00,34.081085,-121.68678,Southern California,60.000333,0,0,31
CalCurCEAS_024,2024-11-22 01:59:59,34.074845,-121.68336,Southern California,60.000375,0,0,23
CalCurCEAS_024,2024-11-22 03:00:00,34.06897,-121.68054,Southern California,60.000292,0,0,39
CalCurCEAS_024,2024-11-22 04:00:00,34.06164,-121.6778,Southern California,60.000333,0,0,15
CalCurCEAS_024,2024-11-22 04:59:59,34.05195,-121.676395,Southern California,60.000375,0,2,8
CalCurCEAS_024,2024-11-22 06:00:00,34.04771,-121.676705,Southern California,60.000333,0,1,2
CalCurCEAS_024,2024-11-22 07:00:00,34.04072,-121.677715,Southern California,60.000375,0,2,2
CalCurCEAS_024,2024-11-22 07:59:59,34.03636,-121.6809,Southern California,60.000458,0,1,8
CalCurCEAS_024,2024-11-22 09:00:00,34.03453,-121.68352,Southern California,60.00025,0,3,0
CalCurCEAS_024,2024-11-22 10:00:00,34.03364,-121.68543,Southern California,59.881708,0,8,1
CalCurCEAS_024,2024-11-22 10:59:59,34.031555,-121.685495,Southern California,60.000583,0,7,4
CalCurCEAS_024,2024-11-22 12:00:00,34.0285,-121.68393,Southern California,60.0005,0,2,6
CalCurCEAS_024,2024-11-22 13:00:00,34.02492,-121.682305,Southern California,60.000333,1,0,2
CalCurCEAS_024,2024-11-22 13:59:59,34.018255,-121.681,Southern California,60.000458,0,1,3
CalCurCEAS_024,2024-11-22 15:00:00,34.01304,-121.67981,Southern California,60.000417,0,0,0
CalCurCEAS_024,2024-11-22 16:00:00,34.00882,-121.67839,Southern California,60.000375,0,0,5
CalCurCEAS_024,2024-11-22 16:59:59,34.00262,-121.67662333,Southern California,60.000333,0,0,0
CalCurCEAS_024,2024-11-22 18:00:00,33.996475,-121.67559,Southern California,60.000375,0,0,60
CalCurCEAS_024,2024-11-22 19:00:00,33.9931,-121.67545,Southern California,60.000333,0,0,4
CalCurCEAS_024,2024-11-22 19:59:59,33.990115,-121.675125,Southern California,59.98375,0,0,5
CalCurCEAS_024,2024-11-22 21:00:00,33.986075,-121.674335,Southern California,60.0005,0,0,7
CalCurCEAS_024,2024-11-22 22:00:00,33.981815,-121.673285,Southern California,60.00025,0,6,0
CalCurCEAS_024,2024-11-22 22:59:59,33.97975,-121.67296,Southern California,60.0005,0,2,1
CalCurCEAS_024,2024-11-23 00:00:00,33.977215,-121.671865,Southern California,60.000333,0,0,0
CalCurCEAS_024,2024-11-23 01:00:00,33.972645,-121.66782,Southern California,60.0005,0,0,0
CalCurCEAS_024,2024-11-23 01:59:59,33.96642,-121.663295,Southern California,60.000375,0,0,6
CalCurCEAS_024,2024-11-23 03:00:00,33.96066,-121.65882,Southern California,60.000292,0,0,12
CalCurCEAS_024,2024-11-23 04:00:00,33.953585,-121.65318,Southern California,60.000417,0,1,7
CalCurCEAS_024,2024-11-23 04:59:59,33.94606,-121.64741,Southern California,60.000333,0,8,0
CalCurCEAS_024,2024-11-23 06:00:00,33.94252333,-121.64511,Southern California,59.989125,0,5,6
CalCurCEAS_024,2024-11-23 07:00:00,33.93541,-121.639285,Southern California,60.000417,0,2,14
CalCurCEAS_024,2024-11-23 07:59:59,33.93087,-121.63535,Southern California,60.00025,0,3,6
CalCurCEAS_024,2024-11-23 09:00:00,33.925725,-121.631745,Southern California,60.000208,0,4,2
CalCurCEAS_024,2024-11-23 10:00:00,33.9206,-121.627645,Southern California,60.00025,0,1,1
CalCurCEAS_024,2024-11-23 10:59:59,33.91526,-121.62331,Southern California,60.000375,0,2,3
CalCurCEAS_024,2024-11-23 12:00:00,33.90877,-121.61814,Southern California,60.000333,0,5,1
CalCurCEAS_024,2024-11-23 13:00:00,33.89968,-121.61155,Southern California,60.000292,0,8,2
CalCurCEAS_024,2024-11-23 13:59:59,33.89018,-121.60696,Southern California,60.000333,0,8,2
CalCurCEAS_024,2024-11-23 15:00:00,33.88104,-121.602,Southern California,59.994083,0,3,0
CalCurCEAS_024,2024-11-23 16:00:00,33.86903,-121.596445,Southern California,60.000417,0,0,1
CalCurCEAS_024,2024-11-23 16:59:59,33.85864,-121.59172,Southern California,60.000333,0,1,1
CalCurCEAS_024,2024-11-23 18:00:00,33.85096,-121.58923,Southern California,60.000417,0,1,5
CalCurCEAS_024,2024-11-23 19:00:00,33.840525,-121.58709,Southern California,60.000417,0,3,1
CalCurCEAS_024,2024-11-23 19:59:59,33.829875,-121.58485,Southern California,60.000292,0,0,0
CalCurCEAS_024,2024-11-23 21:00:00,33.82145,-121.58179,Southern California,60.000417,0,0,8
CalCurCEAS_024,2024-11-23 22:00:00,33.8126,-121.57948,Southern California,60.000333,0,0,3
CalCurCEAS_024,2024-11-23 22:59:59,33.800715,-121.578355,Southern California,60.000417,0,0,4
CalCurCEAS_024,2024-11-24 00:00:00,33.78859,-121.579505,Southern California,60.000375,0,1,0
CalCurCEAS_024,2024-11-24 01:00:00,33.778705,-121.580175,Southern California,60.000333,0,0,8
CalCurCEAS_024,2024-11-24 01:59:59,33.77147,-121.57986,Southern California,60.000333,0,4,5
CalCurCEAS_024,2024-11-24 03:00:00,33.76312,-121.57933,Southern California,60.000292,0,2,6
CalCurCEAS_024,2024-11-24 04:00:00,33.75561,-121.57873,Southern California,60.000542,0,3,0
CalCurCEAS_024,2024-11-24 04:59:59,33.749165,-121.5768,Southern California,60.000333,0,3,2
CalCurCEAS_024,2024-11-24 06:00:00,33.74368333,-121.57464333,Southern California,60.000458,0,1,0
CalCurCEAS_024,2024-11-24 07:00:00,33.73612,-121.57091,Southern California,60.000292,0,1,3
CalCurCEAS_024,2024-11-24 07:59:59,33.729235,-121.56435,Southern California,60.000375,0,0,9
CalCurCEAS_024,2024-11-24 09:00:00,33.72353,-121.56024,Southern California,60.000375,0,5,2
CalCurCEAS_024,2024-11-24 10:00:00,33.716575,-121.557065,Southern California,60.000292,0,4,11
CalCurCEAS_024,2024-11-24 10:59:59,33.70748,-121.552285,Southern California,60.000458,0,6,3
CalCurCEAS_024,2024-11-24 12:00:00,33.69824,-121.54673,Southern California,60.000375,0,0,2
CalCurCEAS_024,2024-11-24 13:00:00,33.691715,-121.54287,Southern California,60.000333,0,5,9
CalCurCEAS_024,2024-11-24 13:59:59,33.683465,-121.53896,Southern California,60.00025,0,6,15
CalCurCEAS_024,2024-11-24 15:00:00,33.67931437,-121.53800304,Southern California,16.000083,0,1,1
CalCurCEAS_025,2024-11-20 16:00:00,32.6905,-120.4281,Southern California,17.983333,0,0,1
CalCurCEAS_025,2024-11-20 16:59:59,32.690435,-120.4295,Southern California,60.0005,0,0,4
CalCurCEAS_025,2024-11-20 18:00:00,32.690955,-120.432365,Southern California,60.0005,0,2,6
CalCurCEAS_025,2024-11-20 19:00:00,32.691565,-120.435615,Southern California,60.000208,0,9,17
CalCurCEAS_025,2024-11-20 19:59:59,32.69288,-120.43784,Southern California,60.000458,0,1,52
CalCurCEAS_025,2024-11-20 21:00:00,32.694885,-120.440615,Southern California,60.000375,0,0,88
CalCurCEAS_025,2024-11-20 22:00:00,32.697045,-120.441605,Southern California,60.000333,0,1,39
CalCurCEAS_025,2024-11-20 22:59:59,32.698645,-120.440275,Southern California,60.000458,0,0,8
CalCurCEAS_025,2024-11-21 00:00:00,32.699075,-120.438425,Southern California,60.000417,0,0,34
CalCurCEAS_025,2024-11-21 01:00:00,32.698055,-120.436465,Southern California,60.000292,0,0,15
CalCurCEAS_025,2024-11-21 01:59:59,32.6967,-120.43518,Southern California,60.000458,0,0,1
CalCurCEAS_025,2024-11-21 03:00:00,32.69481,-120.43361,Southern California,60.000375,1,2,24
CalCurCEAS_025,2024-11-21 04:00:00,32.69174,-120.432475,Southern California,60.000417,3,3,71
CalCurCEAS_025,2024-11-21 04:59:59,32.68916,-120.433705,Southern California,60.0005,3,0,23
CalCurCEAS_025,2024-11-21 06:00:00,32.68907,-120.43543,Southern California,60.000375,10,7,18
CalCurCEAS_025,2024-11-21 07:00:00,32.68962,-120.43927,Southern California,60.000458,9,5,19
CalCurCEAS_025,2024-11-21 07:59:59,32.691875,-120.444285,Southern California,60.00025,6,7,1
CalCurCEAS_025,2024-11-21 09:00:00,32.696005,-120.449295,Southern California,60.000417,8,13,8
CalCurCEAS_025,2024-11-21 10:00:00,32.70071,-120.452825,Southern California,60.000417,6,6,3
CalCurCEAS_025,2024-11-21 10:59:59,32.70502,-120.45676,Southern California,60.000333,2,10,16
CalCurCEAS_025,2024-11-21 12:00:00,32.710165,-120.459625,Southern California,60.000458,2,5,7
CalCurCEAS_025,2024-11-21 13:00:00,32.716725,-120.46046,Southern California,60.000375,9,1,0
CalCurCEAS_025,2024-11-21 13:59:59,32.72066,-120.45831,Southern California,60.000458,0,0,0
CalCurCEAS_025,2024-11-21 15:00:00,32.72181,-120.45491,Southern California,60.000417,0,0,4
CalCurCEAS_025,2024-11-21 16:00:00,32.72101,-120.45028,Southern California,60.000375,1,1,13
CalCurCEAS_025,2024-11-21 16:59:59,32.719035,-120.44804,Southern California,60.000375,2,4,2
CalCurCEAS_025,2024-11-21 18:00:00,32.71686,-120.446845,Southern California,60.000375,9,11,56
CalCurCEAS_025,2024-11-21 19:00:00,32.71502,-120.44719,Southern California,60.000417,3,7,6
CalCurCEAS_025,2024-11-21 19:59:59,32.71471,-120.45118,Southern California,59.983792,17,4,59
CalCurCEAS_025,2024-11-21 21:00:00,32.715685,-120.4566,Southern California,60.000208,12,17,38
CalCurCEAS_025,2024-11-21 22:00:00,32.71838,-120.464445,Southern California,60.0005,1,22,46
CalCurCEAS_025,2024-11-21 22:59:59,32.721765,-120.46949,Southern California,60.000417,5,11,47
CalCurCEAS_025,2024-11-22 00:00:00,32.726055,-120.473835,Southern California,60.000375,21,22,32
CalCurCEAS_025,2024-11-22 01:00:00,32.73153,-120.47513,Southern California,60.000417,19,6,7
CalCurCEAS_025,2024-11-22 01:59:59,32.73904,-120.47429,Southern California,60.000417,20,3,23
CalCurCEAS_025,2024-11-22 03:00:00,32.74295,-120.473445,Southern California,60.000375,3,4,1
CalCurCEAS_025,2024-11-22 04:00:00,32.74556,-120.4732,Southern California,60.0005,11,16,7
CalCurCEAS_025,2024-11-22 04:59:59,32.747675,-120.47235,Southern California,60.00025,16,13,1
CalCurCEAS_025,2024-11-22 06:00:00,32.74953333,-120.47073,Southern California,60.000417,16,9,4
CalCurCEAS_025,2024-11-22 07:00:00,32.75064,-120.46951,Southern California,60.000375,5,7,0
CalCurCEAS_025,2024-11-22 07:59:59,32.752715,-120.4704,Southern California,60.0005,3,6,2
CalCurCEAS_025,2024-11-22 09:00:00,32.7558,-120.47161,Southern California,60.00025,9,4,11
CalCurCEAS_025,2024-11-22 10:00:00,32.760015,-120.474345,Southern California,60.0005,3,1,3
CalCurCEAS_025,2024-11-22 10:59:59,32.7654,-120.47736,Southern California,60.000417,0,5,6
CalCurCEAS_025,2024-11-22 12:00:00,32.77036,-120.47837,Southern California,60.000458,0,18,0
CalCurCEAS_025,2024-11-22 13:00:00,32.774685,-120.477725,Southern California,60.000417,1,21,6
CalCurCEAS_025,2024-11-22 13:59:59,32.777535,-120.47659,Southern California,60.0005,5,11,2
CalCurCEAS_025,2024-11-22 15:00:00,32.77886,-120.47582,Southern California,60.000333,4,16,1
CalCurCEAS_025,2024-11-22 16:00:00,32.779965,-120.475795,Southern California,60.000375,9,32,3
CalCurCEAS_025,2024-11-22 16:59:59,32.78118,-120.47777,Southern California,60.000375,4,20,27
CalCurCEAS_025,2024-11-22 18:00:00,32.78196,-120.48004,Southern California,60.000333,2,19,72
CalCurCEAS_025,2024-11-22 19:00:00,32.783475,-120.48232,Southern California,60.000458,0,23,27
CalCurCEAS_025,2024-11-22 19:59:59,32.785675,-120.484635,Southern California,60.000375,0,27,21
CalCurCEAS_025,2024-11-22 21:00:00,32.78861,-120.48724,Southern California,60.000417,0,26,19
CalCurCEAS_025,2024-11-22 22:00:00,32.79119,-120.48961,Southern California,60.000458,0,30,13
CalCurCEAS_025,2024-11-22 22:59:59,32.794705,-120.492145,Southern California,60.000542,0,30,6
CalCurCEAS_025,2024-11-23 00:00:00,32.79791,-120.49423,Southern California,60.000417,0,20,18
CalCurCEAS_025,2024-11-23 01:00:00,32.80234,-120.495115,Southern California,59.995292,0,21,22
CalCurCEAS_025,2024-11-23 01:59:59,32.808465,-120.493355,Southern California,60.000542,5,7,7
CalCurCEAS_025,2024-11-23 03:00:00,32.81289,-120.4894,Southern California,60.000292,0,27,13
CalCurCEAS_025,2024-11-23 04:00:00,32.815355,-120.484195,Southern California,60.000375,0,12,10
CalCurCEAS_025,2024-11-23 04:59:59,32.81754,-120.47749,Southern California,59.99525,0,16,1
CalCurCEAS_025,2024-11-23 06:00:00,32.81762,-120.47599,Southern California,60.00025,1,21,7
CalCurCEAS_025,2024-11-23 07:00:00,32.817905,-120.47305,Southern California,60.000458,0,3,8
CalCurCEAS_025,2024-11-23 07:59:59,32.817845,-120.472545,Southern California,60.000375,2,19,2
CalCurCEAS_025,2024-11-23 09:00:00,32.81866,-120.47262,Southern California,60.000375,0,0,20
CalCurCEAS_025,2024-11-23 10:00:00,32.819905,-120.473715,Southern California,60.000417,0,0,7
CalCurCEAS_025,2024-11-23 10:59:59,32.8221,-120.475245,Southern California,60.000458,0,0,27
CalCurCEAS_025,2024-11-23 12:00:00,32.824835,-120.477115,Southern California,60.000208,0,2,11
CalCurCEAS_025,2024-11-23 13:00:00,32.82827,-120.47961,Southern California,60.000333,0,2,19
CalCurCEAS_025,2024-11-23 13:59:59,32.831925,-120.483115,Southern California,60.000417,0,0,23
CalCurCEAS_025,2024-11-23 15:00:00,32.83609,-120.48642,Southern California,60.000333,0,0,15
CalCurCEAS_025,2024-11-23 16:00:00,32.84029,-120.488065,Southern California,60.000542,0,1,10
CalCurCEAS_025,2024-11-23 16:59:59,32.84469,-120.489185,Southern California,60.000208,0,0,3
CalCurCEAS_025,2024-11-23 18:00:00,32.84856,-120.49034,Southern California,60.000458,0,1,2
CalCurCEAS_025,2024-11-23 19:00:00,32.856,-120.491995,Southern California,53.392042,0,0,5
CalCurCEAS_025,2024-11-23 21:00:00,32.863185,-120.488745,Southern California,27.1085,0,0,2
CalCurCEAS_025,2024-11-23 22:00:00,32.86507,-120.4874,Southern California,60.000458,0,0,2
CalCurCEAS_025,2024-11-23 22:59:59,32.867715,-120.486505,Southern California,60.000333,0,0,22
CalCurCEAS_025,2024-11-24 00:00:00,32.870125,-120.485065,Southern California,60.000375,0,0,4
CalCurCEAS_025,2024-11-24 01:00:00,32.87116,-120.48401,Southern California,60.000333,0,0,1
CalCurCEAS_025,2024-11-24 01:59:59,32.87132,-120.48421,Southern California,60.000333,0,0,28
CalCurCEAS_025,2024-11-24 03:00:00,32.87124,-120.4823,Southern California,60.000458,0,0,2
CalCurCEAS_025,2024-11-24 04:00:00,32.871385,-120.480545,Southern California,60.00025,0,0,1
CalCurCEAS_025,2024-11-24 04:59:59,32.870515,-120.47743,Southern California,60.000292,0,0,0
CalCurCEAS_025,2024-11-24 06:00:00,32.86935333,-120.47701,Southern California,60.000458,0,0,0
CalCurCEAS_025,2024-11-24 07:00:00,32.86911,-120.477895,Southern California,60.00025,0,0,3
CalCurCEAS_025,2024-11-24 07:59:59,32.8698,-120.47906,Southern California,60.000375,0,0,5
CalCurCEAS_025,2024-11-24 09:00:00,32.87087,-120.48057,Southern California,60.000292,0,1,23
CalCurCEAS_025,2024-11-24 10:00:00,32.873645,-120.482835,Southern California,60.000333,0,1,1
CalCurCEAS_025,2024-11-24 10:59:59,32.87664,-120.48496,Southern California,60.000458,0,0,3
CalCurCEAS_025,2024-11-24 12:00:00,32.880795,-120.488155,Southern California,60.000375,0,0,6
CalCurCEAS_025,2024-11-24 13:00:00,32.88541,-120.491975,Southern California,60.000333,0,4,7
CalCurCEAS_025,2024-11-24 13:59:59,32.889665,-120.495105,Southern California,60.000375,3,10,3
CalCurCEAS_025,2024-11-24 15:00:00,32.89333,-120.49783,Southern California,60.000375,3,18,15
CalCurCEAS_025,2024-11-24 16:00:00,32.897825,-120.49976,Southern California,60.0005,0,5,30
CalCurCEAS_025,2024-11-24 16:59:59,32.90275,-120.49918,Southern California,60.000417,9,3,41
CalCurCEAS_025,2024-11-24 18:00:00,32.90655,-120.4977,Southern California,60.000417,0,2,39
CalCurCEAS_025,2024-11-24 19:00:00,32.91197,-120.49472,Southern California,60.000333,1,4,46
CalCurCEAS_025,2024-11-24 19:59:59,32.91575,-120.49188,Southern California,60.000333,0,1,23
CalCurCEAS_025,2024-11-24 21:00:00,32.91961,-120.489345,Southern California,60.000333,4,0,40
CalCurCEAS_025,2024-11-24 22:00:00,32.9225,-120.48766,Southern California,60.000417,0,0,67
CalCurCEAS_025,2024-11-24 22:59:59,32.92662,-120.48631,Southern California,60.000375,0,0,52
CalCurCEAS_025,2024-11-25 00:00:00,32.928195,-120.48662,Southern California,60.000417,0,0,72
CalCurCEAS_025,2024-11-25 01:00:00,32.93,-120.48672,Southern California,60.000333,0,0,10
CalCurCEAS_025,2024-11-25 01:59:59,32.93248,-120.48792,Southern California,60.0005,0,0,36
CalCurCEAS_025,2024-11-25 03:00:00,32.934845,-120.488605,Southern California,60.000292,0,1,62
CalCurCEAS_025,2024-11-25 04:00:00,32.93766,-120.4885,Southern California,60.000333,0,1,107
CalCurCEAS_025,2024-11-25 04:59:59,32.940155,-120.487845,Southern California,21.5085,0,1,34
CalCurCEAS_025,2024-11-25 07:59:59,32.94855,-120.482455,Southern California,31.891917,0,1,16
CalCurCEAS_025,2024-11-25 09:00:00,32.95056,-120.48142,Southern California,60.000458,0,3,45
CalCurCEAS_025,2024-11-25 10:00:00,32.95316,-120.481135,Southern California,60.000333,0,4,21
CalCurCEAS_025,2024-11-25 10:59:59,32.95571,-120.48167,Southern California,60.000417,0,0,54
CalCurCEAS_025,2024-11-25 12:00:00,32.958515,-120.484035,Southern California,60.000333,0,0,67
CalCurCEAS_025,2024-11-25 13:00:00,32.962575,-120.48747,Southern California,60.000458,1,8,75
CalCurCEAS_025,2024-11-25 13:59:59,32.967965,-120.49098,Southern California,60.000333,0,0,125
CalCurCEAS_025,2024-11-25 15:00:00,32.97393,-120.49369,Southern California,60.000417,0,14,80
CalCurCEAS_025,2024-11-25 16:00:00,32.98195,-120.495365,Southern California,60.000333,0,8,124
CalCurCEAS_025,2024-11-25 16:59:59,32.98799,-120.49459,Southern California,60.000417,0,5,74
CalCurCEAS_025,2024-11-25 18:00:00,32.992515,-120.49161,Southern California,60.000375,0,16,91
CalCurCEAS_025,2024-11-25 19:00:00,32.99719,-120.48673,Southern California,60.000375,0,6,128
CalCurCEAS_025,2024-11-25 19:59:59,33.0012,-120.48079,Southern California,60.000292,1,8,93
CalCurCEAS_025,2024-11-25 21:00:00,33.003825,-120.4768,Southern California,59.983583,0,6,48
CalCurCEAS_025,2024-11-25 22:00:00,33.00616,-120.47389,Southern California,60.000542,0,24,61
CalCurCEAS_025,2024-11-25 22:59:59,33.00862,-120.47176,Southern California,60.000417,2,8,33
CalCurCEAS_025,2024-11-26 00:00:00,33.010865,-120.470755,Southern California,60.0005,0,2,22
CalCurCEAS_025,2024-11-26 01:00:00,33.01396,-120.46981,Southern California,60.000333,0,3,72
CalCurCEAS_025,2024-11-26 01:59:59,33.015725,-120.47017,Southern California,60.00025,0,0,44
CalCurCEAS_025,2024-11-26 03:00:00,33.0174,-120.46998,Southern California,60.000417,1,1,39
CalCurCEAS_025,2024-11-26 04:00:00,33.01977,-120.468695,Southern California,60.000292,0,4,3
CalCurCEAS_025,2024-11-26 04:59:59,33.02164,-120.46687,Southern California,60.000417,0,7,1
CalCurCEAS_025,2024-11-26 06:00:00,33.02239333,-120.46410333,Southern California,60.000375,0,15,5
CalCurCEAS_025,2024-11-26 07:00:00,33.023135,-120.45993,Southern California,60.000417,0,4,8
CalCurCEAS_025,2024-11-26 07:59:59,33.02339,-120.45728,Southern California,60.000458,0,2,49
CalCurCEAS_025,2024-11-26 09:00:00,33.023975,-120.45331,Southern California,60.000375,0,12,0
CalCurCEAS_025,2024-11-26 10:00:00,33.02485,-120.45048,Southern California,60.000375,0,16,0
CalCurCEAS_025,2024-11-26 10:59:59,33.026,-120.448725,Southern California,60.0005,0,24,0
CalCurCEAS_025,2024-11-26 12:00:00,33.027065,-120.44762,Southern California,60.000458,0,13,0
CalCurCEAS_025,2024-11-26 13:00:00,33.02877,-120.447505,Southern California,60.000417,0,15,46
CalCurCEAS_025,2024-11-26 13:59:59,33.03038,-120.44908,Southern California,60.000458,0,1,44
CalCurCEAS_025,2024-11-26 15:00:00,33.03279,-120.4503,Southern California,60.000292,0,2,22
CalCurCEAS_025,2024-11-26 16:00:00,33.034255,-120.45069,Southern California,60.000417,0,11,20
CalCurCEAS_025,2024-11-26 16:59:59,33.035485,-120.45084,Southern California,60.000417,0,10,17
CalCurCEAS_025,2024-11-26 18:00:00,33.036555,-120.449145,Southern California,60.000375,1,17,9
CalCurCEAS_025,2024-11-26 19:00:00,33.03767,-120.44618,Southern California,60.000375,1,30,46
CalCurCEAS_025,2024-11-26 19:59:59,33.03866,-120.44187,Southern California,60.000333,0,27,109
CalCurCEAS_025,2024-11-26 21:00:00,33.03949,-120.43391,Southern California,60.000458,0,21,70
CalCurCEAS_025,2024-11-26 22:00:00,33.03897,-120.42955,Southern California,60.000417,0,19,46
CalCurCEAS_025,2024-11-26 22:59:59,33.03791,-120.42466,Southern California,60.000167,0,23,21
CalCurCEAS_025,2024-11-27 00:00:00,33.03687,-120.42241,Southern California,60.000292,0,28,9
CalCurCEAS_025,2024-11-27 01:00:00,33.035585,-120.421915,Southern California,60.000292,0,1,51
CalCurCEAS_025,2024-11-27 01:59:59,33.03532,-120.42361,Southern California,60.000375,0,20,146
CalCurCEAS_025,2024-11-27 03:00:00,33.03535,-120.42535,Southern California,60.000375,0,7,159
CalCurCEAS_025,2024-11-27 04:00:00,33.035345,-120.427505,Southern California,60.000292,0,0,30
CalCurCEAS_025,2024-11-27 04:59:59,33.0352025,-120.42864417,Southern California,60.00025,0,1,28
CalCurCEAS_025,2024-11-27 06:00:00,33.03506,-120.42978333,Southern California,60.0005,0,1,9
CalCurCEAS_025,2024-11-27 07:00:00,33.034235,-120.429435,Southern California,60.000375,0,1,9
CalCurCEAS_025,2024-11-27 07:59:59,33.034155,-120.42762,Southern California,60.000292,0,0,58
CalCurCEAS_025,2024-11-27 09:00:00,33.03417,-120.42576,Southern California,60.000458,0,0,58
CalCurCEAS_025,2024-11-27 10:00:00,33.033775,-120.42358,Southern California,60.000458,0,0,118
CalCurCEAS_025,2024-11-27 10:59:59,33.03216,-120.419235,Southern California,60.000333,0,0,178
CalCurCEAS_025,2024-11-27 12:00:00,33.03041,-120.41599,Southern California,60.000417,0,3,147
CalCurCEAS_025,2024-11-27 13:00:00,33.02866,-120.41551,Southern California,60.000333,0,0,161
CalCurCEAS_025,2024-11-27 13:59:59,33.02693,-120.417765,Southern California,60.000333,0,0,90
CalCurCEAS_025,2024-11-27 15:00:00,33.025205,-120.42155,Southern California,60.000375,0,2,43
CalCurCEAS_025,2024-11-27 16:00:00,33.02455,-120.42522,Southern California,60.000458,0,6,26
CalCurCEAS_025,2024-11-27 16:59:59,33.024885,-120.427645,Southern California,60.000542,0,42,18
CalCurCEAS_025,2024-11-27 18:00:00,33.025105,-120.42828,Southern California,60.00025,0,28,30
CalCurCEAS_025,2024-11-27 19:00:00,33.02508,-120.42743,Southern California,60.000417,0,2,31
CalCurCEAS_025,2024-11-27 19:59:59,33.02403,-120.425095,Southern California,60.000542,0,6,50
CalCurCEAS_025,2024-11-27 21:00:00,33.0216,-120.4205,Southern California,60.0005,0,4,109
CalCurCEAS_025,2024-11-27 22:00:00,33.01916,-120.4155,Southern California,60.000375,0,3,84
CalCurCEAS_025,2024-11-27 22:59:59,33.01629,-120.40996,Southern California,60.000375,0,11,54
CalCurCEAS_025,2024-11-28 00:00:00,33.01308,-120.40475,Southern California,60.00025,0,0,9
CalCurCEAS_025,2024-11-28 01:00:00,33.01076,-120.40269,Southern California,60.000375,0,0,41
CalCurCEAS_025,2024-11-28 01:59:59,33.008715,-120.402755,Southern California,60.000375,0,1,16
CalCurCEAS_025,2024-11-28 03:00:00,33.00655,-120.404505,Southern California,60.000375,0,2,8
CalCurCEAS_025,2024-11-28 04:00:00,33.00511,-120.40599,Southern California,60.000417,0,1,26
CalCurCEAS_025,2024-11-28 04:59:59,33.003735,-120.407895,Southern California,60.000375,0,5,74
CalCurCEAS_025,2024-11-28 06:00:00,33.00229333,-120.40887,Southern California,60.000333,0,10,32
CalCurCEAS_025,2024-11-28 07:00:00,32.99936,-120.409285,Southern California,60.000458,0,2,32
CalCurCEAS_025,2024-11-28 07:59:59,32.9975,-120.40698,Southern California,60.0005,1,10,52
CalCurCEAS_025,2024-11-28 09:00:00,32.99506,-120.402775,Southern California,60.000375,2,20,10
CalCurCEAS_025,2024-11-28 10:00:00,32.99234,-120.39771,Southern California,60.000417,7,29,4
CalCurCEAS_025,2024-11-28 10:59:59,32.98986,-120.39381,Southern California,60.000458,0,11,25
CalCurCEAS_025,2024-11-28 12:00:00,32.9854,-120.38677,Southern California,60.000333,0,19,14
CalCurCEAS_025,2024-11-28 13:00:00,32.9815,-120.382445,Southern California,60.000417,0,17,22
CalCurCEAS_025,2024-11-28 13:59:59,32.975695,-120.38104,Southern California,60.000375,0,18,17
CalCurCEAS_025,2024-11-28 15:00:00,32.97024,-120.38293,Southern California,60.000458,0,3,19
CalCurCEAS_025,2024-11-28 16:00:00,32.966725,-120.38565,Southern California,60.000458,1,6,16
CalCurCEAS_025,2024-11-28 16:59:59,32.96337,-120.3893,Southern California,60.000375,6,2,5
CalCurCEAS_025,2024-11-28 18:00:00,32.96179,-120.39091,Southern California,60.000292,3,4,4
CalCurCEAS_025,2024-11-28 19:00:00,32.95959,-120.39124,Southern California,60.000417,0,1,22
CalCurCEAS_025,2024-11-28 19:59:59,32.95523,-120.386895,Southern California,60.000292,1,9,15
CalCurCEAS_025,2024-11-28 21:00:00,32.95162,-120.37964,Southern California,60.0005,0,7,7
CalCurCEAS_025,2024-11-28 22:00:00,32.948205,-120.37292,Southern California,60.000417,4,23,47
CalCurCEAS_025,2024-11-28 22:59:59,32.942355,-120.36342,Southern California,60.000333,6,38,38
CalCurCEAS_025,2024-11-29 00:00:00,32.935655,-120.354055,Southern California,59.88175,7,27,53
CalCurCEAS_025,2024-11-29 01:00:00,32.929535,-120.348005,Southern California,60.000292,3,22,41
CalCurCEAS_025,2024-11-29 01:59:59,32.9241,-120.34589,Southern California,60.0005,0,20,60
CalCurCEAS_025,2024-11-29 03:00:00,32.919935,-120.345345,Southern California,60.000417,0,4,90
CalCurCEAS_025,2024-11-29 04:00:00,32.91509,-120.34553,Southern California,60.000542,0,3,46
CalCurCEAS_025,2024-11-29 04:59:59,32.910705,-120.347525,Southern California,60.000458,0,0,87
CalCurCEAS_025,2024-11-29 06:00:00,32.90792667,-120.34863333,Southern California,60.000417,0,1,120
CalCurCEAS_025,2024-11-29 07:00:00,32.90473,-120.34954,Southern California,60.000458,1,4,80
CalCurCEAS_025,2024-11-29 07:59:59,32.90349,-120.34856,Southern California,60.00025,0,8,64
CalCurCEAS_025,2024-11-29 09:00:00,32.901555,-120.34322,Southern California,60.000375,0,6,59
CalCurCEAS_025,2024-11-29 10:00:00,32.898175,-120.33689,Southern California,60.000333,0,0,31
CalCurCEAS_025,2024-11-29 10:59:59,32.89431,-120.33139,Southern California,60.000375,0,0,74
CalCurCEAS_025,2024-11-29 12:00:00,32.890115,-120.325735,Southern California,60.000542,0,0,95
CalCurCEAS_025,2024-11-29 13:00:00,32.883655,-120.31953,Southern California,60.000292,0,0,135
CalCurCEAS_025,2024-11-29 13:59:59,32.87944,-120.31546,Southern California,60.000292,1,0,150
CalCurCEAS_025,2024-11-29 15:00:00,32.874895,-120.31376,Southern California,59.983667,1,0,218
CalCurCEAS_025,2024-11-29 16:00:00,32.87029,-120.3128,Southern California,60.0005,2,0,198
CalCurCEAS_025,2024-11-29 16:59:59,32.866465,-120.313275,Southern California,60.000458,3,0,96
CalCurCEAS_025,2024-11-29 18:00:00,32.86295,-120.31456,Southern California,60.000375,0,7,31
CalCurCEAS_025,2024-11-29 19:00:00,32.85997,-120.316325,Southern California,60.000292,0,3,80
CalCurCEAS_025,2024-11-29 19:59:59,32.85787,-120.31658,Southern California,60.000458,3,2,91
CalCurCEAS_025,2024-11-29 21:00:00,32.85624,-120.314345,Southern California,60.000375,16,7,26
CalCurCEAS_025,2024-11-29 22:00:00,32.85441,-120.308275,Southern California,60.000375,13,10,19
CalCurCEAS_025,2024-11-29 22:59:59,32.85101,-120.29954,Southern California,60.000458,2,7,29
CalCurCEAS_025,2024-11-30 00:00:00,32.8463725,-120.2919825,Southern California,60.000417,5,10,50
CalCurCEAS_025,2024-11-30 01:00:00,32.841735,-120.284425,Southern California,60.000375,1,2,66
CalCurCEAS_025,2024-11-30 01:59:59,32.837685,-120.27949,Southern California,60.000417,6,5,94
CalCurCEAS_025,2024-11-30 03:00:00,32.83309,-120.274855,Southern California,60.000583,4,2,35
CalCurCEAS_025,2024-11-30 04:00:00,32.82932,-120.27223,Southern California,60.0005,6,4,52
CalCurCEAS_025,2024-11-30 04:59:59,32.826415,-120.2718,Southern California,60.000333,1,8,31
CalCurCEAS_025,2024-11-30 06:00:00,32.82212,-120.27268333,Southern California,60.000458,0,2,47
CalCurCEAS_025,2024-11-30 07:00:00,32.81982,-120.27388,Southern California,60.000333,0,0,32
CalCurCEAS_025,2024-11-30 07:59:59,32.81922,-120.27436,Southern California,60.000333,0,2,50
CalCurCEAS_025,2024-11-30 09:00:00,32.8188,-120.273435,Southern California,60.00025,0,7,14
CalCurCEAS_025,2024-11-30 10:00:00,32.81816,-120.27095,Southern California,60.000417,0,0,52
CalCurCEAS_025,2024-11-30 10:59:59,32.81746,-120.26791,Southern California,60.000458,3,0,102
CalCurCEAS_025,2024-11-30 12:00:00,32.81646,-120.263975,Southern California,60.0005,3,0,198
CalCurCEAS_025,2024-11-30 13:00:00,32.81481,-120.25548,Southern California,60.000375,12,8,123
CalCurCEAS_025,2024-11-30 13:59:59,32.81328,-120.24952,Southern California,60.000458,16,19,30
CalCurCEAS_025,2024-11-30 15:00:00,32.81191,-120.24712,Southern California,60.000375,10,10,58
CalCurCEAS_025,2024-11-30 16:00:00,32.809895,-120.245005,Southern California,60.000417,0,1,166
CalCurCEAS_025,2024-11-30 16:59:59,32.807665,-120.2433,Southern California,60.000458,0,2,159
CalCurCEAS_025,2024-11-30 18:00:00,32.80529,-120.242035,Southern California,60.0005,0,0,185
CalCurCEAS_025,2024-11-30 19:00:00,32.80272,-120.24244,Southern California,60.000458,2,0,65
CalCurCEAS_025,2024-11-30 19:59:59,32.800115,-120.24251,Southern California,60.000333,0,1,54
CalCurCEAS_025,2024-11-30 21:00:00,32.79748,-120.24154,Southern California,60.000333,11,13,57
CalCurCEAS_025,2024-11-30 22:00:00,32.795055,-120.239145,Southern California,60.0005,7,24,53
CalCurCEAS_025,2024-11-30 22:59:59,32.79333,-120.23624,Southern California,60.000458,3,9,106
CalCurCEAS_025,2024-12-01 00:00:00,32.79147,-120.2334,Southern California,60.0005,0,13,53
CalCurCEAS_025,2024-12-01 01:00:00,32.79116,-120.23021,Southern California,60.000375,1,14,26
CalCurCEAS_025,2024-12-01 01:59:59,32.790735,-120.224825,Southern California,60.000458,5,27,63
CalCurCEAS_025,2024-12-01 03:00:00,32.78938,-120.21646,Southern California,60.000458,2,12,58
CalCurCEAS_025,2024-12-01 04:00:00,32.788215,-120.212145,Southern California,60.000417,1,18,136
CalCurCEAS_025,2024-12-01 04:59:59,32.78681,-120.20976,Southern California,60.000375,0,6,116
CalCurCEAS_025,2024-12-01 06:00:00,32.78546,-120.20844,Southern California,60.000333,10,14,52
CalCurCEAS_025,2024-12-01 07:00:00,32.78362,-120.20736,Southern California,60.000333,1,0,122
CalCurCEAS_025,2024-12-01 07:59:59,32.78167,-120.20635,Southern California,60.00025,0,0,140
CalCurCEAS_025,2024-12-01 09:00:00,32.781345,-120.20548,Southern California,60.00025,0,0,148
CalCurCEAS_025,2024-12-01 10:00:00,32.781855,-120.205535,Southern California,60.000542,0,3,126
CalCurCEAS_025,2024-12-01 10:59:59,32.78297,-120.20547,Southern California,60.000375,0,1,81
CalCurCEAS_025,2024-12-01 12:00:00,32.784315,-120.204755,Southern California,60.000292,2,17,54
CalCurCEAS_025,2024-12-01 13:00:00,32.78673,-120.2006,Southern California,60.000208,2,10,83
CalCurCEAS_025,2024-12-01 13:59:59,32.787575,-120.1965,Southern California,60.000208,2,1,44
CalCurCEAS_025,2024-12-01 15:00:00,32.789015,-120.193475,Southern California,60.000417,0,3,55
CalCurCEAS_025,2024-12-01 16:00:00,32.79075,-120.19266,Southern California,60.000333,0,12,63
CalCurCEAS_025,2024-12-01 16:59:59,32.79209,-120.19209,Southern California,60.00025,0,1,82
CalCurCEAS_025,2024-12-01 18:00:00,32.7932,-120.190325,Southern California,60.000583,0,1,76
CalCurCEAS_025,2024-12-01 19:00:00,32.79374,-120.18828,Southern California,60.000458,0,0,80
CalCurCEAS_025,2024-12-01 19:59:59,32.793435,-120.18471,Southern California,60.000542,0,1,153
CalCurCEAS_025,2024-12-01 21:00:00,32.791675,-120.180665,Southern California,60.000333,0,1,79
CalCurCEAS_025,2024-12-01 22:00:00,32.78957,-120.17777,Southern California,60.000375,0,0,145
CalCurCEAS_025,2024-12-01 22:59:59,32.78782,-120.1753,Southern California,55.20875,0,0,103
CalCurCEAS_025,2024-12-02 00:00:00,32.78683,-120.17271,Southern California,23.3585,0,0,39
CalCurCEAS_025,2024-12-02 01:00:00,32.78629,-120.1698,Southern California,60.000333,0,0,91
CalCurCEAS_025,2024-12-02 01:59:59,32.786185,-120.165635,Southern California,60.000417,0,0,41
CalCurCEAS_025,2024-12-02 03:00:00,32.78611,-120.16217,Southern California,60.000417,0,0,113
CalCurCEAS_025,2024-12-02 04:00:00,32.785555,-120.158545,Southern California,60.000375,0,0,135
CalCurCEAS_025,2024-12-02 04:59:59,32.784285,-120.155075,Southern California,60.000417,0,0,199
CalCurCEAS_025,2024-12-02 06:00:00,32.783305,-120.153995,Southern California,60.000417,0,0,89
CalCurCEAS_025,2024-12-02 07:00:00,32.781895,-120.153975,Southern California,60.000458,0,0,95
CalCurCEAS_025,2024-12-02 07:59:59,32.781635,-120.154985,Southern California,60.000375,0,0,110
CalCurCEAS_025,2024-12-02 09:00:00,32.78202,-120.1558,Southern California,60.000417,0,0,66
CalCurCEAS_025,2024-12-02 10:00:00,32.782435,-120.156325,Southern California,60.000333,0,0,87
CalCurCEAS_025,2024-12-02 10:59:59,32.78385,-120.155665,Southern California,60.000417,0,0,89
CalCurCEAS_025,2024-12-02 12:00:00,32.78477,-120.15507,Southern California,60.000333,0,0,21
CalCurCEAS_025,2024-12-02 13:00:00,32.78643,-120.15512,Southern California,60.000375,0,0,104
CalCurCEAS_025,2024-12-02 13:59:59,32.78925,-120.155195,Southern California,60.000333,0,1,35
CalCurCEAS_025,2024-12-02 15:00:00,32.791825,-120.155895,Southern California,60.000292,0,0,146
CalCurCEAS_025,2024-12-02 16:00:00,32.794195,-120.154555,Southern California,60.000333,0,0,81
CalCurCEAS_025,2024-12-02 16:59:59,32.79557,-120.15176,Southern California,60.000417,0,0,57
CalCurCEAS_025,2024-12-02 18:00:00,32.796085,-120.14909,Southern California,60.000417,0,0,12
CalCurCEAS_025,2024-12-02 19:00:00,32.79646,-120.14704,Southern California,60.000458,0,3,10
CalCurCEAS_025,2024-12-02 19:59:59,32.79578,-120.14492,Southern California,60.000333,0,0,38
CalCurCEAS_025,2024-12-02 21:00:00,32.79453,-120.143885,Southern California,60.0005,0,8,22
CalCurCEAS_025,2024-12-02 22:00:00,32.793095,-120.14229,Southern California,60.000333,0,10,20
CalCurCEAS_025,2024-12-02 22:59:59,32.79156,-120.13979,Southern California,60.000375,0,4,45
CalCurCEAS_025,2024-12-03 00:00:00,32.78894,-120.13762,Southern California,60.000333,0,19,23
CalCurCEAS_025,2024-12-03 01:00:00,32.786885,-120.13552,Southern California,60.000417,0,7,8
CalCurCEAS_025,2024-12-03 01:59:59,32.78539,-120.13475,Southern California,60.00025,0,3,2
CalCurCEAS_025,2024-12-03 03:00:00,32.78493,-120.133535,Southern California,60.000417,2,8,16
CalCurCEAS_025,2024-12-03 04:00:00,32.784645,-120.131005,Southern California,60.000375,1,10,45
CalCurCEAS_025,2024-12-03 04:59:59,32.784305,-120.12695,Southern California,60.000458,0,0,31
CalCurCEAS_025,2024-12-03 06:00:00,32.78355,-120.125445,Southern California,60.000458,0,2,46
CalCurCEAS_025,2024-12-03 07:00:00,32.781265,-120.12211,Southern California,60.000375,0,24,61
CalCurCEAS_025,2024-12-03 07:59:59,32.778305,-120.120025,Southern California,60.000417,0,0,31
CalCurCEAS_025,2024-12-03 09:00:00,32.775355,-120.120685,Southern California,60.000292,0,0,98
CalCurCEAS_025,2024-12-03 10:00:00,32.77357,-120.12239,Southern California,59.983792,0,0,125
CalCurCEAS_025,2024-12-03 10:59:59,32.773465,-120.12313,Southern California,60.000375,0,2,70
CalCurCEAS_025,2024-12-03 12:00:00,32.77246,-120.12445,Southern California,59.928917,1,6,22
CalCurCEAS_025,2024-12-03 13:00:00,32.77254,-120.12416,Southern California,60.000375,4,6,21
CalCurCEAS_025,2024-12-03 13:59:59,32.77295,-120.12329,Southern California,60.000417,3,9,56
CalCurCEAS_025,2024-12-03 15:00:00,32.77299,-120.12357,Southern California,60.000333,2,0,6
CalCurCEAS_025,2024-12-03 16:00:00,32.7729,-120.12385,Southern California,60.000375,0,0,2
CalCurCEAS_025,2024-12-03 16:59:59,32.77375714,-120.12240844,Southern California,15.000042,0,0,0
CalCurCEAS_026,2024-11-22 13:59:59,32.94291,-121.57151,Southern California,23.966792,0,10,1
CalCurCEAS_026,2024-11-22 15:00:00,32.9358,-121.57325,Southern California,60.000417,0,7,23
CalCurCEAS_026,2024-11-22 16:00:00,32.923955,-121.57518,Southern California,60.000542,0,2,15
CalCurCEAS_026,2024-11-22 16:59:59,32.90856,-121.576705,Southern California,59.997667,0,2,3
CalCurCEAS_026,2024-11-22 18:00:00,32.89422,-121.578905,Southern California,60.00025,0,0,19
CalCurCEAS_026,2024-11-22 19:00:00,32.88263,-121.58114,Southern California,59.996583,0,4,20
CalCurCEAS_026,2024-11-22 19:59:59,32.87202,-121.58314,Southern California,60.000333,0,0,1
CalCurCEAS_026,2024-11-22 21:00:00,32.859415,-121.587105,Southern California,60.000333,0,1,0
CalCurCEAS_026,2024-11-22 22:00:00,32.84759,-121.59069,Southern California,60.000375,0,3,2
CalCurCEAS_026,2024-11-22 22:59:59,32.838445,-121.593035,Southern California,60.000333,0,0,2
CalCurCEAS_026,2024-11-23 00:00:00,32.82808,-121.59627,Southern California,60.000333,0,8,0
CalCurCEAS_026,2024-11-23 01:00:00,32.82042,-121.59672,Southern California,60.000417,0,1,2
CalCurCEAS_026,2024-11-23 01:59:59,32.803925,-121.59831,Southern California,60.000417,0,2,4
CalCurCEAS_026,2024-11-23 03:00:00,32.79093,-121.60026,Southern California,59.982167,0,8,10
CalCurCEAS_026,2024-11-23 04:00:00,32.77697,-121.603705,Southern California,60.000458,0,0,6
CalCurCEAS_026,2024-11-23 04:59:59,32.761925,-121.608375,Southern California,40.591958,0,0,0
CalCurCEAS_026,2024-11-23 07:00:00,32.73545,-121.618155,Southern California,28.841792,0,0,0
CalCurCEAS_026,2024-11-23 07:59:59,32.724975,-121.62451,Southern California,60.000417,0,0,4
CalCurCEAS_026,2024-11-23 09:00:00,32.71781,-121.63018,Southern California,60.000458,0,0,4
CalCurCEAS_026,2024-11-23 10:00:00,32.709635,-121.636505,Southern California,60.000458,0,0,0
CalCurCEAS_026,2024-11-23 10:59:59,32.699055,-121.6451,Southern California,60.0005,0,4,0
CalCurCEAS_026,2024-11-23 12:00:00,32.69129,-121.6509,Southern California,60.000333,0,2,2
CalCurCEAS_026,2024-11-23 13:00:00,32.68298,-121.657725,Southern California,60.000542,0,0,1
CalCurCEAS_026,2024-11-23 13:59:59,32.672575,-121.66733,Southern California,60.000417,0,0,0
CalCurCEAS_026,2024-11-23 15:00:00,32.66565,-121.67466,Southern California,60.0005,0,0,0
CalCurCEAS_026,2024-11-23 16:00:00,32.655405,-121.68233,Southern California,60.000375,0,1,1
CalCurCEAS_026,2024-11-23 16:59:59,32.64596,-121.68938,Southern California,60.000333,0,2,0
CalCurCEAS_026,2024-11-23 18:00:00,32.63677,-121.69734,Southern California,60.000458,0,1,1
CalCurCEAS_026,2024-11-23 19:00:00,32.62717,-121.70592,Southern California,60.000375,0,5,0
CalCurCEAS_026,2024-11-23 19:59:59,32.617505,-121.71444,Southern California,60.000458,0,4,0
CalCurCEAS_026,2024-11-23 21:00:00,32.60614,-121.722815,Southern California,60.000292,0,13,0
CalCurCEAS_026,2024-11-23 22:00:00,32.59538,-121.73229,Southern California,60.0005,0,9,0
CalCurCEAS_026,2024-11-23 22:59:59,32.58653,-121.73997,Southern California,60.00025,0,0,0
CalCurCEAS_026,2024-11-24 00:00:00,32.57223,-121.75637,Southern California,60.000458,0,0,0
CalCurCEAS_026,2024-11-24 01:00:00,32.56315,-121.76829,Southern California,60.000333,0,0,0
CalCurCEAS_026,2024-11-24 01:59:59,32.55574,-121.78149,Southern California,60.000417,0,0,0
CalCurCEAS_026,2024-11-24 03:00:00,32.5494,-121.79335,Southern California,60.0005,0,0,1
CalCurCEAS_026,2024-11-24 04:00:00,32.54319,-121.805795,Southern California,60.000375,0,5,0
CalCurCEAS_026,2024-11-24 04:59:59,32.53754,-121.8181,Southern California,60.000417,0,1,0
CalCurCEAS_026,2024-11-24 06:00:00,32.535165,-121.82438,Southern California,60.000292,0,1,0
CalCurCEAS_026,2024-11-24 07:00:00,32.530795,-121.836425,Southern California,60.0005,0,4,0
CalCurCEAS_026,2024-11-24 07:59:59,32.52829,-121.84312,Southern California,60.000458,0,0,0
CalCurCEAS_026,2024-11-24 09:00:00,32.52412,-121.848715,Southern California,60.000375,0,14,0
CalCurCEAS_026,2024-11-24 10:00:00,32.519355,-121.85449,Southern California,60.000292,0,1,9
CalCurCEAS_026,2024-11-24 10:59:59,32.51378,-121.86172,Southern California,60.000417,0,1,2
CalCurCEAS_026,2024-11-24 12:00:00,32.50875,-121.86987,Southern California,60.000417,0,1,1
CalCurCEAS_026,2024-11-24 13:00:00,32.503835,-121.88038,Southern California,60.0005,0,0,4
CalCurCEAS_026,2024-11-24 13:59:59,32.50088,-121.8872,Southern California,60.000417,0,0,5
CalCurCEAS_026,2024-11-24 15:00:00,32.497045,-121.895425,Southern California,60.000292,0,1,2
CalCurCEAS_026,2024-11-24 16:00:00,32.49354,-121.90672,Southern California,60.000375,0,1,3
CalCurCEAS_026,2024-11-24 16:59:59,32.49247,-121.91136,Southern California,60.000375,0,2,0
CalCurCEAS_026,2024-11-24 18:00:00,32.49152,-121.9197,Southern California,60.000333,0,0,4
CalCurCEAS_026,2024-11-24 19:00:00,32.4902,-121.929345,Southern California,60.000375,0,0,4
CalCurCEAS_026,2024-11-24 19:59:59,32.4874,-121.93657,Southern California,60.000292,0,0,3
CalCurCEAS_026,2024-11-24 21:00:00,32.48345,-121.94429,Southern California,60.000417,0,0,9
CalCurCEAS_026,2024-11-24 22:00:00,32.480875,-121.95202,Southern California,60.000458,0,0,12
CalCurCEAS_026,2024-11-24 22:59:59,32.47897,-121.96054,Southern California,60.00025,0,0,8
CalCurCEAS_026,2024-11-25 00:00:00,32.47676,-121.97324,Southern California,60.000417,0,1,2
CalCurCEAS_026,2024-11-25 01:00:00,32.47569,-121.980655,Southern California,60.000375,0,0,7
CalCurCEAS_026,2024-11-25 01:59:59,32.47398,-121.98938,Southern California,60.000417,0,0,14
CalCurCEAS_026,2024-11-25 03:00:00,32.47215,-121.998945,Southern California,60.000417,0,4,4
CalCurCEAS_026,2024-11-25 04:00:00,32.472395,-122.010255,Southern California,60.000292,0,0,1
CalCurCEAS_026,2024-11-25 04:59:59,32.47302,-122.02415,Southern California,60.0005,0,3,18
CalCurCEAS_026,2024-11-25 06:00:00,32.47302,-122.028975,Southern California,60.000542,0,2,28
CalCurCEAS_026,2024-11-25 07:00:00,32.4727,-122.040395,Southern California,59.983792,0,2,21
CalCurCEAS_026,2024-11-25 07:59:59,32.47307,-122.051785,Southern California,60.000458,0,1,27
CalCurCEAS_026,2024-11-25 09:00:00,32.47284,-122.0604,Southern California,60.0005,1,2,1
CalCurCEAS_026,2024-11-25 10:00:00,32.47176,-122.06688,Southern California,60.000417,0,8,5
CalCurCEAS_026,2024-11-25 10:59:59,32.4723,-122.08194,Southern California,60.000333,0,3,1
CalCurCEAS_026,2024-11-25 12:00:00,32.47389,-122.08851,Southern California,60.000375,0,9,2
CalCurCEAS_026,2024-11-25 13:00:00,32.476575,-122.101525,Southern California,60.000292,0,3,2
CalCurCEAS_026,2024-11-25 13:59:59,32.47919,-122.112715,Southern California,60.000375,0,6,0
CalCurCEAS_026,2024-11-25 15:00:00,32.48254,-122.12226,Southern California,60.000417,0,9,2
CalCurCEAS_026,2024-11-25 16:00:00,32.48495,-122.12943,Southern California,60.000375,0,1,0
CalCurCEAS_026,2024-11-25 16:59:59,32.487135,-122.13372,Southern California,60.000417,0,7,5
CalCurCEAS_026,2024-11-25 18:00:00,32.48939,-122.13928,Southern California,60.000333,0,0,3
CalCurCEAS_026,2024-11-25 19:00:00,32.48976,-122.14439,Southern California,60.000375,0,24,1
CalCurCEAS_026,2024-11-25 19:59:59,32.49007,-122.150965,Southern California,60.0005,0,11,2
CalCurCEAS_026,2024-11-25 21:00:00,32.4887,-122.15812,Southern California,60.000458,0,19,0
CalCurCEAS_026,2024-11-25 22:00:00,32.48687,-122.16581,Southern California,60.000458,0,37,3
CalCurCEAS_026,2024-11-25 22:59:59,32.48606,-122.17355,Southern California,60.000333,0,9,0
CalCurCEAS_026,2024-11-26 00:00:00,32.485285,-122.18417,Southern California,60.000333,0,4,2
CalCurCEAS_026,2024-11-26 01:00:00,32.48472,-122.19511,Southern California,60.000458,0,14,9
CalCurCEAS_026,2024-11-26 01:59:59,32.485085,-122.2071,Southern California,60.000333,0,3,12
CalCurCEAS_026,2024-11-26 03:00:00,32.48685,-122.21702,Southern California,60.000417,0,17,0
CalCurCEAS_026,2024-11-26 04:00:00,32.489835,-122.225615,Southern California,60.000417,0,13,1
CalCurCEAS_026,2024-11-26 04:59:59,32.49229,-122.23381,Southern California,60.0005,0,6,0
CalCurCEAS_026,2024-11-26 06:00:00,32.493315,-122.238005,Southern California,60.000458,0,0,5
CalCurCEAS_026,2024-11-26 07:00:00,32.4957,-122.24934,Southern California,60.000458,0,2,0
CalCurCEAS_026,2024-11-26 07:59:59,32.495265,-122.256885,Southern California,60.000458,0,8,0
CalCurCEAS_026,2024-11-26 09:00:00,32.49511,-122.26264,Southern California,60.000417,0,14,2
CalCurCEAS_026,2024-11-26 10:00:00,32.49787,-122.271405,Southern California,60.000333,0,11,7
CalCurCEAS_026,2024-11-26 10:59:59,32.50237,-122.28034,Southern California,60.000375,0,20,1
CalCurCEAS_026,2024-11-26 12:00:00,32.50582,-122.28663,Southern California,60.000292,0,0,0
CalCurCEAS_026,2024-11-26 13:00:00,32.50769,-122.293625,Southern California,60.000375,0,0,0
CalCurCEAS_026,2024-11-26 13:59:59,32.51007,-122.30355,Southern California,60.000458,0,0,11
CalCurCEAS_026,2024-11-26 15:00:00,32.51202,-122.31094,Southern California,60.000333,0,25,0
CalCurCEAS_026,2024-11-26 16:00:00,32.513995,-122.31906,Southern California,60.000292,0,4,0
CalCurCEAS_026,2024-11-26 16:59:59,32.5156,-122.32646,Southern California,60.000458,0,0,0
CalCurCEAS_026,2024-11-26 18:00:00,32.51828,-122.334255,Southern California,60.000417,0,3,0
CalCurCEAS_026,2024-11-26 19:00:00,32.52042,-122.33993,Southern California,60.000375,0,10,0
CalCurCEAS_026,2024-11-26 19:59:59,32.5216,-122.34524,Southern California,60.000417,0,7,0
CalCurCEAS_026,2024-11-26 21:00:00,32.52222,-122.351505,Southern California,60.000458,0,13,1
CalCurCEAS_026,2024-11-26 22:00:00,32.522265,-122.358565,Southern California,60.00025,0,6,0
CalCurCEAS_026,2024-11-26 22:59:59,32.52375,-122.36793,Southern California,60.000375,0,26,0
CalCurCEAS_026,2024-11-27 00:00:00,32.525125,-122.3774,Southern California,60.000417,0,43,0
CalCurCEAS_026,2024-11-27 01:00:00,32.52585,-122.38523,Southern California,60.000375,0,19,1
CalCurCEAS_026,2024-11-27 01:59:59,32.52718333,-122.39298,Southern California,60.0005,0,0,0
CalCurCEAS_026,2024-11-27 03:00:00,32.528485,-122.404495,Southern California,60.000375,0,0,0
CalCurCEAS_026,2024-11-27 04:00:00,32.53053,-122.41572,Southern California,60.000333,0,0,0
CalCurCEAS_026,2024-11-27 04:59:59,32.534315,-122.42545,Southern California,60.000542,0,9,0
CalCurCEAS_026,2024-11-27 06:00:00,32.53775,-122.43225,Southern California,60.000458,0,0,0
CalCurCEAS_026,2024-11-27 07:00:00,32.541735,-122.443505,Southern California,60.000458,0,0,0
CalCurCEAS_026,2024-11-27 07:59:59,32.54352,-122.45212,Southern California,60.0005,0,0,0
CalCurCEAS_026,2024-11-27 09:00:00,32.54576,-122.461875,Southern California,60.000292,0,0,0
CalCurCEAS_026,2024-11-27 10:00:00,32.55117,-122.47403,Southern California,60.000375,0,0,0
CalCurCEAS_026,2024-11-27 10:59:59,32.555,-122.48207,Southern California,60.000292,0,1,1
CalCurCEAS_026,2024-11-27 12:00:00,32.55868,-122.49136,Southern California,60.0005,0,0,0
CalCurCEAS_026,2024-11-27 13:00:00,32.561915,-122.50125,Southern California,60.000375,0,0,7
CalCurCEAS_026,2024-11-27 13:59:59,32.564465,-122.513885,Southern California,60.000417,0,1,0
CalCurCEAS_026,2024-11-27 15:00:00,32.56784,-122.5251,Southern California,60.000375,0,0,2
CalCurCEAS_026,2024-11-27 16:00:00,32.57189,-122.53552,Southern California,60.000458,0,0,0
CalCurCEAS_026,2024-11-27 16:59:59,32.578375,-122.54688,Southern California,60.000417,0,2,1
CalCurCEAS_026,2024-11-27 18:00:00,32.58472,-122.55564,Southern California,60.000333,0,0,0
CalCurCEAS_026,2024-11-27 19:00:00,32.5885,-122.5594,Southern California,60.000292,0,0,0
CalCurCEAS_026,2024-11-27 19:59:59,32.593695,-122.5678,Southern California,60.000417,0,0,2
CalCurCEAS_026,2024-11-27 21:00:00,32.598205,-122.576275,Southern California,60.000375,0,0,1
CalCurCEAS_026,2024-11-27 22:00:00,32.60221,-122.58356,Southern California,60.00025,0,0,0
CalCurCEAS_026,2024-11-27 22:59:59,32.605165,-122.5887,Southern California,60.000333,0,0,0
CalCurCEAS_026,2024-11-28 00:00:00,32.607475,-122.596275,Southern California,60.000333,0,0,0
CalCurCEAS_026,2024-11-28 01:00:00,32.609105,-122.605875,Southern California,60.000417,0,4,1
CalCurCEAS_026,2024-11-28 01:59:59,32.61191,-122.616725,Southern California,60.000458,0,5,0
CalCurCEAS_026,2024-11-28 03:00:00,32.61544,-122.62596,Southern California,60.000458,0,0,0
CalCurCEAS_026,2024-11-28 04:00:00,32.617835,-122.6357,Southern California,60.0005,0,0,9
CalCurCEAS_026,2024-11-28 04:59:59,32.62465,-122.65439,Southern California,60.000333,0,0,0
CalCurCEAS_026,2024-11-28 06:00:00,32.62648,-122.65818,Southern California,60.000417,0,0,0
CalCurCEAS_026,2024-11-28 07:00:00,32.6339,-122.672545,Southern California,60.000333,0,0,0
CalCurCEAS_026,2024-11-28 07:59:59,32.641855,-122.688115,Southern California,60.0005,0,0,0
CalCurCEAS_026,2024-11-28 09:00:00,32.65117,-122.700815,Southern California,60.000292,0,5,0
CalCurCEAS_026,2024-11-28 10:00:00,32.65999,-122.71138,Southern California,60.000417,0,20,0
CalCurCEAS_026,2024-11-28 10:59:59,32.668955,-122.721835,Southern California,60.0005,0,0,0
CalCurCEAS_026,2024-11-28 12:00:00,32.68073,-122.73382,Southern California,60.000375,0,2,0
CalCurCEAS_026,2024-11-28 13:00:00,32.68868,-122.74185,Southern California,60.000375,0,2,1
CalCurCEAS_026,2024-11-28 13:59:59,32.69659,-122.747765,Southern California,60.00025,0,1,0
CalCurCEAS_026,2024-11-28 15:00:00,32.70617,-122.7545,Southern California,60.000375,0,0,1
CalCurCEAS_026,2024-11-28 16:00:00,32.71563,-122.76298,Southern California,60.000458,0,0,1
CalCurCEAS_026,2024-11-28 16:59:59,32.72246,-122.76966,Southern California,60.000333,0,3,0
CalCurCEAS_026,2024-11-28 18:00:00,32.729265,-122.777075,Southern California,60.000458,0,2,0
CalCurCEAS_026,2024-11-28 19:00:00,32.738645,-122.78801,Southern California,53.904417,0,1,0
CalCurCEAS_026,2024-11-28 19:59:59,32.74531,-122.7967,Southern California,60.000375,0,14,0
CalCurCEAS_026,2024-11-28 21:00:00,32.75327,-122.803825,Southern California,60.000458,0,8,0
CalCurCEAS_026,2024-11-28 22:00:00,32.76014,-122.81056,Southern California,60.0005,0,5,0
CalCurCEAS_026,2024-11-28 22:59:59,32.766575,-122.81892,Southern California,60.000333,0,5,0
CalCurCEAS_026,2024-11-29 00:00:00,32.77197,-122.82775,Southern California,60.000292,0,10,0
CalCurCEAS_026,2024-11-29 01:00:00,32.779725,-122.83781,Southern California,60.000458,0,10,0
CalCurCEAS_026,2024-11-29 01:59:59,32.79027,-122.848465,Southern California,60.000292,0,0,0
CalCurCEAS_026,2024-11-29 03:00:00,32.7991,-122.85736,Southern California,60.000417,0,4,0
CalCurCEAS_026,2024-11-29 04:00:00,32.81112,-122.86887,Southern California,60.000417,0,0,0
CalCurCEAS_026,2024-11-29 04:59:59,32.82264,-122.87792,Southern California,60.000208,0,0,0
CalCurCEAS_026,2024-11-29 06:00:00,32.83046,-122.88294,Southern California,60.000375,0,1,0
CalCurCEAS_026,2024-11-29 07:00:00,32.84988,-122.89342,Southern California,60.000292,0,16,1
CalCurCEAS_026,2024-11-29 07:59:59,32.86219,-122.89754,Southern California,60.000292,0,10,1
CalCurCEAS_026,2024-11-29 09:00:00,32.87081,-122.90049,Southern California,59.983708,0,3,0
CalCurCEAS_026,2024-11-29 10:00:00,32.8783,-122.904195,Southern California,60.0005,0,2,0
CalCurCEAS_026,2024-11-29 10:59:59,32.88832,-122.9094,Southern California,60.000458,0,0,0
CalCurCEAS_026,2024-11-29 12:00:00,32.89678,-122.91414,Southern California,60.000417,0,0,5
CalCurCEAS_026,2024-11-29 13:00:00,32.90742,-122.921605,Southern California,60.000417,0,1,0
CalCurCEAS_026,2024-11-29 13:59:59,32.919425,-122.930625,Southern California,60.000375,0,12,0
CalCurCEAS_026,2024-11-29 15:00:00,32.934305,-122.941235,Southern California,60.0005,0,5,0
CalCurCEAS_026,2024-11-29 16:00:00,32.94828,-122.94959,Southern California,60.000333,0,0,0
CalCurCEAS_026,2024-11-29 16:59:59,32.962355,-122.95594,Southern California,60.000375,0,3,3
CalCurCEAS_026,2024-11-29 18:00:00,32.97425,-122.96001,Southern California,60.000542,0,0,0
CalCurCEAS_026,2024-11-29 19:00:00,32.988245,-122.963255,Southern California,60.000333,0,0,2
CalCurCEAS_026,2024-11-29 19:59:59,33.00029,-122.96413,Southern California,60.000375,0,1,4
CalCurCEAS_026,2024-11-29 21:00:00,33.009925,-122.9624,Southern California,60.000333,0,1,1
CalCurCEAS_026,2024-11-29 22:00:00,33.019685,-122.962285,Southern California,60.000417,0,0,0
CalCurCEAS_026,2024-11-29 22:59:59,33.02819,-122.96373,Southern California,60.000333,0,3,0
CalCurCEAS_026,2024-11-30 00:00:00,33.03611,-122.96669,Southern California,60.000417,0,2,0
CalCurCEAS_026,2024-11-30 01:00:00,33.04652,-122.97104,Southern California,60.0005,0,1,0
CalCurCEAS_026,2024-11-30 01:59:59,33.05462,-122.974445,Southern California,60.000542,0,1,0
CalCurCEAS_026,2024-11-30 03:00:00,33.066975,-122.979175,Southern California,60.000375,0,0,0
CalCurCEAS_026,2024-11-30 04:00:00,33.08207,-122.98423,Southern California,60.000458,0,2,1
CalCurCEAS_026,2024-11-30 04:59:59,33.0941,-122.98821,Southern California,60.000458,0,0,3
CalCurCEAS_026,2024-11-30 06:00:00,33.10269,-122.99040667,Southern California,60.0005,0,11,0
CalCurCEAS_026,2024-11-30 07:00:00,33.11726,-122.993025,Southern California,60.000333,0,0,0
CalCurCEAS_026,2024-11-30 07:59:59,33.131825,-122.99498,Southern California,60.000333,0,0,2
CalCurCEAS_026,2024-11-30 09:00:00,33.145705,-122.99562,Southern California,60.000458,0,1,2
CalCurCEAS_026,2024-11-30 10:00:00,33.15774,-122.99428,Southern California,60.000458,0,4,7
CalCurCEAS_026,2024-11-30 10:59:59,33.166995,-122.99278,Southern California,60.000542,0,4,1
CalCurCEAS_026,2024-11-30 12:00:00,33.17741,-122.9919,Southern California,60.000375,0,6,2
CalCurCEAS_026,2024-11-30 13:00:00,33.188575,-122.992685,Southern California,60.000375,0,20,2
CalCurCEAS_026,2024-11-30 13:59:59,33.202545,-122.993695,Southern California,60.000417,0,12,14
CalCurCEAS_026,2024-11-30 15:00:00,33.21195,-122.99443,Southern California,60.000375,0,8,0
CalCurCEAS_026,2024-11-30 16:00:00,33.22313,-122.99548,Southern California,60.0005,0,0,0
CalCurCEAS_026,2024-11-30 16:59:59,33.23069,-122.9957,Southern California,60.000542,0,1,0
CalCurCEAS_026,2024-11-30 18:00:00,33.247815,-122.995485,Southern California,60.000417,0,0,0
CalCurCEAS_026,2024-11-30 19:00:00,33.25774,-122.99525,Southern California,60.000375,0,2,0
CalCurCEAS_026,2024-11-30 19:59:59,33.268075,-122.99451,Southern California,60.000292,0,2,0
CalCurCEAS_026,2024-11-30 21:00:00,33.27776,-122.99293,Southern California,60.000333,0,5,0
CalCurCEAS_026,2024-11-30 22:00:00,33.28912,-122.98881,Southern California,60.000542,0,1,5
CalCurCEAS_026,2024-11-30 22:59:59,33.29727,-122.9848,Southern California,60.000542,0,2,24
CalCurCEAS_026,2024-12-01 00:00:00,33.30705,-122.98025,Southern California,60.000458,0,1,1
CalCurCEAS_026,2024-12-01 01:00:00,33.31553,-122.975075,Southern California,60.00025,0,0,1
CalCurCEAS_026,2024-12-01 01:59:59,33.32438,-122.97004,Southern California,60.000375,0,0,2
CalCurCEAS_026,2024-12-01 03:00:00,33.33261,-122.96573,Southern California,60.000292,0,0,5
CalCurCEAS_026,2024-12-01 04:00:00,33.3409,-122.9631,Southern California,60.000333,0,16,1
CalCurCEAS_026,2024-12-01 04:59:59,33.349905,-122.961105,Southern California,60.0005,0,4,0
CalCurCEAS_026,2024-12-01 06:00:00,33.35813,-122.95931667,Southern California,60.0005,0,0,1
CalCurCEAS_026,2024-12-01 07:00:00,33.3708,-122.95568,Southern California,60.000333,0,1,6
CalCurCEAS_026,2024-12-01 07:59:59,33.3772,-122.953105,Southern California,60.000333,0,2,0
CalCurCEAS_026,2024-12-01 09:00:00,33.38476,-122.95014,Southern California,60.000292,0,1,1
CalCurCEAS_026,2024-12-01 10:00:00,33.39649,-122.9448,Southern California,60.000208,0,5,0
CalCurCEAS_026,2024-12-01 10:59:59,33.40345,-122.94111,Southern California,60.000333,0,0,1
CalCurCEAS_026,2024-12-01 12:00:00,33.41109,-122.93639,Southern California,60.000375,0,0,1
CalCurCEAS_026,2024-12-01 13:00:00,33.420405,-122.930395,Southern California,60.000542,0,0,1
CalCurCEAS_026,2024-12-01 13:59:59,33.43066,-122.92674,Southern California,60.000375,0,0,0
CalCurCEAS_026,2024-12-01 15:00:00,33.43831,-122.92414,Southern California,60.000333,0,0,17
CalCurCEAS_026,2024-12-01 16:00:00,33.44498,-122.921145,Southern California,60.000458,0,1,0
CalCurCEAS_026,2024-12-01 16:59:59,33.45311,-122.91852,Southern California,60.0005,0,1,1
CalCurCEAS_026,2024-12-01 18:00:00,33.458385,-122.917,Southern California,60.000333,0,1,0
CalCurCEAS_026,2024-12-01 19:00:00,33.46694,-122.91502,Southern California,60.000417,0,0,1
CalCurCEAS_026,2024-12-01 19:59:59,33.47433,-122.91269,Southern California,60.000333,0,1,0
CalCurCEAS_026,2024-12-01 21:00:00,33.48325,-122.90897,Southern California,60.000375,0,0,0
CalCurCEAS_026,2024-12-01 22:00:00,33.49039,-122.904105,Southern California,60.00025,0,1,0
CalCurCEAS_026,2024-12-01 22:59:59,33.49667,-122.89594,Southern California,60.000333,0,2,2
CalCurCEAS_026,2024-12-02 00:00:00,33.50075,-122.88737,Southern California,60.000417,0,0,6
CalCurCEAS_026,2024-12-02 01:00:00,33.504945,-122.87796,Southern California,60.000458,0,1,2
CalCurCEAS_026,2024-12-02 01:59:59,33.50919,-122.87135,Southern California,60.000458,0,0,11
CalCurCEAS_026,2024-12-02 03:00:00,33.51318,-122.8682,Southern California,60.000292,0,0,1
CalCurCEAS_026,2024-12-02 04:00:00,33.517705,-122.864695,Southern California,60.000333,0,0,0
CalCurCEAS_026,2024-12-02 04:59:59,33.521815,-122.86252,Southern California,60.0005,0,0,2
CalCurCEAS_026,2024-12-02 06:00:00,33.52617667,-122.86151667,Southern California,60.0005,0,4,3
CalCurCEAS_026,2024-12-02 07:00:00,33.53314,-122.86101,Southern California,60.000458,0,0,1
CalCurCEAS_026,2024-12-02 07:59:59,33.53738,-122.86045,Southern California,60.000417,0,1,0
CalCurCEAS_026,2024-12-02 09:00:00,33.54282,-122.859605,Southern California,60.000417,0,0,1
CalCurCEAS_026,2024-12-02 10:00:00,33.549335,-122.85718,Southern California,60.000292,0,0,10
CalCurCEAS_026,2024-12-02 10:59:59,33.55456,-122.85307,Southern California,60.000375,0,1,0
CalCurCEAS_026,2024-12-02 12:00:00,33.557855,-122.849655,Southern California,60.000458,0,6,0
CalCurCEAS_026,2024-12-02 13:00:00,33.56113,-122.84625,Southern California,60.000542,0,2,1
CalCurCEAS_026,2024-12-02 13:59:59,33.564025,-122.842255,Southern California,60.000292,0,3,0
CalCurCEAS_026,2024-12-02 15:00:00,33.56737,-122.83837,Southern California,60.000333,0,4,2
CalCurCEAS_026,2024-12-02 16:00:00,33.57218,-122.83618,Southern California,60.000458,0,15,1
CalCurCEAS_026,2024-12-02 16:59:59,33.578845,-122.834335,Southern California,60.000375,3,8,1
CalCurCEAS_026,2024-12-02 18:00:00,33.58674,-122.82997,Southern California,60.000333,10,7,1
CalCurCEAS_026,2024-12-02 19:00:00,33.59182,-122.82663,Southern California,60.000417,0,4,14
CalCurCEAS_026,2024-12-02 19:59:59,33.596445,-122.822995,Southern California,60.000375,2,9,3
CalCurCEAS_026,2024-12-02 21:00:00,33.60159,-122.818105,Southern California,60.000375,0,4,4
CalCurCEAS_026,2024-12-02 22:00:00,33.605015,-122.81289,Southern California,60.0005,0,3,4
CalCurCEAS_026,2024-12-02 22:59:59,33.60500196,-122.81124652,Southern California,9.0,0,0,0
CalCurCEAS_027,2024-11-23 16:00:00,33.281105,-122.64316,Southern California,59.967,0,2,0
CalCurCEAS_027,2024-11-23 16:59:59,33.28226,-122.640145,Southern California,60.000375,0,2,13
CalCurCEAS_027,2024-11-23 18:00:00,33.28407,-122.63847,Southern California,60.000375,0,22,9
CalCurCEAS_027,2024-11-23 19:00:00,33.286905,-122.63773,Southern California,60.000208,0,14,0
CalCurCEAS_027,2024-11-23 19:59:59,33.292305,-122.63609,Southern California,60.000333,0,10,5
CalCurCEAS_027,2024-11-23 21:00:00,33.29911,-122.63223,Southern California,60.000333,0,6,0
CalCurCEAS_027,2024-11-23 22:00:00,33.30406,-122.628515,Southern California,60.000417,0,27,8
CalCurCEAS_027,2024-11-23 22:59:59,33.30924,-122.62442,Southern California,60.00025,0,5,1
CalCurCEAS_027,2024-11-24 00:00:00,33.31531,-122.62227,Southern California,60.000333,0,13,0
CalCurCEAS_027,2024-11-24 01:00:00,33.32275,-122.62124,Southern California,60.000542,0,2,0
CalCurCEAS_027,2024-11-24 01:59:59,33.32934,-122.618065,Southern California,60.000333,0,2,0
CalCurCEAS_027,2024-11-24 03:00:00,33.3355,-122.61337,Southern California,60.000292,0,0,8
CalCurCEAS_027,2024-11-24 04:00:00,33.340575,-122.609145,Southern California,60.000333,0,5,2
CalCurCEAS_027,2024-11-24 04:59:59,33.347455,-122.604975,Southern California,60.000375,0,4,4
CalCurCEAS_027,2024-11-24 06:00:00,33.35149667,-122.60245667,Southern California,60.000375,0,0,1
CalCurCEAS_027,2024-11-24 07:00:00,33.358335,-122.59574,Southern California,60.0005,0,4,1
CalCurCEAS_027,2024-11-24 07:59:59,33.36312,-122.58931,Southern California,60.000375,0,2,1
CalCurCEAS_027,2024-11-24 09:00:00,33.36775,-122.58243,Southern California,60.000333,0,8,0
CalCurCEAS_027,2024-11-24 10:00:00,33.372655,-122.576725,Southern California,60.000417,0,0,1
CalCurCEAS_027,2024-11-24 10:59:59,33.37726,-122.57424,Southern California,60.000458,0,0,11
CalCurCEAS_027,2024-11-24 12:00:00,33.38038,-122.57272,Southern California,60.000333,0,1,3
CalCurCEAS_027,2024-11-24 13:00:00,33.38319,-122.571855,Southern California,60.000583,0,7,0
CalCurCEAS_027,2024-11-24 13:59:59,33.3872,-122.572415,Southern California,60.000292,0,17,0
CalCurCEAS_027,2024-11-24 15:00:00,33.3916,-122.57393,Southern California,60.0005,0,18,3
CalCurCEAS_027,2024-11-24 16:00:00,33.39475,-122.57369,Southern California,60.000292,0,1,0
CalCurCEAS_027,2024-11-24 16:59:59,33.39951,-122.571845,Southern California,60.000417,3,0,1
CalCurCEAS_027,2024-11-24 18:00:00,33.40359,-122.57004,Southern California,60.000417,0,3,3
CalCurCEAS_027,2024-11-24 19:00:00,33.40672,-122.568605,Southern California,60.000375,0,0,0
CalCurCEAS_027,2024-11-24 19:59:59,33.40953,-122.56783,Southern California,60.000375,0,7,1
CalCurCEAS_027,2024-11-24 21:00:00,33.411635,-122.56676,Southern California,60.000375,0,3,1
CalCurCEAS_027,2024-11-24 22:00:00,33.41428,-122.563785,Southern California,60.000333,1,13,2
CalCurCEAS_027,2024-11-24 22:59:59,33.41634,-122.56101,Southern California,60.000417,0,20,0
CalCurCEAS_027,2024-11-25 00:00:00,33.418945,-122.56148,Southern California,60.000375,1,15,1
CalCurCEAS_027,2024-11-25 01:00:00,33.42248,-122.5618,Southern California,60.000375,0,15,1
CalCurCEAS_027,2024-11-25 01:59:59,33.426305,-122.560515,Southern California,60.000292,0,38,1
CalCurCEAS_027,2024-11-25 03:00:00,33.429735,-122.558175,Southern California,60.000458,0,20,4
CalCurCEAS_027,2024-11-25 04:00:00,33.433055,-122.553405,Southern California,60.000333,0,23,4
CalCurCEAS_027,2024-11-25 04:59:59,33.43524,-122.54904,Southern California,60.000333,0,17,9
CalCurCEAS_027,2024-11-25 06:00:00,33.43766333,-122.54416333,Southern California,60.000417,0,16,13
CalCurCEAS_027,2024-11-25 07:00:00,33.440095,-122.53645,Southern California,59.997958,0,13,6
CalCurCEAS_027,2024-11-25 07:59:59,33.44064,-122.53217,Southern California,60.000417,0,12,0
CalCurCEAS_027,2024-11-25 09:00:00,33.441405,-122.529025,Southern California,59.997958,0,0,3
CalCurCEAS_027,2024-11-25 10:00:00,33.44239,-122.52554,Southern California,60.000375,0,5,0
CalCurCEAS_027,2024-11-25 10:59:59,33.442905,-122.52273,Southern California,59.996583,0,0,0
CalCurCEAS_027,2024-11-25 12:00:00,33.44443,-122.52111,Southern California,60.000333,0,0,4
CalCurCEAS_027,2024-11-25 13:00:00,33.447,-122.52101,Southern California,60.000542,0,6,0
CalCurCEAS_027,2024-11-25 13:59:59,33.451475,-122.520955,Southern California,60.000292,0,9,2
CalCurCEAS_027,2024-11-25 15:00:00,33.457385,-122.520515,Southern California,59.989417,1,37,1
CalCurCEAS_027,2024-11-25 16:00:00,33.46224,-122.51867,Southern California,59.983667,0,18,4
CalCurCEAS_027,2024-11-25 16:59:59,33.46734,-122.51499,Southern California,60.000292,0,14,2
CalCurCEAS_027,2024-11-25 18:00:00,33.47237,-122.508,Southern California,60.00025,0,4,0
CalCurCEAS_027,2024-11-25 19:00:00,33.47333,-122.50008,Southern California,60.000458,0,16,10
CalCurCEAS_027,2024-11-25 19:59:59,33.47311,-122.49389,Southern California,60.000375,0,4,6
CalCurCEAS_027,2024-11-25 21:00:00,33.47149,-122.48554,Southern California,60.000417,0,0,5
CalCurCEAS_027,2024-11-25 22:00:00,33.47051,-122.48209,Southern California,60.000458,0,8,0
CalCurCEAS_027,2024-11-25 22:59:59,33.470135,-122.477315,Southern California,60.00025,2,4,1
CalCurCEAS_027,2024-11-26 00:00:00,33.46972,-122.47371,Southern California,59.99875,0,2,1
CalCurCEAS_027,2024-11-26 01:00:00,33.47003,-122.47139,Southern California,60.0005,6,10,6
CalCurCEAS_027,2024-11-26 01:59:59,33.4723,-122.472135,Southern California,59.998792,3,8,0
CalCurCEAS_027,2024-11-26 03:00:00,33.47464,-122.47269,Southern California,60.000292,1,11,19
CalCurCEAS_027,2024-11-26 04:00:00,33.477045,-122.47182,Southern California,60.000333,0,12,8
CalCurCEAS_027,2024-11-26 04:59:59,33.47881,-122.47076,Southern California,60.000375,0,2,2
CalCurCEAS_027,2024-11-26 06:00:00,33.48080333,-122.46745667,Southern California,60.000375,0,4,6
CalCurCEAS_027,2024-11-26 07:00:00,33.48167,-122.459495,Southern California,60.0005,0,9,2
CalCurCEAS_027,2024-11-26 07:59:59,33.47986,-122.454,Southern California,60.000333,0,9,3
CalCurCEAS_027,2024-11-26 09:00:00,33.47648,-122.450575,Southern California,59.996833,0,9,2
CalCurCEAS_027,2024-11-26 10:00:00,33.47393,-122.44806,Southern California,60.000292,0,20,6
CalCurCEAS_027,2024-11-26 10:59:59,33.47114,-122.44567,Southern California,59.998417,0,2,8
CalCurCEAS_027,2024-11-26 12:00:00,33.468965,-122.44475,Southern California,60.000292,0,0,3
CalCurCEAS_027,2024-11-26 13:00:00,33.46863,-122.444915,Southern California,60.000333,0,2,0
CalCurCEAS_027,2024-11-26 13:59:59,33.46953,-122.44533,Southern California,60.000333,0,0,0
CalCurCEAS_027,2024-11-26 15:00:00,33.470875,-122.4468,Southern California,59.999208,0,2,3
CalCurCEAS_027,2024-11-26 16:00:00,33.47219,-122.44786,Southern California,60.000417,0,7,1
CalCurCEAS_027,2024-11-26 16:59:59,33.473755,-122.448065,Southern California,59.998042,0,2,1
CalCurCEAS_027,2024-11-26 18:00:00,33.47532,-122.44827,Southern California,60.000333,0,1,3
CalCurCEAS_027,2024-11-26 19:00:00,33.47563,-122.44528,Southern California,60.000375,0,3,2
CalCurCEAS_027,2024-11-26 19:59:59,33.474125,-122.440075,Southern California,60.000375,0,2,11
CalCurCEAS_027,2024-11-26 21:00:00,33.470905,-122.43476,Southern California,59.999167,0,0,2
CalCurCEAS_027,2024-11-26 22:00:00,33.467435,-122.432025,Southern California,60.0005,0,0,2
CalCurCEAS_027,2024-11-26 22:59:59,33.46506,-122.43222,Southern California,60.000333,0,1,0
CalCurCEAS_027,2024-11-27 00:00:00,33.46457,-122.43312,Southern California,60.000375,0,13,5
CalCurCEAS_027,2024-11-27 01:00:00,33.465355,-122.434045,Southern California,59.996708,0,17,2
CalCurCEAS_027,2024-11-27 01:59:59,33.46668,-122.43456,Southern California,60.000542,0,2,0
CalCurCEAS_027,2024-11-27 03:00:00,33.469205,-122.435935,Southern California,59.989333,0,1,4
CalCurCEAS_027,2024-11-27 04:00:00,33.4722,-122.435815,Southern California,60.000417,0,0,1
CalCurCEAS_027,2024-11-27 04:59:59,33.474435,-122.435055,Southern California,60.000292,0,0,2
CalCurCEAS_027,2024-11-27 06:00:00,33.47591,-122.43437,Southern California,59.991917,0,0,2
CalCurCEAS_027,2024-11-27 07:00:00,33.47915,-122.43062,Southern California,60.000458,0,0,0
CalCurCEAS_027,2024-11-27 07:59:59,33.48016,-122.42442,Southern California,60.000417,0,0,0
CalCurCEAS_027,2024-11-27 09:00:00,33.47943,-122.41797,Southern California,60.000375,0,0,1
CalCurCEAS_027,2024-11-27 10:00:00,33.47808,-122.413045,Southern California,60.000208,0,0,0
CalCurCEAS_027,2024-11-27 10:59:59,33.47691,-122.40849,Southern California,60.000458,0,0,1
CalCurCEAS_027,2024-11-27 12:00:00,33.475735,-122.405635,Southern California,60.00025,0,0,0
CalCurCEAS_027,2024-11-27 13:00:00,33.475305,-122.40175,Southern California,60.000375,0,0,0
CalCurCEAS_027,2024-11-27 13:59:59,33.475645,-122.398925,Southern California,60.000375,0,1,0
CalCurCEAS_027,2024-11-27 15:00:00,33.47531,-122.396235,Southern California,60.000417,0,1,0
CalCurCEAS_027,2024-11-27 16:00:00,33.47448,-122.39486,Southern California,60.000458,0,3,0
CalCurCEAS_027,2024-11-27 16:59:59,33.47282,-122.39277,Southern California,60.000375,0,0,5
CalCurCEAS_027,2024-11-27 18:00:00,33.47094,-122.39029,Southern California,60.000375,0,0,5
CalCurCEAS_027,2024-11-27 19:00:00,33.4692,-122.386365,Southern California,60.000292,0,1,0
CalCurCEAS_027,2024-11-27 19:59:59,33.46681,-122.38278,Southern California,60.0005,0,0,1
CalCurCEAS_027,2024-11-27 21:00:00,33.464475,-122.38041,Southern California,60.000292,0,1,0
CalCurCEAS_027,2024-11-27 22:00:00,33.461115,-122.37631,Southern California,59.999458,0,0,7
CalCurCEAS_027,2024-11-27 22:59:59,33.45801,-122.371195,Southern California,60.000458,0,1,12
CalCurCEAS_027,2024-11-28 00:00:00,33.45518,-122.365605,Southern California,60.000333,0,0,4
CalCurCEAS_027,2024-11-28 01:00:00,33.45277,-122.36172,Southern California,60.000208,0,1,11
CalCurCEAS_027,2024-11-28 01:59:59,33.450865,-122.35954,Southern California,60.000333,0,0,4
CalCurCEAS_027,2024-11-28 03:00:00,33.449555,-122.35802,Southern California,60.000292,0,0,2
CalCurCEAS_027,2024-11-28 04:00:00,33.449,-122.35688,Southern California,60.000458,0,0,0
CalCurCEAS_027,2024-11-28 04:59:59,33.44913,-122.356,Southern California,60.00025,0,0,1
CalCurCEAS_027,2024-11-28 06:00:00,33.44923667,-122.35388,Southern California,60.000333,0,0,1
CalCurCEAS_027,2024-11-28 07:00:00,33.44839333,-122.35013,Southern California,60.000292,0,0,3
CalCurCEAS_027,2024-11-28 07:59:59,33.44589,-122.34624,Southern California,60.000333,0,0,0
CalCurCEAS_027,2024-11-28 09:00:00,33.4431,-122.340895,Southern California,60.000375,0,1,0
CalCurCEAS_027,2024-11-28 10:00:00,33.44072,-122.33487,Southern California,60.000333,0,2,0
CalCurCEAS_027,2024-11-28 10:59:59,33.43833,-122.33073,Southern California,60.000292,0,0,0
CalCurCEAS_027,2024-11-28 12:00:00,33.435595,-122.325725,Southern California,60.0005,0,0,0
CalCurCEAS_027,2024-11-28 13:00:00,33.434025,-122.32078,Southern California,60.000375,0,0,0
CalCurCEAS_027,2024-11-28 13:59:59,33.43291,-122.316415,Southern California,59.891,0,2,0
CalCurCEAS_027,2024-11-28 15:00:00,33.43082,-122.31197,Southern California,60.000417,0,6,0
CalCurCEAS_027,2024-11-28 16:00:00,33.427255,-122.307625,Southern California,60.000458,0,13,0
CalCurCEAS_027,2024-11-28 16:59:59,33.42278,-122.30536,Southern California,60.000417,0,19,2
CalCurCEAS_027,2024-11-28 18:00:00,33.419105,-122.303755,Southern California,60.000375,0,3,0
CalCurCEAS_027,2024-11-28 19:00:00,33.41537,-122.30222,Southern California,60.000375,0,2,0
CalCurCEAS_027,2024-11-28 19:59:59,33.41054,-122.30109,Southern California,60.000292,0,6,0
CalCurCEAS_027,2024-11-28 21:00:00,33.40782,-122.299905,Southern California,60.000542,0,3,0
CalCurCEAS_027,2024-11-28 22:00:00,33.40575,-122.29828,Southern California,60.000292,0,3,5
CalCurCEAS_027,2024-11-28 22:59:59,33.404485,-122.29491,Southern California,60.000333,0,2,1
CalCurCEAS_027,2024-11-29 00:00:00,33.40275,-122.288895,Southern California,60.000292,0,7,0
CalCurCEAS_027,2024-11-29 01:00:00,33.401205,-122.28329,Southern California,60.000375,0,4,0
CalCurCEAS_027,2024-11-29 01:59:59,33.39974,-122.27884,Southern California,60.0005,0,5,0
CalCurCEAS_027,2024-11-29 03:00:00,33.39948,-122.275715,Southern California,59.983667,0,9,3
CalCurCEAS_027,2024-11-29 04:00:00,33.398925,-122.270945,Southern California,60.000417,0,7,1
CalCurCEAS_027,2024-11-29 04:59:59,33.39854,-122.267155,Southern California,60.000375,0,5,0
CalCurCEAS_027,2024-11-29 06:00:00,33.398065,-122.265225,Southern California,60.000333,0,9,0
CalCurCEAS_027,2024-11-29 07:00:00,33.39568,-122.260215,Southern California,60.000333,0,10,0
CalCurCEAS_027,2024-11-29 07:59:59,33.391405,-122.25547,Southern California,59.991708,0,11,1
CalCurCEAS_027,2024-11-29 09:00:00,33.38702,-122.25253,Southern California,59.995375,0,8,1
CalCurCEAS_027,2024-11-29 10:00:00,33.383595,-122.24973,Southern California,60.000375,0,9,0
CalCurCEAS_027,2024-11-29 10:59:59,33.38002,-122.24688,Southern California,60.000417,0,7,0
CalCurCEAS_027,2024-11-29 12:00:00,33.37769,-122.24462,Southern California,60.000458,0,4,0
CalCurCEAS_027,2024-11-29 13:00:00,33.37585,-122.24103,Southern California,60.000458,0,3,5
CalCurCEAS_027,2024-11-29 13:59:59,33.375025,-122.23729,Southern California,60.000333,0,3,7
CalCurCEAS_027,2024-11-29 15:00:00,33.37265,-122.231645,Southern California,60.000458,0,0,1
CalCurCEAS_027,2024-11-29 16:00:00,33.36939,-122.22761,Southern California,60.000333,0,0,11
CalCurCEAS_027,2024-11-29 16:59:59,33.36742,-122.22588,Southern California,60.0005,0,0,10
CalCurCEAS_027,2024-11-29 18:00:00,33.364875,-122.223895,Southern California,60.000417,0,19,0
CalCurCEAS_027,2024-11-29 19:00:00,33.36188,-122.22185,Southern California,60.00025,0,27,5
CalCurCEAS_027,2024-11-29 19:59:59,33.35626,-122.21878,Southern California,60.000458,0,10,0
CalCurCEAS_027,2024-11-29 21:00:00,33.35252,-122.217635,Southern California,60.000458,5,2,0
CalCurCEAS_027,2024-11-29 22:00:00,33.34707,-122.216355,Southern California,60.000417,2,3,0
CalCurCEAS_027,2024-11-29 22:59:59,33.34315,-122.2153,Southern California,60.000458,0,5,4
CalCurCEAS_027,2024-11-30 00:00:00,33.340375,-122.21352,Southern California,60.000542,0,1,3
CalCurCEAS_027,2024-11-30 01:00:00,33.338695,-122.20981,Southern California,60.000458,0,0,4
CalCurCEAS_027,2024-11-30 01:59:59,33.3378,-122.20676,Southern California,60.000375,0,0,1
CalCurCEAS_027,2024-11-30 03:00:00,33.336755,-122.20283,Southern California,60.000375,0,0,0
CalCurCEAS_027,2024-11-30 04:00:00,33.336175,-122.19805,Southern California,60.000417,0,0,0
CalCurCEAS_027,2024-11-30 04:59:59,33.33495,-122.19359,Southern California,60.000333,0,0,3
CalCurCEAS_027,2024-11-30 06:00:00,33.33354667,-122.18902,Southern California,60.0005,0,0,1
CalCurCEAS_027,2024-11-30 07:00:00,33.330265,-122.18111,Southern California,60.000375,4,7,7
CalCurCEAS_027,2024-11-30 07:59:59,33.32699,-122.1752,Southern California,60.000458,0,2,5
CalCurCEAS_027,2024-11-30 09:00:00,33.32223,-122.16977,Southern California,60.000375,0,1,5
CalCurCEAS_027,2024-11-30 10:00:00,33.314845,-122.163665,Southern California,60.000417,0,0,2
CalCurCEAS_027,2024-11-30 10:59:59,33.30911,-122.1599,Southern California,60.000333,0,0,3
CalCurCEAS_027,2024-11-30 12:00:00,33.303655,-122.15758,Southern California,60.000333,0,2,10
CalCurCEAS_027,2024-11-30 13:00:00,33.298685,-122.155975,Southern California,60.000292,0,3,15
CalCurCEAS_027,2024-11-30 13:59:59,33.294585,-122.153335,Southern California,60.000375,0,1,4
CalCurCEAS_027,2024-11-30 15:00:00,33.29159,-122.15085,Southern California,60.000333,0,1,5
CalCurCEAS_027,2024-11-30 16:00:00,33.28798,-122.148025,Southern California,60.000458,0,0,1
CalCurCEAS_027,2024-11-30 16:59:59,33.28408,-122.14559,Southern California,60.00025,0,2,9
CalCurCEAS_027,2024-11-30 18:00:00,33.277705,-122.14178,Southern California,60.000333,0,4,3
CalCurCEAS_027,2024-11-30 19:00:00,33.27098,-122.1384,Southern California,60.000292,0,0,1
CalCurCEAS_027,2024-11-30 19:59:59,33.26442,-122.13604,Southern California,60.000375,0,1,20
CalCurCEAS_027,2024-11-30 21:00:00,33.257145,-122.13428,Southern California,60.0005,0,2,10
CalCurCEAS_027,2024-11-30 22:00:00,33.25,-122.13364,Southern California,60.000417,0,10,7
CalCurCEAS_027,2024-11-30 22:59:59,33.24566,-122.1319,Southern California,60.00025,0,1,12
CalCurCEAS_027,2024-12-01 00:00:00,33.240755,-122.12855,Southern California,60.000458,0,0,1
CalCurCEAS_027,2024-12-01 01:00:00,33.23774,-122.12619,Southern California,60.000333,0,0,8
CalCurCEAS_027,2024-12-01 01:59:59,33.23434,-122.12231,Southern California,60.000333,0,0,11
CalCurCEAS_027,2024-12-01 03:00:00,33.23239,-122.11748,Southern California,60.000458,0,0,0
CalCurCEAS_027,2024-12-01 04:00:00,33.22988,-122.11237,Southern California,60.0005,0,0,6
CalCurCEAS_027,2024-12-01 04:59:59,33.226545,-122.10803,Southern California,60.000375,0,0,6
CalCurCEAS_027,2024-12-01 06:00:00,33.22037667,-122.10235667,Southern California,60.00025,0,0,2
CalCurCEAS_027,2024-12-01 07:00:00,33.210155,-122.094715,Southern California,60.000333,0,0,2
CalCurCEAS_027,2024-12-01 07:59:59,33.200265,-122.08982,Southern California,60.0005,0,0,0
CalCurCEAS_027,2024-12-01 09:00:00,33.19147,-122.08604,Southern California,60.000333,0,0,2
CalCurCEAS_027,2024-12-01 10:00:00,33.184925,-122.084805,Southern California,60.000417,0,1,5
CalCurCEAS_027,2024-12-01 10:59:59,33.17723,-122.08461,Southern California,60.000375,0,0,10
CalCurCEAS_027,2024-12-01 12:00:00,33.169505,-122.085015,Southern California,60.000375,0,2,4
CalCurCEAS_027,2024-12-01 13:00:00,33.1619,-122.08673,Southern California,60.000458,0,0,1
CalCurCEAS_027,2024-12-01 13:59:59,33.15632,-122.0876,Southern California,60.000333,0,0,3
CalCurCEAS_027,2024-12-01 15:00:00,33.15226,-122.08724,Southern California,60.000375,0,1,0
CalCurCEAS_027,2024-12-01 16:00:00,33.146565,-122.08543,Southern California,60.000417,0,1,3
CalCurCEAS_027,2024-12-01 16:59:59,33.13916,-122.084345,Southern California,60.000542,0,3,11
CalCurCEAS_027,2024-12-01 18:00:00,33.13259,-122.08355,Southern California,60.000333,0,1,4
CalCurCEAS_027,2024-12-01 19:00:00,33.12646,-122.083075,Southern California,60.000333,0,1,2
CalCurCEAS_027,2024-12-01 19:59:59,33.11748,-122.084175,Southern California,60.000458,0,5,6
CalCurCEAS_027,2024-12-01 21:00:00,33.11151,-122.08441,Southern California,60.000292,0,2,9
CalCurCEAS_027,2024-12-01 22:00:00,33.104705,-122.08483,Southern California,60.000417,0,7,7
CalCurCEAS_027,2024-12-01 22:59:59,33.09759,-122.08424,Southern California,60.000417,5,0,22
CalCurCEAS_027,2024-12-02 00:00:00,33.09184,-122.08161,Southern California,60.000417,1,5,8
CalCurCEAS_027,2024-12-02 01:00:00,33.08513,-122.07677,Southern California,60.000458,0,4,0
CalCurCEAS_027,2024-12-02 01:59:59,33.076645,-122.07245,Southern California,60.000375,0,2,9
CalCurCEAS_027,2024-12-02 03:00:00,33.06782,-122.07021,Southern California,60.000458,0,1,9
CalCurCEAS_027,2024-12-02 04:00:00,33.05894,-122.0676,Southern California,60.0005,0,1,1
CalCurCEAS_027,2024-12-02 04:59:59,33.04833,-122.06788,Southern California,60.000333,0,0,9
CalCurCEAS_027,2024-12-02 06:00:00,33.04039667,-122.07066667,Southern California,60.000417,0,3,6
CalCurCEAS_027,2024-12-02 07:00:00,33.0318,-122.07499,Southern California,60.000417,0,2,1
CalCurCEAS_027,2024-12-02 07:59:59,33.02691,-122.077635,Southern California,60.000292,0,1,19
CalCurCEAS_027,2024-12-02 09:00:00,33.021735,-122.077125,Southern California,60.000375,0,1,4
CalCurCEAS_027,2024-12-02 10:00:00,33.01312,-122.07602,Southern California,60.00025,0,0,8
CalCurCEAS_027,2024-12-02 10:59:59,33.00488,-122.07737,Southern California,60.000292,0,0,39
CalCurCEAS_027,2024-12-02 12:00:00,32.9988,-122.0785,Southern California,60.000417,0,0,7
CalCurCEAS_027,2024-12-02 13:00:00,32.98896,-122.08098,Southern California,60.000417,0,2,7
CalCurCEAS_027,2024-12-02 13:59:59,32.98088,-122.08169,Southern California,60.000167,0,4,3
CalCurCEAS_027,2024-12-02 15:00:00,32.97158,-122.082125,Southern California,60.000375,0,9,3
CalCurCEAS_027,2024-12-02 16:00:00,32.961325,-122.08473,Southern California,60.000417,2,3,7
CalCurCEAS_027,2024-12-02 16:59:59,32.95258,-122.08994,Southern California,60.000292,7,8,1
CalCurCEAS_027,2024-12-02 18:00:00,32.944615,-122.099435,Southern California,60.000375,1,12,0
CalCurCEAS_027,2024-12-02 19:00:00,32.94028,-122.10688,Southern California,60.000333,0,16,1
CalCurCEAS_027,2024-12-02 19:59:59,32.935795,-122.112135,Southern California,60.000375,12,4,0
CalCurCEAS_027,2024-12-02 21:00:00,32.93084,-122.1157,Southern California,60.000875,10,2,4
CalCurCEAS_027,2024-12-02 22:00:00,32.92719,-122.11735,Southern California,60.000375,2,0,5
CalCurCEAS_027,2024-12-02 22:59:59,32.92143,-122.11761,Southern California,60.000208,0,8,1
CalCurCEAS_027,2024-12-03 00:00:00,32.91008,-122.11619,Southern California,59.983708,2,0,2
CalCurCEAS_027,2024-12-03 01:00:00,32.90076,-122.11591,Southern California,60.00025,0,1,1
CalCurCEAS_027,2024-12-03 01:59:59,32.89101,-122.11486,Southern California,60.000458,0,0,0
CalCurCEAS_027,2024-12-03 03:00:00,32.88035,-122.114315,Southern California,60.000458,0,0,0
CalCurCEAS_027,2024-12-03 04:00:00,32.869345,-122.11559,Southern California,60.000375,0,0,3
CalCurCEAS_027,2024-12-03 04:59:59,32.85828,-122.119525,Southern California,60.000583,0,0,5
CalCurCEAS_027,2024-12-03 06:00:00,32.85544,-122.12046,Southern California,17.000125,0,0,0
